<gpx xmlns:ns3="http://www.garmin.com/xmlschemas/TrackPointExtension/v1" xmlns="http://www.topografix.com/GPX/1/1" xmlns:xsi="http://www.w3.org/2001/XMLSchema-instance" xmlns:ns2="http://www.garmin.com/xmlschemas/GpxExtensions/v3" creator="Garmin Connect" version="1.1" xsi:schemaLocation="http://www.topografix.com/GPX/1/1 http://www.topografix.com/GPX/11.xsd">
  <extensions>
<distance>10014.71</distance>
<average_hr>154.0</average_hr>
<average_speed>1.7769999504089355</average_speed>
<start_time>2022-12-09T08:06:54+00:00</start_time>
<end_time>2022-12-09T09:40:48.752000+00:00</end_time>
<moving_time>5578.968</moving_time>
<elapsed_time>5733.581</elapsed_time>
</extensions>
<metadata>
    <link href="connect.garmin.com">
      <text>Garmin Connect</text>
    </link>
    <time>2022-12-09T08:06:54.000Z</time>
  </metadata>
  <trk>
    <name>广州市 跑步</name>
    <type>running</type>
    <trkseg>
      <trkpt lat="23.19955321960151195526123046875" lon="113.2832702435553073883056640625">
        <ele>29.200000762939453125</ele>
        <time>2022-12-09T08:06:54.000Z</time>
        <extensions>
          <ns3:TrackPointExtension>
            <ns3:hr>99</ns3:hr>
            <ns3:cad>0</ns3:cad>
          </ns3:TrackPointExtension>
        </extensions>
      </trkpt>
      <trkpt lat="23.199551291763782501220703125" lon="113.28328139148652553558349609375">
        <ele>29.3999996185302734375</ele>
        <time>2022-12-09T08:06:55.000Z</time>
        <extensions>
          <ns3:TrackPointExtension>
            <ns3:hr>99</ns3:hr>
            <ns3:cad>0</ns3:cad>
          </ns3:TrackPointExtension>
        </extensions>
      </trkpt>
      <trkpt lat="23.19954936392605304718017578125" lon="113.283289857208728790283203125">
        <ele>29.3999996185302734375</ele>
        <time>2022-12-09T08:06:56.000Z</time>
        <extensions>
          <ns3:TrackPointExtension>
            <ns3:hr>96</ns3:hr>
            <ns3:cad>0</ns3:cad>
          </ns3:TrackPointExtension>
        </extensions>
      </trkpt>
      <trkpt lat="23.199553973972797393798828125" lon="113.28345472924411296844482421875">
        <ele>30</ele>
        <time>2022-12-09T08:07:11.000Z</time>
        <extensions>
          <ns3:TrackPointExtension>
            <ns3:hr>102</ns3:hr>
            <ns3:cad>0</ns3:cad>
          </ns3:TrackPointExtension>
        </extensions>
      </trkpt>
      <trkpt lat="23.19955539889633655548095703125" lon="113.2834700681269168853759765625">
        <ele>30</ele>
        <time>2022-12-09T08:07:13.000Z</time>
        <extensions>
          <ns3:TrackPointExtension>
            <ns3:hr>106</ns3:hr>
            <ns3:cad>0</ns3:cad>
          </ns3:TrackPointExtension>
        </extensions>
      </trkpt>
      <trkpt lat="23.19955187849700450897216796875" lon="113.2834838144481182098388671875">
        <ele>30</ele>
        <time>2022-12-09T08:07:14.000Z</time>
        <extensions>
          <ns3:TrackPointExtension>
            <ns3:hr>108</ns3:hr>
            <ns3:cad>0</ns3:cad>
          </ns3:TrackPointExtension>
        </extensions>
      </trkpt>
      <trkpt lat="23.19955355487763881683349609375" lon="113.28350066207349300384521484375">
        <ele>30.200000762939453125</ele>
        <time>2022-12-09T08:07:15.000Z</time>
        <extensions>
          <ns3:TrackPointExtension>
            <ns3:hr>116</ns3:hr>
            <ns3:cad>0</ns3:cad>
          </ns3:TrackPointExtension>
        </extensions>
      </trkpt>
      <trkpt lat="23.19955472834408283233642578125" lon="113.28351038508117198944091796875">
        <ele>30.200000762939453125</ele>
        <time>2022-12-09T08:07:16.000Z</time>
        <extensions>
          <ns3:TrackPointExtension>
            <ns3:hr>120</ns3:hr>
            <ns3:cad>0</ns3:cad>
          </ns3:TrackPointExtension>
        </extensions>
      </trkpt>
      <trkpt lat="23.1995571590960025787353515625" lon="113.2835260592401027679443359375">
        <ele>30.200000762939453125</ele>
        <time>2022-12-09T08:07:17.000Z</time>
        <extensions>
          <ns3:TrackPointExtension>
            <ns3:hr>125</ns3:hr>
            <ns3:cad>0</ns3:cad>
          </ns3:TrackPointExtension>
        </extensions>
      </trkpt>
      <trkpt lat="23.1995558179914951324462890625" lon="113.28353427350521087646484375">
        <ele>30.200000762939453125</ele>
        <time>2022-12-09T08:07:18.000Z</time>
        <extensions>
          <ns3:TrackPointExtension>
            <ns3:hr>127</ns3:hr>
            <ns3:cad>0</ns3:cad>
          </ns3:TrackPointExtension>
        </extensions>
      </trkpt>
      <trkpt lat="23.1995585002005100250244140625" lon="113.28355849720537662506103515625">
        <ele>30.3999996185302734375</ele>
        <time>2022-12-09T08:07:20.000Z</time>
        <extensions>
          <ns3:TrackPointExtension>
            <ns3:hr>126</ns3:hr>
            <ns3:cad>0</ns3:cad>
          </ns3:TrackPointExtension>
        </extensions>
      </trkpt>
      <trkpt lat="23.19957115687429904937744140625" lon="113.2836048491299152374267578125">
        <ele>30.3999996185302734375</ele>
        <time>2022-12-09T08:07:22.000Z</time>
        <extensions>
          <ns3:TrackPointExtension>
            <ns3:hr>130</ns3:hr>
            <ns3:cad>0</ns3:cad>
          </ns3:TrackPointExtension>
        </extensions>
      </trkpt>
      <trkpt lat="23.19957652129232883453369140625" lon="113.28362873755395412445068359375">
        <ele>30.6000003814697265625</ele>
        <time>2022-12-09T08:07:23.000Z</time>
        <extensions>
          <ns3:TrackPointExtension>
            <ns3:hr>134</ns3:hr>
            <ns3:cad>0</ns3:cad>
          </ns3:TrackPointExtension>
        </extensions>
      </trkpt>
      <trkpt lat="23.19958624430000782012939453125" lon="113.28385152854025363922119140625">
        <ele>32</ele>
        <time>2022-12-09T08:07:31.000Z</time>
        <extensions>
          <ns3:TrackPointExtension>
            <ns3:hr>133</ns3:hr>
            <ns3:cad>86</ns3:cad>
          </ns3:TrackPointExtension>
        </extensions>
      </trkpt>
      <trkpt lat="23.19959278218448162078857421875" lon="113.2839468307793140411376953125">
        <ele>31.6000003814697265625</ele>
        <time>2022-12-09T08:07:34.000Z</time>
        <extensions>
          <ns3:TrackPointExtension>
            <ns3:hr>136</ns3:hr>
            <ns3:cad>86</ns3:cad>
          </ns3:TrackPointExtension>
        </extensions>
      </trkpt>
      <trkpt lat="23.1995913572609424591064453125" lon="113.28401631675660610198974609375">
        <ele>31.3999996185302734375</ele>
        <time>2022-12-09T08:07:36.000Z</time>
        <extensions>
          <ns3:TrackPointExtension>
            <ns3:hr>141</ns3:hr>
            <ns3:cad>86</ns3:cad>
          </ns3:TrackPointExtension>
        </extensions>
      </trkpt>
      <trkpt lat="23.199590183794498443603515625" lon="113.28411304391920566558837890625">
        <ele>31.799999237060546875</ele>
        <time>2022-12-09T08:07:39.000Z</time>
        <extensions>
          <ns3:TrackPointExtension>
            <ns3:hr>147</ns3:hr>
            <ns3:cad>87</ns3:cad>
          </ns3:TrackPointExtension>
        </extensions>
      </trkpt>
      <trkpt lat="23.19958255626261234283447265625" lon="113.28419133089482784271240234375">
        <ele>31</ele>
        <time>2022-12-09T08:07:41.000Z</time>
        <extensions>
          <ns3:TrackPointExtension>
            <ns3:hr>154</ns3:hr>
            <ns3:cad>87</ns3:cad>
          </ns3:TrackPointExtension>
        </extensions>
      </trkpt>
      <trkpt lat="23.19958372972905635833740234375" lon="113.2842318154871463775634765625">
        <ele>30.3999996185302734375</ele>
        <time>2022-12-09T08:07:42.000Z</time>
        <extensions>
          <ns3:TrackPointExtension>
            <ns3:hr>153</ns3:hr>
            <ns3:cad>87</ns3:cad>
          </ns3:TrackPointExtension>
        </extensions>
      </trkpt>
      <trkpt lat="23.19958104752004146575927734375" lon="113.28430498950183391571044921875">
        <ele>29.3999996185302734375</ele>
        <time>2022-12-09T08:07:44.000Z</time>
        <extensions>
          <ns3:TrackPointExtension>
            <ns3:hr>160</ns3:hr>
            <ns3:cad>87</ns3:cad>
          </ns3:TrackPointExtension>
        </extensions>
      </trkpt>
      <trkpt lat="23.19957710802555084228515625" lon="113.284339271485805511474609375">
        <ele>29</ele>
        <time>2022-12-09T08:07:45.000Z</time>
        <extensions>
          <ns3:TrackPointExtension>
            <ns3:hr>158</ns3:hr>
            <ns3:cad>86</ns3:cad>
          </ns3:TrackPointExtension>
        </extensions>
      </trkpt>
      <trkpt lat="23.19957442581653594970703125" lon="113.28436634503304958343505859375">
        <ele>28.6000003814697265625</ele>
        <time>2022-12-09T08:07:46.000Z</time>
        <extensions>
          <ns3:TrackPointExtension>
            <ns3:hr>161</ns3:hr>
            <ns3:cad>86</ns3:cad>
          </ns3:TrackPointExtension>
        </extensions>
      </trkpt>
      <trkpt lat="23.1995729170739650726318359375" lon="113.2843954302370548248291015625">
        <ele>28.200000762939453125</ele>
        <time>2022-12-09T08:07:47.000Z</time>
        <extensions>
          <ns3:TrackPointExtension>
            <ns3:hr>158</ns3:hr>
            <ns3:cad>86</ns3:cad>
          </ns3:TrackPointExtension>
        </extensions>
      </trkpt>
      <trkpt lat="23.199567385017871856689453125" lon="113.28445485793054103851318359375">
        <ele>27.3999996185302734375</ele>
        <time>2022-12-09T08:07:49.000Z</time>
        <extensions>
          <ns3:TrackPointExtension>
            <ns3:hr>163</ns3:hr>
            <ns3:cad>86</ns3:cad>
          </ns3:TrackPointExtension>
        </extensions>
      </trkpt>
      <trkpt lat="23.1995578296482563018798828125" lon="113.28449794091284275054931640625">
        <ele>26.799999237060546875</ele>
        <time>2022-12-09T08:07:51.000Z</time>
        <extensions>
          <ns3:TrackPointExtension>
            <ns3:hr>167</ns3:hr>
            <ns3:cad>86</ns3:cad>
          </ns3:TrackPointExtension>
        </extensions>
      </trkpt>
      <trkpt lat="23.19954751990735530853271484375" lon="113.28463724814355373382568359375">
        <ele>24</ele>
        <time>2022-12-09T08:07:56.000Z</time>
        <extensions>
          <ns3:TrackPointExtension>
            <ns3:hr>170</ns3:hr>
            <ns3:cad>87</ns3:cad>
          </ns3:TrackPointExtension>
        </extensions>
      </trkpt>
      <trkpt lat="23.19954332895576953887939453125" lon="113.28466826118528842926025390625">
        <ele>23.3999996185302734375</ele>
        <time>2022-12-09T08:07:57.000Z</time>
        <extensions>
          <ns3:TrackPointExtension>
            <ns3:hr>174</ns3:hr>
            <ns3:cad>87</ns3:cad>
          </ns3:TrackPointExtension>
        </extensions>
      </trkpt>
      <trkpt lat="23.1995348632335662841796875" lon="113.28475828282535076141357421875">
        <ele>23.6000003814697265625</ele>
        <time>2022-12-09T08:08:00.000Z</time>
        <extensions>
          <ns3:TrackPointExtension>
            <ns3:hr>177</ns3:hr>
            <ns3:cad>87</ns3:cad>
          </ns3:TrackPointExtension>
        </extensions>
      </trkpt>
      <trkpt lat="23.1995504535734653472900390625" lon="113.28485869802534580230712890625">
        <ele>23.200000762939453125</ele>
        <time>2022-12-09T08:08:03.000Z</time>
        <extensions>
          <ns3:TrackPointExtension>
            <ns3:hr>172</ns3:hr>
            <ns3:cad>87</ns3:cad>
          </ns3:TrackPointExtension>
        </extensions>
      </trkpt>
      <trkpt lat="23.1995522975921630859375" lon="113.28489147126674652099609375">
        <ele>22.6000003814697265625</ele>
        <time>2022-12-09T08:08:04.000Z</time>
        <extensions>
          <ns3:TrackPointExtension>
            <ns3:hr>168</ns3:hr>
            <ns3:cad>87</ns3:cad>
          </ns3:TrackPointExtension>
        </extensions>
      </trkpt>
      <trkpt lat="23.1995568238198757171630859375" lon="113.28492290340363979339599609375">
        <ele>22</ele>
        <time>2022-12-09T08:08:05.000Z</time>
        <extensions>
          <ns3:TrackPointExtension>
            <ns3:hr>168</ns3:hr>
            <ns3:cad>87</ns3:cad>
          </ns3:TrackPointExtension>
        </extensions>
      </trkpt>
      <trkpt lat="23.19958976469933986663818359375" lon="113.2851042039692401885986328125">
        <ele>21.3999996185302734375</ele>
        <time>2022-12-09T08:08:10.000Z</time>
        <extensions>
          <ns3:TrackPointExtension>
            <ns3:hr>173</ns3:hr>
            <ns3:cad>86</ns3:cad>
          </ns3:TrackPointExtension>
        </extensions>
      </trkpt>
      <trkpt lat="23.19960124790668487548828125" lon="113.28516681678593158721923828125">
        <ele>21.200000762939453125</ele>
        <time>2022-12-09T08:08:12.000Z</time>
        <extensions>
          <ns3:TrackPointExtension>
            <ns3:hr>176</ns3:hr>
            <ns3:cad>87</ns3:cad>
          </ns3:TrackPointExtension>
        </extensions>
      </trkpt>
      <trkpt lat="23.19962983019649982452392578125" lon="113.28529958613216876983642578125">
        <ele>22.200000762939453125</ele>
        <time>2022-12-09T08:08:16.000Z</time>
        <extensions>
          <ns3:TrackPointExtension>
            <ns3:hr>172</ns3:hr>
            <ns3:cad>87</ns3:cad>
          </ns3:TrackPointExtension>
        </extensions>
      </trkpt>
      <trkpt lat="23.19964525289833545684814453125" lon="113.2853640429675579071044921875">
        <ele>23</ele>
        <time>2022-12-09T08:08:18.000Z</time>
        <extensions>
          <ns3:TrackPointExtension>
            <ns3:hr>176</ns3:hr>
            <ns3:cad>88</ns3:cad>
          </ns3:TrackPointExtension>
        </extensions>
      </trkpt>
      <trkpt lat="23.1996808759868144989013671875" lon="113.28557468019425868988037109375">
        <ele>24.6000003814697265625</ele>
        <time>2022-12-09T08:08:25.000Z</time>
        <extensions>
          <ns3:TrackPointExtension>
            <ns3:hr>177</ns3:hr>
            <ns3:cad>88</ns3:cad>
          </ns3:TrackPointExtension>
        </extensions>
      </trkpt>
      <trkpt lat="23.1996942870318889617919921875" lon="113.28576629050076007843017578125">
        <ele>25.200000762939453125</ele>
        <time>2022-12-09T08:08:33.000Z</time>
        <extensions>
          <ns3:TrackPointExtension>
            <ns3:hr>171</ns3:hr>
            <ns3:cad>88</ns3:cad>
          </ns3:TrackPointExtension>
        </extensions>
      </trkpt>
      <trkpt lat="23.1996470130980014801025390625" lon="113.2859685458242893218994140625">
        <ele>27.200000762939453125</ele>
        <time>2022-12-09T08:08:41.000Z</time>
        <extensions>
          <ns3:TrackPointExtension>
            <ns3:hr>170</ns3:hr>
            <ns3:cad>87</ns3:cad>
          </ns3:TrackPointExtension>
        </extensions>
      </trkpt>
      <trkpt lat="23.1996309198439121246337890625" lon="113.28598706983029842376708984375">
        <ele>27.799999237060546875</ele>
        <time>2022-12-09T08:08:42.000Z</time>
        <extensions>
          <ns3:TrackPointExtension>
            <ns3:hr>171</ns3:hr>
            <ns3:cad>86</ns3:cad>
          </ns3:TrackPointExtension>
        </extensions>
      </trkpt>
      <trkpt lat="23.19954383186995983123779296875" lon="113.28616082668304443359375">
        <ele>29.6000003814697265625</ele>
        <time>2022-12-09T08:08:50.000Z</time>
        <extensions>
          <ns3:TrackPointExtension>
            <ns3:hr>173</ns3:hr>
            <ns3:cad>86</ns3:cad>
          </ns3:TrackPointExtension>
        </extensions>
      </trkpt>
      <trkpt lat="23.19949085824191570281982421875" lon="113.28636710532009601593017578125">
        <ele>32</ele>
        <time>2022-12-09T08:08:57.000Z</time>
        <extensions>
          <ns3:TrackPointExtension>
            <ns3:hr>173</ns3:hr>
            <ns3:cad>85</ns3:cad>
          </ns3:TrackPointExtension>
        </extensions>
      </trkpt>
      <trkpt lat="23.199444003403186798095703125" lon="113.28658151440322399139404296875">
        <ele>30.6000003814697265625</ele>
        <time>2022-12-09T08:09:03.000Z</time>
        <extensions>
          <ns3:TrackPointExtension>
            <ns3:hr>172</ns3:hr>
            <ns3:cad>87</ns3:cad>
          </ns3:TrackPointExtension>
        </extensions>
      </trkpt>
      <trkpt lat="23.19940754212439060211181640625" lon="113.2867859490215778350830078125">
        <ele>27.3999996185302734375</ele>
        <time>2022-12-09T08:09:10.000Z</time>
        <extensions>
          <ns3:TrackPointExtension>
            <ns3:hr>173</ns3:hr>
            <ns3:cad>87</ns3:cad>
          </ns3:TrackPointExtension>
        </extensions>
      </trkpt>
      <trkpt lat="23.19937317632138729095458984375" lon="113.28698501922190189361572265625">
        <ele>25.3999996185302734375</ele>
        <time>2022-12-09T08:09:16.000Z</time>
        <extensions>
          <ns3:TrackPointExtension>
            <ns3:hr>175</ns3:hr>
            <ns3:cad>87</ns3:cad>
          </ns3:TrackPointExtension>
        </extensions>
      </trkpt>
      <trkpt lat="23.1993546523153781890869140625" lon="113.28721652738749980926513671875">
        <ele>25.799999237060546875</ele>
        <time>2022-12-09T08:09:22.000Z</time>
        <extensions>
          <ns3:TrackPointExtension>
            <ns3:hr>177</ns3:hr>
            <ns3:cad>87</ns3:cad>
          </ns3:TrackPointExtension>
        </extensions>
      </trkpt>
      <trkpt lat="23.19933302700519561767578125" lon="113.28735549934208393096923828125">
        <ele>28.200000762939453125</ele>
        <time>2022-12-09T08:09:29.000Z</time>
        <extensions>
          <ns3:TrackPointExtension>
            <ns3:hr>174</ns3:hr>
            <ns3:cad>87</ns3:cad>
          </ns3:TrackPointExtension>
        </extensions>
      </trkpt>
      <trkpt lat="23.19932338781654834747314453125" lon="113.287435881793498992919921875">
        <ele>29.799999237060546875</ele>
        <time>2022-12-09T08:09:36.000Z</time>
        <extensions>
          <ns3:TrackPointExtension>
            <ns3:hr>177</ns3:hr>
            <ns3:cad>58</ns3:cad>
          </ns3:TrackPointExtension>
        </extensions>
      </trkpt>
      <trkpt lat="23.19928851909935474395751953125" lon="113.28763092868030071258544921875">
        <ele>32.200000762939453125</ele>
        <time>2022-12-09T08:09:49.000Z</time>
        <extensions>
          <ns3:TrackPointExtension>
            <ns3:hr>177</ns3:hr>
            <ns3:cad>61</ns3:cad>
          </ns3:TrackPointExtension>
        </extensions>
      </trkpt>
      <trkpt lat="23.19927024655044078826904296875" lon="113.28782941214740276336669921875">
        <ele>32.40000152587890625</ele>
        <time>2022-12-09T08:09:58.000Z</time>
        <extensions>
          <ns3:TrackPointExtension>
            <ns3:hr>176</ns3:hr>
            <ns3:cad>86</ns3:cad>
          </ns3:TrackPointExtension>
        </extensions>
      </trkpt>
      <trkpt lat="23.19925163872539997100830078125" lon="113.28802621923387050628662109375">
        <ele>32</ele>
        <time>2022-12-09T08:10:05.000Z</time>
        <extensions>
          <ns3:TrackPointExtension>
            <ns3:hr>175</ns3:hr>
            <ns3:cad>85</ns3:cad>
          </ns3:TrackPointExtension>
        </extensions>
      </trkpt>
      <trkpt lat="23.19925482384860515594482421875" lon="113.28816435299813747406005859375">
        <ele>30.799999237060546875</ele>
        <time>2022-12-09T08:10:11.000Z</time>
        <extensions>
          <ns3:TrackPointExtension>
            <ns3:hr>172</ns3:hr>
            <ns3:cad>85</ns3:cad>
          </ns3:TrackPointExtension>
        </extensions>
      </trkpt>
      <trkpt lat="23.1992782093584537506103515625" lon="113.28838345594704151153564453125">
        <ele>30.200000762939453125</ele>
        <time>2022-12-09T08:10:18.000Z</time>
        <extensions>
          <ns3:TrackPointExtension>
            <ns3:hr>174</ns3:hr>
            <ns3:cad>86</ns3:cad>
          </ns3:TrackPointExtension>
        </extensions>
      </trkpt>
      <trkpt lat="23.1993211247026920318603515625" lon="113.2885826937854290008544921875">
        <ele>30.3999996185302734375</ele>
        <time>2022-12-09T08:10:26.000Z</time>
        <extensions>
          <ns3:TrackPointExtension>
            <ns3:hr>175</ns3:hr>
            <ns3:cad>85</ns3:cad>
          </ns3:TrackPointExtension>
        </extensions>
      </trkpt>
      <trkpt lat="23.1993409059941768646240234375" lon="113.28878947533667087554931640625">
        <ele>30.200000762939453125</ele>
        <time>2022-12-09T08:10:34.000Z</time>
        <extensions>
          <ns3:TrackPointExtension>
            <ns3:hr>176</ns3:hr>
            <ns3:cad>85</ns3:cad>
          </ns3:TrackPointExtension>
        </extensions>
      </trkpt>
      <trkpt lat="23.1993573345243930816650390625" lon="113.288932554423809051513671875">
        <ele>29.200000762939453125</ele>
        <time>2022-12-09T08:10:41.000Z</time>
        <extensions>
          <ns3:TrackPointExtension>
            <ns3:hr>179</ns3:hr>
            <ns3:cad>86</ns3:cad>
          </ns3:TrackPointExtension>
        </extensions>
      </trkpt>
      <trkpt lat="23.199390359222888946533203125" lon="113.289165906608104705810546875">
        <ele>27.6000003814697265625</ele>
        <time>2022-12-09T08:10:47.000Z</time>
        <extensions>
          <ns3:TrackPointExtension>
            <ns3:hr>177</ns3:hr>
            <ns3:cad>86</ns3:cad>
          </ns3:TrackPointExtension>
        </extensions>
      </trkpt>
      <trkpt lat="23.19942899979650974273681640625" lon="113.289414681494235992431640625">
        <ele>27.3999996185302734375</ele>
        <time>2022-12-09T08:10:53.000Z</time>
        <extensions>
          <ns3:TrackPointExtension>
            <ns3:hr>177</ns3:hr>
            <ns3:cad>88</ns3:cad>
          </ns3:TrackPointExtension>
        </extensions>
      </trkpt>
      <trkpt lat="23.19944676943123340606689453125" lon="113.2896150089800357818603515625">
        <ele>30</ele>
        <time>2022-12-09T08:11:00.000Z</time>
        <extensions>
          <ns3:TrackPointExtension>
            <ns3:hr>178</ns3:hr>
            <ns3:cad>87</ns3:cad>
          </ns3:TrackPointExtension>
        </extensions>
      </trkpt>
      <trkpt lat="23.1994787044823169708251953125" lon="113.2898225449025630950927734375">
        <ele>32.40000152587890625</ele>
        <time>2022-12-09T08:11:10.000Z</time>
        <extensions>
          <ns3:TrackPointExtension>
            <ns3:hr>176</ns3:hr>
            <ns3:cad>87</ns3:cad>
          </ns3:TrackPointExtension>
        </extensions>
      </trkpt>
      <trkpt lat="23.19950929842889308929443359375" lon="113.2900049351155757904052734375">
        <ele>34.40000152587890625</ele>
        <time>2022-12-09T08:11:18.000Z</time>
        <extensions>
          <ns3:TrackPointExtension>
            <ns3:hr>173</ns3:hr>
            <ns3:cad>85</ns3:cad>
          </ns3:TrackPointExtension>
        </extensions>
      </trkpt>
      <trkpt lat="23.1994944624602794647216796875" lon="113.29020031727850437164306640625">
        <ele>35.59999847412109375</ele>
        <time>2022-12-09T08:11:25.000Z</time>
        <extensions>
          <ns3:TrackPointExtension>
            <ns3:hr>172</ns3:hr>
            <ns3:cad>85</ns3:cad>
          </ns3:TrackPointExtension>
        </extensions>
      </trkpt>
      <trkpt lat="23.19950074888765811920166015625" lon="113.290308527648448944091796875">
        <ele>35.40000152587890625</ele>
        <time>2022-12-09T08:11:29.000Z</time>
        <extensions>
          <ns3:TrackPointExtension>
            <ns3:hr>175</ns3:hr>
            <ns3:cad>84</ns3:cad>
          </ns3:TrackPointExtension>
        </extensions>
      </trkpt>
      <trkpt lat="23.19952270947396755218505859375" lon="113.2904042489826679229736328125">
        <ele>35</ele>
        <time>2022-12-09T08:11:34.000Z</time>
        <extensions>
          <ns3:TrackPointExtension>
            <ns3:hr>178</ns3:hr>
            <ns3:cad>84</ns3:cad>
          </ns3:TrackPointExtension>
        </extensions>
      </trkpt>
      <trkpt lat="23.19952472113072872161865234375" lon="113.2906070910394191741943359375">
        <ele>33.799999237060546875</ele>
        <time>2022-12-09T08:11:47.000Z</time>
        <extensions>
          <ns3:TrackPointExtension>
            <ns3:hr>180</ns3:hr>
            <ns3:cad>61</ns3:cad>
          </ns3:TrackPointExtension>
        </extensions>
      </trkpt>
      <trkpt lat="23.1995330192148685455322265625" lon="113.290698789060115814208984375">
        <ele>33.40000152587890625</ele>
        <time>2022-12-09T08:11:53.000Z</time>
        <extensions>
          <ns3:TrackPointExtension>
            <ns3:hr>176</ns3:hr>
            <ns3:cad>61</ns3:cad>
          </ns3:TrackPointExtension>
        </extensions>
      </trkpt>
      <trkpt lat="23.1995313428342342376708984375" lon="113.29071831889450550079345703125">
        <ele>33.40000152587890625</ele>
        <time>2022-12-09T08:11:54.000Z</time>
        <extensions>
          <ns3:TrackPointExtension>
            <ns3:hr>170</ns3:hr>
            <ns3:cad>61</ns3:cad>
          </ns3:TrackPointExtension>
        </extensions>
      </trkpt>
      <trkpt lat="23.1995333544909954071044921875" lon="113.2907324843108654022216796875">
        <ele>33.200000762939453125</ele>
        <time>2022-12-09T08:11:55.000Z</time>
        <extensions>
          <ns3:TrackPointExtension>
            <ns3:hr>172</ns3:hr>
            <ns3:cad>61</ns3:cad>
          </ns3:TrackPointExtension>
        </extensions>
      </trkpt>
      <trkpt lat="23.19953125901520252227783203125" lon="113.290802724659442901611328125">
        <ele>33</ele>
        <time>2022-12-09T08:11:59.000Z</time>
        <extensions>
          <ns3:TrackPointExtension>
            <ns3:hr>169</ns3:hr>
            <ns3:cad>61</ns3:cad>
          </ns3:TrackPointExtension>
        </extensions>
      </trkpt>
      <trkpt lat="23.19952757097780704498291015625" lon="113.2908682711422443389892578125">
        <ele>32.799999237060546875</ele>
        <time>2022-12-09T08:12:03.000Z</time>
        <extensions>
          <ns3:TrackPointExtension>
            <ns3:hr>166</ns3:hr>
            <ns3:cad>61</ns3:cad>
          </ns3:TrackPointExtension>
        </extensions>
      </trkpt>
      <trkpt lat="23.19954517297446727752685546875" lon="113.29093490727245807647705078125">
        <ele>32.40000152587890625</ele>
        <time>2022-12-09T08:12:08.000Z</time>
        <extensions>
          <ns3:TrackPointExtension>
            <ns3:hr>163</ns3:hr>
            <ns3:cad>61</ns3:cad>
          </ns3:TrackPointExtension>
        </extensions>
      </trkpt>
      <trkpt lat="23.1995581649243831634521484375" lon="113.2911066524684429168701171875">
        <ele>31.3999996185302734375</ele>
        <time>2022-12-09T08:12:15.000Z</time>
        <extensions>
          <ns3:TrackPointExtension>
            <ns3:hr>160</ns3:hr>
            <ns3:cad>83</ns3:cad>
          </ns3:TrackPointExtension>
        </extensions>
      </trkpt>
      <trkpt lat="23.19957350380718708038330078125" lon="113.29121620394289493560791015625">
        <ele>30.6000003814697265625</ele>
        <time>2022-12-09T08:12:19.000Z</time>
        <extensions>
          <ns3:TrackPointExtension>
            <ns3:hr>163</ns3:hr>
            <ns3:cad>85</ns3:cad>
          </ns3:TrackPointExtension>
        </extensions>
      </trkpt>
      <trkpt lat="23.19959454238414764404296875" lon="113.29141166992485523223876953125">
        <ele>29.3999996185302734375</ele>
        <time>2022-12-09T08:12:26.000Z</time>
        <extensions>
          <ns3:TrackPointExtension>
            <ns3:hr>162</ns3:hr>
            <ns3:cad>86</ns3:cad>
          </ns3:TrackPointExtension>
        </extensions>
      </trkpt>
      <trkpt lat="23.19960937835276126861572265625" lon="113.29162381589412689208984375">
        <ele>29.3999996185302734375</ele>
        <time>2022-12-09T08:12:35.000Z</time>
        <extensions>
          <ns3:TrackPointExtension>
            <ns3:hr>163</ns3:hr>
            <ns3:cad>84</ns3:cad>
          </ns3:TrackPointExtension>
        </extensions>
      </trkpt>
      <trkpt lat="23.1995812989771366119384765625" lon="113.29178877174854278564453125">
        <ele>30.799999237060546875</ele>
        <time>2022-12-09T08:12:41.000Z</time>
        <extensions>
          <ns3:TrackPointExtension>
            <ns3:hr>167</ns3:hr>
            <ns3:cad>83</ns3:cad>
          </ns3:TrackPointExtension>
        </extensions>
      </trkpt>
      <trkpt lat="23.1995697319507598876953125" lon="113.29183596186339855194091796875">
        <ele>31</ele>
        <time>2022-12-09T08:12:43.000Z</time>
        <extensions>
          <ns3:TrackPointExtension>
            <ns3:hr>164</ns3:hr>
            <ns3:cad>85</ns3:cad>
          </ns3:TrackPointExtension>
        </extensions>
      </trkpt>
      <trkpt lat="23.1995531357824802398681640625" lon="113.2918881811201572418212890625">
        <ele>31</ele>
        <time>2022-12-09T08:12:45.000Z</time>
        <extensions>
          <ns3:TrackPointExtension>
            <ns3:hr>159</ns3:hr>
            <ns3:cad>84</ns3:cad>
          </ns3:TrackPointExtension>
        </extensions>
      </trkpt>
      <trkpt lat="23.19952589459717273712158203125" lon="113.2919763587415218353271484375">
        <ele>31</ele>
        <time>2022-12-09T08:12:49.000Z</time>
        <extensions>
          <ns3:TrackPointExtension>
            <ns3:hr>163</ns3:hr>
            <ns3:cad>83</ns3:cad>
          </ns3:TrackPointExtension>
        </extensions>
      </trkpt>
      <trkpt lat="23.1995192728936672210693359375" lon="113.29199907369911670684814453125">
        <ele>31</ele>
        <time>2022-12-09T08:12:50.000Z</time>
        <extensions>
          <ns3:TrackPointExtension>
            <ns3:hr>167</ns3:hr>
            <ns3:cad>83</ns3:cad>
          </ns3:TrackPointExtension>
        </extensions>
      </trkpt>
      <trkpt lat="23.19951407611370086669921875" lon="113.29202321358025074005126953125">
        <ele>31</ele>
        <time>2022-12-09T08:12:51.000Z</time>
        <extensions>
          <ns3:TrackPointExtension>
            <ns3:hr>167</ns3:hr>
            <ns3:cad>83</ns3:cad>
          </ns3:TrackPointExtension>
        </extensions>
      </trkpt>
      <trkpt lat="23.19950200617313385009765625" lon="113.2920762710273265838623046875">
        <ele>31.200000762939453125</ele>
        <time>2022-12-09T08:12:53.000Z</time>
        <extensions>
          <ns3:TrackPointExtension>
            <ns3:hr>163</ns3:hr>
            <ns3:cad>83</ns3:cad>
          </ns3:TrackPointExtension>
        </extensions>
      </trkpt>
      <trkpt lat="23.1994833983480930328369140625" lon="113.29216419719159603118896484375">
        <ele>31.6000003814697265625</ele>
        <time>2022-12-09T08:12:56.000Z</time>
        <extensions>
          <ns3:TrackPointExtension>
            <ns3:hr>169</ns3:hr>
            <ns3:cad>83</ns3:cad>
          </ns3:TrackPointExtension>
        </extensions>
      </trkpt>
      <trkpt lat="23.1994770281016826629638671875" lon="113.29219956882297992706298828125">
        <ele>32</ele>
        <time>2022-12-09T08:12:57.000Z</time>
        <extensions>
          <ns3:TrackPointExtension>
            <ns3:hr>174</ns3:hr>
            <ns3:cad>83</ns3:cad>
          </ns3:TrackPointExtension>
        </extensions>
      </trkpt>
      <trkpt lat="23.19947183132171630859375" lon="113.29223074950277805328369140625">
        <ele>32.40000152587890625</ele>
        <time>2022-12-09T08:12:58.000Z</time>
        <extensions>
          <ns3:TrackPointExtension>
            <ns3:hr>174</ns3:hr>
            <ns3:cad>84</ns3:cad>
          </ns3:TrackPointExtension>
        </extensions>
      </trkpt>
      <trkpt lat="23.199463449418544769287109375" lon="113.2922915183007717132568359375">
        <ele>32.799999237060546875</ele>
        <time>2022-12-09T08:13:00.000Z</time>
        <extensions>
          <ns3:TrackPointExtension>
            <ns3:hr>167</ns3:hr>
            <ns3:cad>84</ns3:cad>
          </ns3:TrackPointExtension>
        </extensions>
      </trkpt>
      <trkpt lat="23.199463449418544769287109375" lon="113.2922915183007717132568359375">
        <ele>32.799999237060546875</ele>
        <time>2022-12-09T08:13:01.000Z</time>
        <extensions>
          <ns3:TrackPointExtension>
            <ns3:hr>164</ns3:hr>
            <ns3:cad>85</ns3:cad>
          </ns3:TrackPointExtension>
        </extensions>
      </trkpt>
      <trkpt lat="23.19944844581186771392822265625" lon="113.29234692268073558807373046875">
        <ele>32.59999847412109375</ele>
        <time>2022-12-09T08:13:02.000Z</time>
        <extensions>
          <ns3:TrackPointExtension>
            <ns3:hr>164</ns3:hr>
            <ns3:cad>85</ns3:cad>
          </ns3:TrackPointExtension>
        </extensions>
      </trkpt>
      <trkpt lat="23.19941676221787929534912109375" lon="113.29244247637689113616943359375">
        <ele>32.40000152587890625</ele>
        <time>2022-12-09T08:13:05.000Z</time>
        <extensions>
          <ns3:TrackPointExtension>
            <ns3:hr>167</ns3:hr>
            <ns3:cad>85</ns3:cad>
          </ns3:TrackPointExtension>
        </extensions>
      </trkpt>
      <trkpt lat="23.1993553228676319122314453125" lon="113.292652778327465057373046875">
        <ele>33.59999847412109375</ele>
        <time>2022-12-09T08:13:12.000Z</time>
        <extensions>
          <ns3:TrackPointExtension>
            <ns3:hr>167</ns3:hr>
            <ns3:cad>86</ns3:cad>
          </ns3:TrackPointExtension>
        </extensions>
      </trkpt>
      <trkpt lat="23.19930276833474636077880859375" lon="113.2928621582686901092529296875">
        <ele>38</ele>
        <time>2022-12-09T08:13:19.000Z</time>
        <extensions>
          <ns3:TrackPointExtension>
            <ns3:hr>168</ns3:hr>
            <ns3:cad>85</ns3:cad>
          </ns3:TrackPointExtension>
        </extensions>
      </trkpt>
      <trkpt lat="23.19928080774843692779541015625" lon="113.29291529953479766845703125">
        <ele>39.40000152587890625</ele>
        <time>2022-12-09T08:13:21.000Z</time>
        <extensions>
          <ns3:TrackPointExtension>
            <ns3:hr>168</ns3:hr>
            <ns3:cad>84</ns3:cad>
          </ns3:TrackPointExtension>
        </extensions>
      </trkpt>
      <trkpt lat="23.19920159876346588134765625" lon="113.29310699366033077239990234375">
        <ele>40</ele>
        <time>2022-12-09T08:13:31.000Z</time>
        <extensions>
          <ns3:TrackPointExtension>
            <ns3:hr>169</ns3:hr>
            <ns3:cad>85</ns3:cad>
          </ns3:TrackPointExtension>
        </extensions>
      </trkpt>
      <trkpt lat="23.19917402230203151702880859375" lon="113.293244205415248870849609375">
        <ele>42.40000152587890625</ele>
        <time>2022-12-09T08:13:39.000Z</time>
        <extensions>
          <ns3:TrackPointExtension>
            <ns3:hr>172</ns3:hr>
            <ns3:cad>85</ns3:cad>
          </ns3:TrackPointExtension>
        </extensions>
      </trkpt>
      <trkpt lat="23.199120461940765380859375" lon="113.29337772913277149200439453125">
        <ele>42.40000152587890625</ele>
        <time>2022-12-09T08:13:50.000Z</time>
        <extensions>
          <ns3:TrackPointExtension>
            <ns3:hr>169</ns3:hr>
            <ns3:cad>85</ns3:cad>
          </ns3:TrackPointExtension>
        </extensions>
      </trkpt>
      <trkpt lat="23.1990914605557918548583984375" lon="113.29348635859787464141845703125">
        <ele>42.799999237060546875</ele>
        <time>2022-12-09T08:13:58.000Z</time>
        <extensions>
          <ns3:TrackPointExtension>
            <ns3:hr>166</ns3:hr>
            <ns3:cad>58</ns3:cad>
          </ns3:TrackPointExtension>
        </extensions>
      </trkpt>
      <trkpt lat="23.19908383302390575408935546875" lon="113.29357285983860492706298828125">
        <ele>42.799999237060546875</ele>
        <time>2022-12-09T08:14:02.000Z</time>
        <extensions>
          <ns3:TrackPointExtension>
            <ns3:hr>163</ns3:hr>
            <ns3:cad>84</ns3:cad>
          </ns3:TrackPointExtension>
        </extensions>
      </trkpt>
      <trkpt lat="23.1990708410739898681640625" lon="113.29363924451172351837158203125">
        <ele>42.59999847412109375</ele>
        <time>2022-12-09T08:14:05.000Z</time>
        <extensions>
          <ns3:TrackPointExtension>
            <ns3:hr>166</ns3:hr>
            <ns3:cad>86</ns3:cad>
          </ns3:TrackPointExtension>
        </extensions>
      </trkpt>
      <trkpt lat="23.19906480610370635986328125" lon="113.29366120509803295135498046875">
        <ele>42.40000152587890625</ele>
        <time>2022-12-09T08:14:06.000Z</time>
        <extensions>
          <ns3:TrackPointExtension>
            <ns3:hr>170</ns3:hr>
            <ns3:cad>85</ns3:cad>
          </ns3:TrackPointExtension>
        </extensions>
      </trkpt>
      <trkpt lat="23.19906036369502544403076171875" lon="113.2936849258840084075927734375">
        <ele>42.40000152587890625</ele>
        <time>2022-12-09T08:14:07.000Z</time>
        <extensions>
          <ns3:TrackPointExtension>
            <ns3:hr>173</ns3:hr>
            <ns3:cad>85</ns3:cad>
          </ns3:TrackPointExtension>
        </extensions>
      </trkpt>
      <trkpt lat="23.19905030541121959686279296875" lon="113.29370697028934955596923828125">
        <ele>42.200000762939453125</ele>
        <time>2022-12-09T08:14:08.000Z</time>
        <extensions>
          <ns3:TrackPointExtension>
            <ns3:hr>180</ns3:hr>
            <ns3:cad>85</ns3:cad>
          </ns3:TrackPointExtension>
        </extensions>
      </trkpt>
      <trkpt lat="23.1990425102412700653076171875" lon="113.293728344142436981201171875">
        <ele>42.200000762939453125</ele>
        <time>2022-12-09T08:14:09.000Z</time>
        <extensions>
          <ns3:TrackPointExtension>
            <ns3:hr>180</ns3:hr>
            <ns3:cad>85</ns3:cad>
          </ns3:TrackPointExtension>
        </extensions>
      </trkpt>
      <trkpt lat="23.1990334577858448028564453125" lon="113.2937466166913509368896484375">
        <ele>42.200000762939453125</ele>
        <time>2022-12-09T08:14:10.000Z</time>
        <extensions>
          <ns3:TrackPointExtension>
            <ns3:hr>176</ns3:hr>
            <ns3:cad>85</ns3:cad>
          </ns3:TrackPointExtension>
        </extensions>
      </trkpt>
      <trkpt lat="23.1990264169871807098388671875" lon="113.2937635481357574462890625">
        <ele>42.200000762939453125</ele>
        <time>2022-12-09T08:14:11.000Z</time>
        <extensions>
          <ns3:TrackPointExtension>
            <ns3:hr>173</ns3:hr>
            <ns3:cad>84</ns3:cad>
          </ns3:TrackPointExtension>
        </extensions>
      </trkpt>
      <trkpt lat="23.19901862181723117828369140625" lon="113.2937861792743206024169921875">
        <ele>42.200000762939453125</ele>
        <time>2022-12-09T08:14:12.000Z</time>
        <extensions>
          <ns3:TrackPointExtension>
            <ns3:hr>170</ns3:hr>
            <ns3:cad>84</ns3:cad>
          </ns3:TrackPointExtension>
        </extensions>
      </trkpt>
      <trkpt lat="23.19900713860988616943359375" lon="113.2938086427748203277587890625">
        <ele>42.40000152587890625</ele>
        <time>2022-12-09T08:14:13.000Z</time>
        <extensions>
          <ns3:TrackPointExtension>
            <ns3:hr>170</ns3:hr>
            <ns3:cad>85</ns3:cad>
          </ns3:TrackPointExtension>
        </extensions>
      </trkpt>
      <trkpt lat="23.1989784725010395050048828125" lon="113.2939088903367519378662109375">
        <ele>42</ele>
        <time>2022-12-09T08:14:18.000Z</time>
        <extensions>
          <ns3:TrackPointExtension>
            <ns3:hr>167</ns3:hr>
            <ns3:cad>85</ns3:cad>
          </ns3:TrackPointExtension>
        </extensions>
      </trkpt>
      <trkpt lat="23.19894804619252681732177734375" lon="113.294000588357448577880859375">
        <ele>41.40000152587890625</ele>
        <time>2022-12-09T08:14:22.000Z</time>
        <extensions>
          <ns3:TrackPointExtension>
            <ns3:hr>171</ns3:hr>
            <ns3:cad>84</ns3:cad>
          </ns3:TrackPointExtension>
        </extensions>
      </trkpt>
      <trkpt lat="23.19893681444227695465087890625" lon="113.29404325224459171295166015625">
        <ele>40.799999237060546875</ele>
        <time>2022-12-09T08:14:24.000Z</time>
        <extensions>
          <ns3:TrackPointExtension>
            <ns3:hr>177</ns3:hr>
            <ns3:cad>85</ns3:cad>
          </ns3:TrackPointExtension>
        </extensions>
      </trkpt>
      <trkpt lat="23.1989241577684879302978515625" lon="113.294070661067962646484375">
        <ele>40.40000152587890625</ele>
        <time>2022-12-09T08:14:25.000Z</time>
        <extensions>
          <ns3:TrackPointExtension>
            <ns3:hr>177</ns3:hr>
            <ns3:cad>85</ns3:cad>
          </ns3:TrackPointExtension>
        </extensions>
      </trkpt>
      <trkpt lat="23.1989053823053836822509765625" lon="113.29414182342588901519775390625">
        <ele>39.40000152587890625</ele>
        <time>2022-12-09T08:14:27.000Z</time>
        <extensions>
          <ns3:TrackPointExtension>
            <ns3:hr>173</ns3:hr>
            <ns3:cad>85</ns3:cad>
          </ns3:TrackPointExtension>
        </extensions>
      </trkpt>
      <trkpt lat="23.19888719357550144195556640625" lon="113.29420267604291439056396484375">
        <ele>38.40000152587890625</ele>
        <time>2022-12-09T08:14:29.000Z</time>
        <extensions>
          <ns3:TrackPointExtension>
            <ns3:hr>169</ns3:hr>
            <ns3:cad>42</ns3:cad>
          </ns3:TrackPointExtension>
        </extensions>
      </trkpt>
      <trkpt lat="23.198859952390193939208984375" lon="113.294265456497669219970703125">
        <ele>37.59999847412109375</ele>
        <time>2022-12-09T08:14:32.000Z</time>
        <extensions>
          <ns3:TrackPointExtension>
            <ns3:hr>166</ns3:hr>
            <ns3:cad>41</ns3:cad>
          </ns3:TrackPointExtension>
        </extensions>
      </trkpt>
      <trkpt lat="23.19879683665931224822998046875" lon="113.29437031410634517669677734375">
        <ele>36.40000152587890625</ele>
        <time>2022-12-09T08:14:40.000Z</time>
        <extensions>
          <ns3:TrackPointExtension>
            <ns3:hr>163</ns3:hr>
            <ns3:cad>61</ns3:cad>
          </ns3:TrackPointExtension>
        </extensions>
      </trkpt>
      <trkpt lat="23.19878451526165008544921875" lon="113.29438808374106884002685546875">
        <ele>36.200000762939453125</ele>
        <time>2022-12-09T08:14:42.000Z</time>
        <extensions>
          <ns3:TrackPointExtension>
            <ns3:hr>166</ns3:hr>
            <ns3:cad>61</ns3:cad>
          </ns3:TrackPointExtension>
        </extensions>
      </trkpt>
      <trkpt lat="23.198775462806224822998046875" lon="113.29440015368163585662841796875">
        <ele>36.40000152587890625</ele>
        <time>2022-12-09T08:14:43.000Z</time>
        <extensions>
          <ns3:TrackPointExtension>
            <ns3:hr>162</ns3:hr>
            <ns3:cad>61</ns3:cad>
          </ns3:TrackPointExtension>
        </extensions>
      </trkpt>
      <trkpt lat="23.19874587468802928924560546875" lon="113.29445631243288516998291015625">
        <ele>36.59999847412109375</ele>
        <time>2022-12-09T08:14:47.000Z</time>
        <extensions>
          <ns3:TrackPointExtension>
            <ns3:hr>162</ns3:hr>
            <ns3:cad>61</ns3:cad>
          </ns3:TrackPointExtension>
        </extensions>
      </trkpt>
      <trkpt lat="23.19867814891040325164794921875" lon="113.2946666143834590911865234375">
        <ele>37.40000152587890625</ele>
        <time>2022-12-09T08:15:01.000Z</time>
        <extensions>
          <ns3:TrackPointExtension>
            <ns3:hr>160</ns3:hr>
            <ns3:cad>61</ns3:cad>
          </ns3:TrackPointExtension>
        </extensions>
      </trkpt>
      <trkpt lat="23.1986604630947113037109375" lon="113.29471179284155368804931640625">
        <ele>37.799999237060546875</ele>
        <time>2022-12-09T08:15:05.000Z</time>
        <extensions>
          <ns3:TrackPointExtension>
            <ns3:hr>157</ns3:hr>
            <ns3:cad>59</ns3:cad>
          </ns3:TrackPointExtension>
        </extensions>
      </trkpt>
      <trkpt lat="23.1986515782773494720458984375" lon="113.294722773134708404541015625">
        <ele>38</ele>
        <time>2022-12-09T08:15:06.000Z</time>
        <extensions>
          <ns3:TrackPointExtension>
            <ns3:hr>157</ns3:hr>
            <ns3:cad>59</ns3:cad>
          </ns3:TrackPointExtension>
        </extensions>
      </trkpt>
      <trkpt lat="23.19859935902059078216552734375" lon="113.294792510569095611572265625">
        <ele>39</ele>
        <time>2022-12-09T08:15:12.000Z</time>
        <extensions>
          <ns3:TrackPointExtension>
            <ns3:hr>154</ns3:hr>
            <ns3:cad>61</ns3:cad>
          </ns3:TrackPointExtension>
        </extensions>
      </trkpt>
      <trkpt lat="23.19858661852777004241943359375" lon="113.29481857828795909881591796875">
        <ele>39.200000762939453125</ele>
        <time>2022-12-09T08:15:14.000Z</time>
        <extensions>
          <ns3:TrackPointExtension>
            <ns3:hr>145</ns3:hr>
            <ns3:cad>61</ns3:cad>
          </ns3:TrackPointExtension>
        </extensions>
      </trkpt>
      <trkpt lat="23.19857790134847164154052734375" lon="113.29485244117677211761474609375">
        <ele>39.40000152587890625</ele>
        <time>2022-12-09T08:15:16.000Z</time>
        <extensions>
          <ns3:TrackPointExtension>
            <ns3:hr>142</ns3:hr>
            <ns3:cad>61</ns3:cad>
          </ns3:TrackPointExtension>
        </extensions>
      </trkpt>
      <trkpt lat="23.198508918285369873046875" lon="113.2950451411306858062744140625">
        <ele>39.799999237060546875</ele>
        <time>2022-12-09T08:15:26.000Z</time>
        <extensions>
          <ns3:TrackPointExtension>
            <ns3:hr>143</ns3:hr>
            <ns3:cad>61</ns3:cad>
          </ns3:TrackPointExtension>
        </extensions>
      </trkpt>
      <trkpt lat="23.198419399559497833251953125" lon="113.2952171377837657928466796875">
        <ele>40.200000762939453125</ele>
        <time>2022-12-09T08:15:38.000Z</time>
        <extensions>
          <ns3:TrackPointExtension>
            <ns3:hr>144</ns3:hr>
            <ns3:cad>85</ns3:cad>
          </ns3:TrackPointExtension>
        </extensions>
      </trkpt>
      <trkpt lat="23.1983090937137603759765625" lon="113.29536558128893375396728515625">
        <ele>42.200000762939453125</ele>
        <time>2022-12-09T08:15:46.000Z</time>
        <extensions>
          <ns3:TrackPointExtension>
            <ns3:hr>147</ns3:hr>
            <ns3:cad>87</ns3:cad>
          </ns3:TrackPointExtension>
        </extensions>
      </trkpt>
      <trkpt lat="23.19827011786401271820068359375" lon="113.29539692960679531097412109375">
        <ele>43</ele>
        <time>2022-12-09T08:15:48.000Z</time>
        <extensions>
          <ns3:TrackPointExtension>
            <ns3:hr>152</ns3:hr>
            <ns3:cad>86</ns3:cad>
          </ns3:TrackPointExtension>
        </extensions>
      </trkpt>
      <trkpt lat="23.1982505880296230316162109375" lon="113.29541302286088466644287109375">
        <ele>43.40000152587890625</ele>
        <time>2022-12-09T08:15:49.000Z</time>
        <extensions>
          <ns3:TrackPointExtension>
            <ns3:hr>155</ns3:hr>
            <ns3:cad>86</ns3:cad>
          </ns3:TrackPointExtension>
        </extensions>
      </trkpt>
      <trkpt lat="23.19817506708204746246337890625" lon="113.295469097793102264404296875">
        <ele>44.40000152587890625</ele>
        <time>2022-12-09T08:15:52.000Z</time>
        <extensions>
          <ns3:TrackPointExtension>
            <ns3:hr>159</ns3:hr>
            <ns3:cad>86</ns3:cad>
          </ns3:TrackPointExtension>
        </extensions>
      </trkpt>
      <trkpt lat="23.19812812842428684234619140625" lon="113.29550840891897678375244140625">
        <ele>45</ele>
        <time>2022-12-09T08:15:54.000Z</time>
        <extensions>
          <ns3:TrackPointExtension>
            <ns3:hr>162</ns3:hr>
            <ns3:cad>86</ns3:cad>
          </ns3:TrackPointExtension>
        </extensions>
      </trkpt>
      <trkpt lat="23.19801581092178821563720703125" lon="113.29560597427189350128173828125">
        <ele>45.799999237060546875</ele>
        <time>2022-12-09T08:15:59.000Z</time>
        <extensions>
          <ns3:TrackPointExtension>
            <ns3:hr>165</ns3:hr>
            <ns3:cad>86</ns3:cad>
          </ns3:TrackPointExtension>
        </extensions>
      </trkpt>
      <trkpt lat="23.1979317404329776763916015625" lon="113.295690380036830902099609375">
        <ele>45.40000152587890625</ele>
        <time>2022-12-09T08:16:05.000Z</time>
        <extensions>
          <ns3:TrackPointExtension>
            <ns3:hr>159</ns3:hr>
            <ns3:cad>43</ns3:cad>
          </ns3:TrackPointExtension>
        </extensions>
      </trkpt>
      <trkpt lat="23.19792394526302814483642578125" lon="113.29570286907255649566650390625">
        <ele>45.40000152587890625</ele>
        <time>2022-12-09T08:16:06.000Z</time>
        <extensions>
          <ns3:TrackPointExtension>
            <ns3:hr>159</ns3:hr>
            <ns3:cad>43</ns3:cad>
          </ns3:TrackPointExtension>
        </extensions>
      </trkpt>
      <trkpt lat="23.1978948600590229034423828125" lon="113.295731954276561737060546875">
        <ele>45.40000152587890625</ele>
        <time>2022-12-09T08:16:09.000Z</time>
        <extensions>
          <ns3:TrackPointExtension>
            <ns3:hr>162</ns3:hr>
            <ns3:cad>43</ns3:cad>
          </ns3:TrackPointExtension>
        </extensions>
      </trkpt>
      <trkpt lat="23.19788337685167789459228515625" lon="113.29574410803616046905517578125">
        <ele>45.40000152587890625</ele>
        <time>2022-12-09T08:16:10.000Z</time>
        <extensions>
          <ns3:TrackPointExtension>
            <ns3:hr>167</ns3:hr>
            <ns3:cad>43</ns3:cad>
          </ns3:TrackPointExtension>
        </extensions>
      </trkpt>
      <trkpt lat="23.197834677994251251220703125" lon="113.29579733312129974365234375">
        <ele>45.40000152587890625</ele>
        <time>2022-12-09T08:16:15.000Z</time>
        <extensions>
          <ns3:TrackPointExtension>
            <ns3:hr>163</ns3:hr>
            <ns3:cad>61</ns3:cad>
          </ns3:TrackPointExtension>
        </extensions>
      </trkpt>
      <trkpt lat="23.19781648926436901092529296875" lon="113.295811749994754791259765625">
        <ele>45.40000152587890625</ele>
        <time>2022-12-09T08:16:17.000Z</time>
        <extensions>
          <ns3:TrackPointExtension>
            <ns3:hr>159</ns3:hr>
            <ns3:cad>61</ns3:cad>
          </ns3:TrackPointExtension>
        </extensions>
      </trkpt>
      <trkpt lat="23.19779369048774242401123046875" lon="113.29582750797271728515625">
        <ele>45.200000762939453125</ele>
        <time>2022-12-09T08:16:19.000Z</time>
        <extensions>
          <ns3:TrackPointExtension>
            <ns3:hr>162</ns3:hr>
            <ns3:cad>61</ns3:cad>
          </ns3:TrackPointExtension>
        </extensions>
      </trkpt>
      <trkpt lat="23.19767600856721401214599609375" lon="113.2959383167326450347900390625">
        <ele>44.40000152587890625</ele>
        <time>2022-12-09T08:16:31.000Z</time>
        <extensions>
          <ns3:TrackPointExtension>
            <ns3:hr>159</ns3:hr>
            <ns3:cad>63</ns3:cad>
          </ns3:TrackPointExtension>
        </extensions>
      </trkpt>
      <trkpt lat="23.197653293609619140625" lon="113.29595499671995639801025390625">
        <ele>44.40000152587890625</ele>
        <time>2022-12-09T08:16:33.000Z</time>
        <extensions>
          <ns3:TrackPointExtension>
            <ns3:hr>155</ns3:hr>
            <ns3:cad>61</ns3:cad>
          </ns3:TrackPointExtension>
        </extensions>
      </trkpt>
      <trkpt lat="23.1975820474326610565185546875" lon="113.2960177771747112274169921875">
        <ele>44.799999237060546875</ele>
        <time>2022-12-09T08:16:38.000Z</time>
        <extensions>
          <ns3:TrackPointExtension>
            <ns3:hr>158</ns3:hr>
            <ns3:cad>81</ns3:cad>
          </ns3:TrackPointExtension>
        </extensions>
      </trkpt>
      <trkpt lat="23.19749998860061168670654296875" lon="113.296083994209766387939453125">
        <ele>45.59999847412109375</ele>
        <time>2022-12-09T08:16:43.000Z</time>
        <extensions>
          <ns3:TrackPointExtension>
            <ns3:hr>155</ns3:hr>
            <ns3:cad>85</ns3:cad>
          </ns3:TrackPointExtension>
        </extensions>
      </trkpt>
      <trkpt lat="23.1973500363528728485107421875" lon="113.29620310105383396148681640625">
        <ele>47.200000762939453125</ele>
        <time>2022-12-09T08:16:51.000Z</time>
        <extensions>
          <ns3:TrackPointExtension>
            <ns3:hr>157</ns3:hr>
            <ns3:cad>87</ns3:cad>
          </ns3:TrackPointExtension>
        </extensions>
      </trkpt>
      <trkpt lat="23.19724869914352893829345703125" lon="113.29627300612628459930419921875">
        <ele>48.40000152587890625</ele>
        <time>2022-12-09T08:16:56.000Z</time>
        <extensions>
          <ns3:TrackPointExtension>
            <ns3:hr>161</ns3:hr>
            <ns3:cad>87</ns3:cad>
          </ns3:TrackPointExtension>
        </extensions>
      </trkpt>
      <trkpt lat="23.19707938469946384429931640625" lon="113.2963963039219379425048828125">
        <ele>51.200000762939453125</ele>
        <time>2022-12-09T08:17:04.000Z</time>
        <extensions>
          <ns3:TrackPointExtension>
            <ns3:hr>162</ns3:hr>
            <ns3:cad>86</ns3:cad>
          </ns3:TrackPointExtension>
        </extensions>
      </trkpt>
      <trkpt lat="23.1970402412116527557373046875" lon="113.296424634754657745361328125">
        <ele>52</ele>
        <time>2022-12-09T08:17:06.000Z</time>
        <extensions>
          <ns3:TrackPointExtension>
            <ns3:hr>165</ns3:hr>
            <ns3:cad>86</ns3:cad>
          </ns3:TrackPointExtension>
        </extensions>
      </trkpt>
      <trkpt lat="23.19687939248979091644287109375" lon="113.29652345739305019378662109375">
        <ele>54.799999237060546875</ele>
        <time>2022-12-09T08:17:14.000Z</time>
        <extensions>
          <ns3:TrackPointExtension>
            <ns3:hr>167</ns3:hr>
            <ns3:cad>87</ns3:cad>
          </ns3:TrackPointExtension>
        </extensions>
      </trkpt>
      <trkpt lat="23.19680194370448589324951171875" lon="113.296578191220760345458984375">
        <ele>55.59999847412109375</ele>
        <time>2022-12-09T08:17:19.000Z</time>
        <extensions>
          <ns3:TrackPointExtension>
            <ns3:hr>170</ns3:hr>
            <ns3:cad>87</ns3:cad>
          </ns3:TrackPointExtension>
        </extensions>
      </trkpt>
      <trkpt lat="23.19673606194555759429931640625" lon="113.296636529266834259033203125">
        <ele>56.200000762939453125</ele>
        <time>2022-12-09T08:17:25.000Z</time>
        <extensions>
          <ns3:TrackPointExtension>
            <ns3:hr>167</ns3:hr>
            <ns3:cad>61</ns3:cad>
          </ns3:TrackPointExtension>
        </extensions>
      </trkpt>
      <trkpt lat="23.19672734476625919342041015625" lon="113.29664197750389575958251953125">
        <ele>56.40000152587890625</ele>
        <time>2022-12-09T08:17:26.000Z</time>
        <extensions>
          <ns3:TrackPointExtension>
            <ns3:hr>168</ns3:hr>
            <ns3:cad>61</ns3:cad>
          </ns3:TrackPointExtension>
        </extensions>
      </trkpt>
      <trkpt lat="23.196709156036376953125" lon="113.296653963625431060791015625">
        <ele>56.59999847412109375</ele>
        <time>2022-12-09T08:17:28.000Z</time>
        <extensions>
          <ns3:TrackPointExtension>
            <ns3:hr>165</ns3:hr>
            <ns3:cad>61</ns3:cad>
          </ns3:TrackPointExtension>
        </extensions>
      </trkpt>
      <trkpt lat="23.19666883908212184906005859375" lon="113.29668338410556316375732421875">
        <ele>57.200000762939453125</ele>
        <time>2022-12-09T08:17:32.000Z</time>
        <extensions>
          <ns3:TrackPointExtension>
            <ns3:hr>168</ns3:hr>
            <ns3:cad>61</ns3:cad>
          </ns3:TrackPointExtension>
        </extensions>
      </trkpt>
      <trkpt lat="23.19666045717895030975341796875" lon="113.29669050872325897216796875">
        <ele>57.200000762939453125</ele>
        <time>2022-12-09T08:17:33.000Z</time>
        <extensions>
          <ns3:TrackPointExtension>
            <ns3:hr>168</ns3:hr>
            <ns3:cad>61</ns3:cad>
          </ns3:TrackPointExtension>
        </extensions>
      </trkpt>
      <trkpt lat="23.19665140472352504730224609375" lon="113.2966977171599864959716796875">
        <ele>57.200000762939453125</ele>
        <time>2022-12-09T08:17:34.000Z</time>
        <extensions>
          <ns3:TrackPointExtension>
            <ns3:hr>164</ns3:hr>
            <ns3:cad>61</ns3:cad>
          </ns3:TrackPointExtension>
        </extensions>
      </trkpt>
      <trkpt lat="23.1966365687549114227294921875" lon="113.29671171493828296661376953125">
        <ele>56.799999237060546875</ele>
        <time>2022-12-09T08:17:36.000Z</time>
        <extensions>
          <ns3:TrackPointExtension>
            <ns3:hr>161</ns3:hr>
            <ns3:cad>61</ns3:cad>
          </ns3:TrackPointExtension>
        </extensions>
      </trkpt>
      <trkpt lat="23.19660647772252559661865234375" lon="113.29674121923744678497314453125">
        <ele>56.40000152587890625</ele>
        <time>2022-12-09T08:17:39.000Z</time>
        <extensions>
          <ns3:TrackPointExtension>
            <ns3:hr>164</ns3:hr>
            <ns3:cad>61</ns3:cad>
          </ns3:TrackPointExtension>
        </extensions>
      </trkpt>
      <trkpt lat="23.1965946592390537261962890625" lon="113.2967463321983814239501953125">
        <ele>56.200000762939453125</ele>
        <time>2022-12-09T08:17:40.000Z</time>
        <extensions>
          <ns3:TrackPointExtension>
            <ns3:hr>163</ns3:hr>
            <ns3:cad>61</ns3:cad>
          </ns3:TrackPointExtension>
        </extensions>
      </trkpt>
      <trkpt lat="23.19652416743338108062744140625" lon="113.2968224398791790008544921875">
        <ele>55.40000152587890625</ele>
        <time>2022-12-09T08:17:47.000Z</time>
        <extensions>
          <ns3:TrackPointExtension>
            <ns3:hr>159</ns3:hr>
            <ns3:cad>61</ns3:cad>
          </ns3:TrackPointExtension>
        </extensions>
      </trkpt>
      <trkpt lat="23.1964997760951519012451171875" lon="113.2968492619693279266357421875">
        <ele>55</ele>
        <time>2022-12-09T08:17:49.000Z</time>
        <extensions>
          <ns3:TrackPointExtension>
            <ns3:hr>163</ns3:hr>
            <ns3:cad>59</ns3:cad>
          </ns3:TrackPointExtension>
        </extensions>
      </trkpt>
      <trkpt lat="23.196415118873119354248046875" lon="113.29691774211823940277099609375">
        <ele>53.799999237060546875</ele>
        <time>2022-12-09T08:17:57.000Z</time>
        <extensions>
          <ns3:TrackPointExtension>
            <ns3:hr>160</ns3:hr>
            <ns3:cad>61</ns3:cad>
          </ns3:TrackPointExtension>
        </extensions>
      </trkpt>
      <trkpt lat="23.196342028677463531494140625" lon="113.29699653200805187225341796875">
        <ele>53</ele>
        <time>2022-12-09T08:18:04.000Z</time>
        <extensions>
          <ns3:TrackPointExtension>
            <ns3:hr>157</ns3:hr>
            <ns3:cad>61</ns3:cad>
          </ns3:TrackPointExtension>
        </extensions>
      </trkpt>
      <trkpt lat="23.19627656601369380950927734375" lon="113.29705470241606235504150390625">
        <ele>52.799999237060546875</ele>
        <time>2022-12-09T08:18:09.000Z</time>
        <extensions>
          <ns3:TrackPointExtension>
            <ns3:hr>154</ns3:hr>
            <ns3:cad>61</ns3:cad>
          </ns3:TrackPointExtension>
        </extensions>
      </trkpt>
      <trkpt lat="23.19621621631085872650146484375" lon="113.29708923585712909698486328125">
        <ele>53.40000152587890625</ele>
        <time>2022-12-09T08:18:14.000Z</time>
        <extensions>
          <ns3:TrackPointExtension>
            <ns3:hr>151</ns3:hr>
            <ns3:cad>61</ns3:cad>
          </ns3:TrackPointExtension>
        </extensions>
      </trkpt>
      <trkpt lat="23.1960867159068584442138671875" lon="113.2972289621829986572265625">
        <ele>54.200000762939453125</ele>
        <time>2022-12-09T08:18:23.000Z</time>
        <extensions>
          <ns3:TrackPointExtension>
            <ns3:hr>150</ns3:hr>
            <ns3:cad>83</ns3:cad>
          </ns3:TrackPointExtension>
        </extensions>
      </trkpt>
      <trkpt lat="23.19606500677764415740966796875" lon="113.29742836765944957733154296875">
        <ele>57.799999237060546875</ele>
        <time>2022-12-09T08:18:30.000Z</time>
        <extensions>
          <ns3:TrackPointExtension>
            <ns3:hr>147</ns3:hr>
            <ns3:cad>86</ns3:cad>
          </ns3:TrackPointExtension>
        </extensions>
      </trkpt>
      <trkpt lat="23.19608160294592380523681640625" lon="113.29747396521270275115966796875">
        <ele>59</ele>
        <time>2022-12-09T08:18:32.000Z</time>
        <extensions>
          <ns3:TrackPointExtension>
            <ns3:hr>151</ns3:hr>
            <ns3:cad>86</ns3:cad>
          </ns3:TrackPointExtension>
        </extensions>
      </trkpt>
      <trkpt lat="23.19612669758498668670654296875" lon="113.297537080943584442138671875">
        <ele>61</ele>
        <time>2022-12-09T08:18:35.000Z</time>
        <extensions>
          <ns3:TrackPointExtension>
            <ns3:hr>155</ns3:hr>
            <ns3:cad>86</ns3:cad>
          </ns3:TrackPointExtension>
        </extensions>
      </trkpt>
      <trkpt lat="23.1961619853973388671875" lon="113.29757739789783954620361328125">
        <ele>62.40000152587890625</ele>
        <time>2022-12-09T08:18:37.000Z</time>
        <extensions>
          <ns3:TrackPointExtension>
            <ns3:hr>158</ns3:hr>
            <ns3:cad>86</ns3:cad>
          </ns3:TrackPointExtension>
        </extensions>
      </trkpt>
      <trkpt lat="23.1962049007415771484375" lon="113.2976063154637813568115234375">
        <ele>63.200000762939453125</ele>
        <time>2022-12-09T08:18:39.000Z</time>
        <extensions>
          <ns3:TrackPointExtension>
            <ns3:hr>155</ns3:hr>
            <ns3:cad>87</ns3:cad>
          </ns3:TrackPointExtension>
        </extensions>
      </trkpt>
      <trkpt lat="23.19628846831619739532470703125" lon="113.2976250909268856048583984375">
        <ele>63.799999237060546875</ele>
        <time>2022-12-09T08:18:43.000Z</time>
        <extensions>
          <ns3:TrackPointExtension>
            <ns3:hr>158</ns3:hr>
            <ns3:cad>87</ns3:cad>
          </ns3:TrackPointExtension>
        </extensions>
      </trkpt>
      <trkpt lat="23.19634370505809783935546875" lon="113.297628946602344512939453125">
        <ele>63.799999237060546875</ele>
        <time>2022-12-09T08:18:45.000Z</time>
        <extensions>
          <ns3:TrackPointExtension>
            <ns3:hr>163</ns3:hr>
            <ns3:cad>87</ns3:cad>
          </ns3:TrackPointExtension>
        </extensions>
      </trkpt>
      <trkpt lat="23.19636943750083446502685546875" lon="113.29763137735426425933837890625">
        <ele>63.799999237060546875</ele>
        <time>2022-12-09T08:18:46.000Z</time>
        <extensions>
          <ns3:TrackPointExtension>
            <ns3:hr>166</ns3:hr>
            <ns3:cad>87</ns3:cad>
          </ns3:TrackPointExtension>
        </extensions>
      </trkpt>
      <trkpt lat="23.19639575667679309844970703125" lon="113.297635652124881744384765625">
        <ele>63.799999237060546875</ele>
        <time>2022-12-09T08:18:47.000Z</time>
        <extensions>
          <ns3:TrackPointExtension>
            <ns3:hr>166</ns3:hr>
            <ns3:cad>87</ns3:cad>
          </ns3:TrackPointExtension>
        </extensions>
      </trkpt>
      <trkpt lat="23.1965778954327106475830078125" lon="113.29771586693823337554931640625">
        <ele>65.8000030517578125</ele>
        <time>2022-12-09T08:18:55.000Z</time>
        <extensions>
          <ns3:TrackPointExtension>
            <ns3:hr>169</ns3:hr>
            <ns3:cad>86</ns3:cad>
          </ns3:TrackPointExtension>
        </extensions>
      </trkpt>
      <trkpt lat="23.19673371501266956329345703125" lon="113.29783539287745952606201171875">
        <ele>66.1999969482421875</ele>
        <time>2022-12-09T08:19:03.000Z</time>
        <extensions>
          <ns3:TrackPointExtension>
            <ns3:hr>168</ns3:hr>
            <ns3:cad>86</ns3:cad>
          </ns3:TrackPointExtension>
        </extensions>
      </trkpt>
      <trkpt lat="23.19678895175457000732421875" lon="113.29786757938563823699951171875">
        <ele>66</ele>
        <time>2022-12-09T08:19:06.000Z</time>
        <extensions>
          <ns3:TrackPointExtension>
            <ns3:hr>171</ns3:hr>
            <ns3:cad>86</ns3:cad>
          </ns3:TrackPointExtension>
        </extensions>
      </trkpt>
      <trkpt lat="23.19692130200564861297607421875" lon="113.2979102432727813720703125">
        <ele>65.40000152587890625</ele>
        <time>2022-12-09T08:19:13.000Z</time>
        <extensions>
          <ns3:TrackPointExtension>
            <ns3:hr>168</ns3:hr>
            <ns3:cad>86</ns3:cad>
          </ns3:TrackPointExtension>
        </extensions>
      </trkpt>
      <trkpt lat="23.19698064588010311126708984375" lon="113.297922648489475250244140625">
        <ele>64.8000030517578125</ele>
        <time>2022-12-09T08:19:16.000Z</time>
        <extensions>
          <ns3:TrackPointExtension>
            <ns3:hr>172</ns3:hr>
            <ns3:cad>86</ns3:cad>
          </ns3:TrackPointExtension>
        </extensions>
      </trkpt>
      <trkpt lat="23.19699439220130443572998046875" lon="113.297921307384967803955078125">
        <ele>64.8000030517578125</ele>
        <time>2022-12-09T08:19:17.000Z</time>
        <extensions>
          <ns3:TrackPointExtension>
            <ns3:hr>176</ns3:hr>
            <ns3:cad>86</ns3:cad>
          </ns3:TrackPointExtension>
        </extensions>
      </trkpt>
      <trkpt lat="23.197005204856395721435546875" lon="113.29792164266109466552734375">
        <ele>64.59999847412109375</ele>
        <time>2022-12-09T08:19:18.000Z</time>
        <extensions>
          <ns3:TrackPointExtension>
            <ns3:hr>180</ns3:hr>
            <ns3:cad>86</ns3:cad>
          </ns3:TrackPointExtension>
        </extensions>
      </trkpt>
      <trkpt lat="23.19701693952083587646484375" lon="113.29792105592787265777587890625">
        <ele>64.40000152587890625</ele>
        <time>2022-12-09T08:19:19.000Z</time>
        <extensions>
          <ns3:TrackPointExtension>
            <ns3:hr>180</ns3:hr>
            <ns3:cad>86</ns3:cad>
          </ns3:TrackPointExtension>
        </extensions>
      </trkpt>
      <trkpt lat="23.19703881628811359405517578125" lon="113.29792457632720470428466796875">
        <ele>64.1999969482421875</ele>
        <time>2022-12-09T08:19:21.000Z</time>
        <extensions>
          <ns3:TrackPointExtension>
            <ns3:hr>176</ns3:hr>
            <ns3:cad>86</ns3:cad>
          </ns3:TrackPointExtension>
        </extensions>
      </trkpt>
      <trkpt lat="23.19708156399428844451904296875" lon="113.29793035984039306640625">
        <ele>63.799999237060546875</ele>
        <time>2022-12-09T08:19:24.000Z</time>
        <extensions>
          <ns3:TrackPointExtension>
            <ns3:hr>173</ns3:hr>
            <ns3:cad>59</ns3:cad>
          </ns3:TrackPointExtension>
        </extensions>
      </trkpt>
      <trkpt lat="23.1971140019595623016357421875" lon="113.29794712364673614501953125">
        <ele>63.59999847412109375</ele>
        <time>2022-12-09T08:19:27.000Z</time>
        <extensions>
          <ns3:TrackPointExtension>
            <ns3:hr>170</ns3:hr>
            <ns3:cad>59</ns3:cad>
          </ns3:TrackPointExtension>
        </extensions>
      </trkpt>
      <trkpt lat="23.197156749665737152099609375" lon="113.29802616499364376068115234375">
        <ele>63.59999847412109375</ele>
        <time>2022-12-09T08:19:35.000Z</time>
        <extensions>
          <ns3:TrackPointExtension>
            <ns3:hr>173</ns3:hr>
            <ns3:cad>61</ns3:cad>
          </ns3:TrackPointExtension>
        </extensions>
      </trkpt>
      <trkpt lat="23.19718080572783946990966796875" lon="113.2981112413108348846435546875">
        <ele>63.200000762939453125</ele>
        <time>2022-12-09T08:19:41.000Z</time>
        <extensions>
          <ns3:TrackPointExtension>
            <ns3:hr>170</ns3:hr>
            <ns3:cad>61</ns3:cad>
          </ns3:TrackPointExtension>
        </extensions>
      </trkpt>
      <trkpt lat="23.19716982543468475341796875" lon="113.29819698818027973175048828125">
        <ele>63.40000152587890625</ele>
        <time>2022-12-09T08:19:47.000Z</time>
        <extensions>
          <ns3:TrackPointExtension>
            <ns3:hr>167</ns3:hr>
            <ns3:cad>61</ns3:cad>
          </ns3:TrackPointExtension>
        </extensions>
      </trkpt>
      <trkpt lat="23.197154067456722259521484375" lon="113.298249877989292144775390625">
        <ele>63.799999237060546875</ele>
        <time>2022-12-09T08:19:51.000Z</time>
        <extensions>
          <ns3:TrackPointExtension>
            <ns3:hr>164</ns3:hr>
            <ns3:cad>61</ns3:cad>
          </ns3:TrackPointExtension>
        </extensions>
      </trkpt>
      <trkpt lat="23.197133280336856842041015625" lon="113.2983308471739292144775390625">
        <ele>63</ele>
        <time>2022-12-09T08:19:57.000Z</time>
        <extensions>
          <ns3:TrackPointExtension>
            <ns3:hr>161</ns3:hr>
            <ns3:cad>57</ns3:cad>
          </ns3:TrackPointExtension>
        </extensions>
      </trkpt>
      <trkpt lat="23.1970972381532192230224609375" lon="113.2983895204961299896240234375">
        <ele>62.40000152587890625</ele>
        <time>2022-12-09T08:20:03.000Z</time>
        <extensions>
          <ns3:TrackPointExtension>
            <ns3:hr>158</ns3:hr>
            <ns3:cad>57</ns3:cad>
          </ns3:TrackPointExtension>
        </extensions>
      </trkpt>
      <trkpt lat="23.197057507932186126708984375" lon="113.2984171807765960693359375">
        <ele>62.40000152587890625</ele>
        <time>2022-12-09T08:20:08.000Z</time>
        <extensions>
          <ns3:TrackPointExtension>
            <ns3:hr>155</ns3:hr>
            <ns3:cad>61</ns3:cad>
          </ns3:TrackPointExtension>
        </extensions>
      </trkpt>
      <trkpt lat="23.196871094405651092529296875" lon="113.29849161207675933837890625">
        <ele>64.1999969482421875</ele>
        <time>2022-12-09T08:20:21.000Z</time>
        <extensions>
          <ns3:TrackPointExtension>
            <ns3:hr>153</ns3:hr>
            <ns3:cad>84</ns3:cad>
          </ns3:TrackPointExtension>
        </extensions>
      </trkpt>
      <trkpt lat="23.19674679078161716461181640625" lon="113.29852757044136524200439453125">
        <ele>64.8000030517578125</ele>
        <time>2022-12-09T08:20:27.000Z</time>
        <extensions>
          <ns3:TrackPointExtension>
            <ns3:hr>150</ns3:hr>
            <ns3:cad>85</ns3:cad>
          </ns3:TrackPointExtension>
        </extensions>
      </trkpt>
      <trkpt lat="23.19665526039898395538330078125" lon="113.298536203801631927490234375">
        <ele>65.59999847412109375</ele>
        <time>2022-12-09T08:20:31.000Z</time>
        <extensions>
          <ns3:TrackPointExtension>
            <ns3:hr>153</ns3:hr>
            <ns3:cad>85</ns3:cad>
          </ns3:TrackPointExtension>
        </extensions>
      </trkpt>
      <trkpt lat="23.19660999812185764312744140625" lon="113.298555314540863037109375">
        <ele>65.59999847412109375</ele>
        <time>2022-12-09T08:20:33.000Z</time>
        <extensions>
          <ns3:TrackPointExtension>
            <ns3:hr>156</ns3:hr>
            <ns3:cad>84</ns3:cad>
          </ns3:TrackPointExtension>
        </extensions>
      </trkpt>
      <trkpt lat="23.19654285907745361328125" lon="113.29858154989778995513916015625">
        <ele>66.1999969482421875</ele>
        <time>2022-12-09T08:20:36.000Z</time>
        <extensions>
          <ns3:TrackPointExtension>
            <ns3:hr>160</ns3:hr>
            <ns3:cad>83</ns3:cad>
          </ns3:TrackPointExtension>
        </extensions>
      </trkpt>
      <trkpt lat="23.1965202279388904571533203125" lon="113.29859085381031036376953125">
        <ele>66.40000152587890625</ele>
        <time>2022-12-09T08:20:37.000Z</time>
        <extensions>
          <ns3:TrackPointExtension>
            <ns3:hr>163</ns3:hr>
            <ns3:cad>83</ns3:cad>
          </ns3:TrackPointExtension>
        </extensions>
      </trkpt>
      <trkpt lat="23.19648183882236480712890625" lon="113.29861256293952465057373046875">
        <ele>66.59999847412109375</ele>
        <time>2022-12-09T08:20:39.000Z</time>
        <extensions>
          <ns3:TrackPointExtension>
            <ns3:hr>158</ns3:hr>
            <ns3:cad>85</ns3:cad>
          </ns3:TrackPointExtension>
        </extensions>
      </trkpt>
      <trkpt lat="23.19638469256460666656494140625" lon="113.2986746728420257568359375">
        <ele>67.1999969482421875</ele>
        <time>2022-12-09T08:20:46.000Z</time>
        <extensions>
          <ns3:TrackPointExtension>
            <ns3:hr>161</ns3:hr>
            <ns3:cad>85</ns3:cad>
          </ns3:TrackPointExtension>
        </extensions>
      </trkpt>
      <trkpt lat="23.19636105559766292572021484375" lon="113.2987117208540439605712890625">
        <ele>67.1999969482421875</ele>
        <time>2022-12-09T08:20:48.000Z</time>
        <extensions>
          <ns3:TrackPointExtension>
            <ns3:hr>158</ns3:hr>
            <ns3:cad>86</ns3:cad>
          </ns3:TrackPointExtension>
        </extensions>
      </trkpt>
      <trkpt lat="23.1963220797479152679443359375" lon="113.29879227094352245330810546875">
        <ele>67.1999969482421875</ele>
        <time>2022-12-09T08:20:52.000Z</time>
        <extensions>
          <ns3:TrackPointExtension>
            <ns3:hr>162</ns3:hr>
            <ns3:cad>87</ns3:cad>
          </ns3:TrackPointExtension>
        </extensions>
      </trkpt>
      <trkpt lat="23.19630154408514499664306640625" lon="113.29884993843734264373779296875">
        <ele>67.1999969482421875</ele>
        <time>2022-12-09T08:20:54.000Z</time>
        <extensions>
          <ns3:TrackPointExtension>
            <ns3:hr>159</ns3:hr>
            <ns3:cad>85</ns3:cad>
          </ns3:TrackPointExtension>
        </extensions>
      </trkpt>
      <trkpt lat="23.19632568396627902984619140625" lon="113.29903341829776763916015625">
        <ele>67.59999847412109375</ele>
        <time>2022-12-09T08:21:01.000Z</time>
        <extensions>
          <ns3:TrackPointExtension>
            <ns3:hr>162</ns3:hr>
            <ns3:cad>85</ns3:cad>
          </ns3:TrackPointExtension>
        </extensions>
      </trkpt>
      <trkpt lat="23.19634462706744670867919921875" lon="113.2991304807364940643310546875">
        <ele>67.59999847412109375</ele>
        <time>2022-12-09T08:21:05.000Z</time>
        <extensions>
          <ns3:TrackPointExtension>
            <ns3:hr>166</ns3:hr>
            <ns3:cad>85</ns3:cad>
          </ns3:TrackPointExtension>
        </extensions>
      </trkpt>
      <trkpt lat="23.1963592953979969024658203125" lon="113.2992565445601940155029296875">
        <ele>67.40000152587890625</ele>
        <time>2022-12-09T08:21:09.000Z</time>
        <extensions>
          <ns3:TrackPointExtension>
            <ns3:hr>169</ns3:hr>
            <ns3:cad>84</ns3:cad>
          </ns3:TrackPointExtension>
        </extensions>
      </trkpt>
      <trkpt lat="23.19632451049983501434326171875" lon="113.2994000427424907684326171875">
        <ele>67.8000030517578125</ele>
        <time>2022-12-09T08:21:14.000Z</time>
        <extensions>
          <ns3:TrackPointExtension>
            <ns3:hr>166</ns3:hr>
            <ns3:cad>85</ns3:cad>
          </ns3:TrackPointExtension>
        </extensions>
      </trkpt>
      <trkpt lat="23.1962466426193714141845703125" lon="113.2996018789708614349365234375">
        <ele>69.1999969482421875</ele>
        <time>2022-12-09T08:21:21.000Z</time>
        <extensions>
          <ns3:TrackPointExtension>
            <ns3:hr>167</ns3:hr>
            <ns3:cad>84</ns3:cad>
          </ns3:TrackPointExtension>
        </extensions>
      </trkpt>
      <trkpt lat="23.19621453993022441864013671875" lon="113.29968963749706745147705078125">
        <ele>69</ele>
        <time>2022-12-09T08:21:24.000Z</time>
        <extensions>
          <ns3:TrackPointExtension>
            <ns3:hr>170</ns3:hr>
            <ns3:cad>85</ns3:cad>
          </ns3:TrackPointExtension>
        </extensions>
      </trkpt>
      <trkpt lat="23.196190483868122100830078125" lon="113.29983598552644252777099609375">
        <ele>68.40000152587890625</ele>
        <time>2022-12-09T08:21:31.000Z</time>
        <extensions>
          <ns3:TrackPointExtension>
            <ns3:hr>168</ns3:hr>
            <ns3:cad>85</ns3:cad>
          </ns3:TrackPointExtension>
        </extensions>
      </trkpt>
      <trkpt lat="23.19627933204174041748046875" lon="113.300012759864330291748046875">
        <ele>69.40000152587890625</ele>
        <time>2022-12-09T08:21:39.000Z</time>
        <extensions>
          <ns3:TrackPointExtension>
            <ns3:hr>167</ns3:hr>
            <ns3:cad>85</ns3:cad>
          </ns3:TrackPointExtension>
        </extensions>
      </trkpt>
      <trkpt lat="23.19644319824874401092529296875" lon="113.3001480437815189361572265625">
        <ele>67.40000152587890625</ele>
        <time>2022-12-09T08:21:48.000Z</time>
        <extensions>
          <ns3:TrackPointExtension>
            <ns3:hr>166</ns3:hr>
            <ns3:cad>85</ns3:cad>
          </ns3:TrackPointExtension>
        </extensions>
      </trkpt>
      <trkpt lat="23.19663346745073795318603515625" lon="113.3002077229321002960205078125">
        <ele>63.200000762939453125</ele>
        <time>2022-12-09T08:21:54.000Z</time>
        <extensions>
          <ns3:TrackPointExtension>
            <ns3:hr>167</ns3:hr>
            <ns3:cad>84</ns3:cad>
          </ns3:TrackPointExtension>
        </extensions>
      </trkpt>
      <trkpt lat="23.1967881135642528533935546875" lon="113.30031844787299633026123046875">
        <ele>59.40000152587890625</ele>
        <time>2022-12-09T08:22:01.000Z</time>
        <extensions>
          <ns3:TrackPointExtension>
            <ns3:hr>167</ns3:hr>
            <ns3:cad>85</ns3:cad>
          </ns3:TrackPointExtension>
        </extensions>
      </trkpt>
      <trkpt lat="23.1969342939555644989013671875" lon="113.30044752918183803558349609375">
        <ele>57.40000152587890625</ele>
        <time>2022-12-09T08:22:14.000Z</time>
        <extensions>
          <ns3:TrackPointExtension>
            <ns3:hr>168</ns3:hr>
            <ns3:cad>61</ns3:cad>
          </ns3:TrackPointExtension>
        </extensions>
      </trkpt>
      <trkpt lat="23.1969812326133251190185546875" lon="113.30050385557115077972412109375">
        <ele>57.40000152587890625</ele>
        <time>2022-12-09T08:22:20.000Z</time>
        <extensions>
          <ns3:TrackPointExtension>
            <ns3:hr>170</ns3:hr>
            <ns3:cad>61</ns3:cad>
          </ns3:TrackPointExtension>
        </extensions>
      </trkpt>
      <trkpt lat="23.1969966553151607513427734375" lon="113.30051936209201812744140625">
        <ele>57.200000762939453125</ele>
        <time>2022-12-09T08:22:22.000Z</time>
        <extensions>
          <ns3:TrackPointExtension>
            <ns3:hr>169</ns3:hr>
            <ns3:cad>61</ns3:cad>
          </ns3:TrackPointExtension>
        </extensions>
      </trkpt>
      <trkpt lat="23.1970082223415374755859375" lon="113.30052933655679225921630859375">
        <ele>57.200000762939453125</ele>
        <time>2022-12-09T08:22:24.000Z</time>
        <extensions>
          <ns3:TrackPointExtension>
            <ns3:hr>168</ns3:hr>
            <ns3:cad>61</ns3:cad>
          </ns3:TrackPointExtension>
        </extensions>
      </trkpt>
      <trkpt lat="23.19701819680631160736083984375" lon="113.30053553916513919830322265625">
        <ele>57</ele>
        <time>2022-12-09T08:22:25.000Z</time>
        <extensions>
          <ns3:TrackPointExtension>
            <ns3:hr>162</ns3:hr>
            <ns3:cad>61</ns3:cad>
          </ns3:TrackPointExtension>
        </extensions>
      </trkpt>
      <trkpt lat="23.19702791981399059295654296875" lon="113.30054475925862789154052734375">
        <ele>56.799999237060546875</ele>
        <time>2022-12-09T08:22:26.000Z</time>
        <extensions>
          <ns3:TrackPointExtension>
            <ns3:hr>162</ns3:hr>
            <ns3:cad>61</ns3:cad>
          </ns3:TrackPointExtension>
        </extensions>
      </trkpt>
      <trkpt lat="23.197037391364574432373046875" lon="113.3005617745220661163330078125">
        <ele>56.799999237060546875</ele>
        <time>2022-12-09T08:22:27.000Z</time>
        <extensions>
          <ns3:TrackPointExtension>
            <ns3:hr>162</ns3:hr>
            <ns3:cad>61</ns3:cad>
          </ns3:TrackPointExtension>
        </extensions>
      </trkpt>
      <trkpt lat="23.19708340801298618316650390625" lon="113.3006405644118785858154296875">
        <ele>56.59999847412109375</ele>
        <time>2022-12-09T08:22:33.000Z</time>
        <extensions>
          <ns3:TrackPointExtension>
            <ns3:hr>159</ns3:hr>
            <ns3:cad>61</ns3:cad>
          </ns3:TrackPointExtension>
        </extensions>
      </trkpt>
      <trkpt lat="23.19710553623735904693603515625" lon="113.30072882585227489471435546875">
        <ele>57.200000762939453125</ele>
        <time>2022-12-09T08:22:39.000Z</time>
        <extensions>
          <ns3:TrackPointExtension>
            <ns3:hr>156</ns3:hr>
            <ns3:cad>61</ns3:cad>
          </ns3:TrackPointExtension>
        </extensions>
      </trkpt>
      <trkpt lat="23.19710553623735904693603515625" lon="113.30080074258148670196533203125">
        <ele>57.59999847412109375</ele>
        <time>2022-12-09T08:22:44.000Z</time>
        <extensions>
          <ns3:TrackPointExtension>
            <ns3:hr>152</ns3:hr>
            <ns3:cad>53</ns3:cad>
          </ns3:TrackPointExtension>
        </extensions>
      </trkpt>
      <trkpt lat="23.19700730033218860626220703125" lon="113.3009612560272216796875">
        <ele>59.200000762939453125</ele>
        <time>2022-12-09T08:23:02.000Z</time>
        <extensions>
          <ns3:TrackPointExtension>
            <ns3:hr>150</ns3:hr>
            <ns3:cad>59</ns3:cad>
          </ns3:TrackPointExtension>
        </extensions>
      </trkpt>
      <trkpt lat="23.19687369279563426971435546875" lon="113.301011212170124053955078125">
        <ele>62.59999847412109375</ele>
        <time>2022-12-09T08:23:14.000Z</time>
        <extensions>
          <ns3:TrackPointExtension>
            <ns3:hr>153</ns3:hr>
            <ns3:cad>56</ns3:cad>
          </ns3:TrackPointExtension>
        </extensions>
      </trkpt>
      <trkpt lat="23.1967975012958049774169921875" lon="113.30106510780751705169677734375">
        <ele>66.1999969482421875</ele>
        <time>2022-12-09T08:23:21.000Z</time>
        <extensions>
          <ns3:TrackPointExtension>
            <ns3:hr>157</ns3:hr>
            <ns3:cad>58</ns3:cad>
          </ns3:TrackPointExtension>
        </extensions>
      </trkpt>
      <trkpt lat="23.1966503150761127471923828125" lon="113.30117826350033283233642578125">
        <ele>73.40000152587890625</ele>
        <time>2022-12-09T08:23:36.000Z</time>
        <extensions>
          <ns3:TrackPointExtension>
            <ns3:hr>157</ns3:hr>
            <ns3:cad>61</ns3:cad>
          </ns3:TrackPointExtension>
        </extensions>
      </trkpt>
      <trkpt lat="23.19662776775658130645751953125" lon="113.30123559571802616119384765625">
        <ele>74.1999969482421875</ele>
        <time>2022-12-09T08:23:40.000Z</time>
        <extensions>
          <ns3:TrackPointExtension>
            <ns3:hr>156</ns3:hr>
            <ns3:cad>61</ns3:cad>
          </ns3:TrackPointExtension>
        </extensions>
      </trkpt>
      <trkpt lat="23.1965683400630950927734375" lon="113.3013768307864665985107421875">
        <ele>76</ele>
        <time>2022-12-09T08:23:51.000Z</time>
        <extensions>
          <ns3:TrackPointExtension>
            <ns3:hr>153</ns3:hr>
            <ns3:cad>61</ns3:cad>
          </ns3:TrackPointExtension>
        </extensions>
      </trkpt>
      <trkpt lat="23.1964954175055027008056640625" lon="113.30151571892201900482177734375">
        <ele>76.8000030517578125</ele>
        <time>2022-12-09T08:24:01.000Z</time>
        <extensions>
          <ns3:TrackPointExtension>
            <ns3:hr>152</ns3:hr>
            <ns3:cad>61</ns3:cad>
          </ns3:TrackPointExtension>
        </extensions>
      </trkpt>
      <trkpt lat="23.19646867923438549041748046875" lon="113.301564753055572509765625">
        <ele>76.8000030517578125</ele>
        <time>2022-12-09T08:24:05.000Z</time>
        <extensions>
          <ns3:TrackPointExtension>
            <ns3:hr>152</ns3:hr>
            <ns3:cad>61</ns3:cad>
          </ns3:TrackPointExtension>
        </extensions>
      </trkpt>
      <trkpt lat="23.19645459763705730438232421875" lon="113.30158646218478679656982421875">
        <ele>76.59999847412109375</ele>
        <time>2022-12-09T08:24:07.000Z</time>
        <extensions>
          <ns3:TrackPointExtension>
            <ns3:hr>149</ns3:hr>
            <ns3:cad>61</ns3:cad>
          </ns3:TrackPointExtension>
        </extensions>
      </trkpt>
      <trkpt lat="23.1964196451008319854736328125" lon="113.30169509164988994598388671875">
        <ele>78.8000030517578125</ele>
        <time>2022-12-09T08:24:14.000Z</time>
        <extensions>
          <ns3:TrackPointExtension>
            <ns3:hr>146</ns3:hr>
            <ns3:cad>61</ns3:cad>
          </ns3:TrackPointExtension>
        </extensions>
      </trkpt>
      <trkpt lat="23.19639324210584163665771484375" lon="113.30178561620414257049560546875">
        <ele>80.1999969482421875</ele>
        <time>2022-12-09T08:24:24.000Z</time>
        <extensions>
          <ns3:TrackPointExtension>
            <ns3:hr>146</ns3:hr>
            <ns3:cad>59</ns3:cad>
          </ns3:TrackPointExtension>
        </extensions>
      </trkpt>
      <trkpt lat="23.19636625237762928009033203125" lon="113.30182417295873165130615234375">
        <ele>80.8000030517578125</ele>
        <time>2022-12-09T08:24:28.000Z</time>
        <extensions>
          <ns3:TrackPointExtension>
            <ns3:hr>146</ns3:hr>
            <ns3:cad>59</ns3:cad>
          </ns3:TrackPointExtension>
        </extensions>
      </trkpt>
      <trkpt lat="23.196327947080135345458984375" lon="113.30185535363852977752685546875">
        <ele>81.40000152587890625</ele>
        <time>2022-12-09T08:24:33.000Z</time>
        <extensions>
          <ns3:TrackPointExtension>
            <ns3:hr>148</ns3:hr>
            <ns3:cad>59</ns3:cad>
          </ns3:TrackPointExtension>
        </extensions>
      </trkpt>
      <trkpt lat="23.19618235342204570770263671875" lon="113.30197253264486789703369140625">
        <ele>85.1999969482421875</ele>
        <time>2022-12-09T08:24:48.000Z</time>
        <extensions>
          <ns3:TrackPointExtension>
            <ns3:hr>150</ns3:hr>
            <ns3:cad>67</ns3:cad>
          </ns3:TrackPointExtension>
        </extensions>
      </trkpt>
      <trkpt lat="23.19604069925844669342041015625" lon="113.30205023288726806640625">
        <ele>87.40000152587890625</ele>
        <time>2022-12-09T08:24:55.000Z</time>
        <extensions>
          <ns3:TrackPointExtension>
            <ns3:hr>153</ns3:hr>
            <ns3:cad>83</ns3:cad>
          </ns3:TrackPointExtension>
        </extensions>
      </trkpt>
      <trkpt lat="23.1958982907235622406005859375" lon="113.30213463865220546722412109375">
        <ele>88.8000030517578125</ele>
        <time>2022-12-09T08:25:02.000Z</time>
        <extensions>
          <ns3:TrackPointExtension>
            <ns3:hr>157</ns3:hr>
            <ns3:cad>84</ns3:cad>
          </ns3:TrackPointExtension>
        </extensions>
      </trkpt>
      <trkpt lat="23.195859231054782867431640625" lon="113.30215819180011749267578125">
        <ele>88.8000030517578125</ele>
        <time>2022-12-09T08:25:04.000Z</time>
        <extensions>
          <ns3:TrackPointExtension>
            <ns3:hr>161</ns3:hr>
            <ns3:cad>85</ns3:cad>
          </ns3:TrackPointExtension>
        </extensions>
      </trkpt>
      <trkpt lat="23.19583953358232975006103515625" lon="113.30216833390295505523681640625">
        <ele>88.59999847412109375</ele>
        <time>2022-12-09T08:25:05.000Z</time>
        <extensions>
          <ns3:TrackPointExtension>
            <ns3:hr>166</ns3:hr>
            <ns3:cad>85</ns3:cad>
          </ns3:TrackPointExtension>
        </extensions>
      </trkpt>
      <trkpt lat="23.1958218477666378021240234375" lon="113.30217537470161914825439453125">
        <ele>88.59999847412109375</ele>
        <time>2022-12-09T08:25:06.000Z</time>
        <extensions>
          <ns3:TrackPointExtension>
            <ns3:hr>165</ns3:hr>
            <ns3:cad>86</ns3:cad>
          </ns3:TrackPointExtension>
        </extensions>
      </trkpt>
      <trkpt lat="23.19580768235027790069580078125" lon="113.3021841756999492645263671875">
        <ele>88.8000030517578125</ele>
        <time>2022-12-09T08:25:07.000Z</time>
        <extensions>
          <ns3:TrackPointExtension>
            <ns3:hr>169</ns3:hr>
            <ns3:cad>86</ns3:cad>
          </ns3:TrackPointExtension>
        </extensions>
      </trkpt>
      <trkpt lat="23.1957940198481082916259765625" lon="113.30219364725053310394287109375">
        <ele>88.8000030517578125</ele>
        <time>2022-12-09T08:25:08.000Z</time>
        <extensions>
          <ns3:TrackPointExtension>
            <ns3:hr>174</ns3:hr>
            <ns3:cad>86</ns3:cad>
          </ns3:TrackPointExtension>
        </extensions>
      </trkpt>
      <trkpt lat="23.1957782618701457977294921875" lon="113.30220554955303668975830078125">
        <ele>89</ele>
        <time>2022-12-09T08:25:09.000Z</time>
        <extensions>
          <ns3:TrackPointExtension>
            <ns3:hr>178</ns3:hr>
            <ns3:cad>86</ns3:cad>
          </ns3:TrackPointExtension>
        </extensions>
      </trkpt>
      <trkpt lat="23.19571740925312042236328125" lon="113.3022472076117992401123046875">
        <ele>89.8000030517578125</ele>
        <time>2022-12-09T08:25:13.000Z</time>
        <extensions>
          <ns3:TrackPointExtension>
            <ns3:hr>170</ns3:hr>
            <ns3:cad>86</ns3:cad>
          </ns3:TrackPointExtension>
        </extensions>
      </trkpt>
      <trkpt lat="23.195690922439098358154296875" lon="113.3022673241794109344482421875">
        <ele>90.1999969482421875</ele>
        <time>2022-12-09T08:25:15.000Z</time>
        <extensions>
          <ns3:TrackPointExtension>
            <ns3:hr>167</ns3:hr>
            <ns3:cad>85</ns3:cad>
          </ns3:TrackPointExtension>
        </extensions>
      </trkpt>
      <trkpt lat="23.19563367404043674468994140625" lon="113.3023042045533657073974609375">
        <ele>91</ele>
        <time>2022-12-09T08:25:19.000Z</time>
        <extensions>
          <ns3:TrackPointExtension>
            <ns3:hr>171</ns3:hr>
            <ns3:cad>85</ns3:cad>
          </ns3:TrackPointExtension>
        </extensions>
      </trkpt>
      <trkpt lat="23.19555488415062427520751953125" lon="113.3023363910615444183349609375">
        <ele>91</ele>
        <time>2022-12-09T08:25:23.000Z</time>
        <extensions>
          <ns3:TrackPointExtension>
            <ns3:hr>166</ns3:hr>
            <ns3:cad>84</ns3:cad>
          </ns3:TrackPointExtension>
        </extensions>
      </trkpt>
      <trkpt lat="23.1955308280885219573974609375" lon="113.30233781598508358001708984375">
        <ele>90.8000030517578125</ele>
        <time>2022-12-09T08:25:24.000Z</time>
        <extensions>
          <ns3:TrackPointExtension>
            <ns3:hr>170</ns3:hr>
            <ns3:cad>83</ns3:cad>
          </ns3:TrackPointExtension>
        </extensions>
      </trkpt>
      <trkpt lat="23.19545765407383441925048828125" lon="113.30233328975737094879150390625">
        <ele>90.40000152587890625</ele>
        <time>2022-12-09T08:25:27.000Z</time>
        <extensions>
          <ns3:TrackPointExtension>
            <ns3:hr>175</ns3:hr>
            <ns3:cad>83</ns3:cad>
          </ns3:TrackPointExtension>
        </extensions>
      </trkpt>
      <trkpt lat="23.1954248808324337005615234375" lon="113.30233932472765445709228515625">
        <ele>90.8000030517578125</ele>
        <time>2022-12-09T08:25:28.000Z</time>
        <extensions>
          <ns3:TrackPointExtension>
            <ns3:hr>175</ns3:hr>
            <ns3:cad>83</ns3:cad>
          </ns3:TrackPointExtension>
        </extensions>
      </trkpt>
      <trkpt lat="23.19535019807517528533935546875" lon="113.3023394085466861724853515625">
        <ele>91.1999969482421875</ele>
        <time>2022-12-09T08:25:31.000Z</time>
        <extensions>
          <ns3:TrackPointExtension>
            <ns3:hr>172</ns3:hr>
            <ns3:cad>84</ns3:cad>
          </ns3:TrackPointExtension>
        </extensions>
      </trkpt>
      <trkpt lat="23.19526470266282558441162109375" lon="113.3023360557854175567626953125">
        <ele>90.8000030517578125</ele>
        <time>2022-12-09T08:25:34.000Z</time>
        <extensions>
          <ns3:TrackPointExtension>
            <ns3:hr>176</ns3:hr>
            <ns3:cad>85</ns3:cad>
          </ns3:TrackPointExtension>
        </extensions>
      </trkpt>
      <trkpt lat="23.195175267755985260009765625" lon="113.302347622811794281005859375">
        <ele>90.8000030517578125</ele>
        <time>2022-12-09T08:25:38.000Z</time>
        <extensions>
          <ns3:TrackPointExtension>
            <ns3:hr>171</ns3:hr>
            <ns3:cad>84</ns3:cad>
          </ns3:TrackPointExtension>
        </extensions>
      </trkpt>
      <trkpt lat="23.19516093470156192779541015625" lon="113.3023481257259845733642578125">
        <ele>90.8000030517578125</ele>
        <time>2022-12-09T08:25:39.000Z</time>
        <extensions>
          <ns3:TrackPointExtension>
            <ns3:hr>171</ns3:hr>
            <ns3:cad>84</ns3:cad>
          </ns3:TrackPointExtension>
        </extensions>
      </trkpt>
      <trkpt lat="23.1951320171356201171875" lon="113.30235131084918975830078125">
        <ele>90.8000030517578125</ele>
        <time>2022-12-09T08:25:41.000Z</time>
        <extensions>
          <ns3:TrackPointExtension>
            <ns3:hr>167</ns3:hr>
            <ns3:cad>84</ns3:cad>
          </ns3:TrackPointExtension>
        </extensions>
      </trkpt>
      <trkpt lat="23.19511734880506992340087890625" lon="113.30234971828758716583251953125">
        <ele>91</ele>
        <time>2022-12-09T08:25:42.000Z</time>
        <extensions>
          <ns3:TrackPointExtension>
            <ns3:hr>171</ns3:hr>
            <ns3:cad>61</ns3:cad>
          </ns3:TrackPointExtension>
        </extensions>
      </trkpt>
      <trkpt lat="23.19510494358837604522705078125" lon="113.30234401859343051910400390625">
        <ele>91</ele>
        <time>2022-12-09T08:25:43.000Z</time>
        <extensions>
          <ns3:TrackPointExtension>
            <ns3:hr>175</ns3:hr>
            <ns3:cad>61</ns3:cad>
          </ns3:TrackPointExtension>
        </extensions>
      </trkpt>
      <trkpt lat="23.19507300853729248046875" lon="113.302331529557704925537109375">
        <ele>91</ele>
        <time>2022-12-09T08:25:46.000Z</time>
        <extensions>
          <ns3:TrackPointExtension>
            <ns3:hr>173</ns3:hr>
            <ns3:cad>59</ns3:cad>
          </ns3:TrackPointExtension>
        </extensions>
      </trkpt>
      <trkpt lat="23.1949481181800365447998046875" lon="113.3022956550121307373046875">
        <ele>91.40000152587890625</ele>
        <time>2022-12-09T08:25:55.000Z</time>
        <extensions>
          <ns3:TrackPointExtension>
            <ns3:hr>170</ns3:hr>
            <ns3:cad>61</ns3:cad>
          </ns3:TrackPointExtension>
        </extensions>
      </trkpt>
      <trkpt lat="23.19489338435232639312744140625" lon="113.3022834174335002899169921875">
        <ele>91.40000152587890625</ele>
        <time>2022-12-09T08:26:00.000Z</time>
        <extensions>
          <ns3:TrackPointExtension>
            <ns3:hr>166</ns3:hr>
            <ns3:cad>61</ns3:cad>
          </ns3:TrackPointExtension>
        </extensions>
      </trkpt>
      <trkpt lat="23.19486438296735286712646484375" lon="113.302288949489593505859375">
        <ele>91.40000152587890625</ele>
        <time>2022-12-09T08:26:03.000Z</time>
        <extensions>
          <ns3:TrackPointExtension>
            <ns3:hr>162</ns3:hr>
            <ns3:cad>61</ns3:cad>
          </ns3:TrackPointExtension>
        </extensions>
      </trkpt>
      <trkpt lat="23.19474636577069759368896484375" lon="113.30226422287523746490478515625">
        <ele>91.40000152587890625</ele>
        <time>2022-12-09T08:26:12.000Z</time>
        <extensions>
          <ns3:TrackPointExtension>
            <ns3:hr>159</ns3:hr>
            <ns3:cad>61</ns3:cad>
          </ns3:TrackPointExtension>
        </extensions>
      </trkpt>
      <trkpt lat="23.1946235708892345428466796875" lon="113.302264474332332611083984375">
        <ele>91</ele>
        <time>2022-12-09T08:26:22.000Z</time>
        <extensions>
          <ns3:TrackPointExtension>
            <ns3:hr>156</ns3:hr>
            <ns3:cad>61</ns3:cad>
          </ns3:TrackPointExtension>
        </extensions>
      </trkpt>
      <trkpt lat="23.1945786438882350921630859375" lon="113.302330188453197479248046875">
        <ele>90.8000030517578125</ele>
        <time>2022-12-09T08:26:31.000Z</time>
        <extensions>
          <ns3:TrackPointExtension>
            <ns3:hr>154</ns3:hr>
            <ns3:cad>61</ns3:cad>
          </ns3:TrackPointExtension>
        </extensions>
      </trkpt>
      <trkpt lat="23.19454905577003955841064453125" lon="113.3024369738996028900146484375">
        <ele>91</ele>
        <time>2022-12-09T08:26:39.000Z</time>
        <extensions>
          <ns3:TrackPointExtension>
            <ns3:hr>151</ns3:hr>
            <ns3:cad>61</ns3:cad>
          </ns3:TrackPointExtension>
        </extensions>
      </trkpt>
      <trkpt lat="23.19454670883715152740478515625" lon="113.30264241434633731842041015625">
        <ele>91.8000030517578125</ele>
        <time>2022-12-09T08:26:48.000Z</time>
        <extensions>
          <ns3:TrackPointExtension>
            <ns3:hr>154</ns3:hr>
            <ns3:cad>83</ns3:cad>
          </ns3:TrackPointExtension>
        </extensions>
      </trkpt>
      <trkpt lat="23.1945105828344821929931640625" lon="113.30270611681044101715087890625">
        <ele>92</ele>
        <time>2022-12-09T08:26:51.000Z</time>
        <extensions>
          <ns3:TrackPointExtension>
            <ns3:hr>157</ns3:hr>
            <ns3:cad>84</ns3:cad>
          </ns3:TrackPointExtension>
        </extensions>
      </trkpt>
      <trkpt lat="23.19447831250727176666259765625" lon="113.3027328550815582275390625">
        <ele>92.1999969482421875</ele>
        <time>2022-12-09T08:26:53.000Z</time>
        <extensions>
          <ns3:TrackPointExtension>
            <ns3:hr>158</ns3:hr>
            <ns3:cad>84</ns3:cad>
          </ns3:TrackPointExtension>
        </extensions>
      </trkpt>
      <trkpt lat="23.19445970468223094940185546875" lon="113.3027350343763828277587890625">
        <ele>92.1999969482421875</ele>
        <time>2022-12-09T08:26:54.000Z</time>
        <extensions>
          <ns3:TrackPointExtension>
            <ns3:hr>161</ns3:hr>
            <ns3:cad>83</ns3:cad>
          </ns3:TrackPointExtension>
        </extensions>
      </trkpt>
      <trkpt lat="23.1943583674728870391845703125" lon="113.30272682011127471923828125">
        <ele>92</ele>
        <time>2022-12-09T08:26:59.000Z</time>
        <extensions>
          <ns3:TrackPointExtension>
            <ns3:hr>158</ns3:hr>
            <ns3:cad>84</ns3:cad>
          </ns3:TrackPointExtension>
        </extensions>
      </trkpt>
      <trkpt lat="23.19428955204784870147705078125" lon="113.30271349288523197174072265625">
        <ele>93</ele>
        <time>2022-12-09T08:27:02.000Z</time>
        <extensions>
          <ns3:TrackPointExtension>
            <ns3:hr>155</ns3:hr>
            <ns3:cad>84</ns3:cad>
          </ns3:TrackPointExtension>
        </extensions>
      </trkpt>
      <trkpt lat="23.1942212395370006561279296875" lon="113.30269656144082546234130859375">
        <ele>93.8000030517578125</ele>
        <time>2022-12-09T08:27:05.000Z</time>
        <extensions>
          <ns3:TrackPointExtension>
            <ns3:hr>158</ns3:hr>
            <ns3:cad>84</ns3:cad>
          </ns3:TrackPointExtension>
        </extensions>
      </trkpt>
      <trkpt lat="23.1941987760365009307861328125" lon="113.30269270576536655426025390625">
        <ele>94</ele>
        <time>2022-12-09T08:27:06.000Z</time>
        <extensions>
          <ns3:TrackPointExtension>
            <ns3:hr>162</ns3:hr>
            <ns3:cad>85</ns3:cad>
          </ns3:TrackPointExtension>
        </extensions>
      </trkpt>
      <trkpt lat="23.19418058730661869049072265625" lon="113.30268817953765392303466796875">
        <ele>94.40000152587890625</ele>
        <time>2022-12-09T08:27:07.000Z</time>
        <extensions>
          <ns3:TrackPointExtension>
            <ns3:hr>162</ns3:hr>
            <ns3:cad>85</ns3:cad>
          </ns3:TrackPointExtension>
        </extensions>
      </trkpt>
      <trkpt lat="23.19412224926054477691650390625" lon="113.3026743493974208831787109375">
        <ele>95</ele>
        <time>2022-12-09T08:27:10.000Z</time>
        <extensions>
          <ns3:TrackPointExtension>
            <ns3:hr>165</ns3:hr>
            <ns3:cad>85</ns3:cad>
          </ns3:TrackPointExtension>
        </extensions>
      </trkpt>
      <trkpt lat="23.1940264441072940826416015625" lon="113.30263285897672176361083984375">
        <ele>96.1999969482421875</ele>
        <time>2022-12-09T08:27:14.000Z</time>
        <extensions>
          <ns3:TrackPointExtension>
            <ns3:hr>161</ns3:hr>
            <ns3:cad>85</ns3:cad>
          </ns3:TrackPointExtension>
        </extensions>
      </trkpt>
      <trkpt lat="23.1939853727817535400390625" lon="113.302607797086238861083984375">
        <ele>96.59999847412109375</ele>
        <time>2022-12-09T08:27:16.000Z</time>
        <extensions>
          <ns3:TrackPointExtension>
            <ns3:hr>164</ns3:hr>
            <ns3:cad>85</ns3:cad>
          </ns3:TrackPointExtension>
        </extensions>
      </trkpt>
      <trkpt lat="23.19396450184285640716552734375" lon="113.302592374384403228759765625">
        <ele>96.8000030517578125</ele>
        <time>2022-12-09T08:27:17.000Z</time>
        <extensions>
          <ns3:TrackPointExtension>
            <ns3:hr>168</ns3:hr>
            <ns3:cad>86</ns3:cad>
          </ns3:TrackPointExtension>
        </extensions>
      </trkpt>
      <trkpt lat="23.1939406134188175201416015625" lon="113.30258206464350223541259765625">
        <ele>97</ele>
        <time>2022-12-09T08:27:18.000Z</time>
        <extensions>
          <ns3:TrackPointExtension>
            <ns3:hr>174</ns3:hr>
            <ns3:cad>86</ns3:cad>
          </ns3:TrackPointExtension>
        </extensions>
      </trkpt>
      <trkpt lat="23.19387137889862060546875" lon="113.302541412413120269775390625">
        <ele>98</ele>
        <time>2022-12-09T08:27:22.000Z</time>
        <extensions>
          <ns3:TrackPointExtension>
            <ns3:hr>170</ns3:hr>
            <ns3:cad>87</ns3:cad>
          </ns3:TrackPointExtension>
        </extensions>
      </trkpt>
      <trkpt lat="23.19385637529194355010986328125" lon="113.30252557061612606048583984375">
        <ele>98</ele>
        <time>2022-12-09T08:27:23.000Z</time>
        <extensions>
          <ns3:TrackPointExtension>
            <ns3:hr>167</ns3:hr>
            <ns3:cad>86</ns3:cad>
          </ns3:TrackPointExtension>
        </extensions>
      </trkpt>
      <trkpt lat="23.19384296424686908721923828125" lon="113.30251031555235385894775390625">
        <ele>98</ele>
        <time>2022-12-09T08:27:24.000Z</time>
        <extensions>
          <ns3:TrackPointExtension>
            <ns3:hr>164</ns3:hr>
            <ns3:cad>86</ns3:cad>
          </ns3:TrackPointExtension>
        </extensions>
      </trkpt>
      <trkpt lat="23.19383659400045871734619140625" lon="113.30249480903148651123046875">
        <ele>98</ele>
        <time>2022-12-09T08:27:25.000Z</time>
        <extensions>
          <ns3:TrackPointExtension>
            <ns3:hr>164</ns3:hr>
            <ns3:cad>86</ns3:cad>
          </ns3:TrackPointExtension>
        </extensions>
      </trkpt>
      <trkpt lat="23.1938293017446994781494140625" lon="113.30246304161846637725830078125">
        <ele>97.8000030517578125</ele>
        <time>2022-12-09T08:27:28.000Z</time>
        <extensions>
          <ns3:TrackPointExtension>
            <ns3:hr>167</ns3:hr>
            <ns3:cad>0</ns3:cad>
          </ns3:TrackPointExtension>
        </extensions>
      </trkpt>
      <trkpt lat="23.19382938556373119354248046875" lon="113.30243655480444431304931640625">
        <ele>97.59999847412109375</ele>
        <time>2022-12-09T08:27:31.000Z</time>
        <extensions>
          <ns3:TrackPointExtension>
            <ns3:hr>164</ns3:hr>
            <ns3:cad>63</ns3:cad>
          </ns3:TrackPointExtension>
        </extensions>
      </trkpt>
      <trkpt lat="23.1938266195356845855712890625" lon="113.30243445932865142822265625">
        <ele>97.59999847412109375</ele>
        <time>2022-12-09T08:27:32.000Z</time>
        <extensions>
          <ns3:TrackPointExtension>
            <ns3:hr>163</ns3:hr>
            <ns3:cad>61</ns3:cad>
          </ns3:TrackPointExtension>
        </extensions>
      </trkpt>
      <trkpt lat="23.1938125379383563995361328125" lon="113.302409984171390533447265625">
        <ele>97.40000152587890625</ele>
        <time>2022-12-09T08:27:35.000Z</time>
        <extensions>
          <ns3:TrackPointExtension>
            <ns3:hr>169</ns3:hr>
            <ns3:cad>61</ns3:cad>
          </ns3:TrackPointExtension>
        </extensions>
      </trkpt>
      <trkpt lat="23.19377775304019451141357421875" lon="113.302392549812793731689453125">
        <ele>97.8000030517578125</ele>
        <time>2022-12-09T08:27:38.000Z</time>
        <extensions>
          <ns3:TrackPointExtension>
            <ns3:hr>172</ns3:hr>
            <ns3:cad>49</ns3:cad>
          </ns3:TrackPointExtension>
        </extensions>
      </trkpt>
      <trkpt lat="23.19370415993034839630126953125" lon="113.30233748070895671844482421875">
        <ele>98.1999969482421875</ele>
        <time>2022-12-09T08:27:45.000Z</time>
        <extensions>
          <ns3:TrackPointExtension>
            <ns3:hr>169</ns3:hr>
            <ns3:cad>61</ns3:cad>
          </ns3:TrackPointExtension>
        </extensions>
      </trkpt>
      <trkpt lat="23.193638361990451812744140625" lon="113.30229238606989383697509765625">
        <ele>98.8000030517578125</ele>
        <time>2022-12-09T08:27:50.000Z</time>
        <extensions>
          <ns3:TrackPointExtension>
            <ns3:hr>166</ns3:hr>
            <ns3:cad>88</ns3:cad>
          </ns3:TrackPointExtension>
        </extensions>
      </trkpt>
      <trkpt lat="23.1934913434088230133056640625" lon="113.30217855982482433319091796875">
        <ele>100.1999969482421875</ele>
        <time>2022-12-09T08:27:59.000Z</time>
        <extensions>
          <ns3:TrackPointExtension>
            <ns3:hr>167</ns3:hr>
            <ns3:cad>86</ns3:cad>
          </ns3:TrackPointExtension>
        </extensions>
      </trkpt>
      <trkpt lat="23.193331249058246612548828125" lon="113.30205517821013927459716796875">
        <ele>102.40000152587890625</ele>
        <time>2022-12-09T08:28:08.000Z</time>
        <extensions>
          <ns3:TrackPointExtension>
            <ns3:hr>166</ns3:hr>
            <ns3:cad>88</ns3:cad>
          </ns3:TrackPointExtension>
        </extensions>
      </trkpt>
      <trkpt lat="23.19323259405791759490966796875" lon="113.3019816689193248748779296875">
        <ele>103.59999847412109375</ele>
        <time>2022-12-09T08:28:12.000Z</time>
        <extensions>
          <ns3:TrackPointExtension>
            <ns3:hr>169</ns3:hr>
            <ns3:cad>89</ns3:cad>
          </ns3:TrackPointExtension>
        </extensions>
      </trkpt>
      <trkpt lat="23.1931845657527446746826171875" lon="113.30194889567792415618896484375">
        <ele>103.8000030517578125</ele>
        <time>2022-12-09T08:28:14.000Z</time>
        <extensions>
          <ns3:TrackPointExtension>
            <ns3:hr>172</ns3:hr>
            <ns3:cad>89</ns3:cad>
          </ns3:TrackPointExtension>
        </extensions>
      </trkpt>
      <trkpt lat="23.19311860017478466033935546875" lon="113.30190044827759265899658203125">
        <ele>104</ele>
        <time>2022-12-09T08:28:17.000Z</time>
        <extensions>
          <ns3:TrackPointExtension>
            <ns3:hr>169</ns3:hr>
            <ns3:cad>90</ns3:cad>
          </ns3:TrackPointExtension>
        </extensions>
      </trkpt>
      <trkpt lat="23.19306931458413600921630859375" lon="113.301850073039531707763671875">
        <ele>104</ele>
        <time>2022-12-09T08:28:20.000Z</time>
        <extensions>
          <ns3:TrackPointExtension>
            <ns3:hr>166</ns3:hr>
            <ns3:cad>89</ns3:cad>
          </ns3:TrackPointExtension>
        </extensions>
      </trkpt>
      <trkpt lat="23.19305665791034698486328125" lon="113.30183037556707859039306640625">
        <ele>103.8000030517578125</ele>
        <time>2022-12-09T08:28:21.000Z</time>
        <extensions>
          <ns3:TrackPointExtension>
            <ns3:hr>163</ns3:hr>
            <ns3:cad>89</ns3:cad>
          </ns3:TrackPointExtension>
        </extensions>
      </trkpt>
      <trkpt lat="23.19304668344557285308837890625" lon="113.301821239292621612548828125">
        <ele>103.8000030517578125</ele>
        <time>2022-12-09T08:28:22.000Z</time>
        <extensions>
          <ns3:TrackPointExtension>
            <ns3:hr>163</ns3:hr>
            <ns3:cad>61</ns3:cad>
          </ns3:TrackPointExtension>
        </extensions>
      </trkpt>
      <trkpt lat="23.19301508367061614990234375" lon="113.3018012903630733489990234375">
        <ele>104.1999969482421875</ele>
        <time>2022-12-09T08:28:25.000Z</time>
        <extensions>
          <ns3:TrackPointExtension>
            <ns3:hr>170</ns3:hr>
            <ns3:cad>59</ns3:cad>
          </ns3:TrackPointExtension>
        </extensions>
      </trkpt>
      <trkpt lat="23.19299236871302127838134765625" lon="113.30179684795439243316650390625">
        <ele>104.59999847412109375</ele>
        <time>2022-12-09T08:28:27.000Z</time>
        <extensions>
          <ns3:TrackPointExtension>
            <ns3:hr>173</ns3:hr>
            <ns3:cad>59</ns3:cad>
          </ns3:TrackPointExtension>
        </extensions>
      </trkpt>
      <trkpt lat="23.19296973757445812225341796875" lon="113.3017882145941257476806640625">
        <ele>104.8000030517578125</ele>
        <time>2022-12-09T08:28:29.000Z</time>
        <extensions>
          <ns3:TrackPointExtension>
            <ns3:hr>167</ns3:hr>
            <ns3:cad>59</ns3:cad>
          </ns3:TrackPointExtension>
        </extensions>
      </trkpt>
      <trkpt lat="23.192958422005176544189453125" lon="113.30178444273769855499267578125">
        <ele>105</ele>
        <time>2022-12-09T08:28:30.000Z</time>
        <extensions>
          <ns3:TrackPointExtension>
            <ns3:hr>164</ns3:hr>
            <ns3:cad>57</ns3:cad>
          </ns3:TrackPointExtension>
        </extensions>
      </trkpt>
      <trkpt lat="23.19294802844524383544921875" lon="113.3017801679670810699462890625">
        <ele>105</ele>
        <time>2022-12-09T08:28:31.000Z</time>
        <extensions>
          <ns3:TrackPointExtension>
            <ns3:hr>169</ns3:hr>
            <ns3:cad>57</ns3:cad>
          </ns3:TrackPointExtension>
        </extensions>
      </trkpt>
      <trkpt lat="23.19293620996177196502685546875" lon="113.30177488736808300018310546875">
        <ele>105</ele>
        <time>2022-12-09T08:28:32.000Z</time>
        <extensions>
          <ns3:TrackPointExtension>
            <ns3:hr>172</ns3:hr>
            <ns3:cad>57</ns3:cad>
          </ns3:TrackPointExtension>
        </extensions>
      </trkpt>
      <trkpt lat="23.19292212836444377899169921875" lon="113.30177052877843379974365234375">
        <ele>105.1999969482421875</ele>
        <time>2022-12-09T08:28:33.000Z</time>
        <extensions>
          <ns3:TrackPointExtension>
            <ns3:hr>175</ns3:hr>
            <ns3:cad>57</ns3:cad>
          </ns3:TrackPointExtension>
        </extensions>
      </trkpt>
      <trkpt lat="23.192858509719371795654296875" lon="113.301744796335697174072265625">
        <ele>105.40000152587890625</ele>
        <time>2022-12-09T08:28:38.000Z</time>
        <extensions>
          <ns3:TrackPointExtension>
            <ns3:hr>170</ns3:hr>
            <ns3:cad>57</ns3:cad>
          </ns3:TrackPointExtension>
        </extensions>
      </trkpt>
      <trkpt lat="23.19282690994441509246826171875" lon="113.30173364840447902679443359375">
        <ele>105.8000030517578125</ele>
        <time>2022-12-09T08:28:42.000Z</time>
        <extensions>
          <ns3:TrackPointExtension>
            <ns3:hr>169</ns3:hr>
            <ns3:cad>55</ns3:cad>
          </ns3:TrackPointExtension>
        </extensions>
      </trkpt>
      <trkpt lat="23.19280746392905712127685546875" lon="113.30173113383352756500244140625">
        <ele>105.8000030517578125</ele>
        <time>2022-12-09T08:28:44.000Z</time>
        <extensions>
          <ns3:TrackPointExtension>
            <ns3:hr>168</ns3:hr>
            <ns3:cad>56</ns3:cad>
          </ns3:TrackPointExtension>
        </extensions>
      </trkpt>
      <trkpt lat="23.19278734736144542694091796875" lon="113.30171789042651653289794921875">
        <ele>105.8000030517578125</ele>
        <time>2022-12-09T08:28:46.000Z</time>
        <extensions>
          <ns3:TrackPointExtension>
            <ns3:hr>166</ns3:hr>
            <ns3:cad>57</ns3:cad>
          </ns3:TrackPointExtension>
        </extensions>
      </trkpt>
      <trkpt lat="23.19269212894141674041748046875" lon="113.30173130147159099578857421875">
        <ele>106.8000030517578125</ele>
        <time>2022-12-09T08:28:52.000Z</time>
        <extensions>
          <ns3:TrackPointExtension>
            <ns3:hr>163</ns3:hr>
            <ns3:cad>58</ns3:cad>
          </ns3:TrackPointExtension>
        </extensions>
      </trkpt>
      <trkpt lat="23.1925066374242305755615234375" lon="113.30172308720648288726806640625">
        <ele>110.40000152587890625</ele>
        <time>2022-12-09T08:29:06.000Z</time>
        <extensions>
          <ns3:TrackPointExtension>
            <ns3:hr>162</ns3:hr>
            <ns3:cad>61</ns3:cad>
          </ns3:TrackPointExtension>
        </extensions>
      </trkpt>
      <trkpt lat="23.192454166710376739501953125" lon="113.301701210439205169677734375">
        <ele>111</ele>
        <time>2022-12-09T08:29:11.000Z</time>
        <extensions>
          <ns3:TrackPointExtension>
            <ns3:hr>159</ns3:hr>
            <ns3:cad>61</ns3:cad>
          </ns3:TrackPointExtension>
        </extensions>
      </trkpt>
      <trkpt lat="23.1924328766763210296630859375" lon="113.30168209969997406005859375">
        <ele>111.1999969482421875</ele>
        <time>2022-12-09T08:29:14.000Z</time>
        <extensions>
          <ns3:TrackPointExtension>
            <ns3:hr>158</ns3:hr>
            <ns3:cad>61</ns3:cad>
          </ns3:TrackPointExtension>
        </extensions>
      </trkpt>
      <trkpt lat="23.1924100778996944427490234375" lon="113.30167296342551708221435546875">
        <ele>111.59999847412109375</ele>
        <time>2022-12-09T08:29:16.000Z</time>
        <extensions>
          <ns3:TrackPointExtension>
            <ns3:hr>153</ns3:hr>
            <ns3:cad>61</ns3:cad>
          </ns3:TrackPointExtension>
        </extensions>
      </trkpt>
      <trkpt lat="23.19239993579685688018798828125" lon="113.301665671169757843017578125">
        <ele>111.8000030517578125</ele>
        <time>2022-12-09T08:29:17.000Z</time>
        <extensions>
          <ns3:TrackPointExtension>
            <ns3:hr>149</ns3:hr>
            <ns3:cad>61</ns3:cad>
          </ns3:TrackPointExtension>
        </extensions>
      </trkpt>
      <trkpt lat="23.192386440932750701904296875" lon="113.30165754072368144989013671875">
        <ele>112</ele>
        <time>2022-12-09T08:29:18.000Z</time>
        <extensions>
          <ns3:TrackPointExtension>
            <ns3:hr>150</ns3:hr>
            <ns3:cad>61</ns3:cad>
          </ns3:TrackPointExtension>
        </extensions>
      </trkpt>
      <trkpt lat="23.19236724637448787689208984375" lon="113.301642872393131256103515625">
        <ele>112.40000152587890625</ele>
        <time>2022-12-09T08:29:20.000Z</time>
        <extensions>
          <ns3:TrackPointExtension>
            <ns3:hr>157</ns3:hr>
            <ns3:cad>61</ns3:cad>
          </ns3:TrackPointExtension>
        </extensions>
      </trkpt>
      <trkpt lat="23.1923594512045383453369140625" lon="113.30163792707026004791259765625">
        <ele>112.59999847412109375</ele>
        <time>2022-12-09T08:29:21.000Z</time>
        <extensions>
          <ns3:TrackPointExtension>
            <ns3:hr>157</ns3:hr>
            <ns3:cad>61</ns3:cad>
          </ns3:TrackPointExtension>
        </extensions>
      </trkpt>
      <trkpt lat="23.19229583255946636199951171875" lon="113.30159082077443599700927734375">
        <ele>114.1999969482421875</ele>
        <time>2022-12-09T08:29:29.000Z</time>
        <extensions>
          <ns3:TrackPointExtension>
            <ns3:hr>156</ns3:hr>
            <ns3:cad>58</ns3:cad>
          </ns3:TrackPointExtension>
        </extensions>
      </trkpt>
      <trkpt lat="23.19223229773342609405517578125" lon="113.30140122212469577789306640625">
        <ele>117.1999969482421875</ele>
        <time>2022-12-09T08:29:40.000Z</time>
        <extensions>
          <ns3:TrackPointExtension>
            <ns3:hr>154</ns3:hr>
            <ns3:cad>83</ns3:cad>
          </ns3:TrackPointExtension>
        </extensions>
      </trkpt>
      <trkpt lat="23.192222826182842254638671875" lon="113.30127348192036151885986328125">
        <ele>118.59999847412109375</ele>
        <time>2022-12-09T08:29:45.000Z</time>
        <extensions>
          <ns3:TrackPointExtension>
            <ns3:hr>160</ns3:hr>
            <ns3:cad>83</ns3:cad>
          </ns3:TrackPointExtension>
        </extensions>
      </trkpt>
      <trkpt lat="23.192219473421573638916015625" lon="113.3011112920939922332763671875">
        <ele>121.1999969482421875</ele>
        <time>2022-12-09T08:29:51.000Z</time>
        <extensions>
          <ns3:TrackPointExtension>
            <ns3:hr>167</ns3:hr>
            <ns3:cad>84</ns3:cad>
          </ns3:TrackPointExtension>
        </extensions>
      </trkpt>
      <trkpt lat="23.192228861153125762939453125" lon="113.3010509423911571502685546875">
        <ele>122</ele>
        <time>2022-12-09T08:29:53.000Z</time>
        <extensions>
          <ns3:TrackPointExtension>
            <ns3:hr>170</ns3:hr>
            <ns3:cad>85</ns3:cad>
          </ns3:TrackPointExtension>
        </extensions>
      </trkpt>
      <trkpt lat="23.19225375540554523468017578125" lon="113.3010040037333965301513671875">
        <ele>121.59999847412109375</ele>
        <time>2022-12-09T08:29:55.000Z</time>
        <extensions>
          <ns3:TrackPointExtension>
            <ns3:hr>174</ns3:hr>
            <ns3:cad>86</ns3:cad>
          </ns3:TrackPointExtension>
        </extensions>
      </trkpt>
      <trkpt lat="23.19239876233041286468505859375" lon="113.3009332604706287384033203125">
        <ele>120.40000152587890625</ele>
        <time>2022-12-09T08:30:01.000Z</time>
        <extensions>
          <ns3:TrackPointExtension>
            <ns3:hr>170</ns3:hr>
            <ns3:cad>85</ns3:cad>
          </ns3:TrackPointExtension>
        </extensions>
      </trkpt>
      <trkpt lat="23.19244368933141231536865234375" lon="113.30091825686395168304443359375">
        <ele>119.40000152587890625</ele>
        <time>2022-12-09T08:30:03.000Z</time>
        <extensions>
          <ns3:TrackPointExtension>
            <ns3:hr>165</ns3:hr>
            <ns3:cad>85</ns3:cad>
          </ns3:TrackPointExtension>
        </extensions>
      </trkpt>
      <trkpt lat="23.19249515421688556671142578125" lon="113.30091792158782482147216796875">
        <ele>117.1999969482421875</ele>
        <time>2022-12-09T08:30:05.000Z</time>
        <extensions>
          <ns3:TrackPointExtension>
            <ns3:hr>169</ns3:hr>
            <ns3:cad>84</ns3:cad>
          </ns3:TrackPointExtension>
        </extensions>
      </trkpt>
      <trkpt lat="23.19258651696145534515380859375" lon="113.30089177004992961883544921875">
        <ele>114.40000152587890625</ele>
        <time>2022-12-09T08:30:08.000Z</time>
        <extensions>
          <ns3:TrackPointExtension>
            <ns3:hr>172</ns3:hr>
            <ns3:cad>84</ns3:cad>
          </ns3:TrackPointExtension>
        </extensions>
      </trkpt>
      <trkpt lat="23.1927247345447540283203125" lon="113.3007512055337429046630859375">
        <ele>112.59999847412109375</ele>
        <time>2022-12-09T08:30:14.000Z</time>
        <extensions>
          <ns3:TrackPointExtension>
            <ns3:hr>175</ns3:hr>
            <ns3:cad>85</ns3:cad>
          </ns3:TrackPointExtension>
        </extensions>
      </trkpt>
      <trkpt lat="23.19266748614609241485595703125" lon="113.30063075758516788482666015625">
        <ele>114.1999969482421875</ele>
        <time>2022-12-09T08:30:21.000Z</time>
        <extensions>
          <ns3:TrackPointExtension>
            <ns3:hr>169</ns3:hr>
            <ns3:cad>84</ns3:cad>
          </ns3:TrackPointExtension>
        </extensions>
      </trkpt>
      <trkpt lat="23.19265759550034999847412109375" lon="113.300623632967472076416015625">
        <ele>114.59999847412109375</ele>
        <time>2022-12-09T08:30:22.000Z</time>
        <extensions>
          <ns3:TrackPointExtension>
            <ns3:hr>169</ns3:hr>
            <ns3:cad>84</ns3:cad>
          </ns3:TrackPointExtension>
        </extensions>
      </trkpt>
      <trkpt lat="23.19258727133274078369140625" lon="113.3005919493734836578369140625">
        <ele>116.59999847412109375</ele>
        <time>2022-12-09T08:30:28.000Z</time>
        <extensions>
          <ns3:TrackPointExtension>
            <ns3:hr>173</ns3:hr>
            <ns3:cad>61</ns3:cad>
          </ns3:TrackPointExtension>
        </extensions>
      </trkpt>
      <trkpt lat="23.1925638020038604736328125" lon="113.30059220083057880401611328125">
        <ele>117.40000152587890625</ele>
        <time>2022-12-09T08:30:31.000Z</time>
        <extensions>
          <ns3:TrackPointExtension>
            <ns3:hr>176</ns3:hr>
            <ns3:cad>61</ns3:cad>
          </ns3:TrackPointExtension>
        </extensions>
      </trkpt>
      <trkpt lat="23.1924915499985218048095703125" lon="113.30059488303959369659423828125">
        <ele>119.59999847412109375</ele>
        <time>2022-12-09T08:30:40.000Z</time>
        <extensions>
          <ns3:TrackPointExtension>
            <ns3:hr>174</ns3:hr>
            <ns3:cad>61</ns3:cad>
          </ns3:TrackPointExtension>
        </extensions>
      </trkpt>
      <trkpt lat="23.1924516521394252777099609375" lon="113.3006010018289089202880859375">
        <ele>121</ele>
        <time>2022-12-09T08:30:44.000Z</time>
        <extensions>
          <ns3:TrackPointExtension>
            <ns3:hr>171</ns3:hr>
            <ns3:cad>61</ns3:cad>
          </ns3:TrackPointExtension>
        </extensions>
      </trkpt>
      <trkpt lat="23.19239876233041286468505859375" lon="113.3006053604185581207275390625">
        <ele>122.8000030517578125</ele>
        <time>2022-12-09T08:30:48.000Z</time>
        <extensions>
          <ns3:TrackPointExtension>
            <ns3:hr>168</ns3:hr>
            <ns3:cad>61</ns3:cad>
          </ns3:TrackPointExtension>
        </extensions>
      </trkpt>
      <trkpt lat="23.19234193302690982818603515625" lon="113.30060292966663837432861328125">
        <ele>124.8000030517578125</ele>
        <time>2022-12-09T08:30:51.000Z</time>
        <extensions>
          <ns3:TrackPointExtension>
            <ns3:hr>168</ns3:hr>
            <ns3:cad>61</ns3:cad>
          </ns3:TrackPointExtension>
        </extensions>
      </trkpt>
      <trkpt lat="23.19227345287799835205078125" lon="113.3006194420158863067626953125">
        <ele>127</ele>
        <time>2022-12-09T08:30:57.000Z</time>
        <extensions>
          <ns3:TrackPointExtension>
            <ns3:hr>165</ns3:hr>
            <ns3:cad>61</ns3:cad>
          </ns3:TrackPointExtension>
        </extensions>
      </trkpt>
      <trkpt lat="23.19220899604260921478271484375" lon="113.30062799155712127685546875">
        <ele>127.8000030517578125</ele>
        <time>2022-12-09T08:31:03.000Z</time>
        <extensions>
          <ns3:TrackPointExtension>
            <ns3:hr>162</ns3:hr>
            <ns3:cad>61</ns3:cad>
          </ns3:TrackPointExtension>
        </extensions>
      </trkpt>
      <trkpt lat="23.19207421503961086273193359375" lon="113.30076084472239017486572265625">
        <ele>127</ele>
        <time>2022-12-09T08:31:20.000Z</time>
        <extensions>
          <ns3:TrackPointExtension>
            <ns3:hr>162</ns3:hr>
            <ns3:cad>58</ns3:cad>
          </ns3:TrackPointExtension>
        </extensions>
      </trkpt>
      <trkpt lat="23.1920469738543033599853515625" lon="113.3007909357547760009765625">
        <ele>126.8000030517578125</ele>
        <time>2022-12-09T08:31:23.000Z</time>
        <extensions>
          <ns3:TrackPointExtension>
            <ns3:hr>159</ns3:hr>
            <ns3:cad>61</ns3:cad>
          </ns3:TrackPointExtension>
        </extensions>
      </trkpt>
      <trkpt lat="23.19201319478452205657958984375" lon="113.3008313365280628204345703125">
        <ele>127.40000152587890625</ele>
        <time>2022-12-09T08:31:28.000Z</time>
        <extensions>
          <ns3:TrackPointExtension>
            <ns3:hr>158</ns3:hr>
            <ns3:cad>61</ns3:cad>
          </ns3:TrackPointExtension>
        </extensions>
      </trkpt>
      <trkpt lat="23.191991150379180908203125" lon="113.30089260824024677276611328125">
        <ele>127.8000030517578125</ele>
        <time>2022-12-09T08:31:33.000Z</time>
        <extensions>
          <ns3:TrackPointExtension>
            <ns3:hr>154</ns3:hr>
            <ns3:cad>61</ns3:cad>
          </ns3:TrackPointExtension>
        </extensions>
      </trkpt>
      <trkpt lat="23.191958963871002197265625" lon="113.30097055993974208831787109375">
        <ele>126.40000152587890625</ele>
        <time>2022-12-09T08:31:39.000Z</time>
        <extensions>
          <ns3:TrackPointExtension>
            <ns3:hr>155</ns3:hr>
            <ns3:cad>61</ns3:cad>
          </ns3:TrackPointExtension>
        </extensions>
      </trkpt>
      <trkpt lat="23.1919125281274318695068359375" lon="113.3010667003691196441650390625">
        <ele>124.59999847412109375</ele>
        <time>2022-12-09T08:31:47.000Z</time>
        <extensions>
          <ns3:TrackPointExtension>
            <ns3:hr>155</ns3:hr>
            <ns3:cad>61</ns3:cad>
          </ns3:TrackPointExtension>
        </extensions>
      </trkpt>
      <trkpt lat="23.19183759391307830810546875" lon="113.301173485815525054931640625">
        <ele>127.1999969482421875</ele>
        <time>2022-12-09T08:31:55.000Z</time>
        <extensions>
          <ns3:TrackPointExtension>
            <ns3:hr>160</ns3:hr>
            <ns3:cad>61</ns3:cad>
          </ns3:TrackPointExtension>
        </extensions>
      </trkpt>
      <trkpt lat="23.191699124872684478759765625" lon="113.30130348913371562957763671875">
        <ele>132.8000030517578125</ele>
        <time>2022-12-09T08:32:04.000Z</time>
        <extensions>
          <ns3:TrackPointExtension>
            <ns3:hr>158</ns3:hr>
            <ns3:cad>80</ns3:cad>
          </ns3:TrackPointExtension>
        </extensions>
      </trkpt>
      <trkpt lat="23.191666267812252044677734375" lon="113.3013265393674373626708984375">
        <ele>133.600006103515625</ele>
        <time>2022-12-09T08:32:06.000Z</time>
        <extensions>
          <ns3:TrackPointExtension>
            <ns3:hr>165</ns3:hr>
            <ns3:cad>82</ns3:cad>
          </ns3:TrackPointExtension>
        </extensions>
      </trkpt>
      <trkpt lat="23.1916355900466442108154296875" lon="113.30133609473705291748046875">
        <ele>134.399993896484375</ele>
        <time>2022-12-09T08:32:08.000Z</time>
        <extensions>
          <ns3:TrackPointExtension>
            <ns3:hr>168</ns3:hr>
            <ns3:cad>82</ns3:cad>
          </ns3:TrackPointExtension>
        </extensions>
      </trkpt>
      <trkpt lat="23.1914981268346309661865234375" lon="113.30136065371334552764892578125">
        <ele>137.600006103515625</ele>
        <time>2022-12-09T08:32:16.000Z</time>
        <extensions>
          <ns3:TrackPointExtension>
            <ns3:hr>172</ns3:hr>
            <ns3:cad>84</ns3:cad>
          </ns3:TrackPointExtension>
        </extensions>
      </trkpt>
      <trkpt lat="23.19147021509706974029541015625" lon="113.30137942917644977569580078125">
        <ele>137.8000030517578125</ele>
        <time>2022-12-09T08:32:18.000Z</time>
        <extensions>
          <ns3:TrackPointExtension>
            <ns3:hr>174</ns3:hr>
            <ns3:cad>84</ns3:cad>
          </ns3:TrackPointExtension>
        </extensions>
      </trkpt>
      <trkpt lat="23.19142176769673824310302734375" lon="113.30140574835240840911865234375">
        <ele>138.600006103515625</ele>
        <time>2022-12-09T08:32:23.000Z</time>
        <extensions>
          <ns3:TrackPointExtension>
            <ns3:hr>171</ns3:hr>
            <ns3:cad>85</ns3:cad>
          </ns3:TrackPointExtension>
        </extensions>
      </trkpt>
      <trkpt lat="23.19140332750976085662841796875" lon="113.30142234452068805694580078125">
        <ele>138.600006103515625</ele>
        <time>2022-12-09T08:32:25.000Z</time>
        <extensions>
          <ns3:TrackPointExtension>
            <ns3:hr>172</ns3:hr>
            <ns3:cad>85</ns3:cad>
          </ns3:TrackPointExtension>
        </extensions>
      </trkpt>
      <trkpt lat="23.1913958676159381866455078125" lon="113.30143005587160587310791015625">
        <ele>138.600006103515625</ele>
        <time>2022-12-09T08:32:26.000Z</time>
        <extensions>
          <ns3:TrackPointExtension>
            <ns3:hr>176</ns3:hr>
            <ns3:cad>48</ns3:cad>
          </ns3:TrackPointExtension>
        </extensions>
      </trkpt>
      <trkpt lat="23.1913734041154384613037109375" lon="113.30144983716309070587158203125">
        <ele>139</ele>
        <time>2022-12-09T08:32:28.000Z</time>
        <extensions>
          <ns3:TrackPointExtension>
            <ns3:hr>178</ns3:hr>
            <ns3:cad>48</ns3:cad>
          </ns3:TrackPointExtension>
        </extensions>
      </trkpt>
      <trkpt lat="23.19135974161326885223388671875" lon="113.30150507390499114990234375">
        <ele>138.1999969482421875</ele>
        <time>2022-12-09T08:32:31.000Z</time>
        <extensions>
          <ns3:TrackPointExtension>
            <ns3:hr>173</ns3:hr>
            <ns3:cad>48</ns3:cad>
          </ns3:TrackPointExtension>
        </extensions>
      </trkpt>
      <trkpt lat="23.1913539581000804901123046875" lon="113.30153726041316986083984375">
        <ele>137.8000030517578125</ele>
        <time>2022-12-09T08:32:33.000Z</time>
        <extensions>
          <ns3:TrackPointExtension>
            <ns3:hr>175</ns3:hr>
            <ns3:cad>59</ns3:cad>
          </ns3:TrackPointExtension>
        </extensions>
      </trkpt>
      <trkpt lat="23.19135286845266819000244140625" lon="113.30155159346759319305419921875">
        <ele>137.600006103515625</ele>
        <time>2022-12-09T08:32:34.000Z</time>
        <extensions>
          <ns3:TrackPointExtension>
            <ns3:hr>179</ns3:hr>
            <ns3:cad>57</ns3:cad>
          </ns3:TrackPointExtension>
        </extensions>
      </trkpt>
      <trkpt lat="23.19135085679590702056884765625" lon="113.3015676029026508331298828125">
        <ele>137.1999969482421875</ele>
        <time>2022-12-09T08:32:35.000Z</time>
        <extensions>
          <ns3:TrackPointExtension>
            <ns3:hr>178</ns3:hr>
            <ns3:cad>57</ns3:cad>
          </ns3:TrackPointExtension>
        </extensions>
      </trkpt>
      <trkpt lat="23.19135077297687530517578125" lon="113.30164127983152866363525390625">
        <ele>135.8000030517578125</ele>
        <time>2022-12-09T08:32:38.000Z</time>
        <extensions>
          <ns3:TrackPointExtension>
            <ns3:hr>181</ns3:hr>
            <ns3:cad>0</ns3:cad>
          </ns3:TrackPointExtension>
        </extensions>
      </trkpt>
      <trkpt lat="23.19134750403463840484619140625" lon="113.30166332423686981201171875">
        <ele>135.600006103515625</ele>
        <time>2022-12-09T08:32:39.000Z</time>
        <extensions>
          <ns3:TrackPointExtension>
            <ns3:hr>185</ns3:hr>
            <ns3:cad>0</ns3:cad>
          </ns3:TrackPointExtension>
        </extensions>
      </trkpt>
      <trkpt lat="23.19134163670241832733154296875" lon="113.30170799978077411651611328125">
        <ele>135.8000030517578125</ele>
        <time>2022-12-09T08:32:41.000Z</time>
        <extensions>
          <ns3:TrackPointExtension>
            <ns3:hr>188</ns3:hr>
            <ns3:cad>0</ns3:cad>
          </ns3:TrackPointExtension>
        </extensions>
      </trkpt>
      <trkpt lat="23.19132621400058269500732421875" lon="113.30175661481916904449462890625">
        <ele>136.399993896484375</ele>
        <time>2022-12-09T08:32:44.000Z</time>
        <extensions>
          <ns3:TrackPointExtension>
            <ns3:hr>182</ns3:hr>
            <ns3:cad>61</ns3:cad>
          </ns3:TrackPointExtension>
        </extensions>
      </trkpt>
      <trkpt lat="23.1913251243531703948974609375" lon="113.30183289013803005218505859375">
        <ele>136</ele>
        <time>2022-12-09T08:32:49.000Z</time>
        <extensions>
          <ns3:TrackPointExtension>
            <ns3:hr>179</ns3:hr>
            <ns3:cad>61</ns3:cad>
          </ns3:TrackPointExtension>
        </extensions>
      </trkpt>
      <trkpt lat="23.19132353179156780242919921875" lon="113.301868177950382232666015625">
        <ele>136</ele>
        <time>2022-12-09T08:32:52.000Z</time>
        <extensions>
          <ns3:TrackPointExtension>
            <ns3:hr>176</ns3:hr>
            <ns3:cad>61</ns3:cad>
          </ns3:TrackPointExtension>
        </extensions>
      </trkpt>
      <trkpt lat="23.19131649099290370941162109375" lon="113.3019491471350193023681640625">
        <ele>135.8000030517578125</ele>
        <time>2022-12-09T08:32:57.000Z</time>
        <extensions>
          <ns3:TrackPointExtension>
            <ns3:hr>173</ns3:hr>
            <ns3:cad>61</ns3:cad>
          </ns3:TrackPointExtension>
        </extensions>
      </trkpt>
      <trkpt lat="23.19130324758589267730712890625" lon="113.30199767835438251495361328125">
        <ele>135.8000030517578125</ele>
        <time>2022-12-09T08:33:00.000Z</time>
        <extensions>
          <ns3:TrackPointExtension>
            <ns3:hr>170</ns3:hr>
            <ns3:cad>61</ns3:cad>
          </ns3:TrackPointExtension>
        </extensions>
      </trkpt>
      <trkpt lat="23.19130961783230304718017578125" lon="113.3020555973052978515625">
        <ele>135</ele>
        <time>2022-12-09T08:33:04.000Z</time>
        <extensions>
          <ns3:TrackPointExtension>
            <ns3:hr>167</ns3:hr>
            <ns3:cad>61</ns3:cad>
          </ns3:TrackPointExtension>
        </extensions>
      </trkpt>
      <trkpt lat="23.19129989482462406158447265625" lon="113.3020918071269989013671875">
        <ele>135</ele>
        <time>2022-12-09T08:33:07.000Z</time>
        <extensions>
          <ns3:TrackPointExtension>
            <ns3:hr>166</ns3:hr>
            <ns3:cad>61</ns3:cad>
          </ns3:TrackPointExtension>
        </extensions>
      </trkpt>
      <trkpt lat="23.19129855372011661529541015625" lon="113.30211837776005268096923828125">
        <ele>134.8000030517578125</ele>
        <time>2022-12-09T08:33:09.000Z</time>
        <extensions>
          <ns3:TrackPointExtension>
            <ns3:hr>163</ns3:hr>
            <ns3:cad>61</ns3:cad>
          </ns3:TrackPointExtension>
        </extensions>
      </trkpt>
      <trkpt lat="23.19126703776419162750244140625" lon="113.30214268527925014495849609375">
        <ele>136.399993896484375</ele>
        <time>2022-12-09T08:33:13.000Z</time>
        <extensions>
          <ns3:TrackPointExtension>
            <ns3:hr>157</ns3:hr>
            <ns3:cad>61</ns3:cad>
          </ns3:TrackPointExtension>
        </extensions>
      </trkpt>
      <trkpt lat="23.19125731475651264190673828125" lon="113.30215358175337314605712890625">
        <ele>136.399993896484375</ele>
        <time>2022-12-09T08:33:15.000Z</time>
        <extensions>
          <ns3:TrackPointExtension>
            <ns3:hr>154</ns3:hr>
            <ns3:cad>61</ns3:cad>
          </ns3:TrackPointExtension>
        </extensions>
      </trkpt>
      <trkpt lat="23.19125094451010227203369140625" lon="113.30216850154101848602294921875">
        <ele>136.1999969482421875</ele>
        <time>2022-12-09T08:33:17.000Z</time>
        <extensions>
          <ns3:TrackPointExtension>
            <ns3:hr>155</ns3:hr>
            <ns3:cad>61</ns3:cad>
          </ns3:TrackPointExtension>
        </extensions>
      </trkpt>
      <trkpt lat="23.1912352703511714935302734375" lon="113.30220454372465610504150390625">
        <ele>136.600006103515625</ele>
        <time>2022-12-09T08:33:20.000Z</time>
        <extensions>
          <ns3:TrackPointExtension>
            <ns3:hr>154</ns3:hr>
            <ns3:cad>61</ns3:cad>
          </ns3:TrackPointExtension>
        </extensions>
      </trkpt>
      <trkpt lat="23.19115974940359592437744140625" lon="113.30238190479576587677001953125">
        <ele>137.8000030517578125</ele>
        <time>2022-12-09T08:33:33.000Z</time>
        <extensions>
          <ns3:TrackPointExtension>
            <ns3:hr>152</ns3:hr>
            <ns3:cad>61</ns3:cad>
          </ns3:TrackPointExtension>
        </extensions>
      </trkpt>
      <trkpt lat="23.191141225397586822509765625" lon="113.3024104870855808258056640625">
        <ele>138.399993896484375</ele>
        <time>2022-12-09T08:33:37.000Z</time>
        <extensions>
          <ns3:TrackPointExtension>
            <ns3:hr>153</ns3:hr>
            <ns3:cad>61</ns3:cad>
          </ns3:TrackPointExtension>
        </extensions>
      </trkpt>
      <trkpt lat="23.19113041274249553680419921875" lon="113.30242884345352649688720703125">
        <ele>138.600006103515625</ele>
        <time>2022-12-09T08:33:40.000Z</time>
        <extensions>
          <ns3:TrackPointExtension>
            <ns3:hr>153</ns3:hr>
            <ns3:cad>61</ns3:cad>
          </ns3:TrackPointExtension>
        </extensions>
      </trkpt>
      <trkpt lat="23.19112421013414859771728515625" lon="113.30243982374668121337890625">
        <ele>138.8000030517578125</ele>
        <time>2022-12-09T08:33:42.000Z</time>
        <extensions>
          <ns3:TrackPointExtension>
            <ns3:hr>152</ns3:hr>
            <ns3:cad>61</ns3:cad>
          </ns3:TrackPointExtension>
        </extensions>
      </trkpt>
      <trkpt lat="23.19111339747905731201171875" lon="113.3024619519710540771484375">
        <ele>139.399993896484375</ele>
        <time>2022-12-09T08:33:44.000Z</time>
        <extensions>
          <ns3:TrackPointExtension>
            <ns3:hr>152</ns3:hr>
            <ns3:cad>61</ns3:cad>
          </ns3:TrackPointExtension>
        </extensions>
      </trkpt>
      <trkpt lat="23.19104307331144809722900390625" lon="113.3026362955570220947265625">
        <ele>138.600006103515625</ele>
        <time>2022-12-09T08:33:57.000Z</time>
        <extensions>
          <ns3:TrackPointExtension>
            <ns3:hr>150</ns3:hr>
            <ns3:cad>55</ns3:cad>
          </ns3:TrackPointExtension>
        </extensions>
      </trkpt>
      <trkpt lat="23.19099915213882923126220703125" lon="113.3027471043169498443603515625">
        <ele>138.8000030517578125</ele>
        <time>2022-12-09T08:34:05.000Z</time>
        <extensions>
          <ns3:TrackPointExtension>
            <ns3:hr>149</ns3:hr>
            <ns3:cad>55</ns3:cad>
          </ns3:TrackPointExtension>
        </extensions>
      </trkpt>
      <trkpt lat="23.19099797867238521575927734375" lon="113.30283603630959987640380859375">
        <ele>138.1999969482421875</ele>
        <time>2022-12-09T08:34:10.000Z</time>
        <extensions>
          <ns3:TrackPointExtension>
            <ns3:hr>148</ns3:hr>
            <ns3:cad>61</ns3:cad>
          </ns3:TrackPointExtension>
        </extensions>
      </trkpt>
      <trkpt lat="23.1909519620239734649658203125" lon="113.303026221692562103271484375">
        <ele>139.399993896484375</ele>
        <time>2022-12-09T08:34:22.000Z</time>
        <extensions>
          <ns3:TrackPointExtension>
            <ns3:hr>147</ns3:hr>
            <ns3:cad>81</ns3:cad>
          </ns3:TrackPointExtension>
        </extensions>
      </trkpt>
      <trkpt lat="23.1909673847258090972900390625" lon="113.30308045260608196258544921875">
        <ele>139.1999969482421875</ele>
        <time>2022-12-09T08:34:25.000Z</time>
        <extensions>
          <ns3:TrackPointExtension>
            <ns3:hr>150</ns3:hr>
            <ns3:cad>83</ns3:cad>
          </ns3:TrackPointExtension>
        </extensions>
      </trkpt>
      <trkpt lat="23.19102463312447071075439453125" lon="113.3031772635877132415771484375">
        <ele>137.600006103515625</ele>
        <time>2022-12-09T08:34:30.000Z</time>
        <extensions>
          <ns3:TrackPointExtension>
            <ns3:hr>153</ns3:hr>
            <ns3:cad>86</ns3:cad>
          </ns3:TrackPointExtension>
        </extensions>
      </trkpt>
      <trkpt lat="23.19103586487472057342529296875" lon="113.30319679342210292816162109375">
        <ele>137.1999969482421875</ele>
        <time>2022-12-09T08:34:31.000Z</time>
        <extensions>
          <ns3:TrackPointExtension>
            <ns3:hr>157</ns3:hr>
            <ns3:cad>86</ns3:cad>
          </ns3:TrackPointExtension>
        </extensions>
      </trkpt>
      <trkpt lat="23.1910483539104461669921875" lon="113.3032188378274440765380859375">
        <ele>137</ele>
        <time>2022-12-09T08:34:32.000Z</time>
        <extensions>
          <ns3:TrackPointExtension>
            <ns3:hr>154</ns3:hr>
            <ns3:cad>86</ns3:cad>
          </ns3:TrackPointExtension>
        </extensions>
      </trkpt>
      <trkpt lat="23.19106587208807468414306640625" lon="113.303292095661163330078125">
        <ele>137.600006103515625</ele>
        <time>2022-12-09T08:34:35.000Z</time>
        <extensions>
          <ns3:TrackPointExtension>
            <ns3:hr>157</ns3:hr>
            <ns3:cad>85</ns3:cad>
          </ns3:TrackPointExtension>
        </extensions>
      </trkpt>
      <trkpt lat="23.19104592315852642059326171875" lon="113.3033871464431285858154296875">
        <ele>141</ele>
        <time>2022-12-09T08:34:39.000Z</time>
        <extensions>
          <ns3:TrackPointExtension>
            <ns3:hr>160</ns3:hr>
            <ns3:cad>85</ns3:cad>
          </ns3:TrackPointExtension>
        </extensions>
      </trkpt>
      <trkpt lat="23.19103687070310115814208984375" lon="113.30341371707618236541748046875">
        <ele>142</ele>
        <time>2022-12-09T08:34:40.000Z</time>
        <extensions>
          <ns3:TrackPointExtension>
            <ns3:hr>163</ns3:hr>
            <ns3:cad>85</ns3:cad>
          </ns3:TrackPointExtension>
        </extensions>
      </trkpt>
      <trkpt lat="23.19099931977689266204833984375" lon="113.303479850292205810546875">
        <ele>145.399993896484375</ele>
        <time>2022-12-09T08:34:43.000Z</time>
        <extensions>
          <ns3:TrackPointExtension>
            <ns3:hr>166</ns3:hr>
            <ns3:cad>85</ns3:cad>
          </ns3:TrackPointExtension>
        </extensions>
      </trkpt>
      <trkpt lat="23.19088716991245746612548828125" lon="113.3034592308104038238525390625">
        <ele>150.8000030517578125</ele>
        <time>2022-12-09T08:34:55.000Z</time>
        <extensions>
          <ns3:TrackPointExtension>
            <ns3:hr>172</ns3:hr>
            <ns3:cad>59</ns3:cad>
          </ns3:TrackPointExtension>
        </extensions>
      </trkpt>
      <trkpt lat="23.1908832304179668426513671875" lon="113.30345210619270801544189453125">
        <ele>150.8000030517578125</ele>
        <time>2022-12-09T08:34:56.000Z</time>
        <extensions>
          <ns3:TrackPointExtension>
            <ns3:hr>177</ns3:hr>
            <ns3:cad>59</ns3:cad>
          </ns3:TrackPointExtension>
        </extensions>
      </trkpt>
      <trkpt lat="23.19088046438992023468017578125" lon="113.30344288609921932220458984375">
        <ele>150.8000030517578125</ele>
        <time>2022-12-09T08:34:57.000Z</time>
        <extensions>
          <ns3:TrackPointExtension>
            <ns3:hr>176</ns3:hr>
            <ns3:cad>59</ns3:cad>
          </ns3:TrackPointExtension>
        </extensions>
      </trkpt>
      <trkpt lat="23.19087459705770015716552734375" lon="113.3034240268170833587646484375">
        <ele>150.600006103515625</ele>
        <time>2022-12-09T08:34:59.000Z</time>
        <extensions>
          <ns3:TrackPointExtension>
            <ns3:hr>171</ns3:hr>
            <ns3:cad>61</ns3:cad>
          </ns3:TrackPointExtension>
        </extensions>
      </trkpt>
      <trkpt lat="23.1908701546490192413330078125" lon="113.30341639928519725799560546875">
        <ele>150.8000030517578125</ele>
        <time>2022-12-09T08:35:00.000Z</time>
        <extensions>
          <ns3:TrackPointExtension>
            <ns3:hr>167</ns3:hr>
            <ns3:cad>61</ns3:cad>
          </ns3:TrackPointExtension>
        </extensions>
      </trkpt>
      <trkpt lat="23.19086688570678234100341796875" lon="113.30340835265815258026123046875">
        <ele>150.8000030517578125</ele>
        <time>2022-12-09T08:35:01.000Z</time>
        <extensions>
          <ns3:TrackPointExtension>
            <ns3:hr>167</ns3:hr>
            <ns3:cad>61</ns3:cad>
          </ns3:TrackPointExtension>
        </extensions>
      </trkpt>
      <trkpt lat="23.19082732312381267547607421875" lon="113.3033160679042339324951171875">
        <ele>150.600006103515625</ele>
        <time>2022-12-09T08:35:09.000Z</time>
        <extensions>
          <ns3:TrackPointExtension>
            <ns3:hr>164</ns3:hr>
            <ns3:cad>0</ns3:cad>
          </ns3:TrackPointExtension>
        </extensions>
      </trkpt>
      <trkpt lat="23.190811984241008758544921875" lon="113.30328865908086299896240234375">
        <ele>150.8000030517578125</ele>
        <time>2022-12-09T08:35:11.000Z</time>
        <extensions>
          <ns3:TrackPointExtension>
            <ns3:hr>161</ns3:hr>
            <ns3:cad>61</ns3:cad>
          </ns3:TrackPointExtension>
        </extensions>
      </trkpt>
      <trkpt lat="23.190722130239009857177734375" lon="113.30317013897001743316650390625">
        <ele>153.8000030517578125</ele>
        <time>2022-12-09T08:35:25.000Z</time>
        <extensions>
          <ns3:TrackPointExtension>
            <ns3:hr>160</ns3:hr>
            <ns3:cad>61</ns3:cad>
          </ns3:TrackPointExtension>
        </extensions>
      </trkpt>
      <trkpt lat="23.19070913828909397125244140625" lon="113.303155638277530670166015625">
        <ele>154.1999969482421875</ele>
        <time>2022-12-09T08:35:27.000Z</time>
        <extensions>
          <ns3:TrackPointExtension>
            <ns3:hr>160</ns3:hr>
            <ns3:cad>61</ns3:cad>
          </ns3:TrackPointExtension>
        </extensions>
      </trkpt>
      <trkpt lat="23.19068290293216705322265625" lon="113.30314432270824909210205078125">
        <ele>155.600006103515625</ele>
        <time>2022-12-09T08:35:30.000Z</time>
        <extensions>
          <ns3:TrackPointExtension>
            <ns3:hr>161</ns3:hr>
            <ns3:cad>58</ns3:cad>
          </ns3:TrackPointExtension>
        </extensions>
      </trkpt>
      <trkpt lat="23.1906488724052906036376953125" lon="113.30312512814998626708984375">
        <ele>157.1999969482421875</ele>
        <time>2022-12-09T08:35:33.000Z</time>
        <extensions>
          <ns3:TrackPointExtension>
            <ns3:hr>161</ns3:hr>
            <ns3:cad>58</ns3:cad>
          </ns3:TrackPointExtension>
        </extensions>
      </trkpt>
      <trkpt lat="23.19056513719260692596435546875" lon="113.303096294403076171875">
        <ele>161.1999969482421875</ele>
        <time>2022-12-09T08:35:41.000Z</time>
        <extensions>
          <ns3:TrackPointExtension>
            <ns3:hr>158</ns3:hr>
            <ns3:cad>56</ns3:cad>
          </ns3:TrackPointExtension>
        </extensions>
      </trkpt>
      <trkpt lat="23.190481401979923248291015625" lon="113.303076513111591339111328125">
        <ele>163.600006103515625</ele>
        <time>2022-12-09T08:35:50.000Z</time>
        <extensions>
          <ns3:TrackPointExtension>
            <ns3:hr>156</ns3:hr>
            <ns3:cad>56</ns3:cad>
          </ns3:TrackPointExtension>
        </extensions>
      </trkpt>
      <trkpt lat="23.19041376002132892608642578125" lon="113.30309554003179073333740234375">
        <ele>165.600006103515625</ele>
        <time>2022-12-09T08:35:56.000Z</time>
        <extensions>
          <ns3:TrackPointExtension>
            <ns3:hr>156</ns3:hr>
            <ns3:cad>56</ns3:cad>
          </ns3:TrackPointExtension>
        </extensions>
      </trkpt>
      <trkpt lat="23.19039079360663890838623046875" lon="113.30310174264013767242431640625">
        <ele>166.399993896484375</ele>
        <time>2022-12-09T08:35:58.000Z</time>
        <extensions>
          <ns3:TrackPointExtension>
            <ns3:hr>153</ns3:hr>
            <ns3:cad>56</ns3:cad>
          </ns3:TrackPointExtension>
        </extensions>
      </trkpt>
      <trkpt lat="23.1903471238911151885986328125" lon="113.30312504433095455169677734375">
        <ele>167.600006103515625</ele>
        <time>2022-12-09T08:36:03.000Z</time>
        <extensions>
          <ns3:TrackPointExtension>
            <ns3:hr>154</ns3:hr>
            <ns3:cad>0</ns3:cad>
          </ns3:TrackPointExtension>
        </extensions>
      </trkpt>
      <trkpt lat="23.190322481095790863037109375" lon="113.3031655289232730865478515625">
        <ele>168</ele>
        <time>2022-12-09T08:36:07.000Z</time>
        <extensions>
          <ns3:TrackPointExtension>
            <ns3:hr>153</ns3:hr>
            <ns3:cad>61</ns3:cad>
          </ns3:TrackPointExtension>
        </extensions>
      </trkpt>
      <trkpt lat="23.19028417579829692840576171875" lon="113.3032235316932201385498046875">
        <ele>168.399993896484375</ele>
        <time>2022-12-09T08:36:11.000Z</time>
        <extensions>
          <ns3:TrackPointExtension>
            <ns3:hr>156</ns3:hr>
            <ns3:cad>61</ns3:cad>
          </ns3:TrackPointExtension>
        </extensions>
      </trkpt>
      <trkpt lat="23.1902270950376987457275390625" lon="113.30333073623478412628173828125">
        <ele>169.8000030517578125</ele>
        <time>2022-12-09T08:36:17.000Z</time>
        <extensions>
          <ns3:TrackPointExtension>
            <ns3:hr>153</ns3:hr>
            <ns3:cad>61</ns3:cad>
          </ns3:TrackPointExtension>
        </extensions>
      </trkpt>
      <trkpt lat="23.1902061402797698974609375" lon="113.30335688777267932891845703125">
        <ele>170.399993896484375</ele>
        <time>2022-12-09T08:36:19.000Z</time>
        <extensions>
          <ns3:TrackPointExtension>
            <ns3:hr>154</ns3:hr>
            <ns3:cad>61</ns3:cad>
          </ns3:TrackPointExtension>
        </extensions>
      </trkpt>
      <trkpt lat="23.19016599096357822418212890625" lon="113.303498290479183197021484375">
        <ele>170.8000030517578125</ele>
        <time>2022-12-09T08:36:28.000Z</time>
        <extensions>
          <ns3:TrackPointExtension>
            <ns3:hr>150</ns3:hr>
            <ns3:cad>61</ns3:cad>
          </ns3:TrackPointExtension>
        </extensions>
      </trkpt>
      <trkpt lat="23.19024528376758098602294921875" lon="113.30368512310087680816650390625">
        <ele>169.399993896484375</ele>
        <time>2022-12-09T08:36:42.000Z</time>
        <extensions>
          <ns3:TrackPointExtension>
            <ns3:hr>150</ns3:hr>
            <ns3:cad>61</ns3:cad>
          </ns3:TrackPointExtension>
        </extensions>
      </trkpt>
      <trkpt lat="23.1903974153101444244384765625" lon="113.30381168983876705169677734375">
        <ele>167.1999969482421875</ele>
        <time>2022-12-09T08:36:55.000Z</time>
        <extensions>
          <ns3:TrackPointExtension>
            <ns3:hr>149</ns3:hr>
            <ns3:cad>61</ns3:cad>
          </ns3:TrackPointExtension>
        </extensions>
      </trkpt>
      <trkpt lat="23.19049137644469738006591796875" lon="113.3038779906928539276123046875">
        <ele>166.600006103515625</ele>
        <time>2022-12-09T08:37:05.000Z</time>
        <extensions>
          <ns3:TrackPointExtension>
            <ns3:hr>148</ns3:hr>
            <ns3:cad>61</ns3:cad>
          </ns3:TrackPointExtension>
        </extensions>
      </trkpt>
      <trkpt lat="23.1905020214617252349853515625" lon="113.30390506424009799957275390625">
        <ele>167</ele>
        <time>2022-12-09T08:37:07.000Z</time>
        <extensions>
          <ns3:TrackPointExtension>
            <ns3:hr>147</ns3:hr>
            <ns3:cad>61</ns3:cad>
          </ns3:TrackPointExtension>
        </extensions>
      </trkpt>
      <trkpt lat="23.1903819926083087921142578125" lon="113.30399072729051113128662109375">
        <ele>170.399993896484375</ele>
        <time>2022-12-09T08:37:22.000Z</time>
        <extensions>
          <ns3:TrackPointExtension>
            <ns3:hr>148</ns3:hr>
            <ns3:cad>61</ns3:cad>
          </ns3:TrackPointExtension>
        </extensions>
      </trkpt>
      <trkpt lat="23.1902750395238399505615234375" lon="113.30389198847115039825439453125">
        <ele>170.600006103515625</ele>
        <time>2022-12-09T08:37:33.000Z</time>
        <extensions>
          <ns3:TrackPointExtension>
            <ns3:hr>145</ns3:hr>
            <ns3:cad>61</ns3:cad>
          </ns3:TrackPointExtension>
        </extensions>
      </trkpt>
      <trkpt lat="23.19025517441332340240478515625" lon="113.30387103371322154998779296875">
        <ele>170.600006103515625</ele>
        <time>2022-12-09T08:37:35.000Z</time>
        <extensions>
          <ns3:TrackPointExtension>
            <ns3:hr>148</ns3:hr>
            <ns3:cad>61</ns3:cad>
          </ns3:TrackPointExtension>
        </extensions>
      </trkpt>
      <trkpt lat="23.19020018912851810455322265625" lon="113.303794674575328826904296875">
        <ele>170.8000030517578125</ele>
        <time>2022-12-09T08:37:41.000Z</time>
        <extensions>
          <ns3:TrackPointExtension>
            <ns3:hr>145</ns3:hr>
            <ns3:cad>61</ns3:cad>
          </ns3:TrackPointExtension>
        </extensions>
      </trkpt>
      <trkpt lat="23.1901395879685878753662109375" lon="113.30374530516564846038818359375">
        <ele>171.8000030517578125</ele>
        <time>2022-12-09T08:37:47.000Z</time>
        <extensions>
          <ns3:TrackPointExtension>
            <ns3:hr>148</ns3:hr>
            <ns3:cad>61</ns3:cad>
          </ns3:TrackPointExtension>
        </extensions>
      </trkpt>
      <trkpt lat="23.19010195322334766387939453125" lon="113.30372485332190990447998046875">
        <ele>172.600006103515625</ele>
        <time>2022-12-09T08:37:50.000Z</time>
        <extensions>
          <ns3:TrackPointExtension>
            <ns3:hr>151</ns3:hr>
            <ns3:cad>61</ns3:cad>
          </ns3:TrackPointExtension>
        </extensions>
      </trkpt>
      <trkpt lat="23.19000053219497203826904296875" lon="113.3036811836063861846923828125">
        <ele>174.399993896484375</ele>
        <time>2022-12-09T08:37:59.000Z</time>
        <extensions>
          <ns3:TrackPointExtension>
            <ns3:hr>148</ns3:hr>
            <ns3:cad>61</ns3:cad>
          </ns3:TrackPointExtension>
        </extensions>
      </trkpt>
      <trkpt lat="23.18982585333287715911865234375" lon="113.30363734625279903411865234375">
        <ele>176.399993896484375</ele>
        <time>2022-12-09T08:38:16.000Z</time>
        <extensions>
          <ns3:TrackPointExtension>
            <ns3:hr>150</ns3:hr>
            <ns3:cad>61</ns3:cad>
          </ns3:TrackPointExtension>
        </extensions>
      </trkpt>
      <trkpt lat="23.18966902792453765869140625" lon="113.30367221496999263763427734375">
        <ele>177.399993896484375</ele>
        <time>2022-12-09T08:38:31.000Z</time>
        <extensions>
          <ns3:TrackPointExtension>
            <ns3:hr>149</ns3:hr>
            <ns3:cad>61</ns3:cad>
          </ns3:TrackPointExtension>
        </extensions>
      </trkpt>
      <trkpt lat="23.18964849226176738739013671875" lon="113.30368797294795513153076171875">
        <ele>177.8000030517578125</ele>
        <time>2022-12-09T08:38:34.000Z</time>
        <extensions>
          <ns3:TrackPointExtension>
            <ns3:hr>147</ns3:hr>
            <ns3:cad>61</ns3:cad>
          </ns3:TrackPointExtension>
        </extensions>
      </trkpt>
      <trkpt lat="23.18963038735091686248779296875" lon="113.30370222218334674835205078125">
        <ele>178.1999969482421875</ele>
        <time>2022-12-09T08:38:36.000Z</time>
        <extensions>
          <ns3:TrackPointExtension>
            <ns3:hr>151</ns3:hr>
            <ns3:cad>61</ns3:cad>
          </ns3:TrackPointExtension>
        </extensions>
      </trkpt>
      <trkpt lat="23.18959929049015045166015625" lon="113.30371026881039142608642578125">
        <ele>178.8000030517578125</ele>
        <time>2022-12-09T08:38:38.000Z</time>
        <extensions>
          <ns3:TrackPointExtension>
            <ns3:hr>151</ns3:hr>
            <ns3:cad>61</ns3:cad>
          </ns3:TrackPointExtension>
        </extensions>
      </trkpt>
      <trkpt lat="23.18951622582972049713134765625" lon="113.30373667180538177490234375">
        <ele>180.1999969482421875</ele>
        <time>2022-12-09T08:38:44.000Z</time>
        <extensions>
          <ns3:TrackPointExtension>
            <ns3:hr>147</ns3:hr>
            <ns3:cad>72</ns3:cad>
          </ns3:TrackPointExtension>
        </extensions>
      </trkpt>
      <trkpt lat="23.18945176899433135986328125" lon="113.303753100335597991943359375">
        <ele>180.600006103515625</ele>
        <time>2022-12-09T08:38:49.000Z</time>
        <extensions>
          <ns3:TrackPointExtension>
            <ns3:hr>151</ns3:hr>
            <ns3:cad>106</ns3:cad>
          </ns3:TrackPointExtension>
        </extensions>
      </trkpt>
      <trkpt lat="23.18941966630518436431884765625" lon="113.303764499723911285400390625">
        <ele>180.8000030517578125</ele>
        <time>2022-12-09T08:38:52.000Z</time>
        <extensions>
          <ns3:TrackPointExtension>
            <ns3:hr>154</ns3:hr>
            <ns3:cad>0</ns3:cad>
          </ns3:TrackPointExtension>
        </extensions>
      </trkpt>
      <trkpt lat="23.18940843455493450164794921875" lon="113.3037730492651462554931640625">
        <ele>180.8000030517578125</ele>
        <time>2022-12-09T08:38:54.000Z</time>
        <extensions>
          <ns3:TrackPointExtension>
            <ns3:hr>162</ns3:hr>
            <ns3:cad>0</ns3:cad>
          </ns3:TrackPointExtension>
        </extensions>
      </trkpt>
      <trkpt lat="23.18940206430852413177490234375" lon="113.30377715639770030975341796875">
        <ele>180.8000030517578125</ele>
        <time>2022-12-09T08:38:55.000Z</time>
        <extensions>
          <ns3:TrackPointExtension>
            <ns3:hr>166</ns3:hr>
            <ns3:cad>0</ns3:cad>
          </ns3:TrackPointExtension>
        </extensions>
      </trkpt>
      <trkpt lat="23.1893892399966716766357421875" lon="113.3037717081606388092041015625">
        <ele>181</ele>
        <time>2022-12-09T08:38:56.000Z</time>
        <extensions>
          <ns3:TrackPointExtension>
            <ns3:hr>170</ns3:hr>
            <ns3:cad>0</ns3:cad>
          </ns3:TrackPointExtension>
        </extensions>
      </trkpt>
      <trkpt lat="23.189383037388324737548828125" lon="113.30377715639770030975341796875">
        <ele>181</ele>
        <time>2022-12-09T08:38:57.000Z</time>
        <extensions>
          <ns3:TrackPointExtension>
            <ns3:hr>170</ns3:hr>
            <ns3:cad>0</ns3:cad>
          </ns3:TrackPointExtension>
        </extensions>
      </trkpt>
      <trkpt lat="23.18937423638999462127685546875" lon="113.30378486774861812591552734375">
        <ele>181</ele>
        <time>2022-12-09T08:38:59.000Z</time>
        <extensions>
          <ns3:TrackPointExtension>
            <ns3:hr>166</ns3:hr>
            <ns3:cad>0</ns3:cad>
          </ns3:TrackPointExtension>
        </extensions>
      </trkpt>
      <trkpt lat="23.18936887197196483612060546875" lon="113.3037683553993701934814453125">
        <ele>181.1999969482421875</ele>
        <time>2022-12-09T08:39:05.000Z</time>
        <extensions>
          <ns3:TrackPointExtension>
            <ns3:hr>170</ns3:hr>
            <ns3:cad>61</ns3:cad>
          </ns3:TrackPointExtension>
        </extensions>
      </trkpt>
      <trkpt lat="23.1893666088581085205078125" lon="113.3037596382200717926025390625">
        <ele>181.1999969482421875</ele>
        <time>2022-12-09T08:39:06.000Z</time>
        <extensions>
          <ns3:TrackPointExtension>
            <ns3:hr>167</ns3:hr>
            <ns3:cad>61</ns3:cad>
          </ns3:TrackPointExtension>
        </extensions>
      </trkpt>
      <trkpt lat="23.18936417810618877410888671875" lon="113.30374413169920444488525390625">
        <ele>181.1999969482421875</ele>
        <time>2022-12-09T08:39:09.000Z</time>
        <extensions>
          <ns3:TrackPointExtension>
            <ns3:hr>162</ns3:hr>
            <ns3:cad>61</ns3:cad>
          </ns3:TrackPointExtension>
        </extensions>
      </trkpt>
      <trkpt lat="23.18937725387513637542724609375" lon="113.30371856689453125">
        <ele>181.1999969482421875</ele>
        <time>2022-12-09T08:39:15.000Z</time>
        <extensions>
          <ns3:TrackPointExtension>
            <ns3:hr>160</ns3:hr>
            <ns3:cad>61</ns3:cad>
          </ns3:TrackPointExtension>
        </extensions>
      </trkpt>
      <trkpt lat="23.1893880665302276611328125" lon="113.303710520267486572265625">
        <ele>181.1999969482421875</ele>
        <time>2022-12-09T08:39:17.000Z</time>
        <extensions>
          <ns3:TrackPointExtension>
            <ns3:hr>160</ns3:hr>
            <ns3:cad>54</ns3:cad>
          </ns3:TrackPointExtension>
        </extensions>
      </trkpt>
      <trkpt lat="23.189432322978973388671875" lon="113.303660564124584197998046875">
        <ele>181</ele>
        <time>2022-12-09T08:39:25.000Z</time>
        <extensions>
          <ns3:TrackPointExtension>
            <ns3:hr>159</ns3:hr>
            <ns3:cad>53</ns3:cad>
          </ns3:TrackPointExtension>
        </extensions>
      </trkpt>
      <trkpt lat="23.18944506347179412841796875" lon="113.3036479912698268890380859375">
        <ele>181</ele>
        <time>2022-12-09T08:39:27.000Z</time>
        <extensions>
          <ns3:TrackPointExtension>
            <ns3:hr>159</ns3:hr>
            <ns3:cad>53</ns3:cad>
          </ns3:TrackPointExtension>
        </extensions>
      </trkpt>
      <trkpt lat="23.18945939652621746063232421875" lon="113.3036352507770061492919921875">
        <ele>180.8000030517578125</ele>
        <time>2022-12-09T08:39:29.000Z</time>
        <extensions>
          <ns3:TrackPointExtension>
            <ns3:hr>158</ns3:hr>
            <ns3:cad>53</ns3:cad>
          </ns3:TrackPointExtension>
        </extensions>
      </trkpt>
      <trkpt lat="23.18946945481002330780029296875" lon="113.30362536013126373291015625">
        <ele>180.399993896484375</ele>
        <time>2022-12-09T08:39:31.000Z</time>
        <extensions>
          <ns3:TrackPointExtension>
            <ns3:hr>157</ns3:hr>
            <ns3:cad>53</ns3:cad>
          </ns3:TrackPointExtension>
        </extensions>
      </trkpt>
      <trkpt lat="23.18947993218898773193359375" lon="113.30361169762909412384033203125">
        <ele>180.1999969482421875</ele>
        <time>2022-12-09T08:39:33.000Z</time>
        <extensions>
          <ns3:TrackPointExtension>
            <ns3:hr>157</ns3:hr>
            <ns3:cad>53</ns3:cad>
          </ns3:TrackPointExtension>
        </extensions>
      </trkpt>
      <trkpt lat="23.1894953548908233642578125" lon="113.30358504317700862884521484375">
        <ele>179.8000030517578125</ele>
        <time>2022-12-09T08:39:36.000Z</time>
        <extensions>
          <ns3:TrackPointExtension>
            <ns3:hr>156</ns3:hr>
            <ns3:cad>53</ns3:cad>
          </ns3:TrackPointExtension>
        </extensions>
      </trkpt>
      <trkpt lat="23.18952410481870174407958984375" lon="113.30355294048786163330078125">
        <ele>179</ele>
        <time>2022-12-09T08:39:40.000Z</time>
        <extensions>
          <ns3:TrackPointExtension>
            <ns3:hr>154</ns3:hr>
            <ns3:cad>53</ns3:cad>
          </ns3:TrackPointExtension>
        </extensions>
      </trkpt>
      <trkpt lat="23.18954237736761569976806640625" lon="113.303517401218414306640625">
        <ele>178.600006103515625</ele>
        <time>2022-12-09T08:39:44.000Z</time>
        <extensions>
          <ns3:TrackPointExtension>
            <ns3:hr>153</ns3:hr>
            <ns3:cad>53</ns3:cad>
          </ns3:TrackPointExtension>
        </extensions>
      </trkpt>
      <trkpt lat="23.1895505078136920928955078125" lon="113.3035122044384479522705078125">
        <ele>178.600006103515625</ele>
        <time>2022-12-09T08:39:45.000Z</time>
        <extensions>
          <ns3:TrackPointExtension>
            <ns3:hr>152</ns3:hr>
            <ns3:cad>61</ns3:cad>
          </ns3:TrackPointExtension>
        </extensions>
      </trkpt>
      <trkpt lat="23.1895629130303859710693359375" lon="113.3034853823482990264892578125">
        <ele>178.399993896484375</ele>
        <time>2022-12-09T08:39:48.000Z</time>
        <extensions>
          <ns3:TrackPointExtension>
            <ns3:hr>151</ns3:hr>
            <ns3:cad>61</ns3:cad>
          </ns3:TrackPointExtension>
        </extensions>
      </trkpt>
      <trkpt lat="23.1895749829709529876708984375" lon="113.303455375134944915771484375">
        <ele>178</ele>
        <time>2022-12-09T08:39:51.000Z</time>
        <extensions>
          <ns3:TrackPointExtension>
            <ns3:hr>150</ns3:hr>
            <ns3:cad>61</ns3:cad>
          </ns3:TrackPointExtension>
        </extensions>
      </trkpt>
      <trkpt lat="23.18959149532020092010498046875" lon="113.3034260384738445281982421875">
        <ele>177.8000030517578125</ele>
        <time>2022-12-09T08:39:54.000Z</time>
        <extensions>
          <ns3:TrackPointExtension>
            <ns3:hr>150</ns3:hr>
            <ns3:cad>61</ns3:cad>
          </ns3:TrackPointExtension>
        </extensions>
      </trkpt>
      <trkpt lat="23.18960289470851421356201171875" lon="113.30340349115431308746337890625">
        <ele>177.600006103515625</ele>
        <time>2022-12-09T08:39:56.000Z</time>
        <extensions>
          <ns3:TrackPointExtension>
            <ns3:hr>149</ns3:hr>
            <ns3:cad>55</ns3:cad>
          </ns3:TrackPointExtension>
        </extensions>
      </trkpt>
      <trkpt lat="23.18963742814958095550537109375" lon="113.3033412136137485504150390625">
        <ele>177</ele>
        <time>2022-12-09T08:40:01.000Z</time>
        <extensions>
          <ns3:TrackPointExtension>
            <ns3:hr>148</ns3:hr>
            <ns3:cad>55</ns3:cad>
          </ns3:TrackPointExtension>
        </extensions>
      </trkpt>
      <trkpt lat="23.18969660438597202301025390625" lon="113.3031846396625041961669921875">
        <ele>179.600006103515625</ele>
        <time>2022-12-09T08:40:13.000Z</time>
        <extensions>
          <ns3:TrackPointExtension>
            <ns3:hr>145</ns3:hr>
            <ns3:cad>55</ns3:cad>
          </ns3:TrackPointExtension>
        </extensions>
      </trkpt>
      <trkpt lat="23.1896992027759552001953125" lon="113.303171731531620025634765625">
        <ele>180</ele>
        <time>2022-12-09T08:40:14.000Z</time>
        <extensions>
          <ns3:TrackPointExtension>
            <ns3:hr>145</ns3:hr>
            <ns3:cad>55</ns3:cad>
          </ns3:TrackPointExtension>
        </extensions>
      </trkpt>
      <trkpt lat="23.189773298799991607666015625" lon="113.30297081731259822845458984375">
        <ele>184.399993896484375</ele>
        <time>2022-12-09T08:40:25.000Z</time>
        <extensions>
          <ns3:TrackPointExtension>
            <ns3:hr>147</ns3:hr>
            <ns3:cad>83</ns3:cad>
          </ns3:TrackPointExtension>
        </extensions>
      </trkpt>
      <trkpt lat="23.18978528492152690887451171875" lon="113.30294810235500335693359375">
        <ele>185.1999969482421875</ele>
        <time>2022-12-09T08:40:26.000Z</time>
        <extensions>
          <ns3:TrackPointExtension>
            <ns3:hr>153</ns3:hr>
            <ns3:cad>84</ns3:cad>
          </ns3:TrackPointExtension>
        </extensions>
      </trkpt>
      <trkpt lat="23.18979802541434764862060546875" lon="113.30292664468288421630859375">
        <ele>186</ele>
        <time>2022-12-09T08:40:27.000Z</time>
        <extensions>
          <ns3:TrackPointExtension>
            <ns3:hr>156</ns3:hr>
            <ns3:cad>85</ns3:cad>
          </ns3:TrackPointExtension>
        </extensions>
      </trkpt>
      <trkpt lat="23.18981193937361240386962890625" lon="113.3029043488204479217529296875">
        <ele>187</ele>
        <time>2022-12-09T08:40:28.000Z</time>
        <extensions>
          <ns3:TrackPointExtension>
            <ns3:hr>159</ns3:hr>
            <ns3:cad>85</ns3:cad>
          </ns3:TrackPointExtension>
        </extensions>
      </trkpt>
      <trkpt lat="23.18983959965407848358154296875" lon="113.302861265838146209716796875">
        <ele>187</ele>
        <time>2022-12-09T08:40:30.000Z</time>
        <extensions>
          <ns3:TrackPointExtension>
            <ns3:hr>162</ns3:hr>
            <ns3:cad>85</ns3:cad>
          </ns3:TrackPointExtension>
        </extensions>
      </trkpt>
      <trkpt lat="23.18991134874522686004638671875" lon="113.302790857851505279541015625">
        <ele>185.8000030517578125</ele>
        <time>2022-12-09T08:40:34.000Z</time>
        <extensions>
          <ns3:TrackPointExtension>
            <ns3:hr>166</ns3:hr>
            <ns3:cad>86</ns3:cad>
          </ns3:TrackPointExtension>
        </extensions>
      </trkpt>
      <trkpt lat="23.18995208479464054107666015625" lon="113.30274752341210842132568359375">
        <ele>185.600006103515625</ele>
        <time>2022-12-09T08:40:36.000Z</time>
        <extensions>
          <ns3:TrackPointExtension>
            <ns3:hr>170</ns3:hr>
            <ns3:cad>87</ns3:cad>
          </ns3:TrackPointExtension>
        </extensions>
      </trkpt>
      <trkpt lat="23.19000304676592350006103515625" lon="113.30269471742212772369384765625">
        <ele>185.399993896484375</ele>
        <time>2022-12-09T08:40:39.000Z</time>
        <extensions>
          <ns3:TrackPointExtension>
            <ns3:hr>173</ns3:hr>
            <ns3:cad>87</ns3:cad>
          </ns3:TrackPointExtension>
        </extensions>
      </trkpt>
      <trkpt lat="23.1900383345782756805419921875" lon="113.302664458751678466796875">
        <ele>185.600006103515625</ele>
        <time>2022-12-09T08:40:41.000Z</time>
        <extensions>
          <ns3:TrackPointExtension>
            <ns3:hr>177</ns3:hr>
            <ns3:cad>86</ns3:cad>
          </ns3:TrackPointExtension>
        </extensions>
      </trkpt>
      <trkpt lat="23.1900983490049839019775390625" lon="113.30258910544216632843017578125">
        <ele>184.8000030517578125</ele>
        <time>2022-12-09T08:40:45.000Z</time>
        <extensions>
          <ns3:TrackPointExtension>
            <ns3:hr>173</ns3:hr>
            <ns3:cad>86</ns3:cad>
          </ns3:TrackPointExtension>
        </extensions>
      </trkpt>
      <trkpt lat="23.190128020942211151123046875" lon="113.30254903994500637054443359375">
        <ele>182.399993896484375</ele>
        <time>2022-12-09T08:40:47.000Z</time>
        <extensions>
          <ns3:TrackPointExtension>
            <ns3:hr>170</ns3:hr>
            <ns3:cad>86</ns3:cad>
          </ns3:TrackPointExtension>
        </extensions>
      </trkpt>
      <trkpt lat="23.19022416137158870697021484375" lon="113.30243085511028766632080078125">
        <ele>177.8000030517578125</ele>
        <time>2022-12-09T08:40:53.000Z</time>
        <extensions>
          <ns3:TrackPointExtension>
            <ns3:hr>178</ns3:hr>
            <ns3:cad>85</ns3:cad>
          </ns3:TrackPointExtension>
        </extensions>
      </trkpt>
      <trkpt lat="23.19026137702167034149169921875" lon="113.3023305237293243408203125">
        <ele>183.399993896484375</ele>
        <time>2022-12-09T08:40:57.000Z</time>
        <extensions>
          <ns3:TrackPointExtension>
            <ns3:hr>182</ns3:hr>
            <ns3:cad>86</ns3:cad>
          </ns3:TrackPointExtension>
        </extensions>
      </trkpt>
      <trkpt lat="23.1902676634490489959716796875" lon="113.3023062162101268768310546875">
        <ele>184.8000030517578125</ele>
        <time>2022-12-09T08:40:58.000Z</time>
        <extensions>
          <ns3:TrackPointExtension>
            <ns3:hr>179</ns3:hr>
            <ns3:cad>86</ns3:cad>
          </ns3:TrackPointExtension>
        </extensions>
      </trkpt>
      <trkpt lat="23.1902773864567279815673828125" lon="113.3022666536271572113037109375">
        <ele>187</ele>
        <time>2022-12-09T08:41:00.000Z</time>
        <extensions>
          <ns3:TrackPointExtension>
            <ns3:hr>174</ns3:hr>
            <ns3:cad>86</ns3:cad>
          </ns3:TrackPointExtension>
        </extensions>
      </trkpt>
      <trkpt lat="23.19028601981699466705322265625" lon="113.3022220619022846221923828125">
        <ele>187.600006103515625</ele>
        <time>2022-12-09T08:41:02.000Z</time>
        <extensions>
          <ns3:TrackPointExtension>
            <ns3:hr>170</ns3:hr>
            <ns3:cad>85</ns3:cad>
          </ns3:TrackPointExtension>
        </extensions>
      </trkpt>
      <trkpt lat="23.190288953483104705810546875" lon="113.3021999336779117584228515625">
        <ele>187.8000030517578125</ele>
        <time>2022-12-09T08:41:03.000Z</time>
        <extensions>
          <ns3:TrackPointExtension>
            <ns3:hr>174</ns3:hr>
            <ns3:cad>84</ns3:cad>
          </ns3:TrackPointExtension>
        </extensions>
      </trkpt>
      <trkpt lat="23.19028769619762897491455078125" lon="113.30215676687657833099365234375">
        <ele>188.600006103515625</ele>
        <time>2022-12-09T08:41:05.000Z</time>
        <extensions>
          <ns3:TrackPointExtension>
            <ns3:hr>171</ns3:hr>
            <ns3:cad>84</ns3:cad>
          </ns3:TrackPointExtension>
        </extensions>
      </trkpt>
      <trkpt lat="23.19029155187308788299560546875" lon="113.3021352253854274749755859375">
        <ele>189.399993896484375</ele>
        <time>2022-12-09T08:41:06.000Z</time>
        <extensions>
          <ns3:TrackPointExtension>
            <ns3:hr>175</ns3:hr>
            <ns3:cad>84</ns3:cad>
          </ns3:TrackPointExtension>
        </extensions>
      </trkpt>
      <trkpt lat="23.1902944855391979217529296875" lon="113.3021124266088008880615234375">
        <ele>190.399993896484375</ele>
        <time>2022-12-09T08:41:07.000Z</time>
        <extensions>
          <ns3:TrackPointExtension>
            <ns3:hr>180</ns3:hr>
            <ns3:cad>84</ns3:cad>
          </ns3:TrackPointExtension>
        </extensions>
      </trkpt>
      <trkpt lat="23.19029456935822963714599609375" lon="113.302080072462558746337890625">
        <ele>191.600006103515625</ele>
        <time>2022-12-09T08:41:08.000Z</time>
        <extensions>
          <ns3:TrackPointExtension>
            <ns3:hr>185</ns3:hr>
            <ns3:cad>85</ns3:cad>
          </ns3:TrackPointExtension>
        </extensions>
      </trkpt>
      <trkpt lat="23.1902934797108173370361328125" lon="113.30205098725855350494384765625">
        <ele>193</ele>
        <time>2022-12-09T08:41:09.000Z</time>
        <extensions>
          <ns3:TrackPointExtension>
            <ns3:hr>180</ns3:hr>
            <ns3:cad>85</ns3:cad>
          </ns3:TrackPointExtension>
        </extensions>
      </trkpt>
      <trkpt lat="23.19028786383569240570068359375" lon="113.30184512771666049957275390625">
        <ele>198.8000030517578125</ele>
        <time>2022-12-09T08:41:17.000Z</time>
        <extensions>
          <ns3:TrackPointExtension>
            <ns3:hr>179</ns3:hr>
            <ns3:cad>87</ns3:cad>
          </ns3:TrackPointExtension>
        </extensions>
      </trkpt>
      <trkpt lat="23.19029155187308788299560546875" lon="113.30175627954304218292236328125">
        <ele>199.8000030517578125</ele>
        <time>2022-12-09T08:41:21.000Z</time>
        <extensions>
          <ns3:TrackPointExtension>
            <ns3:hr>173</ns3:hr>
            <ns3:cad>87</ns3:cad>
          </ns3:TrackPointExtension>
        </extensions>
      </trkpt>
      <trkpt lat="23.1902894563972949981689453125" lon="113.3017409406602382659912109375">
        <ele>200.1999969482421875</ele>
        <time>2022-12-09T08:41:22.000Z</time>
        <extensions>
          <ns3:TrackPointExtension>
            <ns3:hr>169</ns3:hr>
            <ns3:cad>87</ns3:cad>
          </ns3:TrackPointExtension>
        </extensions>
      </trkpt>
      <trkpt lat="23.19029440172016620635986328125" lon="113.3017181418836116790771484375">
        <ele>200.1999969482421875</ele>
        <time>2022-12-09T08:41:24.000Z</time>
        <extensions>
          <ns3:TrackPointExtension>
            <ns3:hr>173</ns3:hr>
            <ns3:cad>87</ns3:cad>
          </ns3:TrackPointExtension>
        </extensions>
      </trkpt>
      <trkpt lat="23.19029892794787883758544921875" lon="113.30170514993369579315185546875">
        <ele>200.1999969482421875</ele>
        <time>2022-12-09T08:41:25.000Z</time>
        <extensions>
          <ns3:TrackPointExtension>
            <ns3:hr>176</ns3:hr>
            <ns3:cad>87</ns3:cad>
          </ns3:TrackPointExtension>
        </extensions>
      </trkpt>
      <trkpt lat="23.19030513055622577667236328125" lon="113.3016940020024776458740234375">
        <ele>200</ele>
        <time>2022-12-09T08:41:26.000Z</time>
        <extensions>
          <ns3:TrackPointExtension>
            <ns3:hr>176</ns3:hr>
            <ns3:cad>61</ns3:cad>
          </ns3:TrackPointExtension>
        </extensions>
      </trkpt>
      <trkpt lat="23.19034469313919544219970703125" lon="113.30162837170064449310302734375">
        <ele>198.8000030517578125</ele>
        <time>2022-12-09T08:41:33.000Z</time>
        <extensions>
          <ns3:TrackPointExtension>
            <ns3:hr>173</ns3:hr>
            <ns3:cad>61</ns3:cad>
          </ns3:TrackPointExtension>
        </extensions>
      </trkpt>
      <trkpt lat="23.19040018133819103240966796875" lon="113.3014344982802867889404296875">
        <ele>197.1999969482421875</ele>
        <time>2022-12-09T08:41:48.000Z</time>
        <extensions>
          <ns3:TrackPointExtension>
            <ns3:hr>172</ns3:hr>
            <ns3:cad>57</ns3:cad>
          </ns3:TrackPointExtension>
        </extensions>
      </trkpt>
      <trkpt lat="23.1904597766697406768798828125" lon="113.3012628369033336639404296875">
        <ele>193.600006103515625</ele>
        <time>2022-12-09T08:41:59.000Z</time>
        <extensions>
          <ns3:TrackPointExtension>
            <ns3:hr>169</ns3:hr>
            <ns3:cad>61</ns3:cad>
          </ns3:TrackPointExtension>
        </extensions>
      </trkpt>
      <trkpt lat="23.1904624588787555694580078125" lon="113.30125118605792522430419921875">
        <ele>193.399993896484375</ele>
        <time>2022-12-09T08:42:00.000Z</time>
        <extensions>
          <ns3:TrackPointExtension>
            <ns3:hr>169</ns3:hr>
            <ns3:cad>61</ns3:cad>
          </ns3:TrackPointExtension>
        </extensions>
      </trkpt>
      <trkpt lat="23.190496824681758880615234375" lon="113.301151357591152191162109375">
        <ele>189.8000030517578125</ele>
        <time>2022-12-09T08:42:07.000Z</time>
        <extensions>
          <ns3:TrackPointExtension>
            <ns3:hr>166</ns3:hr>
            <ns3:cad>61</ns3:cad>
          </ns3:TrackPointExtension>
        </extensions>
      </trkpt>
      <trkpt lat="23.1905036978423595428466796875" lon="113.30111883580684661865234375">
        <ele>188.8000030517578125</ele>
        <time>2022-12-09T08:42:09.000Z</time>
        <extensions>
          <ns3:TrackPointExtension>
            <ns3:hr>163</ns3:hr>
            <ns3:cad>61</ns3:cad>
          </ns3:TrackPointExtension>
        </extensions>
      </trkpt>
      <trkpt lat="23.1905174441635608673095703125" lon="113.30107432790100574493408203125">
        <ele>188.1999969482421875</ele>
        <time>2022-12-09T08:42:12.000Z</time>
        <extensions>
          <ns3:TrackPointExtension>
            <ns3:hr>160</ns3:hr>
            <ns3:cad>61</ns3:cad>
          </ns3:TrackPointExtension>
        </extensions>
      </trkpt>
      <trkpt lat="23.19053010083734989166259765625" lon="113.301013223826885223388671875">
        <ele>189.399993896484375</ele>
        <time>2022-12-09T08:42:17.000Z</time>
        <extensions>
          <ns3:TrackPointExtension>
            <ns3:hr>157</ns3:hr>
            <ns3:cad>61</ns3:cad>
          </ns3:TrackPointExtension>
        </extensions>
      </trkpt>
      <trkpt lat="23.19057771004736423492431640625" lon="113.30092445947229862213134765625">
        <ele>189.8000030517578125</ele>
        <time>2022-12-09T08:42:24.000Z</time>
        <extensions>
          <ns3:TrackPointExtension>
            <ns3:hr>154</ns3:hr>
            <ns3:cad>61</ns3:cad>
          </ns3:TrackPointExtension>
        </extensions>
      </trkpt>
      <trkpt lat="23.19070109166204929351806640625" lon="113.300803005695343017578125">
        <ele>189.600006103515625</ele>
        <time>2022-12-09T08:42:37.000Z</time>
        <extensions>
          <ns3:TrackPointExtension>
            <ns3:hr>151</ns3:hr>
            <ns3:cad>61</ns3:cad>
          </ns3:TrackPointExtension>
        </extensions>
      </trkpt>
      <trkpt lat="23.19075741805136203765869140625" lon="113.300738632678985595703125">
        <ele>190</ele>
        <time>2022-12-09T08:42:44.000Z</time>
        <extensions>
          <ns3:TrackPointExtension>
            <ns3:hr>150</ns3:hr>
            <ns3:cad>61</ns3:cad>
          </ns3:TrackPointExtension>
        </extensions>
      </trkpt>
      <trkpt lat="23.19077703170478343963623046875" lon="113.3007297478616237640380859375">
        <ele>189.1999969482421875</ele>
        <time>2022-12-09T08:42:46.000Z</time>
        <extensions>
          <ns3:TrackPointExtension>
            <ns3:hr>148</ns3:hr>
            <ns3:cad>61</ns3:cad>
          </ns3:TrackPointExtension>
        </extensions>
      </trkpt>
      <trkpt lat="23.1907957233488559722900390625" lon="113.3007237128913402557373046875">
        <ele>188.1999969482421875</ele>
        <time>2022-12-09T08:42:48.000Z</time>
        <extensions>
          <ns3:TrackPointExtension>
            <ns3:hr>147</ns3:hr>
            <ns3:cad>61</ns3:cad>
          </ns3:TrackPointExtension>
        </extensions>
      </trkpt>
      <trkpt lat="23.19084383547306060791015625" lon="113.30070711672306060791015625">
        <ele>185.8000030517578125</ele>
        <time>2022-12-09T08:42:52.000Z</time>
        <extensions>
          <ns3:TrackPointExtension>
            <ns3:hr>143</ns3:hr>
            <ns3:cad>61</ns3:cad>
          </ns3:TrackPointExtension>
        </extensions>
      </trkpt>
      <trkpt lat="23.19085246883332729339599609375" lon="113.300703428685665130615234375">
        <ele>185.399993896484375</ele>
        <time>2022-12-09T08:42:53.000Z</time>
        <extensions>
          <ns3:TrackPointExtension>
            <ns3:hr>140</ns3:hr>
            <ns3:cad>61</ns3:cad>
          </ns3:TrackPointExtension>
        </extensions>
      </trkpt>
      <trkpt lat="23.19086303003132343292236328125" lon="113.30069638788700103759765625">
        <ele>185</ele>
        <time>2022-12-09T08:42:54.000Z</time>
        <extensions>
          <ns3:TrackPointExtension>
            <ns3:hr>140</ns3:hr>
            <ns3:cad>61</ns3:cad>
          </ns3:TrackPointExtension>
        </extensions>
      </trkpt>
      <trkpt lat="23.1909318454563617706298828125" lon="113.30063872039318084716796875">
        <ele>183.600006103515625</ele>
        <time>2022-12-09T08:43:01.000Z</time>
        <extensions>
          <ns3:TrackPointExtension>
            <ns3:hr>143</ns3:hr>
            <ns3:cad>55</ns3:cad>
          </ns3:TrackPointExtension>
        </extensions>
      </trkpt>
      <trkpt lat="23.19097501225769519805908203125" lon="113.30055632628500461578369140625">
        <ele>185.600006103515625</ele>
        <time>2022-12-09T08:43:09.000Z</time>
        <extensions>
          <ns3:TrackPointExtension>
            <ns3:hr>140</ns3:hr>
            <ns3:cad>55</ns3:cad>
          </ns3:TrackPointExtension>
        </extensions>
      </trkpt>
      <trkpt lat="23.19098507054150104522705078125" lon="113.3005372993648052215576171875">
        <ele>186.1999969482421875</ele>
        <time>2022-12-09T08:43:12.000Z</time>
        <extensions>
          <ns3:TrackPointExtension>
            <ns3:hr>140</ns3:hr>
            <ns3:cad>55</ns3:cad>
          </ns3:TrackPointExtension>
        </extensions>
      </trkpt>
      <trkpt lat="23.1909905187785625457763671875" lon="113.3005168475210666656494140625">
        <ele>187</ele>
        <time>2022-12-09T08:43:14.000Z</time>
        <extensions>
          <ns3:TrackPointExtension>
            <ns3:hr>140</ns3:hr>
            <ns3:cad>61</ns3:cad>
          </ns3:TrackPointExtension>
        </extensions>
      </trkpt>
      <trkpt lat="23.1910002417862415313720703125" lon="113.300500251352787017822265625">
        <ele>187.399993896484375</ele>
        <time>2022-12-09T08:43:16.000Z</time>
        <extensions>
          <ns3:TrackPointExtension>
            <ns3:hr>139</ns3:hr>
            <ns3:cad>61</ns3:cad>
          </ns3:TrackPointExtension>
        </extensions>
      </trkpt>
      <trkpt lat="23.1910103000700473785400390625" lon="113.300470411777496337890625">
        <ele>187</ele>
        <time>2022-12-09T08:43:19.000Z</time>
        <extensions>
          <ns3:TrackPointExtension>
            <ns3:hr>139</ns3:hr>
            <ns3:cad>61</ns3:cad>
          </ns3:TrackPointExtension>
        </extensions>
      </trkpt>
      <trkpt lat="23.19103083573281764984130859375" lon="113.30026128329336643218994140625">
        <ele>186.399993896484375</ele>
        <time>2022-12-09T08:43:32.000Z</time>
        <extensions>
          <ns3:TrackPointExtension>
            <ns3:hr>139</ns3:hr>
            <ns3:cad>61</ns3:cad>
          </ns3:TrackPointExtension>
        </extensions>
      </trkpt>
      <trkpt lat="23.19101558066904544830322265625" lon="113.30017629079520702362060546875">
        <ele>188.1999969482421875</ele>
        <time>2022-12-09T08:43:39.000Z</time>
        <extensions>
          <ns3:TrackPointExtension>
            <ns3:hr>136</ns3:hr>
            <ns3:cad>61</ns3:cad>
          </ns3:TrackPointExtension>
        </extensions>
      </trkpt>
      <trkpt lat="23.19098196923732757568359375" lon="113.30008928664028644561767578125">
        <ele>191.399993896484375</ele>
        <time>2022-12-09T08:43:46.000Z</time>
        <extensions>
          <ns3:TrackPointExtension>
            <ns3:hr>139</ns3:hr>
            <ns3:cad>61</ns3:cad>
          </ns3:TrackPointExtension>
        </extensions>
      </trkpt>
      <trkpt lat="23.19090309552848339080810546875" lon="113.29990823753178119659423828125">
        <ele>198.8000030517578125</ele>
        <time>2022-12-09T08:44:01.000Z</time>
        <extensions>
          <ns3:TrackPointExtension>
            <ns3:hr>138</ns3:hr>
            <ns3:cad>61</ns3:cad>
          </ns3:TrackPointExtension>
        </extensions>
      </trkpt>
      <trkpt lat="23.1908896006643772125244140625" lon="113.29984537325799465179443359375">
        <ele>200.8000030517578125</ele>
        <time>2022-12-09T08:44:05.000Z</time>
        <extensions>
          <ns3:TrackPointExtension>
            <ns3:hr>134</ns3:hr>
            <ns3:cad>61</ns3:cad>
          </ns3:TrackPointExtension>
        </extensions>
      </trkpt>
      <trkpt lat="23.190852217376232147216796875" lon="113.299632556736469268798828125">
        <ele>203</ele>
        <time>2022-12-09T08:44:14.000Z</time>
        <extensions>
          <ns3:TrackPointExtension>
            <ns3:hr>135</ns3:hr>
            <ns3:cad>84</ns3:cad>
          </ns3:TrackPointExtension>
        </extensions>
      </trkpt>
      <trkpt lat="23.19086001254618167877197265625" lon="113.29960430972278118133544921875">
        <ele>201.8000030517578125</ele>
        <time>2022-12-09T08:44:15.000Z</time>
        <extensions>
          <ns3:TrackPointExtension>
            <ns3:hr>143</ns3:hr>
            <ns3:cad>84</ns3:cad>
          </ns3:TrackPointExtension>
        </extensions>
      </trkpt>
      <trkpt lat="23.19086621515452861785888671875" lon="113.29954479821026325225830078125">
        <ele>199.600006103515625</ele>
        <time>2022-12-09T08:44:17.000Z</time>
        <extensions>
          <ns3:TrackPointExtension>
            <ns3:hr>147</ns3:hr>
            <ns3:cad>84</ns3:cad>
          </ns3:TrackPointExtension>
        </extensions>
      </trkpt>
      <trkpt lat="23.19086571224033832550048828125" lon="113.29936358146369457244873046875">
        <ele>197.1999969482421875</ele>
        <time>2022-12-09T08:44:24.000Z</time>
        <extensions>
          <ns3:TrackPointExtension>
            <ns3:hr>151</ns3:hr>
            <ns3:cad>85</ns3:cad>
          </ns3:TrackPointExtension>
        </extensions>
      </trkpt>
      <trkpt lat="23.19085246883332729339599609375" lon="113.299308679997920989990234375">
        <ele>198.600006103515625</ele>
        <time>2022-12-09T08:44:26.000Z</time>
        <extensions>
          <ns3:TrackPointExtension>
            <ns3:hr>155</ns3:hr>
            <ns3:cad>86</ns3:cad>
          </ns3:TrackPointExtension>
        </extensions>
      </trkpt>
      <trkpt lat="23.1908141635358333587646484375" lon="113.2991505973041057586669921875">
        <ele>202.600006103515625</ele>
        <time>2022-12-09T08:44:32.000Z</time>
        <extensions>
          <ns3:TrackPointExtension>
            <ns3:hr>160</ns3:hr>
            <ns3:cad>86</ns3:cad>
          </ns3:TrackPointExtension>
        </extensions>
      </trkpt>
      <trkpt lat="23.190794549882411956787109375" lon="113.29910592176020145416259765625">
        <ele>204.600006103515625</ele>
        <time>2022-12-09T08:44:34.000Z</time>
        <extensions>
          <ns3:TrackPointExtension>
            <ns3:hr>164</ns3:hr>
            <ns3:cad>87</ns3:cad>
          </ns3:TrackPointExtension>
        </extensions>
      </trkpt>
      <trkpt lat="23.1907866708934307098388671875" lon="113.2990852184593677520751953125">
        <ele>205.399993896484375</ele>
        <time>2022-12-09T08:44:35.000Z</time>
        <extensions>
          <ns3:TrackPointExtension>
            <ns3:hr>167</ns3:hr>
            <ns3:cad>86</ns3:cad>
          </ns3:TrackPointExtension>
        </extensions>
      </trkpt>
      <trkpt lat="23.19078139029443264007568359375" lon="113.29906686209142208099365234375">
        <ele>206</ele>
        <time>2022-12-09T08:44:36.000Z</time>
        <extensions>
          <ns3:TrackPointExtension>
            <ns3:hr>167</ns3:hr>
            <ns3:cad>86</ns3:cad>
          </ns3:TrackPointExtension>
        </extensions>
      </trkpt>
      <trkpt lat="23.19077418185770511627197265625" lon="113.29903484322130680084228515625">
        <ele>207</ele>
        <time>2022-12-09T08:44:38.000Z</time>
        <extensions>
          <ns3:TrackPointExtension>
            <ns3:hr>162</ns3:hr>
            <ns3:cad>86</ns3:cad>
          </ns3:TrackPointExtension>
        </extensions>
      </trkpt>
      <trkpt lat="23.19077141582965850830078125" lon="113.2990201748907566070556640625">
        <ele>207.399993896484375</ele>
        <time>2022-12-09T08:44:40.000Z</time>
        <extensions>
          <ns3:TrackPointExtension>
            <ns3:hr>166</ns3:hr>
            <ns3:cad>86</ns3:cad>
          </ns3:TrackPointExtension>
        </extensions>
      </trkpt>
      <trkpt lat="23.19076730869710445404052734375" lon="113.29896661452949047088623046875">
        <ele>208.600006103515625</ele>
        <time>2022-12-09T08:44:42.000Z</time>
        <extensions>
          <ns3:TrackPointExtension>
            <ns3:hr>169</ns3:hr>
            <ns3:cad>85</ns3:cad>
          </ns3:TrackPointExtension>
        </extensions>
      </trkpt>
      <trkpt lat="23.19076999090611934661865234375" lon="113.2989464141428470611572265625">
        <ele>208.600006103515625</ele>
        <time>2022-12-09T08:44:43.000Z</time>
        <extensions>
          <ns3:TrackPointExtension>
            <ns3:hr>172</ns3:hr>
            <ns3:cad>86</ns3:cad>
          </ns3:TrackPointExtension>
        </extensions>
      </trkpt>
      <trkpt lat="23.19076999090611934661865234375" lon="113.2989464141428470611572265625">
        <ele>208.600006103515625</ele>
        <time>2022-12-09T08:44:44.000Z</time>
        <extensions>
          <ns3:TrackPointExtension>
            <ns3:hr>172</ns3:hr>
            <ns3:cad>86</ns3:cad>
          </ns3:TrackPointExtension>
        </extensions>
      </trkpt>
      <trkpt lat="23.1907801330089569091796875" lon="113.2988731563091278076171875">
        <ele>209</ele>
        <time>2022-12-09T08:44:46.000Z</time>
        <extensions>
          <ns3:TrackPointExtension>
            <ns3:hr>176</ns3:hr>
            <ns3:cad>86</ns3:cad>
          </ns3:TrackPointExtension>
        </extensions>
      </trkpt>
      <trkpt lat="23.1907675601541996002197265625" lon="113.29877114854753017425537109375">
        <ele>210.1999969482421875</ele>
        <time>2022-12-09T08:44:50.000Z</time>
        <extensions>
          <ns3:TrackPointExtension>
            <ns3:hr>171</ns3:hr>
            <ns3:cad>87</ns3:cad>
          </ns3:TrackPointExtension>
        </extensions>
      </trkpt>
      <trkpt lat="23.19075373001396656036376953125" lon="113.29868649132549762725830078125">
        <ele>209.600006103515625</ele>
        <time>2022-12-09T08:44:53.000Z</time>
        <extensions>
          <ns3:TrackPointExtension>
            <ns3:hr>167</ns3:hr>
            <ns3:cad>87</ns3:cad>
          </ns3:TrackPointExtension>
        </extensions>
      </trkpt>
      <trkpt lat="23.1907065398991107940673828125" lon="113.2986030913889408111572265625">
        <ele>209.8000030517578125</ele>
        <time>2022-12-09T08:44:57.000Z</time>
        <extensions>
          <ns3:TrackPointExtension>
            <ns3:hr>163</ns3:hr>
            <ns3:cad>86</ns3:cad>
          </ns3:TrackPointExtension>
        </extensions>
      </trkpt>
      <trkpt lat="23.19068701006472110748291015625" lon="113.298592530190944671630859375">
        <ele>210.1999969482421875</ele>
        <time>2022-12-09T08:44:58.000Z</time>
        <extensions>
          <ns3:TrackPointExtension>
            <ns3:hr>167</ns3:hr>
            <ns3:cad>86</ns3:cad>
          </ns3:TrackPointExtension>
        </extensions>
      </trkpt>
      <trkpt lat="23.19064359180629253387451171875" lon="113.29857920296490192413330078125">
        <ele>211.399993896484375</ele>
        <time>2022-12-09T08:45:00.000Z</time>
        <extensions>
          <ns3:TrackPointExtension>
            <ns3:hr>170</ns3:hr>
            <ns3:cad>86</ns3:cad>
          </ns3:TrackPointExtension>
        </extensions>
      </trkpt>
      <trkpt lat="23.19060017354786396026611328125" lon="113.298572413623332977294921875">
        <ele>212.399993896484375</ele>
        <time>2022-12-09T08:45:02.000Z</time>
        <extensions>
          <ns3:TrackPointExtension>
            <ns3:hr>173</ns3:hr>
            <ns3:cad>85</ns3:cad>
          </ns3:TrackPointExtension>
        </extensions>
      </trkpt>
      <trkpt lat="23.19055876694619655609130859375" lon="113.2985729165375232696533203125">
        <ele>213.600006103515625</ele>
        <time>2022-12-09T08:45:04.000Z</time>
        <extensions>
          <ns3:TrackPointExtension>
            <ns3:hr>180</ns3:hr>
            <ns3:cad>85</ns3:cad>
          </ns3:TrackPointExtension>
        </extensions>
      </trkpt>
      <trkpt lat="23.190539069473743438720703125" lon="113.29857341945171356201171875">
        <ele>214.1999969482421875</ele>
        <time>2022-12-09T08:45:05.000Z</time>
        <extensions>
          <ns3:TrackPointExtension>
            <ns3:hr>184</ns3:hr>
            <ns3:cad>85</ns3:cad>
          </ns3:TrackPointExtension>
        </extensions>
      </trkpt>
      <trkpt lat="23.190474025905132293701171875" lon="113.298571072518825531005859375">
        <ele>216.1999969482421875</ele>
        <time>2022-12-09T08:45:08.000Z</time>
        <extensions>
          <ns3:TrackPointExtension>
            <ns3:hr>187</ns3:hr>
            <ns3:cad>86</ns3:cad>
          </ns3:TrackPointExtension>
        </extensions>
      </trkpt>
      <trkpt lat="23.1904540769755840301513671875" lon="113.2985754311084747314453125">
        <ele>216.600006103515625</ele>
        <time>2022-12-09T08:45:09.000Z</time>
        <extensions>
          <ns3:TrackPointExtension>
            <ns3:hr>182</ns3:hr>
            <ns3:cad>86</ns3:cad>
          </ns3:TrackPointExtension>
        </extensions>
      </trkpt>
      <trkpt lat="23.19030471146106719970703125" lon="113.298580460250377655029296875">
        <ele>218.8000030517578125</ele>
        <time>2022-12-09T08:45:18.000Z</time>
        <extensions>
          <ns3:TrackPointExtension>
            <ns3:hr>179</ns3:hr>
            <ns3:cad>61</ns3:cad>
          </ns3:TrackPointExtension>
        </extensions>
      </trkpt>
      <trkpt lat="23.19026573561131954193115234375" lon="113.29858724959194660186767578125">
        <ele>219.600006103515625</ele>
        <time>2022-12-09T08:45:21.000Z</time>
        <extensions>
          <ns3:TrackPointExtension>
            <ns3:hr>176</ns3:hr>
            <ns3:cad>57</ns3:cad>
          </ns3:TrackPointExtension>
        </extensions>
      </trkpt>
      <trkpt lat="23.190160878002643585205078125" lon="113.2986188493669033050537109375">
        <ele>221.1999969482421875</ele>
        <time>2022-12-09T08:45:29.000Z</time>
        <extensions>
          <ns3:TrackPointExtension>
            <ns3:hr>174</ns3:hr>
            <ns3:cad>61</ns3:cad>
          </ns3:TrackPointExtension>
        </extensions>
      </trkpt>
      <trkpt lat="23.19008904509246349334716796875" lon="113.29864776693284511566162109375">
        <ele>221.1999969482421875</ele>
        <time>2022-12-09T08:45:35.000Z</time>
        <extensions>
          <ns3:TrackPointExtension>
            <ns3:hr>171</ns3:hr>
            <ns3:cad>61</ns3:cad>
          </ns3:TrackPointExtension>
        </extensions>
      </trkpt>
      <trkpt lat="23.1900517456233501434326171875" lon="113.2986607588827610015869140625">
        <ele>221.1999969482421875</ele>
        <time>2022-12-09T08:45:39.000Z</time>
        <extensions>
          <ns3:TrackPointExtension>
            <ns3:hr>168</ns3:hr>
            <ns3:cad>61</ns3:cad>
          </ns3:TrackPointExtension>
        </extensions>
      </trkpt>
      <trkpt lat="23.19000505842268466949462890625" lon="113.2986785285174846649169921875">
        <ele>221.600006103515625</ele>
        <time>2022-12-09T08:45:43.000Z</time>
        <extensions>
          <ns3:TrackPointExtension>
            <ns3:hr>165</ns3:hr>
            <ns3:cad>61</ns3:cad>
          </ns3:TrackPointExtension>
        </extensions>
      </trkpt>
      <trkpt lat="23.18992475979030132293701171875" lon="113.29873166978359222412109375">
        <ele>223.600006103515625</ele>
        <time>2022-12-09T08:45:51.000Z</time>
        <extensions>
          <ns3:TrackPointExtension>
            <ns3:hr>163</ns3:hr>
            <ns3:cad>61</ns3:cad>
          </ns3:TrackPointExtension>
        </extensions>
      </trkpt>
      <trkpt lat="23.1899146176874637603759765625" lon="113.2987351901829242706298828125">
        <ele>223.8000030517578125</ele>
        <time>2022-12-09T08:45:52.000Z</time>
        <extensions>
          <ns3:TrackPointExtension>
            <ns3:hr>160</ns3:hr>
            <ns3:cad>61</ns3:cad>
          </ns3:TrackPointExtension>
        </extensions>
      </trkpt>
      <trkpt lat="23.1899146176874637603759765625" lon="113.2987351901829242706298828125">
        <ele>223.8000030517578125</ele>
        <time>2022-12-09T08:45:53.000Z</time>
        <extensions>
          <ns3:TrackPointExtension>
            <ns3:hr>156</ns3:hr>
            <ns3:cad>61</ns3:cad>
          </ns3:TrackPointExtension>
        </extensions>
      </trkpt>
      <trkpt lat="23.18989458493888378143310546875" lon="113.29873929731547832489013671875">
        <ele>223.600006103515625</ele>
        <time>2022-12-09T08:45:54.000Z</time>
        <extensions>
          <ns3:TrackPointExtension>
            <ns3:hr>156</ns3:hr>
            <ns3:cad>61</ns3:cad>
          </ns3:TrackPointExtension>
        </extensions>
      </trkpt>
      <trkpt lat="23.18971269764006137847900390625" lon="113.29880140721797943115234375">
        <ele>222.399993896484375</ele>
        <time>2022-12-09T08:46:11.000Z</time>
        <extensions>
          <ns3:TrackPointExtension>
            <ns3:hr>154</ns3:hr>
            <ns3:cad>61</ns3:cad>
          </ns3:TrackPointExtension>
        </extensions>
      </trkpt>
      <trkpt lat="23.1896986998617649078369140625" lon="113.29880635254085063934326171875">
        <ele>222.1999969482421875</ele>
        <time>2022-12-09T08:46:12.000Z</time>
        <extensions>
          <ns3:TrackPointExtension>
            <ns3:hr>153</ns3:hr>
            <ns3:cad>61</ns3:cad>
          </ns3:TrackPointExtension>
        </extensions>
      </trkpt>
      <trkpt lat="23.1896527670323848724365234375" lon="113.2988034188747406005859375">
        <ele>221.399993896484375</ele>
        <time>2022-12-09T08:46:17.000Z</time>
        <extensions>
          <ns3:TrackPointExtension>
            <ns3:hr>150</ns3:hr>
            <ns3:cad>61</ns3:cad>
          </ns3:TrackPointExtension>
        </extensions>
      </trkpt>
      <trkpt lat="23.1896388530731201171875" lon="113.2988052628934383392333984375">
        <ele>221.1999969482421875</ele>
        <time>2022-12-09T08:46:18.000Z</time>
        <extensions>
          <ns3:TrackPointExtension>
            <ns3:hr>150</ns3:hr>
            <ns3:cad>61</ns3:cad>
          </ns3:TrackPointExtension>
        </extensions>
      </trkpt>
      <trkpt lat="23.18945269100368022918701171875" lon="113.29883635975420475006103515625">
        <ele>219.600006103515625</ele>
        <time>2022-12-09T08:46:32.000Z</time>
        <extensions>
          <ns3:TrackPointExtension>
            <ns3:hr>148</ns3:hr>
            <ns3:cad>61</ns3:cad>
          </ns3:TrackPointExtension>
        </extensions>
      </trkpt>
      <trkpt lat="23.18943927995860576629638671875" lon="113.2988411374390125274658203125">
        <ele>219.600006103515625</ele>
        <time>2022-12-09T08:46:33.000Z</time>
        <extensions>
          <ns3:TrackPointExtension>
            <ns3:hr>148</ns3:hr>
            <ns3:cad>61</ns3:cad>
          </ns3:TrackPointExtension>
        </extensions>
      </trkpt>
      <trkpt lat="23.18941564299166202545166015625" lon="113.2988582365214824676513671875">
        <ele>220</ele>
        <time>2022-12-09T08:46:35.000Z</time>
        <extensions>
          <ns3:TrackPointExtension>
            <ns3:hr>148</ns3:hr>
            <ns3:cad>59</ns3:cad>
          </ns3:TrackPointExtension>
        </extensions>
      </trkpt>
      <trkpt lat="23.1893513537943363189697265625" lon="113.29891540110111236572265625">
        <ele>221</ele>
        <time>2022-12-09T08:46:41.000Z</time>
        <extensions>
          <ns3:TrackPointExtension>
            <ns3:hr>145</ns3:hr>
            <ns3:cad>55</ns3:cad>
          </ns3:TrackPointExtension>
        </extensions>
      </trkpt>
      <trkpt lat="23.18921280093491077423095703125" lon="113.299050517380237579345703125">
        <ele>221.1999969482421875</ele>
        <time>2022-12-09T08:46:56.000Z</time>
        <extensions>
          <ns3:TrackPointExtension>
            <ns3:hr>143</ns3:hr>
            <ns3:cad>61</ns3:cad>
          </ns3:TrackPointExtension>
        </extensions>
      </trkpt>
      <trkpt lat="23.1890821270644664764404296875" lon="113.2991804368793964385986328125">
        <ele>223.8000030517578125</ele>
        <time>2022-12-09T08:47:10.000Z</time>
        <extensions>
          <ns3:TrackPointExtension>
            <ns3:hr>141</ns3:hr>
            <ns3:cad>62</ns3:cad>
          </ns3:TrackPointExtension>
        </extensions>
      </trkpt>
      <trkpt lat="23.18897341378033161163330078125" lon="113.29920449294149875640869140625">
        <ele>222.8000030517578125</ele>
        <time>2022-12-09T08:47:16.000Z</time>
        <extensions>
          <ns3:TrackPointExtension>
            <ns3:hr>136</ns3:hr>
            <ns3:cad>84</ns3:cad>
          </ns3:TrackPointExtension>
        </extensions>
      </trkpt>
      <trkpt lat="23.1889379583299160003662109375" lon="113.2992139644920825958251953125">
        <ele>222.399993896484375</ele>
        <time>2022-12-09T08:47:18.000Z</time>
        <extensions>
          <ns3:TrackPointExtension>
            <ns3:hr>139</ns3:hr>
            <ns3:cad>85</ns3:cad>
          </ns3:TrackPointExtension>
        </extensions>
      </trkpt>
      <trkpt lat="23.1888980604708194732666015625" lon="113.29922041855752468109130859375">
        <ele>221.600006103515625</ele>
        <time>2022-12-09T08:47:20.000Z</time>
        <extensions>
          <ns3:TrackPointExtension>
            <ns3:hr>142</ns3:hr>
            <ns3:cad>85</ns3:cad>
          </ns3:TrackPointExtension>
        </extensions>
      </trkpt>
      <trkpt lat="23.18885724060237407684326171875" lon="113.29922653734683990478515625">
        <ele>219.8000030517578125</ele>
        <time>2022-12-09T08:47:22.000Z</time>
        <extensions>
          <ns3:TrackPointExtension>
            <ns3:hr>145</ns3:hr>
            <ns3:cad>85</ns3:cad>
          </ns3:TrackPointExtension>
        </extensions>
      </trkpt>
      <trkpt lat="23.18881248123943805694580078125" lon="113.2992307282984256744384765625">
        <ele>218</ele>
        <time>2022-12-09T08:47:24.000Z</time>
        <extensions>
          <ns3:TrackPointExtension>
            <ns3:hr>154</ns3:hr>
            <ns3:cad>84</ns3:cad>
          </ns3:TrackPointExtension>
        </extensions>
      </trkpt>
      <trkpt lat="23.18878750316798686981201171875" lon="113.2992360927164554595947265625">
        <ele>217.600006103515625</ele>
        <time>2022-12-09T08:47:25.000Z</time>
        <extensions>
          <ns3:TrackPointExtension>
            <ns3:hr>158</ns3:hr>
            <ns3:cad>84</ns3:cad>
          </ns3:TrackPointExtension>
        </extensions>
      </trkpt>
      <trkpt lat="23.18876604549586772918701171875" lon="113.29924908466637134552001953125">
        <ele>218</ele>
        <time>2022-12-09T08:47:26.000Z</time>
        <extensions>
          <ns3:TrackPointExtension>
            <ns3:hr>161</ns3:hr>
            <ns3:cad>85</ns3:cad>
          </ns3:TrackPointExtension>
        </extensions>
      </trkpt>
      <trkpt lat="23.1887471862137317657470703125" lon="113.29925813712179660797119140625">
        <ele>218.1999969482421875</ele>
        <time>2022-12-09T08:47:27.000Z</time>
        <extensions>
          <ns3:TrackPointExtension>
            <ns3:hr>161</ns3:hr>
            <ns3:cad>85</ns3:cad>
          </ns3:TrackPointExtension>
        </extensions>
      </trkpt>
      <trkpt lat="23.188658840954303741455078125" lon="113.29927272163331508636474609375">
        <ele>217.8000030517578125</ele>
        <time>2022-12-09T08:47:31.000Z</time>
        <extensions>
          <ns3:TrackPointExtension>
            <ns3:hr>164</ns3:hr>
            <ns3:cad>85</ns3:cad>
          </ns3:TrackPointExtension>
        </extensions>
      </trkpt>
      <trkpt lat="23.1886375509202480316162109375" lon="113.29926970414817333221435546875">
        <ele>217</ele>
        <time>2022-12-09T08:47:32.000Z</time>
        <extensions>
          <ns3:TrackPointExtension>
            <ns3:hr>161</ns3:hr>
            <ns3:cad>85</ns3:cad>
          </ns3:TrackPointExtension>
        </extensions>
      </trkpt>
      <trkpt lat="23.18856789730489253997802734375" lon="113.2992749847471714019775390625">
        <ele>214.8000030517578125</ele>
        <time>2022-12-09T08:47:35.000Z</time>
        <extensions>
          <ns3:TrackPointExtension>
            <ns3:hr>167</ns3:hr>
            <ns3:cad>84</ns3:cad>
          </ns3:TrackPointExtension>
        </extensions>
      </trkpt>
      <trkpt lat="23.18838014267385005950927734375" lon="113.2992317341268062591552734375">
        <ele>212</ele>
        <time>2022-12-09T08:47:44.000Z</time>
        <extensions>
          <ns3:TrackPointExtension>
            <ns3:hr>173</ns3:hr>
            <ns3:cad>84</ns3:cad>
          </ns3:TrackPointExtension>
        </extensions>
      </trkpt>
      <trkpt lat="23.18835013546049594879150390625" lon="113.29921714961528778076171875">
        <ele>211.600006103515625</ele>
        <time>2022-12-09T08:47:46.000Z</time>
        <extensions>
          <ns3:TrackPointExtension>
            <ns3:hr>177</ns3:hr>
            <ns3:cad>84</ns3:cad>
          </ns3:TrackPointExtension>
        </extensions>
      </trkpt>
      <trkpt lat="23.18828207440674304962158203125" lon="113.29917046241462230682373046875">
        <ele>210.399993896484375</ele>
        <time>2022-12-09T08:47:51.000Z</time>
        <extensions>
          <ns3:TrackPointExtension>
            <ns3:hr>174</ns3:hr>
            <ns3:cad>83</ns3:cad>
          </ns3:TrackPointExtension>
        </extensions>
      </trkpt>
      <trkpt lat="23.18822423927485942840576171875" lon="113.29911698587238788604736328125">
        <ele>209.8000030517578125</ele>
        <time>2022-12-09T08:47:55.000Z</time>
        <extensions>
          <ns3:TrackPointExtension>
            <ns3:hr>169</ns3:hr>
            <ns3:cad>83</ns3:cad>
          </ns3:TrackPointExtension>
        </extensions>
      </trkpt>
      <trkpt lat="23.18821485154330730438232421875" lon="113.29908781684935092926025390625">
        <ele>210</ele>
        <time>2022-12-09T08:47:57.000Z</time>
        <extensions>
          <ns3:TrackPointExtension>
            <ns3:hr>169</ns3:hr>
            <ns3:cad>83</ns3:cad>
          </ns3:TrackPointExtension>
        </extensions>
      </trkpt>
      <trkpt lat="23.1881912983953952789306640625" lon="113.2990667782723903656005859375">
        <ele>209.600006103515625</ele>
        <time>2022-12-09T08:47:59.000Z</time>
        <extensions>
          <ns3:TrackPointExtension>
            <ns3:hr>172</ns3:hr>
            <ns3:cad>83</ns3:cad>
          </ns3:TrackPointExtension>
        </extensions>
      </trkpt>
      <trkpt lat="23.1881797313690185546875" lon="113.29906518571078777313232421875">
        <ele>209</ele>
        <time>2022-12-09T08:48:00.000Z</time>
        <extensions>
          <ns3:TrackPointExtension>
            <ns3:hr>176</ns3:hr>
            <ns3:cad>83</ns3:cad>
          </ns3:TrackPointExtension>
        </extensions>
      </trkpt>
      <trkpt lat="23.18816757760941982269287109375" lon="113.29906434752047061920166015625">
        <ele>208.399993896484375</ele>
        <time>2022-12-09T08:48:01.000Z</time>
        <extensions>
          <ns3:TrackPointExtension>
            <ns3:hr>176</ns3:hr>
            <ns3:cad>0</ns3:cad>
          </ns3:TrackPointExtension>
        </extensions>
      </trkpt>
      <trkpt lat="23.188143856823444366455078125" lon="113.2990647666156291961669921875">
        <ele>207.399993896484375</ele>
        <time>2022-12-09T08:48:03.000Z</time>
        <extensions>
          <ns3:TrackPointExtension>
            <ns3:hr>178</ns3:hr>
            <ns3:cad>0</ns3:cad>
          </ns3:TrackPointExtension>
        </extensions>
      </trkpt>
      <trkpt lat="23.188116364181041717529296875" lon="113.29905143938958644866943359375">
        <ele>206.399993896484375</ele>
        <time>2022-12-09T08:48:05.000Z</time>
        <extensions>
          <ns3:TrackPointExtension>
            <ns3:hr>174</ns3:hr>
            <ns3:cad>61</ns3:cad>
          </ns3:TrackPointExtension>
        </extensions>
      </trkpt>
      <trkpt lat="23.18802206777036190032958984375" lon="113.2989594899117946624755859375">
        <ele>204.399993896484375</ele>
        <time>2022-12-09T08:48:15.000Z</time>
        <extensions>
          <ns3:TrackPointExtension>
            <ns3:hr>171</ns3:hr>
            <ns3:cad>61</ns3:cad>
          </ns3:TrackPointExtension>
        </extensions>
      </trkpt>
      <trkpt lat="23.188017122447490692138671875" lon="113.29895454458892345428466796875">
        <ele>204.1999969482421875</ele>
        <time>2022-12-09T08:48:16.000Z</time>
        <extensions>
          <ns3:TrackPointExtension>
            <ns3:hr>171</ns3:hr>
            <ns3:cad>61</ns3:cad>
          </ns3:TrackPointExtension>
        </extensions>
      </trkpt>
      <trkpt lat="23.18801251240074634552001953125" lon="113.298950605094432830810546875">
        <ele>204</ele>
        <time>2022-12-09T08:48:17.000Z</time>
        <extensions>
          <ns3:TrackPointExtension>
            <ns3:hr>171</ns3:hr>
            <ns3:cad>61</ns3:cad>
          </ns3:TrackPointExtension>
        </extensions>
      </trkpt>
      <trkpt lat="23.1879988498985767364501953125" lon="113.2989294826984405517578125">
        <ele>204</ele>
        <time>2022-12-09T08:48:20.000Z</time>
        <extensions>
          <ns3:TrackPointExtension>
            <ns3:hr>172</ns3:hr>
            <ns3:cad>61</ns3:cad>
          </ns3:TrackPointExtension>
        </extensions>
      </trkpt>
      <trkpt lat="23.18788133561611175537109375" lon="113.29880802892148494720458984375">
        <ele>205.399993896484375</ele>
        <time>2022-12-09T08:48:35.000Z</time>
        <extensions>
          <ns3:TrackPointExtension>
            <ns3:hr>169</ns3:hr>
            <ns3:cad>58</ns3:cad>
          </ns3:TrackPointExtension>
        </extensions>
      </trkpt>
      <trkpt lat="23.18786633200943470001220703125" lon="113.29877860844135284423828125">
        <ele>206.1999969482421875</ele>
        <time>2022-12-09T08:48:38.000Z</time>
        <extensions>
          <ns3:TrackPointExtension>
            <ns3:hr>166</ns3:hr>
            <ns3:cad>58</ns3:cad>
          </ns3:TrackPointExtension>
        </extensions>
      </trkpt>
      <trkpt lat="23.18781503476202487945556640625" lon="113.2986805401742458343505859375">
        <ele>208.8000030517578125</ele>
        <time>2022-12-09T08:48:47.000Z</time>
        <extensions>
          <ns3:TrackPointExtension>
            <ns3:hr>163</ns3:hr>
            <ns3:cad>61</ns3:cad>
          </ns3:TrackPointExtension>
        </extensions>
      </trkpt>
      <trkpt lat="23.18778921850025653839111328125" lon="113.2986319251358509063720703125">
        <ele>209.8000030517578125</ele>
        <time>2022-12-09T08:48:51.000Z</time>
        <extensions>
          <ns3:TrackPointExtension>
            <ns3:hr>160</ns3:hr>
            <ns3:cad>61</ns3:cad>
          </ns3:TrackPointExtension>
        </extensions>
      </trkpt>
      <trkpt lat="23.18778536282479763031005859375" lon="113.2986201904714107513427734375">
        <ele>210</ele>
        <time>2022-12-09T08:48:52.000Z</time>
        <extensions>
          <ns3:TrackPointExtension>
            <ns3:hr>156</ns3:hr>
            <ns3:cad>61</ns3:cad>
          </ns3:TrackPointExtension>
        </extensions>
      </trkpt>
      <trkpt lat="23.1877799145877361297607421875" lon="113.29861071892082691192626953125">
        <ele>210.1999969482421875</ele>
        <time>2022-12-09T08:48:53.000Z</time>
        <extensions>
          <ns3:TrackPointExtension>
            <ns3:hr>149</ns3:hr>
            <ns3:cad>61</ns3:cad>
          </ns3:TrackPointExtension>
        </extensions>
      </trkpt>
      <trkpt lat="23.187680505216121673583984375" lon="113.29844609834253787994384765625">
        <ele>213</ele>
        <time>2022-12-09T08:49:09.000Z</time>
        <extensions>
          <ns3:TrackPointExtension>
            <ns3:hr>149</ns3:hr>
            <ns3:cad>61</ns3:cad>
          </ns3:TrackPointExtension>
        </extensions>
      </trkpt>
      <trkpt lat="23.1875569559633731842041015625" lon="113.2983006723225116729736328125">
        <ele>215.8000030517578125</ele>
        <time>2022-12-09T08:49:18.000Z</time>
        <extensions>
          <ns3:TrackPointExtension>
            <ns3:hr>148</ns3:hr>
            <ns3:cad>61</ns3:cad>
          </ns3:TrackPointExtension>
        </extensions>
      </trkpt>
      <trkpt lat="23.18747841753065586090087890625" lon="113.29812012612819671630859375">
        <ele>222.8000030517578125</ele>
        <time>2022-12-09T08:49:26.000Z</time>
        <extensions>
          <ns3:TrackPointExtension>
            <ns3:hr>146</ns3:hr>
            <ns3:cad>83</ns3:cad>
          </ns3:TrackPointExtension>
        </extensions>
      </trkpt>
      <trkpt lat="23.18745352327823638916015625" lon="113.29806874506175518035888671875">
        <ele>225</ele>
        <time>2022-12-09T08:49:28.000Z</time>
        <extensions>
          <ns3:TrackPointExtension>
            <ns3:hr>153</ns3:hr>
            <ns3:cad>84</ns3:cad>
          </ns3:TrackPointExtension>
        </extensions>
      </trkpt>
      <trkpt lat="23.18741521798074245452880859375" lon="113.29802758991718292236328125">
        <ele>227</ele>
        <time>2022-12-09T08:49:30.000Z</time>
        <extensions>
          <ns3:TrackPointExtension>
            <ns3:hr>158</ns3:hr>
            <ns3:cad>86</ns3:cad>
          </ns3:TrackPointExtension>
        </extensions>
      </trkpt>
      <trkpt lat="23.18737582303583621978759765625" lon="113.29799883998930454254150390625">
        <ele>227.600006103515625</ele>
        <time>2022-12-09T08:49:32.000Z</time>
        <extensions>
          <ns3:TrackPointExtension>
            <ns3:hr>162</ns3:hr>
            <ns3:cad>85</ns3:cad>
          </ns3:TrackPointExtension>
        </extensions>
      </trkpt>
      <trkpt lat="23.1873581372201442718505859375" lon="113.29798509366810321807861328125">
        <ele>228</ele>
        <time>2022-12-09T08:49:33.000Z</time>
        <extensions>
          <ns3:TrackPointExtension>
            <ns3:hr>165</ns3:hr>
            <ns3:cad>85</ns3:cad>
          </ns3:TrackPointExtension>
        </extensions>
      </trkpt>
      <trkpt lat="23.1872525252401828765869140625" lon="113.2979379035532474517822265625">
        <ele>229.1999969482421875</ele>
        <time>2022-12-09T08:49:38.000Z</time>
        <extensions>
          <ns3:TrackPointExtension>
            <ns3:hr>168</ns3:hr>
            <ns3:cad>86</ns3:cad>
          </ns3:TrackPointExtension>
        </extensions>
      </trkpt>
      <trkpt lat="23.187049515545368194580078125" lon="113.29795139841735363006591796875">
        <ele>227.399993896484375</ele>
        <time>2022-12-09T08:49:47.000Z</time>
        <extensions>
          <ns3:TrackPointExtension>
            <ns3:hr>172</ns3:hr>
            <ns3:cad>86</ns3:cad>
          </ns3:TrackPointExtension>
        </extensions>
      </trkpt>
      <trkpt lat="23.18699084222316741943359375" lon="113.29800504259765148162841796875">
        <ele>223.600006103515625</ele>
        <time>2022-12-09T08:49:50.000Z</time>
        <extensions>
          <ns3:TrackPointExtension>
            <ns3:hr>175</ns3:hr>
            <ns3:cad>87</ns3:cad>
          </ns3:TrackPointExtension>
        </extensions>
      </trkpt>
      <trkpt lat="23.186956308782100677490234375" lon="113.29800705425441265106201171875">
        <ele>223.399993896484375</ele>
        <time>2022-12-09T08:49:52.000Z</time>
        <extensions>
          <ns3:TrackPointExtension>
            <ns3:hr>176</ns3:hr>
            <ns3:cad>85</ns3:cad>
          </ns3:TrackPointExtension>
        </extensions>
      </trkpt>
      <trkpt lat="23.186921440064907073974609375" lon="113.2980522327125072479248046875">
        <ele>220.8000030517578125</ele>
        <time>2022-12-09T08:49:56.000Z</time>
        <extensions>
          <ns3:TrackPointExtension>
            <ns3:hr>172</ns3:hr>
            <ns3:cad>58</ns3:cad>
          </ns3:TrackPointExtension>
        </extensions>
      </trkpt>
      <trkpt lat="23.18690693937242031097412109375" lon="113.29806338064372539520263671875">
        <ele>219.399993896484375</ele>
        <time>2022-12-09T08:49:58.000Z</time>
        <extensions>
          <ns3:TrackPointExtension>
            <ns3:hr>175</ns3:hr>
            <ns3:cad>55</ns3:cad>
          </ns3:TrackPointExtension>
        </extensions>
      </trkpt>
      <trkpt lat="23.1868703104555606842041015625" lon="113.29810780473053455352783203125">
        <ele>212.8000030517578125</ele>
        <time>2022-12-09T08:50:06.000Z</time>
        <extensions>
          <ns3:TrackPointExtension>
            <ns3:hr>174</ns3:hr>
            <ns3:cad>61</ns3:cad>
          </ns3:TrackPointExtension>
        </extensions>
      </trkpt>
      <trkpt lat="23.18683971650898456573486328125" lon="113.29812909476459026336669921875">
        <ele>210.1999969482421875</ele>
        <time>2022-12-09T08:50:09.000Z</time>
        <extensions>
          <ns3:TrackPointExtension>
            <ns3:hr>171</ns3:hr>
            <ns3:cad>60</ns3:cad>
          </ns3:TrackPointExtension>
        </extensions>
      </trkpt>
      <trkpt lat="23.186828903853893280029296875" lon="113.29815507866442203521728515625">
        <ele>207.8000030517578125</ele>
        <time>2022-12-09T08:50:11.000Z</time>
        <extensions>
          <ns3:TrackPointExtension>
            <ns3:hr>165</ns3:hr>
            <ns3:cad>60</ns3:cad>
          </ns3:TrackPointExtension>
        </extensions>
      </trkpt>
      <trkpt lat="23.1868211925029754638671875" lon="113.2981628738343715667724609375">
        <ele>207</ele>
        <time>2022-12-09T08:50:12.000Z</time>
        <extensions>
          <ns3:TrackPointExtension>
            <ns3:hr>164</ns3:hr>
            <ns3:cad>60</ns3:cad>
          </ns3:TrackPointExtension>
        </extensions>
      </trkpt>
      <trkpt lat="23.18681155331432819366455078125" lon="113.29816815443336963653564453125">
        <ele>206.600006103515625</ele>
        <time>2022-12-09T08:50:13.000Z</time>
        <extensions>
          <ns3:TrackPointExtension>
            <ns3:hr>160</ns3:hr>
            <ns3:cad>60</ns3:cad>
          </ns3:TrackPointExtension>
        </extensions>
      </trkpt>
      <trkpt lat="23.186801411211490631103515625" lon="113.2981642149388790130615234375">
        <ele>207.1999969482421875</ele>
        <time>2022-12-09T08:50:14.000Z</time>
        <extensions>
          <ns3:TrackPointExtension>
            <ns3:hr>158</ns3:hr>
            <ns3:cad>60</ns3:cad>
          </ns3:TrackPointExtension>
        </extensions>
      </trkpt>
      <trkpt lat="23.18665196187794208526611328125" lon="113.29807176254689693450927734375">
        <ele>218.600006103515625</ele>
        <time>2022-12-09T08:50:25.000Z</time>
        <extensions>
          <ns3:TrackPointExtension>
            <ns3:hr>159</ns3:hr>
            <ns3:cad>84</ns3:cad>
          </ns3:TrackPointExtension>
        </extensions>
      </trkpt>
      <trkpt lat="23.186519443988800048828125" lon="113.29798693768680095672607421875">
        <ele>229</ele>
        <time>2022-12-09T08:50:33.000Z</time>
        <extensions>
          <ns3:TrackPointExtension>
            <ns3:hr>164</ns3:hr>
            <ns3:cad>87</ns3:cad>
          </ns3:TrackPointExtension>
        </extensions>
      </trkpt>
      <trkpt lat="23.186406791210174560546875" lon="113.29793849028646945953369140625">
        <ele>234</ele>
        <time>2022-12-09T08:50:39.000Z</time>
        <extensions>
          <ns3:TrackPointExtension>
            <ns3:hr>167</ns3:hr>
            <ns3:cad>88</ns3:cad>
          </ns3:TrackPointExtension>
        </extensions>
      </trkpt>
      <trkpt lat="23.1863610260188579559326171875" lon="113.29794175922870635986328125">
        <ele>234.8000030517578125</ele>
        <time>2022-12-09T08:50:42.000Z</time>
        <extensions>
          <ns3:TrackPointExtension>
            <ns3:hr>164</ns3:hr>
            <ns3:cad>87</ns3:cad>
          </ns3:TrackPointExtension>
        </extensions>
      </trkpt>
      <trkpt lat="23.18628030829131603240966796875" lon="113.2979772984981536865234375">
        <ele>234.600006103515625</ele>
        <time>2022-12-09T08:50:46.000Z</time>
        <extensions>
          <ns3:TrackPointExtension>
            <ns3:hr>160</ns3:hr>
            <ns3:cad>85</ns3:cad>
          </ns3:TrackPointExtension>
        </extensions>
      </trkpt>
      <trkpt lat="23.18624108098447322845458984375" lon="113.2979932241141796112060546875">
        <ele>234.8000030517578125</ele>
        <time>2022-12-09T08:50:48.000Z</time>
        <extensions>
          <ns3:TrackPointExtension>
            <ns3:hr>164</ns3:hr>
            <ns3:cad>85</ns3:cad>
          </ns3:TrackPointExtension>
        </extensions>
      </trkpt>
      <trkpt lat="23.18615793250501155853271484375" lon="113.298065476119518280029296875">
        <ele>230.399993896484375</ele>
        <time>2022-12-09T08:50:53.000Z</time>
        <extensions>
          <ns3:TrackPointExtension>
            <ns3:hr>167</ns3:hr>
            <ns3:cad>86</ns3:cad>
          </ns3:TrackPointExtension>
        </extensions>
      </trkpt>
      <trkpt lat="23.18611778318881988525390625" lon="113.29808735288679599761962890625">
        <ele>229.399993896484375</ele>
        <time>2022-12-09T08:50:55.000Z</time>
        <extensions>
          <ns3:TrackPointExtension>
            <ns3:hr>170</ns3:hr>
            <ns3:cad>86</ns3:cad>
          </ns3:TrackPointExtension>
        </extensions>
      </trkpt>
      <trkpt lat="23.18601141683757305145263671875" lon="113.298259265720844268798828125">
        <ele>219.600006103515625</ele>
        <time>2022-12-09T08:51:01.000Z</time>
        <extensions>
          <ns3:TrackPointExtension>
            <ns3:hr>170</ns3:hr>
            <ns3:cad>86</ns3:cad>
          </ns3:TrackPointExtension>
        </extensions>
      </trkpt>
      <trkpt lat="23.1859995983541011810302734375" lon="113.29829338006675243377685546875">
        <ele>218</ele>
        <time>2022-12-09T08:51:03.000Z</time>
        <extensions>
          <ns3:TrackPointExtension>
            <ns3:hr>173</ns3:hr>
            <ns3:cad>86</ns3:cad>
          </ns3:TrackPointExtension>
        </extensions>
      </trkpt>
      <trkpt lat="23.18592022173106670379638671875" lon="113.29850577749311923980712890625">
        <ele>207</ele>
        <time>2022-12-09T08:51:10.000Z</time>
        <extensions>
          <ns3:TrackPointExtension>
            <ns3:hr>172</ns3:hr>
            <ns3:cad>85</ns3:cad>
          </ns3:TrackPointExtension>
        </extensions>
      </trkpt>
      <trkpt lat="23.18576783873140811920166015625" lon="113.29861658625304698944091796875">
        <ele>216.1999969482421875</ele>
        <time>2022-12-09T08:51:18.000Z</time>
        <extensions>
          <ns3:TrackPointExtension>
            <ns3:hr>171</ns3:hr>
            <ns3:cad>85</ns3:cad>
          </ns3:TrackPointExtension>
        </extensions>
      </trkpt>
      <trkpt lat="23.1857079081237316131591796875" lon="113.29859278164803981781005859375">
        <ele>219.399993896484375</ele>
        <time>2022-12-09T08:51:21.000Z</time>
        <extensions>
          <ns3:TrackPointExtension>
            <ns3:hr>170</ns3:hr>
            <ns3:cad>85</ns3:cad>
          </ns3:TrackPointExtension>
        </extensions>
      </trkpt>
      <trkpt lat="23.1856810860335826873779296875" lon="113.2985145784914493560791015625">
        <ele>224.399993896484375</ele>
        <time>2022-12-09T08:51:30.000Z</time>
        <extensions>
          <ns3:TrackPointExtension>
            <ns3:hr>170</ns3:hr>
            <ns3:cad>84</ns3:cad>
          </ns3:TrackPointExtension>
        </extensions>
      </trkpt>
      <trkpt lat="23.18568385206162929534912109375" lon="113.298494629561901092529296875">
        <ele>225.1999969482421875</ele>
        <time>2022-12-09T08:51:33.000Z</time>
        <extensions>
          <ns3:TrackPointExtension>
            <ns3:hr>171</ns3:hr>
            <ns3:cad>84</ns3:cad>
          </ns3:TrackPointExtension>
        </extensions>
      </trkpt>
      <trkpt lat="23.18568519316613674163818359375" lon="113.29847744666039943695068359375">
        <ele>226</ele>
        <time>2022-12-09T08:51:35.000Z</time>
        <extensions>
          <ns3:TrackPointExtension>
            <ns3:hr>170</ns3:hr>
            <ns3:cad>0</ns3:cad>
          </ns3:TrackPointExtension>
        </extensions>
      </trkpt>
      <trkpt lat="23.185670860111713409423828125" lon="113.2984528876841068267822265625">
        <ele>227.1999969482421875</ele>
        <time>2022-12-09T08:51:39.000Z</time>
        <extensions>
          <ns3:TrackPointExtension>
            <ns3:hr>170</ns3:hr>
            <ns3:cad>61</ns3:cad>
          </ns3:TrackPointExtension>
        </extensions>
      </trkpt>
      <trkpt lat="23.18566138856112957000732421875" lon="113.29844458959996700286865234375">
        <ele>227.600006103515625</ele>
        <time>2022-12-09T08:51:40.000Z</time>
        <extensions>
          <ns3:TrackPointExtension>
            <ns3:hr>171</ns3:hr>
            <ns3:cad>61</ns3:cad>
          </ns3:TrackPointExtension>
        </extensions>
      </trkpt>
      <trkpt lat="23.18565552122890949249267578125" lon="113.29841475002467632293701171875">
        <ele>228.8000030517578125</ele>
        <time>2022-12-09T08:51:42.000Z</time>
        <extensions>
          <ns3:TrackPointExtension>
            <ns3:hr>172</ns3:hr>
            <ns3:cad>61</ns3:cad>
          </ns3:TrackPointExtension>
        </extensions>
      </trkpt>
      <trkpt lat="23.185638673603534698486328125" lon="113.298371247947216033935546875">
        <ele>230.8000030517578125</ele>
        <time>2022-12-09T08:51:46.000Z</time>
        <extensions>
          <ns3:TrackPointExtension>
            <ns3:hr>172</ns3:hr>
            <ns3:cad>0</ns3:cad>
          </ns3:TrackPointExtension>
        </extensions>
      </trkpt>
      <trkpt lat="23.1855873763561248779296875" lon="113.2982430048286914825439453125">
        <ele>236</ele>
        <time>2022-12-09T08:51:55.000Z</time>
        <extensions>
          <ns3:TrackPointExtension>
            <ns3:hr>169</ns3:hr>
            <ns3:cad>0</ns3:cad>
          </ns3:TrackPointExtension>
        </extensions>
      </trkpt>
      <trkpt lat="23.1855831854045391082763671875" lon="113.2982175238430500030517578125">
        <ele>236.399993896484375</ele>
        <time>2022-12-09T08:51:58.000Z</time>
        <extensions>
          <ns3:TrackPointExtension>
            <ns3:hr>167</ns3:hr>
            <ns3:cad>0</ns3:cad>
          </ns3:TrackPointExtension>
        </extensions>
      </trkpt>
      <trkpt lat="23.1855516694486141204833984375" lon="113.29816329292953014373779296875">
        <ele>237.8000030517578125</ele>
        <time>2022-12-09T08:52:02.000Z</time>
        <extensions>
          <ns3:TrackPointExtension>
            <ns3:hr>165</ns3:hr>
            <ns3:cad>0</ns3:cad>
          </ns3:TrackPointExtension>
        </extensions>
      </trkpt>
      <trkpt lat="23.18549215793609619140625" lon="113.29807645641267299652099609375">
        <ele>240.1999969482421875</ele>
        <time>2022-12-09T08:52:08.000Z</time>
        <extensions>
          <ns3:TrackPointExtension>
            <ns3:hr>162</ns3:hr>
            <ns3:cad>0</ns3:cad>
          </ns3:TrackPointExtension>
        </extensions>
      </trkpt>
      <trkpt lat="23.1854557804763317108154296875" lon="113.29801912419497966766357421875">
        <ele>241.399993896484375</ele>
        <time>2022-12-09T08:52:13.000Z</time>
        <extensions>
          <ns3:TrackPointExtension>
            <ns3:hr>159</ns3:hr>
            <ns3:cad>0</ns3:cad>
          </ns3:TrackPointExtension>
        </extensions>
      </trkpt>
      <trkpt lat="23.185444884002208709716796875" lon="113.298013843595981597900390625">
        <ele>241.399993896484375</ele>
        <time>2022-12-09T08:52:14.000Z</time>
        <extensions>
          <ns3:TrackPointExtension>
            <ns3:hr>153</ns3:hr>
            <ns3:cad>0</ns3:cad>
          </ns3:TrackPointExtension>
        </extensions>
      </trkpt>
      <trkpt lat="23.18543490953743457794189453125" lon="113.298004455864429473876953125">
        <ele>241.399993896484375</ele>
        <time>2022-12-09T08:52:15.000Z</time>
        <extensions>
          <ns3:TrackPointExtension>
            <ns3:hr>153</ns3:hr>
            <ns3:cad>0</ns3:cad>
          </ns3:TrackPointExtension>
        </extensions>
      </trkpt>
      <trkpt lat="23.185308091342449188232421875" lon="113.2978446967899799346923828125">
        <ele>243.600006103515625</ele>
        <time>2022-12-09T08:52:27.000Z</time>
        <extensions>
          <ns3:TrackPointExtension>
            <ns3:hr>154</ns3:hr>
            <ns3:cad>61</ns3:cad>
          </ns3:TrackPointExtension>
        </extensions>
      </trkpt>
      <trkpt lat="23.18520893342792987823486328125" lon="113.29779901541769504547119140625">
        <ele>243.1999969482421875</ele>
        <time>2022-12-09T08:52:39.000Z</time>
        <extensions>
          <ns3:TrackPointExtension>
            <ns3:hr>151</ns3:hr>
            <ns3:cad>61</ns3:cad>
          </ns3:TrackPointExtension>
        </extensions>
      </trkpt>
      <trkpt lat="23.185174651443958282470703125" lon="113.297712095081806182861328125">
        <ele>245</ele>
        <time>2022-12-09T08:52:45.000Z</time>
        <extensions>
          <ns3:TrackPointExtension>
            <ns3:hr>148</ns3:hr>
            <ns3:cad>61</ns3:cad>
          </ns3:TrackPointExtension>
        </extensions>
      </trkpt>
      <trkpt lat="23.185110948979854583740234375" lon="113.29765970818698406219482421875">
        <ele>245.1999969482421875</ele>
        <time>2022-12-09T08:52:52.000Z</time>
        <extensions>
          <ns3:TrackPointExtension>
            <ns3:hr>145</ns3:hr>
            <ns3:cad>0</ns3:cad>
          </ns3:TrackPointExtension>
        </extensions>
      </trkpt>
      <trkpt lat="23.1850695423781871795654296875" lon="113.29766188748180866241455078125">
        <ele>244.399993896484375</ele>
        <time>2022-12-09T08:52:58.000Z</time>
        <extensions>
          <ns3:TrackPointExtension>
            <ns3:hr>144</ns3:hr>
            <ns3:cad>0</ns3:cad>
          </ns3:TrackPointExtension>
        </extensions>
      </trkpt>
      <trkpt lat="23.185072056949138641357421875" lon="113.29765216447412967681884765625">
        <ele>244.600006103515625</ele>
        <time>2022-12-09T08:53:03.000Z</time>
        <extensions>
          <ns3:TrackPointExtension>
            <ns3:hr>138</ns3:hr>
            <ns3:cad>0</ns3:cad>
          </ns3:TrackPointExtension>
        </extensions>
      </trkpt>
      <trkpt lat="23.18508035503327846527099609375" lon="113.297649063169956207275390625">
        <ele>245</ele>
        <time>2022-12-09T08:53:05.000Z</time>
        <extensions>
          <ns3:TrackPointExtension>
            <ns3:hr>138</ns3:hr>
            <ns3:cad>0</ns3:cad>
          </ns3:TrackPointExtension>
        </extensions>
      </trkpt>
      <trkpt lat="23.18508303724229335784912109375" lon="113.29764411784708499908447265625">
        <ele>245.1999969482421875</ele>
        <time>2022-12-09T08:53:07.000Z</time>
        <extensions>
          <ns3:TrackPointExtension>
            <ns3:hr>137</ns3:hr>
            <ns3:cad>61</ns3:cad>
          </ns3:TrackPointExtension>
        </extensions>
      </trkpt>
      <trkpt lat="23.18505420349538326263427734375" lon="113.29761561937630176544189453125">
        <ele>245.399993896484375</ele>
        <time>2022-12-09T08:53:11.000Z</time>
        <extensions>
          <ns3:TrackPointExtension>
            <ns3:hr>136</ns3:hr>
            <ns3:cad>61</ns3:cad>
          </ns3:TrackPointExtension>
        </extensions>
      </trkpt>
      <trkpt lat="23.18497717380523681640625" lon="113.29759198240935802459716796875">
        <ele>244.600006103515625</ele>
        <time>2022-12-09T08:53:19.000Z</time>
        <extensions>
          <ns3:TrackPointExtension>
            <ns3:hr>134</ns3:hr>
            <ns3:cad>58</ns3:cad>
          </ns3:TrackPointExtension>
        </extensions>
      </trkpt>
      <trkpt lat="23.18494222126901149749755859375" lon="113.29759583808481693267822265625">
        <ele>243.8000030517578125</ele>
        <time>2022-12-09T08:53:23.000Z</time>
        <extensions>
          <ns3:TrackPointExtension>
            <ns3:hr>135</ns3:hr>
            <ns3:cad>58</ns3:cad>
          </ns3:TrackPointExtension>
        </extensions>
      </trkpt>
      <trkpt lat="23.1848553009331226348876953125" lon="113.29757027328014373779296875">
        <ele>243.399993896484375</ele>
        <time>2022-12-09T08:53:34.000Z</time>
        <extensions>
          <ns3:TrackPointExtension>
            <ns3:hr>136</ns3:hr>
            <ns3:cad>0</ns3:cad>
          </ns3:TrackPointExtension>
        </extensions>
      </trkpt>
      <trkpt lat="23.184829652309417724609375" lon="113.29756130464375019073486328125">
        <ele>243.600006103515625</ele>
        <time>2022-12-09T08:53:37.000Z</time>
        <extensions>
          <ns3:TrackPointExtension>
            <ns3:hr>136</ns3:hr>
            <ns3:cad>61</ns3:cad>
          </ns3:TrackPointExtension>
        </extensions>
      </trkpt>
      <trkpt lat="23.18467676639556884765625" lon="113.29745384864509105682373046875">
        <ele>246</ele>
        <time>2022-12-09T08:53:52.000Z</time>
        <extensions>
          <ns3:TrackPointExtension>
            <ns3:hr>137</ns3:hr>
            <ns3:cad>61</ns3:cad>
          </ns3:TrackPointExtension>
        </extensions>
      </trkpt>
      <trkpt lat="23.184507787227630615234375" lon="113.2974567823112010955810546875">
        <ele>245.8000030517578125</ele>
        <time>2022-12-09T08:54:10.000Z</time>
        <extensions>
          <ns3:TrackPointExtension>
            <ns3:hr>136</ns3:hr>
            <ns3:cad>61</ns3:cad>
          </ns3:TrackPointExtension>
        </extensions>
      </trkpt>
      <trkpt lat="23.1843332760035991668701171875" lon="113.2974956743419170379638671875">
        <ele>246.600006103515625</ele>
        <time>2022-12-09T08:54:24.000Z</time>
        <extensions>
          <ns3:TrackPointExtension>
            <ns3:hr>137</ns3:hr>
            <ns3:cad>61</ns3:cad>
          </ns3:TrackPointExtension>
        </extensions>
      </trkpt>
      <trkpt lat="23.1843148358166217803955078125" lon="113.297504894435405731201171875">
        <ele>247.1999969482421875</ele>
        <time>2022-12-09T08:54:26.000Z</time>
        <extensions>
          <ns3:TrackPointExtension>
            <ns3:hr>137</ns3:hr>
            <ns3:cad>61</ns3:cad>
          </ns3:TrackPointExtension>
        </extensions>
      </trkpt>
      <trkpt lat="23.1842052005231380462646484375" lon="113.2976871170103549957275390625">
        <ele>247.600006103515625</ele>
        <time>2022-12-09T08:54:39.000Z</time>
        <extensions>
          <ns3:TrackPointExtension>
            <ns3:hr>138</ns3:hr>
            <ns3:cad>61</ns3:cad>
          </ns3:TrackPointExtension>
        </extensions>
      </trkpt>
      <trkpt lat="23.1841897778213024139404296875" lon="113.29778845421969890594482421875">
        <ele>244.8000030517578125</ele>
        <time>2022-12-09T08:54:46.000Z</time>
        <extensions>
          <ns3:TrackPointExtension>
            <ns3:hr>139</ns3:hr>
            <ns3:cad>0</ns3:cad>
          </ns3:TrackPointExtension>
        </extensions>
      </trkpt>
      <trkpt lat="23.18418768234550952911376953125" lon="113.29780454747378826141357421875">
        <ele>244.1999969482421875</ele>
        <time>2022-12-09T08:54:47.000Z</time>
        <extensions>
          <ns3:TrackPointExtension>
            <ns3:hr>136</ns3:hr>
            <ns3:cad>61</ns3:cad>
          </ns3:TrackPointExtension>
        </extensions>
      </trkpt>
      <trkpt lat="23.18417393602430820465087890625" lon="113.29783312976360321044921875">
        <ele>244.399993896484375</ele>
        <time>2022-12-09T08:54:50.000Z</time>
        <extensions>
          <ns3:TrackPointExtension>
            <ns3:hr>135</ns3:hr>
            <ns3:cad>61</ns3:cad>
          </ns3:TrackPointExtension>
        </extensions>
      </trkpt>
      <trkpt lat="23.18416781723499298095703125" lon="113.297843523323535919189453125">
        <ele>245</ele>
        <time>2022-12-09T08:54:51.000Z</time>
        <extensions>
          <ns3:TrackPointExtension>
            <ns3:hr>138</ns3:hr>
            <ns3:cad>61</ns3:cad>
          </ns3:TrackPointExtension>
        </extensions>
      </trkpt>
      <trkpt lat="23.184147365391254425048828125" lon="113.29787177033722400665283203125">
        <ele>246.8000030517578125</ele>
        <time>2022-12-09T08:54:54.000Z</time>
        <extensions>
          <ns3:TrackPointExtension>
            <ns3:hr>141</ns3:hr>
            <ns3:cad>61</ns3:cad>
          </ns3:TrackPointExtension>
        </extensions>
      </trkpt>
      <trkpt lat="23.18410671316087245941162109375" lon="113.29807897098362445831298828125">
        <ele>252.399993896484375</ele>
        <time>2022-12-09T08:55:08.000Z</time>
        <extensions>
          <ns3:TrackPointExtension>
            <ns3:hr>140</ns3:hr>
            <ns3:cad>61</ns3:cad>
          </ns3:TrackPointExtension>
        </extensions>
      </trkpt>
      <trkpt lat="23.18404485471546649932861328125" lon="113.2981891930103302001953125">
        <ele>259</ele>
        <time>2022-12-09T08:55:18.000Z</time>
        <extensions>
          <ns3:TrackPointExtension>
            <ns3:hr>137</ns3:hr>
            <ns3:cad>0</ns3:cad>
          </ns3:TrackPointExtension>
        </extensions>
      </trkpt>
      <trkpt lat="23.183989785611629486083984375" lon="113.29825423657894134521484375">
        <ele>262.600006103515625</ele>
        <time>2022-12-09T08:55:25.000Z</time>
        <extensions>
          <ns3:TrackPointExtension>
            <ns3:hr>132</ns3:hr>
            <ns3:cad>61</ns3:cad>
          </ns3:TrackPointExtension>
        </extensions>
      </trkpt>
      <trkpt lat="23.1839456968009471893310546875" lon="113.2982976548373699188232421875">
        <ele>263</ele>
        <time>2022-12-09T08:55:31.000Z</time>
        <extensions>
          <ns3:TrackPointExtension>
            <ns3:hr>131</ns3:hr>
            <ns3:cad>61</ns3:cad>
          </ns3:TrackPointExtension>
        </extensions>
      </trkpt>
      <trkpt lat="23.18393186666071414947509765625" lon="113.29831726849079132080078125">
        <ele>261.79998779296875</ele>
        <time>2022-12-09T08:55:34.000Z</time>
        <extensions>
          <ns3:TrackPointExtension>
            <ns3:hr>135</ns3:hr>
            <ns3:cad>61</ns3:cad>
          </ns3:TrackPointExtension>
        </extensions>
      </trkpt>
      <trkpt lat="23.18392516113817691802978515625" lon="113.2983261533081531524658203125">
        <ele>261.20001220703125</ele>
        <time>2022-12-09T08:55:35.000Z</time>
        <extensions>
          <ns3:TrackPointExtension>
            <ns3:hr>135</ns3:hr>
            <ns3:cad>61</ns3:cad>
          </ns3:TrackPointExtension>
        </extensions>
      </trkpt>
      <trkpt lat="23.1839057989418506622314453125" lon="113.29835725016891956329345703125">
        <ele>259.20001220703125</ele>
        <time>2022-12-09T08:55:38.000Z</time>
        <extensions>
          <ns3:TrackPointExtension>
            <ns3:hr>135</ns3:hr>
            <ns3:cad>61</ns3:cad>
          </ns3:TrackPointExtension>
        </extensions>
      </trkpt>
      <trkpt lat="23.18388459272682666778564453125" lon="113.29838843084871768951416015625">
        <ele>257.399993896484375</ele>
        <time>2022-12-09T08:55:41.000Z</time>
        <extensions>
          <ns3:TrackPointExtension>
            <ns3:hr>134</ns3:hr>
            <ns3:cad>61</ns3:cad>
          </ns3:TrackPointExtension>
        </extensions>
      </trkpt>
      <trkpt lat="23.1838702596724033355712890625" lon="113.29841206781566143035888671875">
        <ele>255.8000030517578125</ele>
        <time>2022-12-09T08:55:43.000Z</time>
        <extensions>
          <ns3:TrackPointExtension>
            <ns3:hr>133</ns3:hr>
            <ns3:cad>61</ns3:cad>
          </ns3:TrackPointExtension>
        </extensions>
      </trkpt>
      <trkpt lat="23.18385207094252109527587890625" lon="113.29842723906040191650390625">
        <ele>255.399993896484375</ele>
        <time>2022-12-09T08:55:45.000Z</time>
        <extensions>
          <ns3:TrackPointExtension>
            <ns3:hr>132</ns3:hr>
            <ns3:cad>61</ns3:cad>
          </ns3:TrackPointExtension>
        </extensions>
      </trkpt>
      <trkpt lat="23.18382491357624530792236328125" lon="113.29844928346574306488037109375">
        <ele>254.399993896484375</ele>
        <time>2022-12-09T08:55:48.000Z</time>
        <extensions>
          <ns3:TrackPointExtension>
            <ns3:hr>129</ns3:hr>
            <ns3:cad>61</ns3:cad>
          </ns3:TrackPointExtension>
        </extensions>
      </trkpt>
      <trkpt lat="23.18371879868209362030029296875" lon="113.298489935696125030517578125">
        <ele>255.399993896484375</ele>
        <time>2022-12-09T08:55:58.000Z</time>
        <extensions>
          <ns3:TrackPointExtension>
            <ns3:hr>129</ns3:hr>
            <ns3:cad>61</ns3:cad>
          </ns3:TrackPointExtension>
        </extensions>
      </trkpt>
      <trkpt lat="23.1837006099522113800048828125" lon="113.2984857447445392608642578125">
        <ele>257</ele>
        <time>2022-12-09T08:56:00.000Z</time>
        <extensions>
          <ns3:TrackPointExtension>
            <ns3:hr>128</ns3:hr>
            <ns3:cad>61</ns3:cad>
          </ns3:TrackPointExtension>
        </extensions>
      </trkpt>
      <trkpt lat="23.183651827275753021240234375" lon="113.29848716966807842254638671875">
        <ele>260.79998779296875</ele>
        <time>2022-12-09T08:56:05.000Z</time>
        <extensions>
          <ns3:TrackPointExtension>
            <ns3:hr>127</ns3:hr>
            <ns3:cad>58</ns3:cad>
          </ns3:TrackPointExtension>
        </extensions>
      </trkpt>
      <trkpt lat="23.1835971772670745849609375" lon="113.29850259236991405487060546875">
        <ele>264.399993896484375</ele>
        <time>2022-12-09T08:56:10.000Z</time>
        <extensions>
          <ns3:TrackPointExtension>
            <ns3:hr>125</ns3:hr>
            <ns3:cad>58</ns3:cad>
          </ns3:TrackPointExtension>
        </extensions>
      </trkpt>
      <trkpt lat="23.1835765577852725982666015625" lon="113.29850493930280208587646484375">
        <ele>266</ele>
        <time>2022-12-09T08:56:12.000Z</time>
        <extensions>
          <ns3:TrackPointExtension>
            <ns3:hr>125</ns3:hr>
            <ns3:cad>61</ns3:cad>
          </ns3:TrackPointExtension>
        </extensions>
      </trkpt>
      <trkpt lat="23.18352534435689449310302734375" lon="113.29849722795188426971435546875">
        <ele>270.399993896484375</ele>
        <time>2022-12-09T08:56:16.000Z</time>
        <extensions>
          <ns3:TrackPointExtension>
            <ns3:hr>122</ns3:hr>
            <ns3:cad>61</ns3:cad>
          </ns3:TrackPointExtension>
        </extensions>
      </trkpt>
      <trkpt lat="23.18342224694788455963134765625" lon="113.2985719107091426849365234375">
        <ele>266.399993896484375</ele>
        <time>2022-12-09T08:56:26.000Z</time>
        <extensions>
          <ns3:TrackPointExtension>
            <ns3:hr>126</ns3:hr>
            <ns3:cad>61</ns3:cad>
          </ns3:TrackPointExtension>
        </extensions>
      </trkpt>
      <trkpt lat="23.18341604433953762054443359375" lon="113.29857568256556987762451171875">
        <ele>266.20001220703125</ele>
        <time>2022-12-09T08:56:27.000Z</time>
        <extensions>
          <ns3:TrackPointExtension>
            <ns3:hr>126</ns3:hr>
            <ns3:cad>61</ns3:cad>
          </ns3:TrackPointExtension>
        </extensions>
      </trkpt>
      <trkpt lat="23.18340741097927093505859375" lon="113.2985839806497097015380859375">
        <ele>265.600006103515625</ele>
        <time>2022-12-09T08:56:29.000Z</time>
        <extensions>
          <ns3:TrackPointExtension>
            <ns3:hr>123</ns3:hr>
            <ns3:cad>61</ns3:cad>
          </ns3:TrackPointExtension>
        </extensions>
      </trkpt>
      <trkpt lat="23.1833945028483867645263671875" lon="113.2986114732921123504638671875">
        <ele>264</ele>
        <time>2022-12-09T08:56:30.000Z</time>
        <extensions>
          <ns3:TrackPointExtension>
            <ns3:hr>123</ns3:hr>
            <ns3:cad>61</ns3:cad>
          </ns3:TrackPointExtension>
        </extensions>
      </trkpt>
      <trkpt lat="23.18338553421199321746826171875" lon="113.29863653518259525299072265625">
        <ele>262.600006103515625</ele>
        <time>2022-12-09T08:56:33.000Z</time>
        <extensions>
          <ns3:TrackPointExtension>
            <ns3:hr>124</ns3:hr>
            <ns3:cad>61</ns3:cad>
          </ns3:TrackPointExtension>
        </extensions>
      </trkpt>
      <trkpt lat="23.1833696924149990081787109375" lon="113.29873225651681423187255859375">
        <ele>256.79998779296875</ele>
        <time>2022-12-09T08:56:37.000Z</time>
        <extensions>
          <ns3:TrackPointExtension>
            <ns3:hr>121</ns3:hr>
            <ns3:cad>61</ns3:cad>
          </ns3:TrackPointExtension>
        </extensions>
      </trkpt>
      <trkpt lat="23.18334362469613552093505859375" lon="113.29879277385771274566650390625">
        <ele>252.399993896484375</ele>
        <time>2022-12-09T08:56:41.000Z</time>
        <extensions>
          <ns3:TrackPointExtension>
            <ns3:hr>121</ns3:hr>
            <ns3:cad>61</ns3:cad>
          </ns3:TrackPointExtension>
        </extensions>
      </trkpt>
      <trkpt lat="23.1833244301378726959228515625" lon="113.298819176852703094482421875">
        <ele>250.399993896484375</ele>
        <time>2022-12-09T08:56:43.000Z</time>
        <extensions>
          <ns3:TrackPointExtension>
            <ns3:hr>122</ns3:hr>
            <ns3:cad>61</ns3:cad>
          </ns3:TrackPointExtension>
        </extensions>
      </trkpt>
      <trkpt lat="23.18327036686241626739501953125" lon="113.298906348645687103271484375">
        <ele>246</ele>
        <time>2022-12-09T08:56:49.000Z</time>
        <extensions>
          <ns3:TrackPointExtension>
            <ns3:hr>119</ns3:hr>
            <ns3:cad>61</ns3:cad>
          </ns3:TrackPointExtension>
        </extensions>
      </trkpt>
      <trkpt lat="23.18306819535791873931884765625" lon="113.298910371959209442138671875">
        <ele>247.600006103515625</ele>
        <time>2022-12-09T08:57:02.000Z</time>
        <extensions>
          <ns3:TrackPointExtension>
            <ns3:hr>120</ns3:hr>
            <ns3:cad>61</ns3:cad>
          </ns3:TrackPointExtension>
        </extensions>
      </trkpt>
      <trkpt lat="23.1828998029232025146484375" lon="113.29886502586305141448974609375">
        <ele>249.600006103515625</ele>
        <time>2022-12-09T08:57:16.000Z</time>
        <extensions>
          <ns3:TrackPointExtension>
            <ns3:hr>117</ns3:hr>
            <ns3:cad>61</ns3:cad>
          </ns3:TrackPointExtension>
        </extensions>
      </trkpt>
      <trkpt lat="23.18284548819065093994140625" lon="113.2988686300814151763916015625">
        <ele>250</ele>
        <time>2022-12-09T08:57:20.000Z</time>
        <extensions>
          <ns3:TrackPointExtension>
            <ns3:hr>118</ns3:hr>
            <ns3:cad>61</ns3:cad>
          </ns3:TrackPointExtension>
        </extensions>
      </trkpt>
      <trkpt lat="23.18275001831352710723876953125" lon="113.2988649420440196990966796875">
        <ele>251.1999969482421875</ele>
        <time>2022-12-09T08:57:29.000Z</time>
        <extensions>
          <ns3:TrackPointExtension>
            <ns3:hr>121</ns3:hr>
            <ns3:cad>57</ns3:cad>
          </ns3:TrackPointExtension>
        </extensions>
      </trkpt>
      <trkpt lat="23.18274348042905330657958984375" lon="113.298864774405956268310546875">
        <ele>251.1999969482421875</ele>
        <time>2022-12-09T08:57:30.000Z</time>
        <extensions>
          <ns3:TrackPointExtension>
            <ns3:hr>126</ns3:hr>
            <ns3:cad>61</ns3:cad>
          </ns3:TrackPointExtension>
        </extensions>
      </trkpt>
      <trkpt lat="23.18270944990217685699462890625" lon="113.298871479928493499755859375">
        <ele>251.600006103515625</ele>
        <time>2022-12-09T08:57:33.000Z</time>
        <extensions>
          <ns3:TrackPointExtension>
            <ns3:hr>130</ns3:hr>
            <ns3:cad>61</ns3:cad>
          </ns3:TrackPointExtension>
        </extensions>
      </trkpt>
      <trkpt lat="23.1826971285045146942138671875" lon="113.2988850586116313934326171875">
        <ele>251.8000030517578125</ele>
        <time>2022-12-09T08:57:35.000Z</time>
        <extensions>
          <ns3:TrackPointExtension>
            <ns3:hr>129</ns3:hr>
            <ns3:cad>61</ns3:cad>
          </ns3:TrackPointExtension>
        </extensions>
      </trkpt>
      <trkpt lat="23.18268581293523311614990234375" lon="113.2988967932760715484619140625">
        <ele>252</ele>
        <time>2022-12-09T08:57:38.000Z</time>
        <extensions>
          <ns3:TrackPointExtension>
            <ns3:hr>130</ns3:hr>
            <ns3:cad>61</ns3:cad>
          </ns3:TrackPointExtension>
        </extensions>
      </trkpt>
      <trkpt lat="23.18266737274825572967529296875" lon="113.2989055104553699493408203125">
        <ele>252.399993896484375</ele>
        <time>2022-12-09T08:57:42.000Z</time>
        <extensions>
          <ns3:TrackPointExtension>
            <ns3:hr>130</ns3:hr>
            <ns3:cad>61</ns3:cad>
          </ns3:TrackPointExtension>
        </extensions>
      </trkpt>
      <trkpt lat="23.18265496753156185150146484375" lon="113.29891137778759002685546875">
        <ele>252.8000030517578125</ele>
        <time>2022-12-09T08:57:44.000Z</time>
        <extensions>
          <ns3:TrackPointExtension>
            <ns3:hr>130</ns3:hr>
            <ns3:cad>61</ns3:cad>
          </ns3:TrackPointExtension>
        </extensions>
      </trkpt>
      <trkpt lat="23.1826180033385753631591796875" lon="113.29891540110111236572265625">
        <ele>253.600006103515625</ele>
        <time>2022-12-09T08:57:48.000Z</time>
        <extensions>
          <ns3:TrackPointExtension>
            <ns3:hr>130</ns3:hr>
            <ns3:cad>61</ns3:cad>
          </ns3:TrackPointExtension>
        </extensions>
      </trkpt>
      <trkpt lat="23.18258707411587238311767578125" lon="113.29895119182765483856201171875">
        <ele>254.1999969482421875</ele>
        <time>2022-12-09T08:57:51.000Z</time>
        <extensions>
          <ns3:TrackPointExtension>
            <ns3:hr>130</ns3:hr>
            <ns3:cad>59</ns3:cad>
          </ns3:TrackPointExtension>
        </extensions>
      </trkpt>
      <trkpt lat="23.1825216114521026611328125" lon="113.298978097736835479736328125">
        <ele>255.399993896484375</ele>
        <time>2022-12-09T08:57:58.000Z</time>
        <extensions>
          <ns3:TrackPointExtension>
            <ns3:hr>129</ns3:hr>
            <ns3:cad>61</ns3:cad>
          </ns3:TrackPointExtension>
        </extensions>
      </trkpt>
      <trkpt lat="23.18251381628215312957763671875" lon="113.29897985793650150299072265625">
        <ele>255.399993896484375</ele>
        <time>2022-12-09T08:57:59.000Z</time>
        <extensions>
          <ns3:TrackPointExtension>
            <ns3:hr>129</ns3:hr>
            <ns3:cad>61</ns3:cad>
          </ns3:TrackPointExtension>
        </extensions>
      </trkpt>
      <trkpt lat="23.1824926100671291351318359375" lon="113.29897709190845489501953125">
        <ele>255.8000030517578125</ele>
        <time>2022-12-09T08:58:01.000Z</time>
        <extensions>
          <ns3:TrackPointExtension>
            <ns3:hr>128</ns3:hr>
            <ns3:cad>61</ns3:cad>
          </ns3:TrackPointExtension>
        </extensions>
      </trkpt>
      <trkpt lat="23.18246536888182163238525390625" lon="113.299016319215297698974609375">
        <ele>256</ele>
        <time>2022-12-09T08:58:06.000Z</time>
        <extensions>
          <ns3:TrackPointExtension>
            <ns3:hr>129</ns3:hr>
            <ns3:cad>61</ns3:cad>
          </ns3:TrackPointExtension>
        </extensions>
      </trkpt>
      <trkpt lat="23.1824570707976818084716796875" lon="113.29910156317055225372314453125">
        <ele>255.399993896484375</ele>
        <time>2022-12-09T08:58:11.000Z</time>
        <extensions>
          <ns3:TrackPointExtension>
            <ns3:hr>128</ns3:hr>
            <ns3:cad>55</ns3:cad>
          </ns3:TrackPointExtension>
        </extensions>
      </trkpt>
      <trkpt lat="23.18246520124375820159912109375" lon="113.29925612546503543853759765625">
        <ele>254.600006103515625</ele>
        <time>2022-12-09T08:58:21.000Z</time>
        <extensions>
          <ns3:TrackPointExtension>
            <ns3:hr>126</ns3:hr>
            <ns3:cad>57</ns3:cad>
          </ns3:TrackPointExtension>
        </extensions>
      </trkpt>
      <trkpt lat="23.1824688054621219635009765625" lon="113.2993264496326446533203125">
        <ele>254.8000030517578125</ele>
        <time>2022-12-09T08:58:26.000Z</time>
        <extensions>
          <ns3:TrackPointExtension>
            <ns3:hr>126</ns3:hr>
            <ns3:cad>55</ns3:cad>
          </ns3:TrackPointExtension>
        </extensions>
      </trkpt>
      <trkpt lat="23.1824483536183834075927734375" lon="113.29938403330743312835693359375">
        <ele>256.20001220703125</ele>
        <time>2022-12-09T08:58:29.000Z</time>
        <extensions>
          <ns3:TrackPointExtension>
            <ns3:hr>126</ns3:hr>
            <ns3:cad>55</ns3:cad>
          </ns3:TrackPointExtension>
        </extensions>
      </trkpt>
      <trkpt lat="23.1823875010013580322265625" lon="113.29957933165132999420166015625">
        <ele>252.1999969482421875</ele>
        <time>2022-12-09T08:58:44.000Z</time>
        <extensions>
          <ns3:TrackPointExtension>
            <ns3:hr>126</ns3:hr>
            <ns3:cad>58</ns3:cad>
          </ns3:TrackPointExtension>
        </extensions>
      </trkpt>
      <trkpt lat="23.1823714077472686767578125" lon="113.2996615581214427947998046875">
        <ele>250</ele>
        <time>2022-12-09T08:58:51.000Z</time>
        <extensions>
          <ns3:TrackPointExtension>
            <ns3:hr>125</ns3:hr>
            <ns3:cad>58</ns3:cad>
          </ns3:TrackPointExtension>
        </extensions>
      </trkpt>
      <trkpt lat="23.1823652051389217376708984375" lon="113.29970221035182476043701171875">
        <ele>249.600006103515625</ele>
        <time>2022-12-09T08:58:56.000Z</time>
        <extensions>
          <ns3:TrackPointExtension>
            <ns3:hr>124</ns3:hr>
            <ns3:cad>58</ns3:cad>
          </ns3:TrackPointExtension>
        </extensions>
      </trkpt>
      <trkpt lat="23.18235422484576702117919921875" lon="113.299722410738468170166015625">
        <ele>249.600006103515625</ele>
        <time>2022-12-09T08:58:58.000Z</time>
        <extensions>
          <ns3:TrackPointExtension>
            <ns3:hr>124</ns3:hr>
            <ns3:cad>58</ns3:cad>
          </ns3:TrackPointExtension>
        </extensions>
      </trkpt>
      <trkpt lat="23.182312734425067901611328125" lon="113.29982743598520755767822265625">
        <ele>249.8000030517578125</ele>
        <time>2022-12-09T08:59:08.000Z</time>
        <extensions>
          <ns3:TrackPointExtension>
            <ns3:hr>125</ns3:hr>
            <ns3:cad>57</ns3:cad>
          </ns3:TrackPointExtension>
        </extensions>
      </trkpt>
      <trkpt lat="23.18229387514293193817138671875" lon="113.2998798228800296783447265625">
        <ele>248.8000030517578125</ele>
        <time>2022-12-09T08:59:14.000Z</time>
        <extensions>
          <ns3:TrackPointExtension>
            <ns3:hr>127</ns3:hr>
            <ns3:cad>58</ns3:cad>
          </ns3:TrackPointExtension>
        </extensions>
      </trkpt>
      <trkpt lat="23.18228884600102901458740234375" lon="113.29990941099822521209716796875">
        <ele>247.8000030517578125</ele>
        <time>2022-12-09T08:59:17.000Z</time>
        <extensions>
          <ns3:TrackPointExtension>
            <ns3:hr>127</ns3:hr>
            <ns3:cad>58</ns3:cad>
          </ns3:TrackPointExtension>
        </extensions>
      </trkpt>
      <trkpt lat="23.18221273832023143768310546875" lon="113.30009263940155506134033203125">
        <ele>246.600006103515625</ele>
        <time>2022-12-09T08:59:32.000Z</time>
        <extensions>
          <ns3:TrackPointExtension>
            <ns3:hr>127</ns3:hr>
            <ns3:cad>58</ns3:cad>
          </ns3:TrackPointExtension>
        </extensions>
      </trkpt>
      <trkpt lat="23.182109892368316650390625" lon="113.3002633787691593170166015625">
        <ele>244.600006103515625</ele>
        <time>2022-12-09T08:59:44.000Z</time>
        <extensions>
          <ns3:TrackPointExtension>
            <ns3:hr>127</ns3:hr>
            <ns3:cad>81</ns3:cad>
          </ns3:TrackPointExtension>
        </extensions>
      </trkpt>
      <trkpt lat="23.18207644857466220855712890625" lon="113.30033839680254459381103515625">
        <ele>244</ele>
        <time>2022-12-09T08:59:48.000Z</time>
        <extensions>
          <ns3:TrackPointExtension>
            <ns3:hr>123</ns3:hr>
            <ns3:cad>81</ns3:cad>
          </ns3:TrackPointExtension>
        </extensions>
      </trkpt>
      <trkpt lat="23.182055242359638214111328125" lon="113.30038131214678287506103515625">
        <ele>243.600006103515625</ele>
        <time>2022-12-09T08:59:50.000Z</time>
        <extensions>
          <ns3:TrackPointExtension>
            <ns3:hr>128</ns3:hr>
            <ns3:cad>82</ns3:cad>
          </ns3:TrackPointExtension>
        </extensions>
      </trkpt>
      <trkpt lat="23.18204493261873722076416015625" lon="113.3003971539437770843505859375">
        <ele>243.399993896484375</ele>
        <time>2022-12-09T08:59:51.000Z</time>
        <extensions>
          <ns3:TrackPointExtension>
            <ns3:hr>135</ns3:hr>
            <ns3:cad>83</ns3:cad>
          </ns3:TrackPointExtension>
        </extensions>
      </trkpt>
      <trkpt lat="23.18203604780137538909912109375" lon="113.30041584558784961700439453125">
        <ele>243</ele>
        <time>2022-12-09T08:59:52.000Z</time>
        <extensions>
          <ns3:TrackPointExtension>
            <ns3:hr>138</ns3:hr>
            <ns3:cad>83</ns3:cad>
          </ns3:TrackPointExtension>
        </extensions>
      </trkpt>
      <trkpt lat="23.18202297203242778778076171875" lon="113.30045289359986782073974609375">
        <ele>242</ele>
        <time>2022-12-09T08:59:54.000Z</time>
        <extensions>
          <ns3:TrackPointExtension>
            <ns3:hr>143</ns3:hr>
            <ns3:cad>83</ns3:cad>
          </ns3:TrackPointExtension>
        </extensions>
      </trkpt>
      <trkpt lat="23.1820114888250827789306640625" lon="113.300472758710384368896484375">
        <ele>241.399993896484375</ele>
        <time>2022-12-09T08:59:55.000Z</time>
        <extensions>
          <ns3:TrackPointExtension>
            <ns3:hr>147</ns3:hr>
            <ns3:cad>83</ns3:cad>
          </ns3:TrackPointExtension>
        </extensions>
      </trkpt>
      <trkpt lat="23.18200335837900638580322265625" lon="113.30049212090671062469482421875">
        <ele>240.8000030517578125</ele>
        <time>2022-12-09T08:59:56.000Z</time>
        <extensions>
          <ns3:TrackPointExtension>
            <ns3:hr>151</ns3:hr>
            <ns3:cad>83</ns3:cad>
          </ns3:TrackPointExtension>
        </extensions>
      </trkpt>
      <trkpt lat="23.18199346773326396942138671875" lon="113.30051374621689319610595703125">
        <ele>240.399993896484375</ele>
        <time>2022-12-09T08:59:57.000Z</time>
        <extensions>
          <ns3:TrackPointExtension>
            <ns3:hr>155</ns3:hr>
            <ns3:cad>83</ns3:cad>
          </ns3:TrackPointExtension>
        </extensions>
      </trkpt>
      <trkpt lat="23.18198449909687042236328125" lon="113.3005299232900142669677734375">
        <ele>240.1999969482421875</ele>
        <time>2022-12-09T08:59:58.000Z</time>
        <extensions>
          <ns3:TrackPointExtension>
            <ns3:hr>155</ns3:hr>
            <ns3:cad>83</ns3:cad>
          </ns3:TrackPointExtension>
        </extensions>
      </trkpt>
      <trkpt lat="23.18197720684111118316650390625" lon="113.30054442398250102996826171875">
        <ele>240</ele>
        <time>2022-12-09T08:59:59.000Z</time>
        <extensions>
          <ns3:TrackPointExtension>
            <ns3:hr>152</ns3:hr>
            <ns3:cad>83</ns3:cad>
          </ns3:TrackPointExtension>
        </extensions>
      </trkpt>
      <trkpt lat="23.181888274848461151123046875" lon="113.3006449230015277862548828125">
        <ele>236.8000030517578125</ele>
        <time>2022-12-09T09:00:06.000Z</time>
        <extensions>
          <ns3:TrackPointExtension>
            <ns3:hr>155</ns3:hr>
            <ns3:cad>81</ns3:cad>
          </ns3:TrackPointExtension>
        </extensions>
      </trkpt>
      <trkpt lat="23.18185348995029926300048828125" lon="113.300679959356784820556640625">
        <ele>235.1999969482421875</ele>
        <time>2022-12-09T09:00:09.000Z</time>
        <extensions>
          <ns3:TrackPointExtension>
            <ns3:hr>159</ns3:hr>
            <ns3:cad>82</ns3:cad>
          </ns3:TrackPointExtension>
        </extensions>
      </trkpt>
      <trkpt lat="23.1818244047462940216064453125" lon="113.3006999082863330841064453125">
        <ele>235.399993896484375</ele>
        <time>2022-12-09T09:00:11.000Z</time>
        <extensions>
          <ns3:TrackPointExtension>
            <ns3:hr>163</ns3:hr>
            <ns3:cad>83</ns3:cad>
          </ns3:TrackPointExtension>
        </extensions>
      </trkpt>
      <trkpt lat="23.18179431371390819549560546875" lon="113.300722874701023101806640625">
        <ele>235.399993896484375</ele>
        <time>2022-12-09T09:00:13.000Z</time>
        <extensions>
          <ns3:TrackPointExtension>
            <ns3:hr>169</ns3:hr>
            <ns3:cad>83</ns3:cad>
          </ns3:TrackPointExtension>
        </extensions>
      </trkpt>
      <trkpt lat="23.1817030347883701324462890625" lon="113.3007991500198841094970703125">
        <ele>233.1999969482421875</ele>
        <time>2022-12-09T09:00:18.000Z</time>
        <extensions>
          <ns3:TrackPointExtension>
            <ns3:hr>165</ns3:hr>
            <ns3:cad>84</ns3:cad>
          </ns3:TrackPointExtension>
        </extensions>
      </trkpt>
      <trkpt lat="23.18156096152961254119873046875" lon="113.30092395655810832977294921875">
        <ele>231.1999969482421875</ele>
        <time>2022-12-09T09:00:25.000Z</time>
        <extensions>
          <ns3:TrackPointExtension>
            <ns3:hr>165</ns3:hr>
            <ns3:cad>83</ns3:cad>
          </ns3:TrackPointExtension>
        </extensions>
      </trkpt>
      <trkpt lat="23.18138980306684970855712890625" lon="113.30104214139282703399658203125">
        <ele>231.600006103515625</ele>
        <time>2022-12-09T09:00:33.000Z</time>
        <extensions>
          <ns3:TrackPointExtension>
            <ns3:hr>165</ns3:hr>
            <ns3:cad>85</ns3:cad>
          </ns3:TrackPointExtension>
        </extensions>
      </trkpt>
      <trkpt lat="23.181223087012767791748046875" lon="113.3011381141841411590576171875">
        <ele>235</ele>
        <time>2022-12-09T09:00:40.000Z</time>
        <extensions>
          <ns3:TrackPointExtension>
            <ns3:hr>167</ns3:hr>
            <ns3:cad>86</ns3:cad>
          </ns3:TrackPointExtension>
        </extensions>
      </trkpt>
      <trkpt lat="23.1811813451349735260009765625" lon="113.3011572249233722686767578125">
        <ele>236</ele>
        <time>2022-12-09T09:00:42.000Z</time>
        <extensions>
          <ns3:TrackPointExtension>
            <ns3:hr>170</ns3:hr>
            <ns3:cad>86</ns3:cad>
          </ns3:TrackPointExtension>
        </extensions>
      </trkpt>
      <trkpt lat="23.18113465793430805206298828125" lon="113.30117709003388881683349609375">
        <ele>237</ele>
        <time>2022-12-09T09:00:44.000Z</time>
        <extensions>
          <ns3:TrackPointExtension>
            <ns3:hr>166</ns3:hr>
            <ns3:cad>85</ns3:cad>
          </ns3:TrackPointExtension>
        </extensions>
      </trkpt>
      <trkpt lat="23.18108671344816684722900390625" lon="113.30120441503822803497314453125">
        <ele>236.8000030517578125</ele>
        <time>2022-12-09T09:00:46.000Z</time>
        <extensions>
          <ns3:TrackPointExtension>
            <ns3:hr>158</ns3:hr>
            <ns3:cad>86</ns3:cad>
          </ns3:TrackPointExtension>
        </extensions>
      </trkpt>
      <trkpt lat="23.18092913366854190826416015625" lon="113.30130935646593570709228515625">
        <ele>235.8000030517578125</ele>
        <time>2022-12-09T09:00:54.000Z</time>
        <extensions>
          <ns3:TrackPointExtension>
            <ns3:hr>160</ns3:hr>
            <ns3:cad>85</ns3:cad>
          </ns3:TrackPointExtension>
        </extensions>
      </trkpt>
      <trkpt lat="23.18089543841779232025146484375" lon="113.3013456501066684722900390625">
        <ele>235.1999969482421875</ele>
        <time>2022-12-09T09:00:56.000Z</time>
        <extensions>
          <ns3:TrackPointExtension>
            <ns3:hr>163</ns3:hr>
            <ns3:cad>86</ns3:cad>
          </ns3:TrackPointExtension>
        </extensions>
      </trkpt>
      <trkpt lat="23.18072914145886898040771484375" lon="113.301445730030536651611328125">
        <ele>233.1999969482421875</ele>
        <time>2022-12-09T09:01:04.000Z</time>
        <extensions>
          <ns3:TrackPointExtension>
            <ns3:hr>166</ns3:hr>
            <ns3:cad>84</ns3:cad>
          </ns3:TrackPointExtension>
        </extensions>
      </trkpt>
      <trkpt lat="23.18055010400712490081787109375" lon="113.30152007751166820526123046875">
        <ele>234.8000030517578125</ele>
        <time>2022-12-09T09:01:13.000Z</time>
        <extensions>
          <ns3:TrackPointExtension>
            <ns3:hr>165</ns3:hr>
            <ns3:cad>85</ns3:cad>
          </ns3:TrackPointExtension>
        </extensions>
      </trkpt>
      <trkpt lat="23.18034357391297817230224609375" lon="113.3015873841941356658935546875">
        <ele>237.600006103515625</ele>
        <time>2022-12-09T09:01:21.000Z</time>
        <extensions>
          <ns3:TrackPointExtension>
            <ns3:hr>164</ns3:hr>
            <ns3:cad>85</ns3:cad>
          </ns3:TrackPointExtension>
        </extensions>
      </trkpt>
      <trkpt lat="23.180148862302303314208984375" lon="113.30163247883319854736328125">
        <ele>239.600006103515625</ele>
        <time>2022-12-09T09:01:30.000Z</time>
        <extensions>
          <ns3:TrackPointExtension>
            <ns3:hr>163</ns3:hr>
            <ns3:cad>85</ns3:cad>
          </ns3:TrackPointExtension>
        </extensions>
      </trkpt>
      <trkpt lat="23.1799616105854511260986328125" lon="113.30162770114839076995849609375">
        <ele>241</ele>
        <time>2022-12-09T09:01:40.000Z</time>
        <extensions>
          <ns3:TrackPointExtension>
            <ns3:hr>164</ns3:hr>
            <ns3:cad>61</ns3:cad>
          </ns3:TrackPointExtension>
        </extensions>
      </trkpt>
      <trkpt lat="23.179898746311664581298828125" lon="113.3016245998442173004150390625">
        <ele>241.399993896484375</ele>
        <time>2022-12-09T09:01:44.000Z</time>
        <extensions>
          <ns3:TrackPointExtension>
            <ns3:hr>161</ns3:hr>
            <ns3:cad>61</ns3:cad>
          </ns3:TrackPointExtension>
        </extensions>
      </trkpt>
      <trkpt lat="23.1798134185373783111572265625" lon="113.3015714585781097412109375">
        <ele>243.600006103515625</ele>
        <time>2022-12-09T09:01:53.000Z</time>
        <extensions>
          <ns3:TrackPointExtension>
            <ns3:hr>160</ns3:hr>
            <ns3:cad>63</ns3:cad>
          </ns3:TrackPointExtension>
        </extensions>
      </trkpt>
      <trkpt lat="23.17979673855006694793701171875" lon="113.3015676029026508331298828125">
        <ele>243.600006103515625</ele>
        <time>2022-12-09T09:01:55.000Z</time>
        <extensions>
          <ns3:TrackPointExtension>
            <ns3:hr>159</ns3:hr>
            <ns3:cad>60</ns3:cad>
          </ns3:TrackPointExtension>
        </extensions>
      </trkpt>
      <trkpt lat="23.1797601096332073211669921875" lon="113.3015406131744384765625">
        <ele>245</ele>
        <time>2022-12-09T09:02:00.000Z</time>
        <extensions>
          <ns3:TrackPointExtension>
            <ns3:hr>157</ns3:hr>
            <ns3:cad>61</ns3:cad>
          </ns3:TrackPointExtension>
        </extensions>
      </trkpt>
      <trkpt lat="23.17973152734339237213134765625" lon="113.3015196584165096282958984375">
        <ele>246</ele>
        <time>2022-12-09T09:02:04.000Z</time>
        <extensions>
          <ns3:TrackPointExtension>
            <ns3:hr>154</ns3:hr>
            <ns3:cad>61</ns3:cad>
          </ns3:TrackPointExtension>
        </extensions>
      </trkpt>
      <trkpt lat="23.17968718707561492919921875" lon="113.3014951832592487335205078125">
        <ele>247.1999969482421875</ele>
        <time>2022-12-09T09:02:09.000Z</time>
        <extensions>
          <ns3:TrackPointExtension>
            <ns3:hr>151</ns3:hr>
            <ns3:cad>61</ns3:cad>
          </ns3:TrackPointExtension>
        </extensions>
      </trkpt>
      <trkpt lat="23.17963731475174427032470703125" lon="113.301483951508998870849609375">
        <ele>247.399993896484375</ele>
        <time>2022-12-09T09:02:14.000Z</time>
        <extensions>
          <ns3:TrackPointExtension>
            <ns3:hr>148</ns3:hr>
            <ns3:cad>61</ns3:cad>
          </ns3:TrackPointExtension>
        </extensions>
      </trkpt>
      <trkpt lat="23.1796028651297092437744140625" lon="113.30147012136876583099365234375">
        <ele>247.1999969482421875</ele>
        <time>2022-12-09T09:02:17.000Z</time>
        <extensions>
          <ns3:TrackPointExtension>
            <ns3:hr>144</ns3:hr>
            <ns3:cad>61</ns3:cad>
          </ns3:TrackPointExtension>
        </extensions>
      </trkpt>
      <trkpt lat="23.1795602850615978240966796875" lon="113.30146391876041889190673828125">
        <ele>246.1999969482421875</ele>
        <time>2022-12-09T09:02:22.000Z</time>
        <extensions>
          <ns3:TrackPointExtension>
            <ns3:hr>143</ns3:hr>
            <ns3:cad>59</ns3:cad>
          </ns3:TrackPointExtension>
        </extensions>
      </trkpt>
      <trkpt lat="23.17938049323856830596923828125" lon="113.30152309499680995941162109375">
        <ele>240</ele>
        <time>2022-12-09T09:02:37.000Z</time>
        <extensions>
          <ns3:TrackPointExtension>
            <ns3:hr>140</ns3:hr>
            <ns3:cad>59</ns3:cad>
          </ns3:TrackPointExtension>
        </extensions>
      </trkpt>
      <trkpt lat="23.17934243939816951751708984375" lon="113.30154237337410449981689453125">
        <ele>238.8000030517578125</ele>
        <time>2022-12-09T09:02:41.000Z</time>
        <extensions>
          <ns3:TrackPointExtension>
            <ns3:hr>139</ns3:hr>
            <ns3:cad>61</ns3:cad>
          </ns3:TrackPointExtension>
        </extensions>
      </trkpt>
      <trkpt lat="23.1793192215263843536376953125" lon="113.30155779607594013214111328125">
        <ele>237.600006103515625</ele>
        <time>2022-12-09T09:02:43.000Z</time>
        <extensions>
          <ns3:TrackPointExtension>
            <ns3:hr>139</ns3:hr>
            <ns3:cad>58</ns3:cad>
          </ns3:TrackPointExtension>
        </extensions>
      </trkpt>
      <trkpt lat="23.179227523505687713623046875" lon="113.30163725651800632476806640625">
        <ele>234.399993896484375</ele>
        <time>2022-12-09T09:02:51.000Z</time>
        <extensions>
          <ns3:TrackPointExtension>
            <ns3:hr>138</ns3:hr>
            <ns3:cad>59</ns3:cad>
          </ns3:TrackPointExtension>
        </extensions>
      </trkpt>
      <trkpt lat="23.17919827066361904144287109375" lon="113.30164496786892414093017578125">
        <ele>234</ele>
        <time>2022-12-09T09:02:54.000Z</time>
        <extensions>
          <ns3:TrackPointExtension>
            <ns3:hr>137</ns3:hr>
            <ns3:cad>61</ns3:cad>
          </ns3:TrackPointExtension>
        </extensions>
      </trkpt>
      <trkpt lat="23.1790979392826557159423828125" lon="113.30165804363787174224853515625">
        <ele>233</ele>
        <time>2022-12-09T09:03:01.000Z</time>
        <extensions>
          <ns3:TrackPointExtension>
            <ns3:hr>134</ns3:hr>
            <ns3:cad>60</ns3:cad>
          </ns3:TrackPointExtension>
        </extensions>
      </trkpt>
      <trkpt lat="23.17891764454543590545654296875" lon="113.301626779139041900634765625">
        <ele>233.1999969482421875</ele>
        <time>2022-12-09T09:03:16.000Z</time>
        <extensions>
          <ns3:TrackPointExtension>
            <ns3:hr>135</ns3:hr>
            <ns3:cad>61</ns3:cad>
          </ns3:TrackPointExtension>
        </extensions>
      </trkpt>
      <trkpt lat="23.17880029790103435516357421875" lon="113.3015793375670909881591796875">
        <ele>233.399993896484375</ele>
        <time>2022-12-09T09:03:22.000Z</time>
        <extensions>
          <ns3:TrackPointExtension>
            <ns3:hr>138</ns3:hr>
            <ns3:cad>79</ns3:cad>
          </ns3:TrackPointExtension>
        </extensions>
      </trkpt>
      <trkpt lat="23.17871547304093837738037109375" lon="113.3015313930809497833251953125">
        <ele>232.600006103515625</ele>
        <time>2022-12-09T09:03:28.000Z</time>
        <extensions>
          <ns3:TrackPointExtension>
            <ns3:hr>134</ns3:hr>
            <ns3:cad>81</ns3:cad>
          </ns3:TrackPointExtension>
        </extensions>
      </trkpt>
      <trkpt lat="23.1784773431718349456787109375" lon="113.30134288407862186431884765625">
        <ele>231.1999969482421875</ele>
        <time>2022-12-09T09:05:07.000Z</time>
        <extensions>
          <ns3:TrackPointExtension>
            <ns3:hr>134</ns3:hr>
            <ns3:cad>0</ns3:cad>
          </ns3:TrackPointExtension>
        </extensions>
      </trkpt>
      <trkpt lat="23.17846418358385562896728515625" lon="113.30131958238780498504638671875">
        <ele>231.600006103515625</ele>
        <time>2022-12-09T09:05:08.000Z</time>
        <extensions>
          <ns3:TrackPointExtension>
            <ns3:hr>134</ns3:hr>
            <ns3:cad>0</ns3:cad>
          </ns3:TrackPointExtension>
        </extensions>
      </trkpt>
      <trkpt lat="23.17842981778085231781005859375" lon="113.30128102563321590423583984375">
        <ele>232.600006103515625</ele>
        <time>2022-12-09T09:05:12.000Z</time>
        <extensions>
          <ns3:TrackPointExtension>
            <ns3:hr>133</ns3:hr>
            <ns3:cad>0</ns3:cad>
          </ns3:TrackPointExtension>
        </extensions>
      </trkpt>
      <trkpt lat="23.17826092243194580078125" lon="113.3011796884238719940185546875">
        <ele>234</ele>
        <time>2022-12-09T09:05:27.000Z</time>
        <extensions>
          <ns3:TrackPointExtension>
            <ns3:hr>132</ns3:hr>
            <ns3:cad>80</ns3:cad>
          </ns3:TrackPointExtension>
        </extensions>
      </trkpt>
      <trkpt lat="23.17818204872310161590576171875" lon="113.30118044279515743255615234375">
        <ele>233.1999969482421875</ele>
        <time>2022-12-09T09:05:31.000Z</time>
        <extensions>
          <ns3:TrackPointExtension>
            <ns3:hr>138</ns3:hr>
            <ns3:cad>81</ns3:cad>
          </ns3:TrackPointExtension>
        </extensions>
      </trkpt>
      <trkpt lat="23.17813779227435588836669921875" lon="113.301182873547077178955078125">
        <ele>232.8000030517578125</ele>
        <time>2022-12-09T09:05:33.000Z</time>
        <extensions>
          <ns3:TrackPointExtension>
            <ns3:hr>141</ns3:hr>
            <ns3:cad>81</ns3:cad>
          </ns3:TrackPointExtension>
        </extensions>
      </trkpt>
      <trkpt lat="23.17811482585966587066650390625" lon="113.3011843822896480560302734375">
        <ele>232.600006103515625</ele>
        <time>2022-12-09T09:05:34.000Z</time>
        <extensions>
          <ns3:TrackPointExtension>
            <ns3:hr>144</ns3:hr>
            <ns3:cad>81</ns3:cad>
          </ns3:TrackPointExtension>
        </extensions>
      </trkpt>
      <trkpt lat="23.17806805483996868133544921875" lon="113.3011860586702823638916015625">
        <ele>231.8000030517578125</ele>
        <time>2022-12-09T09:05:36.000Z</time>
        <extensions>
          <ns3:TrackPointExtension>
            <ns3:hr>148</ns3:hr>
            <ns3:cad>81</ns3:cad>
          </ns3:TrackPointExtension>
        </extensions>
      </trkpt>
      <trkpt lat="23.178023882210254669189453125" lon="113.30117960460484027862548828125">
        <ele>231.399993896484375</ele>
        <time>2022-12-09T09:05:38.000Z</time>
        <extensions>
          <ns3:TrackPointExtension>
            <ns3:hr>153</ns3:hr>
            <ns3:cad>82</ns3:cad>
          </ns3:TrackPointExtension>
        </extensions>
      </trkpt>
      <trkpt lat="23.1779787875711917877197265625" lon="113.3011692948639392852783203125">
        <ele>231.1999969482421875</ele>
        <time>2022-12-09T09:05:40.000Z</time>
        <extensions>
          <ns3:TrackPointExtension>
            <ns3:hr>160</ns3:hr>
            <ns3:cad>82</ns3:cad>
          </ns3:TrackPointExtension>
        </extensions>
      </trkpt>
      <trkpt lat="23.177956156432628631591796875" lon="113.30115546472370624542236328125">
        <ele>231.1999969482421875</ele>
        <time>2022-12-09T09:05:41.000Z</time>
        <extensions>
          <ns3:TrackPointExtension>
            <ns3:hr>160</ns3:hr>
            <ns3:cad>82</ns3:cad>
          </ns3:TrackPointExtension>
        </extensions>
      </trkpt>
      <trkpt lat="23.177876360714435577392578125" lon="113.30112478695809841156005859375">
        <ele>230</ele>
        <time>2022-12-09T09:05:44.000Z</time>
        <extensions>
          <ns3:TrackPointExtension>
            <ns3:hr>157</ns3:hr>
            <ns3:cad>82</ns3:cad>
          </ns3:TrackPointExtension>
        </extensions>
      </trkpt>
      <trkpt lat="23.1778205372393131256103515625" lon="113.30110073089599609375">
        <ele>229.399993896484375</ele>
        <time>2022-12-09T09:05:47.000Z</time>
        <extensions>
          <ns3:TrackPointExtension>
            <ns3:hr>164</ns3:hr>
            <ns3:cad>82</ns3:cad>
          </ns3:TrackPointExtension>
        </extensions>
      </trkpt>
      <trkpt lat="23.177805282175540924072265625" lon="113.30109192989766597747802734375">
        <ele>229.1999969482421875</ele>
        <time>2022-12-09T09:05:48.000Z</time>
        <extensions>
          <ns3:TrackPointExtension>
            <ns3:hr>167</ns3:hr>
            <ns3:cad>82</ns3:cad>
          </ns3:TrackPointExtension>
        </extensions>
      </trkpt>
      <trkpt lat="23.17766371183097362518310546875" lon="113.300976343452930450439453125">
        <ele>227.600006103515625</ele>
        <time>2022-12-09T09:05:56.000Z</time>
        <extensions>
          <ns3:TrackPointExtension>
            <ns3:hr>170</ns3:hr>
            <ns3:cad>83</ns3:cad>
          </ns3:TrackPointExtension>
        </extensions>
      </trkpt>
      <trkpt lat="23.1776534020900726318359375" lon="113.30096058547496795654296875">
        <ele>227.399993896484375</ele>
        <time>2022-12-09T09:05:57.000Z</time>
        <extensions>
          <ns3:TrackPointExtension>
            <ns3:hr>173</ns3:hr>
            <ns3:cad>83</ns3:cad>
          </ns3:TrackPointExtension>
        </extensions>
      </trkpt>
      <trkpt lat="23.177642337977886199951171875" lon="113.300944156944751739501953125">
        <ele>227.1999969482421875</ele>
        <time>2022-12-09T09:05:58.000Z</time>
        <extensions>
          <ns3:TrackPointExtension>
            <ns3:hr>169</ns3:hr>
            <ns3:cad>83</ns3:cad>
          </ns3:TrackPointExtension>
        </extensions>
      </trkpt>
      <trkpt lat="23.17759850062429904937744140625" lon="113.300726227462291717529296875">
        <ele>229.600006103515625</ele>
        <time>2022-12-09T09:06:08.000Z</time>
        <extensions>
          <ns3:TrackPointExtension>
            <ns3:hr>168</ns3:hr>
            <ns3:cad>83</ns3:cad>
          </ns3:TrackPointExtension>
        </extensions>
      </trkpt>
      <trkpt lat="23.177590705454349517822265625" lon="113.30066730268299579620361328125">
        <ele>229.8000030517578125</ele>
        <time>2022-12-09T09:06:10.000Z</time>
        <extensions>
          <ns3:TrackPointExtension>
            <ns3:hr>165</ns3:hr>
            <ns3:cad>83</ns3:cad>
          </ns3:TrackPointExtension>
        </extensions>
      </trkpt>
      <trkpt lat="23.17757167853415012359619140625" lon="113.30055314116179943084716796875">
        <ele>229</ele>
        <time>2022-12-09T09:06:15.000Z</time>
        <extensions>
          <ns3:TrackPointExtension>
            <ns3:hr>170</ns3:hr>
            <ns3:cad>83</ns3:cad>
          </ns3:TrackPointExtension>
        </extensions>
      </trkpt>
      <trkpt lat="23.1775674037635326385498046875" lon="113.3005295880138874053955078125">
        <ele>228.8000030517578125</ele>
        <time>2022-12-09T09:06:16.000Z</time>
        <extensions>
          <ns3:TrackPointExtension>
            <ns3:hr>170</ns3:hr>
            <ns3:cad>83</ns3:cad>
          </ns3:TrackPointExtension>
        </extensions>
      </trkpt>
      <trkpt lat="23.17755407653748989105224609375" lon="113.30031760968267917633056640625">
        <ele>227</ele>
        <time>2022-12-09T09:06:24.000Z</time>
        <extensions>
          <ns3:TrackPointExtension>
            <ns3:hr>170</ns3:hr>
            <ns3:cad>84</ns3:cad>
          </ns3:TrackPointExtension>
        </extensions>
      </trkpt>
      <trkpt lat="23.1775566749274730682373046875" lon="113.30029061995446681976318359375">
        <ele>226.8000030517578125</ele>
        <time>2022-12-09T09:06:25.000Z</time>
        <extensions>
          <ns3:TrackPointExtension>
            <ns3:hr>167</ns3:hr>
            <ns3:cad>84</ns3:cad>
          </ns3:TrackPointExtension>
        </extensions>
      </trkpt>
      <trkpt lat="23.177570588886737823486328125" lon="113.3000786416232585906982421875">
        <ele>224.399993896484375</ele>
        <time>2022-12-09T09:06:32.000Z</time>
        <extensions>
          <ns3:TrackPointExtension>
            <ns3:hr>166</ns3:hr>
            <ns3:cad>85</ns3:cad>
          </ns3:TrackPointExtension>
        </extensions>
      </trkpt>
      <trkpt lat="23.1775818206369876861572265625" lon="113.30000764690339565277099609375">
        <ele>224.600006103515625</ele>
        <time>2022-12-09T09:06:34.000Z</time>
        <extensions>
          <ns3:TrackPointExtension>
            <ns3:hr>169</ns3:hr>
            <ns3:cad>85</ns3:cad>
          </ns3:TrackPointExtension>
        </extensions>
      </trkpt>
      <trkpt lat="23.17758391611278057098388671875" lon="113.29992399550974369049072265625">
        <ele>224.399993896484375</ele>
        <time>2022-12-09T09:06:37.000Z</time>
        <extensions>
          <ns3:TrackPointExtension>
            <ns3:hr>172</ns3:hr>
            <ns3:cad>86</ns3:cad>
          </ns3:TrackPointExtension>
        </extensions>
      </trkpt>
      <trkpt lat="23.17766119726002216339111328125" lon="113.29974864609539508819580078125">
        <ele>228.399993896484375</ele>
        <time>2022-12-09T09:06:45.000Z</time>
        <extensions>
          <ns3:TrackPointExtension>
            <ns3:hr>172</ns3:hr>
            <ns3:cad>88</ns3:cad>
          </ns3:TrackPointExtension>
        </extensions>
      </trkpt>
      <trkpt lat="23.1777980737388134002685546875" lon="113.29961956478655338287353515625">
        <ele>232.600006103515625</ele>
        <time>2022-12-09T09:06:51.000Z</time>
        <extensions>
          <ns3:TrackPointExtension>
            <ns3:hr>169</ns3:hr>
            <ns3:cad>87</ns3:cad>
          </ns3:TrackPointExtension>
        </extensions>
      </trkpt>
      <trkpt lat="23.17786236293613910675048828125" lon="113.29955108463764190673828125">
        <ele>233.8000030517578125</ele>
        <time>2022-12-09T09:06:55.000Z</time>
        <extensions>
          <ns3:TrackPointExtension>
            <ns3:hr>166</ns3:hr>
            <ns3:cad>87</ns3:cad>
          </ns3:TrackPointExtension>
        </extensions>
      </trkpt>
      <trkpt lat="23.177874349057674407958984375" lon="113.299526274204254150390625">
        <ele>234</ele>
        <time>2022-12-09T09:06:57.000Z</time>
        <extensions>
          <ns3:TrackPointExtension>
            <ns3:hr>170</ns3:hr>
            <ns3:cad>87</ns3:cad>
          </ns3:TrackPointExtension>
        </extensions>
      </trkpt>
      <trkpt lat="23.177874349057674407958984375" lon="113.29951227642595767974853515625">
        <ele>234</ele>
        <time>2022-12-09T09:06:58.000Z</time>
        <extensions>
          <ns3:TrackPointExtension>
            <ns3:hr>184</ns3:hr>
            <ns3:cad>87</ns3:cad>
          </ns3:TrackPointExtension>
        </extensions>
      </trkpt>
      <trkpt lat="23.17787803709506988525390625" lon="113.29949450679123401641845703125">
        <ele>234</ele>
        <time>2022-12-09T09:06:59.000Z</time>
        <extensions>
          <ns3:TrackPointExtension>
            <ns3:hr>183</ns3:hr>
            <ns3:cad>87</ns3:cad>
          </ns3:TrackPointExtension>
        </extensions>
      </trkpt>
      <trkpt lat="23.177889101207256317138671875" lon="113.29946517013013362884521484375">
        <ele>234</ele>
        <time>2022-12-09T09:07:01.000Z</time>
        <extensions>
          <ns3:TrackPointExtension>
            <ns3:hr>180</ns3:hr>
            <ns3:cad>61</ns3:cad>
          </ns3:TrackPointExtension>
        </extensions>
      </trkpt>
      <trkpt lat="23.177901841700077056884765625" lon="113.2994471490383148193359375">
        <ele>234.399993896484375</ele>
        <time>2022-12-09T09:07:03.000Z</time>
        <extensions>
          <ns3:TrackPointExtension>
            <ns3:hr>179</ns3:hr>
            <ns3:cad>61</ns3:cad>
          </ns3:TrackPointExtension>
        </extensions>
      </trkpt>
      <trkpt lat="23.17791617475450038909912109375" lon="113.29942979849874973297119140625">
        <ele>234.600006103515625</ele>
        <time>2022-12-09T09:07:05.000Z</time>
        <extensions>
          <ns3:TrackPointExtension>
            <ns3:hr>183</ns3:hr>
            <ns3:cad>61</ns3:cad>
          </ns3:TrackPointExtension>
        </extensions>
      </trkpt>
      <trkpt lat="23.17795582115650177001953125" lon="113.2992773316800594329833984375">
        <ele>234.600006103515625</ele>
        <time>2022-12-09T09:07:15.000Z</time>
        <extensions>
          <ns3:TrackPointExtension>
            <ns3:hr>180</ns3:hr>
            <ns3:cad>60</ns3:cad>
          </ns3:TrackPointExtension>
        </extensions>
      </trkpt>
      <trkpt lat="23.1779593415558338165283203125" lon="113.2992468215525150299072265625">
        <ele>234.1999969482421875</ele>
        <time>2022-12-09T09:07:17.000Z</time>
        <extensions>
          <ns3:TrackPointExtension>
            <ns3:hr>177</ns3:hr>
            <ns3:cad>61</ns3:cad>
          </ns3:TrackPointExtension>
        </extensions>
      </trkpt>
      <trkpt lat="23.1779633648693561553955078125" lon="113.29921044409275054931640625">
        <ele>234</ele>
        <time>2022-12-09T09:07:20.000Z</time>
        <extensions>
          <ns3:TrackPointExtension>
            <ns3:hr>173</ns3:hr>
            <ns3:cad>61</ns3:cad>
          </ns3:TrackPointExtension>
        </extensions>
      </trkpt>
      <trkpt lat="23.17796143703162670135498046875" lon="113.2991695404052734375">
        <ele>233.600006103515625</ele>
        <time>2022-12-09T09:07:23.000Z</time>
        <extensions>
          <ns3:TrackPointExtension>
            <ns3:hr>170</ns3:hr>
            <ns3:cad>61</ns3:cad>
          </ns3:TrackPointExtension>
        </extensions>
      </trkpt>
      <trkpt lat="23.177958838641643524169921875" lon="113.29914514906704425811767578125">
        <ele>233.1999969482421875</ele>
        <time>2022-12-09T09:07:25.000Z</time>
        <extensions>
          <ns3:TrackPointExtension>
            <ns3:hr>167</ns3:hr>
            <ns3:cad>61</ns3:cad>
          </ns3:TrackPointExtension>
        </extensions>
      </trkpt>
      <trkpt lat="23.177942745387554168701171875" lon="113.299104832112789154052734375">
        <ele>232.399993896484375</ele>
        <time>2022-12-09T09:07:28.000Z</time>
        <extensions>
          <ns3:TrackPointExtension>
            <ns3:hr>164</ns3:hr>
            <ns3:cad>61</ns3:cad>
          </ns3:TrackPointExtension>
        </extensions>
      </trkpt>
      <trkpt lat="23.177915252745151519775390625" lon="113.2990694604814052581787109375">
        <ele>231.8000030517578125</ele>
        <time>2022-12-09T09:07:31.000Z</time>
        <extensions>
          <ns3:TrackPointExtension>
            <ns3:hr>161</ns3:hr>
            <ns3:cad>61</ns3:cad>
          </ns3:TrackPointExtension>
        </extensions>
      </trkpt>
      <trkpt lat="23.1778815574944019317626953125" lon="113.29898421652615070343017578125">
        <ele>231</ele>
        <time>2022-12-09T09:07:36.000Z</time>
        <extensions>
          <ns3:TrackPointExtension>
            <ns3:hr>158</ns3:hr>
            <ns3:cad>61</ns3:cad>
          </ns3:TrackPointExtension>
        </extensions>
      </trkpt>
      <trkpt lat="23.17785699851810932159423828125" lon="113.29894222319126129150390625">
        <ele>230.399993896484375</ele>
        <time>2022-12-09T09:07:39.000Z</time>
        <extensions>
          <ns3:TrackPointExtension>
            <ns3:hr>155</ns3:hr>
            <ns3:cad>61</ns3:cad>
          </ns3:TrackPointExtension>
        </extensions>
      </trkpt>
      <trkpt lat="23.17782347090542316436767578125" lon="113.2988840527832508087158203125">
        <ele>229.8000030517578125</ele>
        <time>2022-12-09T09:07:43.000Z</time>
        <extensions>
          <ns3:TrackPointExtension>
            <ns3:hr>152</ns3:hr>
            <ns3:cad>61</ns3:cad>
          </ns3:TrackPointExtension>
        </extensions>
      </trkpt>
      <trkpt lat="23.17778742872178554534912109375" lon="113.29877198673784732818603515625">
        <ele>230.399993896484375</ele>
        <time>2022-12-09T09:07:48.000Z</time>
        <extensions>
          <ns3:TrackPointExtension>
            <ns3:hr>149</ns3:hr>
            <ns3:cad>61</ns3:cad>
          </ns3:TrackPointExtension>
        </extensions>
      </trkpt>
      <trkpt lat="23.1777524761855602264404296875" lon="113.2986500300467014312744140625">
        <ele>232.399993896484375</ele>
        <time>2022-12-09T09:07:55.000Z</time>
        <extensions>
          <ns3:TrackPointExtension>
            <ns3:hr>146</ns3:hr>
            <ns3:cad>61</ns3:cad>
          </ns3:TrackPointExtension>
        </extensions>
      </trkpt>
      <trkpt lat="23.17769086919724941253662109375" lon="113.29846638254821300506591796875">
        <ele>236.600006103515625</ele>
        <time>2022-12-09T09:08:09.000Z</time>
        <extensions>
          <ns3:TrackPointExtension>
            <ns3:hr>145</ns3:hr>
            <ns3:cad>61</ns3:cad>
          </ns3:TrackPointExtension>
        </extensions>
      </trkpt>
      <trkpt lat="23.1776746921241283416748046875" lon="113.29842179082334041595458984375">
        <ele>238</ele>
        <time>2022-12-09T09:08:13.000Z</time>
        <extensions>
          <ns3:TrackPointExtension>
            <ns3:hr>143</ns3:hr>
            <ns3:cad>61</ns3:cad>
          </ns3:TrackPointExtension>
        </extensions>
      </trkpt>
      <trkpt lat="23.177612163126468658447265625" lon="113.2983040250837802886962890625">
        <ele>241.8000030517578125</ele>
        <time>2022-12-09T09:08:21.000Z</time>
        <extensions>
          <ns3:TrackPointExtension>
            <ns3:hr>140</ns3:hr>
            <ns3:cad>61</ns3:cad>
          </ns3:TrackPointExtension>
        </extensions>
      </trkpt>
      <trkpt lat="23.17750311456620693206787109375" lon="113.29813160933554172515869140625">
        <ele>246</ele>
        <time>2022-12-09T09:08:35.000Z</time>
        <extensions>
          <ns3:TrackPointExtension>
            <ns3:hr>140</ns3:hr>
            <ns3:cad>56</ns3:cad>
          </ns3:TrackPointExtension>
        </extensions>
      </trkpt>
      <trkpt lat="23.17744511179625988006591796875" lon="113.2980133406817913055419921875">
        <ele>249</ele>
        <time>2022-12-09T09:08:44.000Z</time>
        <extensions>
          <ns3:TrackPointExtension>
            <ns3:hr>138</ns3:hr>
            <ns3:cad>57</ns3:cad>
          </ns3:TrackPointExtension>
        </extensions>
      </trkpt>
      <trkpt lat="23.17743672989308834075927734375" lon="113.29796430654823780059814453125">
        <ele>249.1999969482421875</ele>
        <time>2022-12-09T09:08:48.000Z</time>
        <extensions>
          <ns3:TrackPointExtension>
            <ns3:hr>143</ns3:hr>
            <ns3:cad>59</ns3:cad>
          </ns3:TrackPointExtension>
        </extensions>
      </trkpt>
      <trkpt lat="23.17743287421762943267822265625" lon="113.2979550026357173919677734375">
        <ele>249.1999969482421875</ele>
        <time>2022-12-09T09:08:49.000Z</time>
        <extensions>
          <ns3:TrackPointExtension>
            <ns3:hr>143</ns3:hr>
            <ns3:cad>59</ns3:cad>
          </ns3:TrackPointExtension>
        </extensions>
      </trkpt>
      <trkpt lat="23.177424408495426177978515625" lon="113.2979275099933147430419921875">
        <ele>249.1999969482421875</ele>
        <time>2022-12-09T09:08:53.000Z</time>
        <extensions>
          <ns3:TrackPointExtension>
            <ns3:hr>140</ns3:hr>
            <ns3:cad>0</ns3:cad>
          </ns3:TrackPointExtension>
        </extensions>
      </trkpt>
      <trkpt lat="23.17742147482931613922119140625" lon="113.297911919653415679931640625">
        <ele>249.1999969482421875</ele>
        <time>2022-12-09T09:08:56.000Z</time>
        <extensions>
          <ns3:TrackPointExtension>
            <ns3:hr>137</ns3:hr>
            <ns3:cad>0</ns3:cad>
          </ns3:TrackPointExtension>
        </extensions>
      </trkpt>
      <trkpt lat="23.17742608487606048583984375" lon="113.297853581607341766357421875">
        <ele>249.1999969482421875</ele>
        <time>2022-12-09T09:09:03.000Z</time>
        <extensions>
          <ns3:TrackPointExtension>
            <ns3:hr>134</ns3:hr>
            <ns3:cad>0</ns3:cad>
          </ns3:TrackPointExtension>
        </extensions>
      </trkpt>
      <trkpt lat="23.17734637297689914703369140625" lon="113.29783790744841098785400390625">
        <ele>249.399993896484375</ele>
        <time>2022-12-09T09:09:13.000Z</time>
        <extensions>
          <ns3:TrackPointExtension>
            <ns3:hr>131</ns3:hr>
            <ns3:cad>0</ns3:cad>
          </ns3:TrackPointExtension>
        </extensions>
      </trkpt>
      <trkpt lat="23.17735827527940273284912109375" lon="113.29780471511185169219970703125">
        <ele>249.399993896484375</ele>
        <time>2022-12-09T09:09:33.000Z</time>
        <extensions>
          <ns3:TrackPointExtension>
            <ns3:hr>125</ns3:hr>
            <ns3:cad>61</ns3:cad>
          </ns3:TrackPointExtension>
        </extensions>
      </trkpt>
      <trkpt lat="23.1774094887077808380126953125" lon="113.2978641428053379058837890625">
        <ele>249</ele>
        <time>2022-12-09T09:09:37.000Z</time>
        <extensions>
          <ns3:TrackPointExtension>
            <ns3:hr>124</ns3:hr>
            <ns3:cad>0</ns3:cad>
          </ns3:TrackPointExtension>
        </extensions>
      </trkpt>
      <trkpt lat="23.17744343541562557220458984375" lon="113.2978668250143527984619140625">
        <ele>249.399993896484375</ele>
        <time>2022-12-09T09:09:41.000Z</time>
        <extensions>
          <ns3:TrackPointExtension>
            <ns3:hr>123</ns3:hr>
            <ns3:cad>0</ns3:cad>
          </ns3:TrackPointExtension>
        </extensions>
      </trkpt>
      <trkpt lat="23.1774098239839076995849609375" lon="113.29788752831518650054931640625">
        <ele>249</ele>
        <time>2022-12-09T09:09:43.000Z</time>
        <extensions>
          <ns3:TrackPointExtension>
            <ns3:hr>123</ns3:hr>
            <ns3:cad>0</ns3:cad>
          </ns3:TrackPointExtension>
        </extensions>
      </trkpt>
      <trkpt lat="23.1774292699992656707763671875" lon="113.29792055301368236541748046875">
        <ele>249.1999969482421875</ele>
        <time>2022-12-09T09:09:48.000Z</time>
        <extensions>
          <ns3:TrackPointExtension>
            <ns3:hr>120</ns3:hr>
            <ns3:cad>0</ns3:cad>
          </ns3:TrackPointExtension>
        </extensions>
      </trkpt>
      <trkpt lat="23.17741870880126953125" lon="113.29792122356593608856201171875">
        <ele>249</ele>
        <time>2022-12-09T09:09:52.000Z</time>
        <extensions>
          <ns3:TrackPointExtension>
            <ns3:hr>117</ns3:hr>
            <ns3:cad>0</ns3:cad>
          </ns3:TrackPointExtension>
        </extensions>
      </trkpt>
      <trkpt lat="23.17742348648607730865478515625" lon="113.29792608506977558135986328125">
        <ele>249.1999969482421875</ele>
        <time>2022-12-09T09:09:53.000Z</time>
        <extensions>
          <ns3:TrackPointExtension>
            <ns3:hr>117</ns3:hr>
            <ns3:cad>0</ns3:cad>
          </ns3:TrackPointExtension>
        </extensions>
      </trkpt>
      <trkpt lat="23.17742080427706241607666015625" lon="113.29793103039264678955078125">
        <ele>249.1999969482421875</ele>
        <time>2022-12-09T09:09:57.000Z</time>
        <extensions>
          <ns3:TrackPointExtension>
            <ns3:hr>116</ns3:hr>
            <ns3:cad>61</ns3:cad>
          </ns3:TrackPointExtension>
        </extensions>
      </trkpt>
      <trkpt lat="23.17741108126938343048095703125" lon="113.29793714918196201324462890625">
        <ele>249</ele>
        <time>2022-12-09T09:09:59.000Z</time>
        <extensions>
          <ns3:TrackPointExtension>
            <ns3:hr>116</ns3:hr>
            <ns3:cad>61</ns3:cad>
          </ns3:TrackPointExtension>
        </extensions>
      </trkpt>
      <trkpt lat="23.17739482037723064422607421875" lon="113.297966904938220977783203125">
        <ele>249.1999969482421875</ele>
        <time>2022-12-09T09:10:04.000Z</time>
        <extensions>
          <ns3:TrackPointExtension>
            <ns3:hr>116</ns3:hr>
            <ns3:cad>0</ns3:cad>
          </ns3:TrackPointExtension>
        </extensions>
      </trkpt>
      <trkpt lat="23.17738040350377559661865234375" lon="113.2979665696620941162109375">
        <ele>249.1999969482421875</ele>
        <time>2022-12-09T09:10:06.000Z</time>
        <extensions>
          <ns3:TrackPointExtension>
            <ns3:hr>115</ns3:hr>
            <ns3:cad>0</ns3:cad>
          </ns3:TrackPointExtension>
        </extensions>
      </trkpt>
      <trkpt lat="23.17735559307038784027099609375" lon="113.29798257909715175628662109375">
        <ele>248.8000030517578125</ele>
        <time>2022-12-09T09:10:09.000Z</time>
        <extensions>
          <ns3:TrackPointExtension>
            <ns3:hr>119</ns3:hr>
            <ns3:cad>55</ns3:cad>
          </ns3:TrackPointExtension>
        </extensions>
      </trkpt>
      <trkpt lat="23.177323825657367706298828125" lon="113.2980062998831272125244140625">
        <ele>248.1999969482421875</ele>
        <time>2022-12-09T09:10:12.000Z</time>
        <extensions>
          <ns3:TrackPointExtension>
            <ns3:hr>123</ns3:hr>
            <ns3:cad>57</ns3:cad>
          </ns3:TrackPointExtension>
        </extensions>
      </trkpt>
      <trkpt lat="23.1773189641535282135009765625" lon="113.29801560379564762115478515625">
        <ele>247.8000030517578125</ele>
        <time>2022-12-09T09:10:13.000Z</time>
        <extensions>
          <ns3:TrackPointExtension>
            <ns3:hr>156</ns3:hr>
            <ns3:cad>57</ns3:cad>
          </ns3:TrackPointExtension>
        </extensions>
      </trkpt>
      <trkpt lat="23.1773102469742298126220703125" lon="113.29802599735558032989501953125">
        <ele>247.399993896484375</ele>
        <time>2022-12-09T09:10:14.000Z</time>
        <extensions>
          <ns3:TrackPointExtension>
            <ns3:hr>155</ns3:hr>
            <ns3:cad>57</ns3:cad>
          </ns3:TrackPointExtension>
        </extensions>
      </trkpt>
      <trkpt lat="23.17728535272181034088134765625" lon="113.2980461977422237396240234375">
        <ele>246.600006103515625</ele>
        <time>2022-12-09T09:10:16.000Z</time>
        <extensions>
          <ns3:TrackPointExtension>
            <ns3:hr>152</ns3:hr>
            <ns3:cad>57</ns3:cad>
          </ns3:TrackPointExtension>
        </extensions>
      </trkpt>
      <trkpt lat="23.1772425211966037750244140625" lon="113.29807327128946781158447265625">
        <ele>245.399993896484375</ele>
        <time>2022-12-09T09:10:21.000Z</time>
        <extensions>
          <ns3:TrackPointExtension>
            <ns3:hr>151</ns3:hr>
            <ns3:cad>61</ns3:cad>
          </ns3:TrackPointExtension>
        </extensions>
      </trkpt>
      <trkpt lat="23.17723162472248077392578125" lon="113.29809389077126979827880859375">
        <ele>244.600006103515625</ele>
        <time>2022-12-09T09:10:23.000Z</time>
        <extensions>
          <ns3:TrackPointExtension>
            <ns3:hr>148</ns3:hr>
            <ns3:cad>0</ns3:cad>
          </ns3:TrackPointExtension>
        </extensions>
      </trkpt>
      <trkpt lat="23.17722684703767299652099609375" lon="113.29811082221567630767822265625">
        <ele>244.1999969482421875</ele>
        <time>2022-12-09T09:10:24.000Z</time>
        <extensions>
          <ns3:TrackPointExtension>
            <ns3:hr>146</ns3:hr>
            <ns3:cad>0</ns3:cad>
          </ns3:TrackPointExtension>
        </extensions>
      </trkpt>
      <trkpt lat="23.1772213988006114959716796875" lon="113.29812414944171905517578125">
        <ele>243.8000030517578125</ele>
        <time>2022-12-09T09:10:25.000Z</time>
        <extensions>
          <ns3:TrackPointExtension>
            <ns3:hr>143</ns3:hr>
            <ns3:cad>58</ns3:cad>
          </ns3:TrackPointExtension>
        </extensions>
      </trkpt>
      <trkpt lat="23.1772187165915966033935546875" lon="113.29814602620899677276611328125">
        <ele>243.399993896484375</ele>
        <time>2022-12-09T09:10:26.000Z</time>
        <extensions>
          <ns3:TrackPointExtension>
            <ns3:hr>140</ns3:hr>
            <ns3:cad>58</ns3:cad>
          </ns3:TrackPointExtension>
        </extensions>
      </trkpt>
      <trkpt lat="23.1771882064640522003173828125" lon="113.29823906533420085906982421875">
        <ele>241</ele>
        <time>2022-12-09T09:10:33.000Z</time>
        <extensions>
          <ns3:TrackPointExtension>
            <ns3:hr>141</ns3:hr>
            <ns3:cad>58</ns3:cad>
          </ns3:TrackPointExtension>
        </extensions>
      </trkpt>
      <trkpt lat="23.17715861834585666656494140625" lon="113.298287093639373779296875">
        <ele>239.600006103515625</ele>
        <time>2022-12-09T09:10:37.000Z</time>
        <extensions>
          <ns3:TrackPointExtension>
            <ns3:hr>139</ns3:hr>
            <ns3:cad>58</ns3:cad>
          </ns3:TrackPointExtension>
        </extensions>
      </trkpt>
      <trkpt lat="23.17713439464569091796875" lon="113.29830578528344631195068359375">
        <ele>239.1999969482421875</ele>
        <time>2022-12-09T09:10:39.000Z</time>
        <extensions>
          <ns3:TrackPointExtension>
            <ns3:hr>136</ns3:hr>
            <ns3:cad>58</ns3:cad>
          </ns3:TrackPointExtension>
        </extensions>
      </trkpt>
      <trkpt lat="23.1770872883498668670654296875" lon="113.2983499579131603240966796875">
        <ele>237.399993896484375</ele>
        <time>2022-12-09T09:10:43.000Z</time>
        <extensions>
          <ns3:TrackPointExtension>
            <ns3:hr>140</ns3:hr>
            <ns3:cad>58</ns3:cad>
          </ns3:TrackPointExtension>
        </extensions>
      </trkpt>
      <trkpt lat="23.1770567782223224639892578125" lon="113.29839639365673065185546875">
        <ele>235.8000030517578125</ele>
        <time>2022-12-09T09:10:47.000Z</time>
        <extensions>
          <ns3:TrackPointExtension>
            <ns3:hr>136</ns3:hr>
            <ns3:cad>55</ns3:cad>
          </ns3:TrackPointExtension>
        </extensions>
      </trkpt>
      <trkpt lat="23.17704998888075351715087890625" lon="113.29840569756925106048583984375">
        <ele>235.399993896484375</ele>
        <time>2022-12-09T09:10:48.000Z</time>
        <extensions>
          <ns3:TrackPointExtension>
            <ns3:hr>136</ns3:hr>
            <ns3:cad>55</ns3:cad>
          </ns3:TrackPointExtension>
        </extensions>
      </trkpt>
      <trkpt lat="23.17689207382500171661376953125" lon="113.298459090292453765869140625">
        <ele>230</ele>
        <time>2022-12-09T09:11:05.000Z</time>
        <extensions>
          <ns3:TrackPointExtension>
            <ns3:hr>137</ns3:hr>
            <ns3:cad>56</ns3:cad>
          </ns3:TrackPointExtension>
        </extensions>
      </trkpt>
      <trkpt lat="23.17681848071515560150146484375" lon="113.298408798873424530029296875">
        <ele>230.1999969482421875</ele>
        <time>2022-12-09T09:11:13.000Z</time>
        <extensions>
          <ns3:TrackPointExtension>
            <ns3:hr>136</ns3:hr>
            <ns3:cad>53</ns3:cad>
          </ns3:TrackPointExtension>
        </extensions>
      </trkpt>
      <trkpt lat="23.1768023036420345306396484375" lon="113.2983814738690853118896484375">
        <ele>230.8000030517578125</ele>
        <time>2022-12-09T09:11:17.000Z</time>
        <extensions>
          <ns3:TrackPointExtension>
            <ns3:hr>135</ns3:hr>
            <ns3:cad>53</ns3:cad>
          </ns3:TrackPointExtension>
        </extensions>
      </trkpt>
      <trkpt lat="23.1768023036420345306396484375" lon="113.2983814738690853118896484375">
        <ele>230.8000030517578125</ele>
        <time>2022-12-09T09:11:18.000Z</time>
        <extensions>
          <ns3:TrackPointExtension>
            <ns3:hr>136</ns3:hr>
            <ns3:cad>53</ns3:cad>
          </ns3:TrackPointExtension>
        </extensions>
      </trkpt>
      <trkpt lat="23.17678730003535747528076171875" lon="113.2983486168086528778076171875">
        <ele>231.8000030517578125</ele>
        <time>2022-12-09T09:11:21.000Z</time>
        <extensions>
          <ns3:TrackPointExtension>
            <ns3:hr>136</ns3:hr>
            <ns3:cad>53</ns3:cad>
          </ns3:TrackPointExtension>
        </extensions>
      </trkpt>
      <trkpt lat="23.17675176076591014862060546875" lon="113.298254907131195068359375">
        <ele>234.399993896484375</ele>
        <time>2022-12-09T09:11:29.000Z</time>
        <extensions>
          <ns3:TrackPointExtension>
            <ns3:hr>140</ns3:hr>
            <ns3:cad>85</ns3:cad>
          </ns3:TrackPointExtension>
        </extensions>
      </trkpt>
      <trkpt lat="23.17674421705305576324462890625" lon="113.29822347499430179595947265625">
        <ele>235</ele>
        <time>2022-12-09T09:11:31.000Z</time>
        <extensions>
          <ns3:TrackPointExtension>
            <ns3:hr>143</ns3:hr>
            <ns3:cad>85</ns3:cad>
          </ns3:TrackPointExtension>
        </extensions>
      </trkpt>
      <trkpt lat="23.1767332367599010467529296875" lon="113.29817838035523891448974609375">
        <ele>236</ele>
        <time>2022-12-09T09:11:34.000Z</time>
        <extensions>
          <ns3:TrackPointExtension>
            <ns3:hr>151</ns3:hr>
            <ns3:cad>86</ns3:cad>
          </ns3:TrackPointExtension>
        </extensions>
      </trkpt>
      <trkpt lat="23.176731728017330169677734375" lon="113.298158012330532073974609375">
        <ele>236.399993896484375</ele>
        <time>2022-12-09T09:11:35.000Z</time>
        <extensions>
          <ns3:TrackPointExtension>
            <ns3:hr>156</ns3:hr>
            <ns3:cad>86</ns3:cad>
          </ns3:TrackPointExtension>
        </extensions>
      </trkpt>
      <trkpt lat="23.1767295487225055694580078125" lon="113.29813764430582523345947265625">
        <ele>236.8000030517578125</ele>
        <time>2022-12-09T09:11:36.000Z</time>
        <extensions>
          <ns3:TrackPointExtension>
            <ns3:hr>159</ns3:hr>
            <ns3:cad>86</ns3:cad>
          </ns3:TrackPointExtension>
        </extensions>
      </trkpt>
      <trkpt lat="23.1767204962670803070068359375" lon="113.29809003509581089019775390625">
        <ele>237.600006103515625</ele>
        <time>2022-12-09T09:11:38.000Z</time>
        <extensions>
          <ns3:TrackPointExtension>
            <ns3:hr>165</ns3:hr>
            <ns3:cad>86</ns3:cad>
          </ns3:TrackPointExtension>
        </extensions>
      </trkpt>
      <trkpt lat="23.17665033973753452301025390625" lon="113.297911919653415679931640625">
        <ele>240</ele>
        <time>2022-12-09T09:11:45.000Z</time>
        <extensions>
          <ns3:TrackPointExtension>
            <ns3:hr>169</ns3:hr>
            <ns3:cad>87</ns3:cad>
          </ns3:TrackPointExtension>
        </extensions>
      </trkpt>
      <trkpt lat="23.17663743160665035247802734375" lon="113.29771217890083789825439453125">
        <ele>244.600006103515625</ele>
        <time>2022-12-09T09:11:52.000Z</time>
        <extensions>
          <ns3:TrackPointExtension>
            <ns3:hr>170</ns3:hr>
            <ns3:cad>85</ns3:cad>
          </ns3:TrackPointExtension>
        </extensions>
      </trkpt>
      <trkpt lat="23.1766430474817752838134765625" lon="113.29766037873923778533935546875">
        <ele>245.1999969482421875</ele>
        <time>2022-12-09T09:11:54.000Z</time>
        <extensions>
          <ns3:TrackPointExtension>
            <ns3:hr>166</ns3:hr>
            <ns3:cad>85</ns3:cad>
          </ns3:TrackPointExtension>
        </extensions>
      </trkpt>
      <trkpt lat="23.1766341626644134521484375" lon="113.297606147825717926025390625">
        <ele>245.1999969482421875</ele>
        <time>2022-12-09T09:11:57.000Z</time>
        <extensions>
          <ns3:TrackPointExtension>
            <ns3:hr>170</ns3:hr>
            <ns3:cad>85</ns3:cad>
          </ns3:TrackPointExtension>
        </extensions>
      </trkpt>
      <trkpt lat="23.176627457141876220703125" lon="113.29757153056561946868896484375">
        <ele>245.399993896484375</ele>
        <time>2022-12-09T09:11:59.000Z</time>
        <extensions>
          <ns3:TrackPointExtension>
            <ns3:hr>173</ns3:hr>
            <ns3:cad>85</ns3:cad>
          </ns3:TrackPointExtension>
        </extensions>
      </trkpt>
      <trkpt lat="23.17662653513252735137939453125" lon="113.29748100601136684417724609375">
        <ele>246</ele>
        <time>2022-12-09T09:12:06.000Z</time>
        <extensions>
          <ns3:TrackPointExtension>
            <ns3:hr>169</ns3:hr>
            <ns3:cad>61</ns3:cad>
          </ns3:TrackPointExtension>
        </extensions>
      </trkpt>
      <trkpt lat="23.17665494978427886962890625" lon="113.297345302999019622802734375">
        <ele>247.1999969482421875</ele>
        <time>2022-12-09T09:12:14.000Z</time>
        <extensions>
          <ns3:TrackPointExtension>
            <ns3:hr>166</ns3:hr>
            <ns3:cad>61</ns3:cad>
          </ns3:TrackPointExtension>
        </extensions>
      </trkpt>
      <trkpt lat="23.17665771581232547760009765625" lon="113.29728486947715282440185546875">
        <ele>247.399993896484375</ele>
        <time>2022-12-09T09:12:19.000Z</time>
        <extensions>
          <ns3:TrackPointExtension>
            <ns3:hr>163</ns3:hr>
            <ns3:cad>59</ns3:cad>
          </ns3:TrackPointExtension>
        </extensions>
      </trkpt>
      <trkpt lat="23.17672669887542724609375" lon="113.29713634215295314788818359375">
        <ele>252.8000030517578125</ele>
        <time>2022-12-09T09:12:33.000Z</time>
        <extensions>
          <ns3:TrackPointExtension>
            <ns3:hr>160</ns3:hr>
            <ns3:cad>59</ns3:cad>
          </ns3:TrackPointExtension>
        </extensions>
      </trkpt>
      <trkpt lat="23.17673130892217159271240234375" lon="113.29710113815963268280029296875">
        <ele>253.1999969482421875</ele>
        <time>2022-12-09T09:12:37.000Z</time>
        <extensions>
          <ns3:TrackPointExtension>
            <ns3:hr>157</ns3:hr>
            <ns3:cad>59</ns3:cad>
          </ns3:TrackPointExtension>
        </extensions>
      </trkpt>
      <trkpt lat="23.1767617352306842803955078125" lon="113.29698010347783565521240234375">
        <ele>255.600006103515625</ele>
        <time>2022-12-09T09:12:47.000Z</time>
        <extensions>
          <ns3:TrackPointExtension>
            <ns3:hr>154</ns3:hr>
            <ns3:cad>61</ns3:cad>
          </ns3:TrackPointExtension>
        </extensions>
      </trkpt>
      <trkpt lat="23.17676684819161891937255859375" lon="113.2969379425048828125">
        <ele>256.20001220703125</ele>
        <time>2022-12-09T09:12:52.000Z</time>
        <extensions>
          <ns3:TrackPointExtension>
            <ns3:hr>151</ns3:hr>
            <ns3:cad>61</ns3:cad>
          </ns3:TrackPointExtension>
        </extensions>
      </trkpt>
      <trkpt lat="23.1768043152987957000732421875" lon="113.29686820507049560546875">
        <ele>258.600006103515625</ele>
        <time>2022-12-09T09:12:59.000Z</time>
        <extensions>
          <ns3:TrackPointExtension>
            <ns3:hr>148</ns3:hr>
            <ns3:cad>58</ns3:cad>
          </ns3:TrackPointExtension>
        </extensions>
      </trkpt>
      <trkpt lat="23.1768539361655712127685546875" lon="113.29681497998535633087158203125">
        <ele>260.399993896484375</ele>
        <time>2022-12-09T09:13:06.000Z</time>
        <extensions>
          <ns3:TrackPointExtension>
            <ns3:hr>146</ns3:hr>
            <ns3:cad>61</ns3:cad>
          </ns3:TrackPointExtension>
        </extensions>
      </trkpt>
      <trkpt lat="23.17688536830246448516845703125" lon="113.2967245392501354217529296875">
        <ele>261</ele>
        <time>2022-12-09T09:13:13.000Z</time>
        <extensions>
          <ns3:TrackPointExtension>
            <ns3:hr>144</ns3:hr>
            <ns3:cad>61</ns3:cad>
          </ns3:TrackPointExtension>
        </extensions>
      </trkpt>
      <trkpt lat="23.17688117735087871551513671875" lon="113.29663124866783618927001953125">
        <ele>260.20001220703125</ele>
        <time>2022-12-09T09:13:19.000Z</time>
        <extensions>
          <ns3:TrackPointExtension>
            <ns3:hr>146</ns3:hr>
            <ns3:cad>61</ns3:cad>
          </ns3:TrackPointExtension>
        </extensions>
      </trkpt>
      <trkpt lat="23.17683021537959575653076171875" lon="113.29650786705315113067626953125">
        <ele>258.399993896484375</ele>
        <time>2022-12-09T09:13:32.000Z</time>
        <extensions>
          <ns3:TrackPointExtension>
            <ns3:hr>145</ns3:hr>
            <ns3:cad>61</ns3:cad>
          </ns3:TrackPointExtension>
        </extensions>
      </trkpt>
      <trkpt lat="23.1768197380006313323974609375" lon="113.29648104496300220489501953125">
        <ele>258.20001220703125</ele>
        <time>2022-12-09T09:13:34.000Z</time>
        <extensions>
          <ns3:TrackPointExtension>
            <ns3:hr>145</ns3:hr>
            <ns3:cad>61</ns3:cad>
          </ns3:TrackPointExtension>
        </extensions>
      </trkpt>
      <trkpt lat="23.1768224202096462249755859375" lon="113.29645439051091670989990234375">
        <ele>258.399993896484375</ele>
        <time>2022-12-09T09:13:36.000Z</time>
        <extensions>
          <ns3:TrackPointExtension>
            <ns3:hr>144</ns3:hr>
            <ns3:cad>61</ns3:cad>
          </ns3:TrackPointExtension>
        </extensions>
      </trkpt>
      <trkpt lat="23.17688302136957645416259765625" lon="113.29626001417636871337890625">
        <ele>262.79998779296875</ele>
        <time>2022-12-09T09:13:48.000Z</time>
        <extensions>
          <ns3:TrackPointExtension>
            <ns3:hr>141</ns3:hr>
            <ns3:cad>61</ns3:cad>
          </ns3:TrackPointExtension>
        </extensions>
      </trkpt>
      <trkpt lat="23.176904730498790740966796875" lon="113.2962357066571712493896484375">
        <ele>264.399993896484375</ele>
        <time>2022-12-09T09:13:50.000Z</time>
        <extensions>
          <ns3:TrackPointExtension>
            <ns3:hr>141</ns3:hr>
            <ns3:cad>61</ns3:cad>
          </ns3:TrackPointExtension>
        </extensions>
      </trkpt>
      <trkpt lat="23.1769387610256671905517578125" lon="113.29613504000008106231689453125">
        <ele>268</ele>
        <time>2022-12-09T09:13:59.000Z</time>
        <extensions>
          <ns3:TrackPointExtension>
            <ns3:hr>138</ns3:hr>
            <ns3:cad>61</ns3:cad>
          </ns3:TrackPointExtension>
        </extensions>
      </trkpt>
      <trkpt lat="23.17692224867641925811767578125" lon="113.295967318117618560791015625">
        <ele>269.20001220703125</ele>
        <time>2022-12-09T09:14:10.000Z</time>
        <extensions>
          <ns3:TrackPointExtension>
            <ns3:hr>141</ns3:hr>
            <ns3:cad>61</ns3:cad>
          </ns3:TrackPointExtension>
        </extensions>
      </trkpt>
      <trkpt lat="23.17690397612750530242919921875" lon="113.2958994247019290924072265625">
        <ele>269.399993896484375</ele>
        <time>2022-12-09T09:14:15.000Z</time>
        <extensions>
          <ns3:TrackPointExtension>
            <ns3:hr>144</ns3:hr>
            <ns3:cad>61</ns3:cad>
          </ns3:TrackPointExtension>
        </extensions>
      </trkpt>
      <trkpt lat="23.17689224146306514739990234375" lon="113.2958806492388248443603515625">
        <ele>269.20001220703125</ele>
        <time>2022-12-09T09:14:17.000Z</time>
        <extensions>
          <ns3:TrackPointExtension>
            <ns3:hr>146</ns3:hr>
            <ns3:cad>58</ns3:cad>
          </ns3:TrackPointExtension>
        </extensions>
      </trkpt>
      <trkpt lat="23.17684136331081390380859375" lon="113.29582817852497100830078125">
        <ele>267.79998779296875</ele>
        <time>2022-12-09T09:14:24.000Z</time>
        <extensions>
          <ns3:TrackPointExtension>
            <ns3:hr>143</ns3:hr>
            <ns3:cad>56</ns3:cad>
          </ns3:TrackPointExtension>
        </extensions>
      </trkpt>
      <trkpt lat="23.17683004774153232574462890625" lon="113.29582013189792633056640625">
        <ele>267.600006103515625</ele>
        <time>2022-12-09T09:14:26.000Z</time>
        <extensions>
          <ns3:TrackPointExtension>
            <ns3:hr>143</ns3:hr>
            <ns3:cad>61</ns3:cad>
          </ns3:TrackPointExtension>
        </extensions>
      </trkpt>
      <trkpt lat="23.1768173910677433013916015625" lon="113.29580479301512241363525390625">
        <ele>267.600006103515625</ele>
        <time>2022-12-09T09:14:28.000Z</time>
        <extensions>
          <ns3:TrackPointExtension>
            <ns3:hr>142</ns3:hr>
            <ns3:cad>61</ns3:cad>
          </ns3:TrackPointExtension>
        </extensions>
      </trkpt>
      <trkpt lat="23.1767932511866092681884765625" lon="113.2957778871059417724609375">
        <ele>267.600006103515625</ele>
        <time>2022-12-09T09:14:31.000Z</time>
        <extensions>
          <ns3:TrackPointExtension>
            <ns3:hr>141</ns3:hr>
            <ns3:cad>61</ns3:cad>
          </ns3:TrackPointExtension>
        </extensions>
      </trkpt>
      <trkpt lat="23.17676986567676067352294921875" lon="113.2957549206912517547607421875">
        <ele>267.20001220703125</ele>
        <time>2022-12-09T09:14:34.000Z</time>
        <extensions>
          <ns3:TrackPointExtension>
            <ns3:hr>138</ns3:hr>
            <ns3:cad>57</ns3:cad>
          </ns3:TrackPointExtension>
        </extensions>
      </trkpt>
      <trkpt lat="23.17672795616090297698974609375" lon="113.2957036234438419342041015625">
        <ele>266.20001220703125</ele>
        <time>2022-12-09T09:14:40.000Z</time>
        <extensions>
          <ns3:TrackPointExtension>
            <ns3:hr>137</ns3:hr>
            <ns3:cad>58</ns3:cad>
          </ns3:TrackPointExtension>
        </extensions>
      </trkpt>
      <trkpt lat="23.1765759922564029693603515625" lon="113.29558569006621837615966796875">
        <ele>263</ele>
        <time>2022-12-09T09:14:56.000Z</time>
        <extensions>
          <ns3:TrackPointExtension>
            <ns3:hr>137</ns3:hr>
            <ns3:cad>61</ns3:cad>
          </ns3:TrackPointExtension>
        </extensions>
      </trkpt>
      <trkpt lat="23.1765528582036495208740234375" lon="113.29558585770428180694580078125">
        <ele>262.79998779296875</ele>
        <time>2022-12-09T09:14:58.000Z</time>
        <extensions>
          <ns3:TrackPointExtension>
            <ns3:hr>137</ns3:hr>
            <ns3:cad>61</ns3:cad>
          </ns3:TrackPointExtension>
        </extensions>
      </trkpt>
      <trkpt lat="23.176479600369930267333984375" lon="113.29565911553800106048583984375">
        <ele>262.20001220703125</ele>
        <time>2022-12-09T09:15:05.000Z</time>
        <extensions>
          <ns3:TrackPointExtension>
            <ns3:hr>136</ns3:hr>
            <ns3:cad>61</ns3:cad>
          </ns3:TrackPointExtension>
        </extensions>
      </trkpt>
      <trkpt lat="23.17646543495357036590576171875" lon="113.295680992305278778076171875">
        <ele>262</ele>
        <time>2022-12-09T09:15:06.000Z</time>
        <extensions>
          <ns3:TrackPointExtension>
            <ns3:hr>136</ns3:hr>
            <ns3:cad>61</ns3:cad>
          </ns3:TrackPointExtension>
        </extensions>
      </trkpt>
      <trkpt lat="23.17643442191183567047119140625" lon="113.29571686685085296630859375">
        <ele>260.79998779296875</ele>
        <time>2022-12-09T09:15:09.000Z</time>
        <extensions>
          <ns3:TrackPointExtension>
            <ns3:hr>136</ns3:hr>
            <ns3:cad>61</ns3:cad>
          </ns3:TrackPointExtension>
        </extensions>
      </trkpt>
      <trkpt lat="23.17641564644873142242431640625" lon="113.29574293456971645355224609375">
        <ele>260</ele>
        <time>2022-12-09T09:15:12.000Z</time>
        <extensions>
          <ns3:TrackPointExtension>
            <ns3:hr>136</ns3:hr>
            <ns3:cad>61</ns3:cad>
          </ns3:TrackPointExtension>
        </extensions>
      </trkpt>
      <trkpt lat="23.176391087472438812255859375" lon="113.295772857964038848876953125">
        <ele>259</ele>
        <time>2022-12-09T09:15:16.000Z</time>
        <extensions>
          <ns3:TrackPointExtension>
            <ns3:hr>136</ns3:hr>
            <ns3:cad>57</ns3:cad>
          </ns3:TrackPointExtension>
        </extensions>
      </trkpt>
      <trkpt lat="23.17621381022036075592041015625" lon="113.29580713994801044464111328125">
        <ele>254.600006103515625</ele>
        <time>2022-12-09T09:15:30.000Z</time>
        <extensions>
          <ns3:TrackPointExtension>
            <ns3:hr>137</ns3:hr>
            <ns3:cad>59</ns3:cad>
          </ns3:TrackPointExtension>
        </extensions>
      </trkpt>
      <trkpt lat="23.17605623044073581695556640625" lon="113.29569029621779918670654296875">
        <ele>254.8000030517578125</ele>
        <time>2022-12-09T09:15:46.000Z</time>
        <extensions>
          <ns3:TrackPointExtension>
            <ns3:hr>136</ns3:hr>
            <ns3:cad>61</ns3:cad>
          </ns3:TrackPointExtension>
        </extensions>
      </trkpt>
      <trkpt lat="23.1760375387966632843017578125" lon="113.29548996873199939727783203125">
        <ele>259.20001220703125</ele>
        <time>2022-12-09T09:16:02.000Z</time>
        <extensions>
          <ns3:TrackPointExtension>
            <ns3:hr>137</ns3:hr>
            <ns3:cad>61</ns3:cad>
          </ns3:TrackPointExtension>
        </extensions>
      </trkpt>
      <trkpt lat="23.176016248762607574462890625" lon="113.29528461210429668426513671875">
        <ele>262.79998779296875</ele>
        <time>2022-12-09T09:16:15.000Z</time>
        <extensions>
          <ns3:TrackPointExtension>
            <ns3:hr>137</ns3:hr>
            <ns3:cad>61</ns3:cad>
          </ns3:TrackPointExtension>
        </extensions>
      </trkpt>
      <trkpt lat="23.17596235312521457672119140625" lon="113.29509534873068332672119140625">
        <ele>265.20001220703125</ele>
        <time>2022-12-09T09:16:33.000Z</time>
        <extensions>
          <ns3:TrackPointExtension>
            <ns3:hr>137</ns3:hr>
            <ns3:cad>61</ns3:cad>
          </ns3:TrackPointExtension>
        </extensions>
      </trkpt>
      <trkpt lat="23.17594416439533233642578125" lon="113.29507724381983280181884765625">
        <ele>265.20001220703125</ele>
        <time>2022-12-09T09:16:36.000Z</time>
        <extensions>
          <ns3:TrackPointExtension>
            <ns3:hr>137</ns3:hr>
            <ns3:cad>61</ns3:cad>
          </ns3:TrackPointExtension>
        </extensions>
      </trkpt>
      <trkpt lat="23.175882138311862945556640625" lon="113.2950414530932903289794921875">
        <ele>264.399993896484375</ele>
        <time>2022-12-09T09:16:43.000Z</time>
        <extensions>
          <ns3:TrackPointExtension>
            <ns3:hr>137</ns3:hr>
            <ns3:cad>61</ns3:cad>
          </ns3:TrackPointExtension>
        </extensions>
      </trkpt>
      <trkpt lat="23.175729922950267791748046875" lon="113.29501505009829998016357421875">
        <ele>261.79998779296875</ele>
        <time>2022-12-09T09:16:59.000Z</time>
        <extensions>
          <ns3:TrackPointExtension>
            <ns3:hr>137</ns3:hr>
            <ns3:cad>61</ns3:cad>
          </ns3:TrackPointExtension>
        </extensions>
      </trkpt>
      <trkpt lat="23.17568843252956867218017578125" lon="113.295036591589450836181640625">
        <ele>260.79998779296875</ele>
        <time>2022-12-09T09:17:04.000Z</time>
        <extensions>
          <ns3:TrackPointExtension>
            <ns3:hr>136</ns3:hr>
            <ns3:cad>61</ns3:cad>
          </ns3:TrackPointExtension>
        </extensions>
      </trkpt>
      <trkpt lat="23.17555650137364864349365234375" lon="113.29518872313201427459716796875">
        <ele>257.79998779296875</ele>
        <time>2022-12-09T09:17:16.000Z</time>
        <extensions>
          <ns3:TrackPointExtension>
            <ns3:hr>136</ns3:hr>
            <ns3:cad>58</ns3:cad>
          </ns3:TrackPointExtension>
        </extensions>
      </trkpt>
      <trkpt lat="23.17550235427916049957275390625" lon="113.295202217996120452880859375">
        <ele>257.399993896484375</ele>
        <time>2022-12-09T09:17:19.000Z</time>
        <extensions>
          <ns3:TrackPointExtension>
            <ns3:hr>138</ns3:hr>
            <ns3:cad>58</ns3:cad>
          </ns3:TrackPointExtension>
        </extensions>
      </trkpt>
      <trkpt lat="23.1754635460674762725830078125" lon="113.2951985299587249755859375">
        <ele>257.20001220703125</ele>
        <time>2022-12-09T09:17:23.000Z</time>
        <extensions>
          <ns3:TrackPointExtension>
            <ns3:hr>137</ns3:hr>
            <ns3:cad>58</ns3:cad>
          </ns3:TrackPointExtension>
        </extensions>
      </trkpt>
      <trkpt lat="23.17545524798333644866943359375" lon="113.295198865234851837158203125">
        <ele>257.20001220703125</ele>
        <time>2022-12-09T09:17:24.000Z</time>
        <extensions>
          <ns3:TrackPointExtension>
            <ns3:hr>137</ns3:hr>
            <ns3:cad>58</ns3:cad>
          </ns3:TrackPointExtension>
        </extensions>
      </trkpt>
      <trkpt lat="23.17542322911322116851806640625" lon="113.29521135427057743072509765625">
        <ele>257.20001220703125</ele>
        <time>2022-12-09T09:17:27.000Z</time>
        <extensions>
          <ns3:TrackPointExtension>
            <ns3:hr>136</ns3:hr>
            <ns3:cad>58</ns3:cad>
          </ns3:TrackPointExtension>
        </extensions>
      </trkpt>
      <trkpt lat="23.17538626492023468017578125" lon="113.2952119410037994384765625">
        <ele>257.20001220703125</ele>
        <time>2022-12-09T09:17:32.000Z</time>
        <extensions>
          <ns3:TrackPointExtension>
            <ns3:hr>138</ns3:hr>
            <ns3:cad>58</ns3:cad>
          </ns3:TrackPointExtension>
        </extensions>
      </trkpt>
      <trkpt lat="23.1753710098564624786376953125" lon="113.29520531930029392242431640625">
        <ele>257.399993896484375</ele>
        <time>2022-12-09T09:17:34.000Z</time>
        <extensions>
          <ns3:TrackPointExtension>
            <ns3:hr>138</ns3:hr>
            <ns3:cad>58</ns3:cad>
          </ns3:TrackPointExtension>
        </extensions>
      </trkpt>
      <trkpt lat="23.17530387081205844879150390625" lon="113.29521889798343181610107421875">
        <ele>257.600006103515625</ele>
        <time>2022-12-09T09:17:38.000Z</time>
        <extensions>
          <ns3:TrackPointExtension>
            <ns3:hr>138</ns3:hr>
            <ns3:cad>58</ns3:cad>
          </ns3:TrackPointExtension>
        </extensions>
      </trkpt>
      <trkpt lat="23.1751964986324310302734375" lon="113.2951520942151546478271484375">
        <ele>258</ele>
        <time>2022-12-09T09:17:54.000Z</time>
        <extensions>
          <ns3:TrackPointExtension>
            <ns3:hr>137</ns3:hr>
            <ns3:cad>56</ns3:cad>
          </ns3:TrackPointExtension>
        </extensions>
      </trkpt>
      <trkpt lat="23.1750853545963764190673828125" lon="113.29499275423586368560791015625">
        <ele>256.79998779296875</ele>
        <time>2022-12-09T09:18:09.000Z</time>
        <extensions>
          <ns3:TrackPointExtension>
            <ns3:hr>137</ns3:hr>
            <ns3:cad>61</ns3:cad>
          </ns3:TrackPointExtension>
        </extensions>
      </trkpt>
      <trkpt lat="23.17505677230656147003173828125" lon="113.2949338294565677642822265625">
        <ele>256.600006103515625</ele>
        <time>2022-12-09T09:18:14.000Z</time>
        <extensions>
          <ns3:TrackPointExtension>
            <ns3:hr>140</ns3:hr>
            <ns3:cad>57</ns3:cad>
          </ns3:TrackPointExtension>
        </extensions>
      </trkpt>
      <trkpt lat="23.17490690387785434722900390625" lon="113.2948081009089946746826171875">
        <ele>254.8000030517578125</ele>
        <time>2022-12-09T09:18:31.000Z</time>
        <extensions>
          <ns3:TrackPointExtension>
            <ns3:hr>138</ns3:hr>
            <ns3:cad>56</ns3:cad>
          </ns3:TrackPointExtension>
        </extensions>
      </trkpt>
      <trkpt lat="23.1748583726584911346435546875" lon="113.29480550251901149749755859375">
        <ele>253</ele>
        <time>2022-12-09T09:18:36.000Z</time>
        <extensions>
          <ns3:TrackPointExtension>
            <ns3:hr>137</ns3:hr>
            <ns3:cad>0</ns3:cad>
          </ns3:TrackPointExtension>
        </extensions>
      </trkpt>
      <trkpt lat="23.174905814230442047119140625" lon="113.29486618749797344207763671875">
        <ele>254.8000030517578125</ele>
        <time>2022-12-09T09:18:52.000Z</time>
        <extensions>
          <ns3:TrackPointExtension>
            <ns3:hr>137</ns3:hr>
            <ns3:cad>61</ns3:cad>
          </ns3:TrackPointExtension>
        </extensions>
      </trkpt>
      <trkpt lat="23.1750186346471309661865234375" lon="113.29500532709062099456787109375">
        <ele>256.20001220703125</ele>
        <time>2022-12-09T09:19:13.000Z</time>
        <extensions>
          <ns3:TrackPointExtension>
            <ns3:hr>136</ns3:hr>
            <ns3:cad>58</ns3:cad>
          </ns3:TrackPointExtension>
        </extensions>
      </trkpt>
      <trkpt lat="23.1750286929309368133544921875" lon="113.29501907341182231903076171875">
        <ele>256.20001220703125</ele>
        <time>2022-12-09T09:19:15.000Z</time>
        <extensions>
          <ns3:TrackPointExtension>
            <ns3:hr>136</ns3:hr>
            <ns3:cad>58</ns3:cad>
          </ns3:TrackPointExtension>
        </extensions>
      </trkpt>
      <trkpt lat="23.175032548606395721435546875" lon="113.29503826797008514404296875">
        <ele>256.399993896484375</ele>
        <time>2022-12-09T09:19:17.000Z</time>
        <extensions>
          <ns3:TrackPointExtension>
            <ns3:hr>136</ns3:hr>
            <ns3:cad>58</ns3:cad>
          </ns3:TrackPointExtension>
        </extensions>
      </trkpt>
      <trkpt lat="23.1750333867967128753662109375" lon="113.29510255716741085052490234375">
        <ele>256.600006103515625</ele>
        <time>2022-12-09T09:19:23.000Z</time>
        <extensions>
          <ns3:TrackPointExtension>
            <ns3:hr>135</ns3:hr>
            <ns3:cad>58</ns3:cad>
          </ns3:TrackPointExtension>
        </extensions>
      </trkpt>
      <trkpt lat="23.17501955665647983551025390625" lon="113.295183442533016204833984375">
        <ele>257.20001220703125</ele>
        <time>2022-12-09T09:19:30.000Z</time>
        <extensions>
          <ns3:TrackPointExtension>
            <ns3:hr>138</ns3:hr>
            <ns3:cad>57</ns3:cad>
          </ns3:TrackPointExtension>
        </extensions>
      </trkpt>
      <trkpt lat="23.174976222217082977294921875" lon="113.29534797929227352142333984375">
        <ele>255.1999969482421875</ele>
        <time>2022-12-09T09:19:44.000Z</time>
        <extensions>
          <ns3:TrackPointExtension>
            <ns3:hr>138</ns3:hr>
            <ns3:cad>56</ns3:cad>
          </ns3:TrackPointExtension>
        </extensions>
      </trkpt>
      <trkpt lat="23.17491712979972362518310546875" lon="113.29554227180778980255126953125">
        <ele>253.1999969482421875</ele>
        <time>2022-12-09T09:19:58.000Z</time>
        <extensions>
          <ns3:TrackPointExtension>
            <ns3:hr>139</ns3:hr>
            <ns3:cad>61</ns3:cad>
          </ns3:TrackPointExtension>
        </extensions>
      </trkpt>
      <trkpt lat="23.17488376982510089874267578125" lon="113.295744359493255615234375">
        <ele>245</ele>
        <time>2022-12-09T09:20:17.000Z</time>
        <extensions>
          <ns3:TrackPointExtension>
            <ns3:hr>137</ns3:hr>
            <ns3:cad>61</ns3:cad>
          </ns3:TrackPointExtension>
        </extensions>
      </trkpt>
      <trkpt lat="23.174815289676189422607421875" lon="113.29584469087421894073486328125">
        <ele>244.1999969482421875</ele>
        <time>2022-12-09T09:20:28.000Z</time>
        <extensions>
          <ns3:TrackPointExtension>
            <ns3:hr>138</ns3:hr>
            <ns3:cad>61</ns3:cad>
          </ns3:TrackPointExtension>
        </extensions>
      </trkpt>
      <trkpt lat="23.17467204295098781585693359375" lon="113.2959495484828948974609375">
        <ele>244</ele>
        <time>2022-12-09T09:20:38.000Z</time>
        <extensions>
          <ns3:TrackPointExtension>
            <ns3:hr>141</ns3:hr>
            <ns3:cad>81</ns3:cad>
          </ns3:TrackPointExtension>
        </extensions>
      </trkpt>
      <trkpt lat="23.1746095977723598480224609375" lon="113.2959902845323085784912109375">
        <ele>243.8000030517578125</ele>
        <time>2022-12-09T09:20:41.000Z</time>
        <extensions>
          <ns3:TrackPointExtension>
            <ns3:hr>144</ns3:hr>
            <ns3:cad>82</ns3:cad>
          </ns3:TrackPointExtension>
        </extensions>
      </trkpt>
      <trkpt lat="23.17458570934832096099853515625" lon="113.29600344412028789520263671875">
        <ele>243.600006103515625</ele>
        <time>2022-12-09T09:20:42.000Z</time>
        <extensions>
          <ns3:TrackPointExtension>
            <ns3:hr>141</ns3:hr>
            <ns3:cad>82</ns3:cad>
          </ns3:TrackPointExtension>
        </extensions>
      </trkpt>
      <trkpt lat="23.17454405128955841064453125" lon="113.2960301823914051055908203125">
        <ele>243.8000030517578125</ele>
        <time>2022-12-09T09:20:43.000Z</time>
        <extensions>
          <ns3:TrackPointExtension>
            <ns3:hr>138</ns3:hr>
            <ns3:cad>82</ns3:cad>
          </ns3:TrackPointExtension>
        </extensions>
      </trkpt>
      <trkpt lat="23.174520246684551239013671875" lon="113.2960429228842258453369140625">
        <ele>243.8000030517578125</ele>
        <time>2022-12-09T09:20:45.000Z</time>
        <extensions>
          <ns3:TrackPointExtension>
            <ns3:hr>141</ns3:hr>
            <ns3:cad>82</ns3:cad>
          </ns3:TrackPointExtension>
        </extensions>
      </trkpt>
      <trkpt lat="23.17442695610225200653076171875" lon="113.29607821069657802581787109375">
        <ele>244.600006103515625</ele>
        <time>2022-12-09T09:20:49.000Z</time>
        <extensions>
          <ns3:TrackPointExtension>
            <ns3:hr>145</ns3:hr>
            <ns3:cad>83</ns3:cad>
          </ns3:TrackPointExtension>
        </extensions>
      </trkpt>
      <trkpt lat="23.1744054146111011505126953125" lon="113.29608575440943241119384765625">
        <ele>244.8000030517578125</ele>
        <time>2022-12-09T09:20:50.000Z</time>
        <extensions>
          <ns3:TrackPointExtension>
            <ns3:hr>157</ns3:hr>
            <ns3:cad>83</ns3:cad>
          </ns3:TrackPointExtension>
        </extensions>
      </trkpt>
      <trkpt lat="23.1743837893009185791015625" lon="113.296096064150333404541015625">
        <ele>245</ele>
        <time>2022-12-09T09:20:51.000Z</time>
        <extensions>
          <ns3:TrackPointExtension>
            <ns3:hr>160</ns3:hr>
            <ns3:cad>84</ns3:cad>
          </ns3:TrackPointExtension>
        </extensions>
      </trkpt>
      <trkpt lat="23.17436057142913341522216796875" lon="113.2960982434451580047607421875">
        <ele>245.1999969482421875</ele>
        <time>2022-12-09T09:20:52.000Z</time>
        <extensions>
          <ns3:TrackPointExtension>
            <ns3:hr>165</ns3:hr>
            <ns3:cad>85</ns3:cad>
          </ns3:TrackPointExtension>
        </extensions>
      </trkpt>
      <trkpt lat="23.17434062249958515167236328125" lon="113.296100758016109466552734375">
        <ele>245.399993896484375</ele>
        <time>2022-12-09T09:20:53.000Z</time>
        <extensions>
          <ns3:TrackPointExtension>
            <ns3:hr>164</ns3:hr>
            <ns3:cad>85</ns3:cad>
          </ns3:TrackPointExtension>
        </extensions>
      </trkpt>
      <trkpt lat="23.17433458752930164337158203125" lon="113.29610670916736125946044921875">
        <ele>245.399993896484375</ele>
        <time>2022-12-09T09:20:54.000Z</time>
        <extensions>
          <ns3:TrackPointExtension>
            <ns3:hr>161</ns3:hr>
            <ns3:cad>85</ns3:cad>
          </ns3:TrackPointExtension>
        </extensions>
      </trkpt>
      <trkpt lat="23.174321092665195465087890625" lon="113.296114169061183929443359375">
        <ele>245.399993896484375</ele>
        <time>2022-12-09T09:20:56.000Z</time>
        <extensions>
          <ns3:TrackPointExtension>
            <ns3:hr>164</ns3:hr>
            <ns3:cad>85</ns3:cad>
          </ns3:TrackPointExtension>
        </extensions>
      </trkpt>
      <trkpt lat="23.17430525086820125579833984375" lon="113.296118192374706268310546875">
        <ele>245.600006103515625</ele>
        <time>2022-12-09T09:20:58.000Z</time>
        <extensions>
          <ns3:TrackPointExtension>
            <ns3:hr>167</ns3:hr>
            <ns3:cad>85</ns3:cad>
          </ns3:TrackPointExtension>
        </extensions>
      </trkpt>
      <trkpt lat="23.17424297332763671875" lon="113.29611961729824542999267578125">
        <ele>246.1999969482421875</ele>
        <time>2022-12-09T09:21:04.000Z</time>
        <extensions>
          <ns3:TrackPointExtension>
            <ns3:hr>170</ns3:hr>
            <ns3:cad>61</ns3:cad>
          </ns3:TrackPointExtension>
        </extensions>
      </trkpt>
      <trkpt lat="23.1742186658084392547607421875" lon="113.29612079076468944549560546875">
        <ele>246.600006103515625</ele>
        <time>2022-12-09T09:21:06.000Z</time>
        <extensions>
          <ns3:TrackPointExtension>
            <ns3:hr>167</ns3:hr>
            <ns3:cad>61</ns3:cad>
          </ns3:TrackPointExtension>
        </extensions>
      </trkpt>
      <trkpt lat="23.1741821207106113433837890625" lon="113.2961186952888965606689453125">
        <ele>247</ele>
        <time>2022-12-09T09:21:09.000Z</time>
        <extensions>
          <ns3:TrackPointExtension>
            <ns3:hr>171</ns3:hr>
            <ns3:cad>61</ns3:cad>
          </ns3:TrackPointExtension>
        </extensions>
      </trkpt>
      <trkpt lat="23.17415270023047924041748046875" lon="113.29612766392529010772705078125">
        <ele>247.1999969482421875</ele>
        <time>2022-12-09T09:21:12.000Z</time>
        <extensions>
          <ns3:TrackPointExtension>
            <ns3:hr>167</ns3:hr>
            <ns3:cad>61</ns3:cad>
          </ns3:TrackPointExtension>
        </extensions>
      </trkpt>
      <trkpt lat="23.17411850206553936004638671875" lon="113.296140320599079132080078125">
        <ele>247.399993896484375</ele>
        <time>2022-12-09T09:21:16.000Z</time>
        <extensions>
          <ns3:TrackPointExtension>
            <ns3:hr>166</ns3:hr>
            <ns3:cad>61</ns3:cad>
          </ns3:TrackPointExtension>
        </extensions>
      </trkpt>
      <trkpt lat="23.17398053593933582305908203125" lon="113.2962675578892230987548828125">
        <ele>246.1999969482421875</ele>
        <time>2022-12-09T09:21:26.000Z</time>
        <extensions>
          <ns3:TrackPointExtension>
            <ns3:hr>165</ns3:hr>
            <ns3:cad>83</ns3:cad>
          </ns3:TrackPointExtension>
        </extensions>
      </trkpt>
      <trkpt lat="23.17385832779109477996826171875" lon="113.29641231335699558258056640625">
        <ele>245.8000030517578125</ele>
        <time>2022-12-09T09:21:32.000Z</time>
        <extensions>
          <ns3:TrackPointExtension>
            <ns3:hr>171</ns3:hr>
            <ns3:cad>86</ns3:cad>
          </ns3:TrackPointExtension>
        </extensions>
      </trkpt>
      <trkpt lat="23.17383863031864166259765625" lon="113.296434693038463592529296875">
        <ele>245</ele>
        <time>2022-12-09T09:21:33.000Z</time>
        <extensions>
          <ns3:TrackPointExtension>
            <ns3:hr>171</ns3:hr>
            <ns3:cad>85</ns3:cad>
          </ns3:TrackPointExtension>
        </extensions>
      </trkpt>
      <trkpt lat="23.17379831336438655853271484375" lon="113.2964787818491458892822265625">
        <ele>243.1999969482421875</ele>
        <time>2022-12-09T09:21:35.000Z</time>
        <extensions>
          <ns3:TrackPointExtension>
            <ns3:hr>167</ns3:hr>
            <ns3:cad>85</ns3:cad>
          </ns3:TrackPointExtension>
        </extensions>
      </trkpt>
      <trkpt lat="23.17375707440078258514404296875" lon="113.29653921537101268768310546875">
        <ele>240.8000030517578125</ele>
        <time>2022-12-09T09:21:38.000Z</time>
        <extensions>
          <ns3:TrackPointExtension>
            <ns3:hr>170</ns3:hr>
            <ns3:cad>85</ns3:cad>
          </ns3:TrackPointExtension>
        </extensions>
      </trkpt>
      <trkpt lat="23.17372270859777927398681640625" lon="113.29661766998469829559326171875">
        <ele>239.399993896484375</ele>
        <time>2022-12-09T09:21:42.000Z</time>
        <extensions>
          <ns3:TrackPointExtension>
            <ns3:hr>173</ns3:hr>
            <ns3:cad>84</ns3:cad>
          </ns3:TrackPointExtension>
        </extensions>
      </trkpt>
      <trkpt lat="23.17371835000813007354736328125" lon="113.2966522872447967529296875">
        <ele>239.1999969482421875</ele>
        <time>2022-12-09T09:21:44.000Z</time>
        <extensions>
          <ns3:TrackPointExtension>
            <ns3:hr>176</ns3:hr>
            <ns3:cad>84</ns3:cad>
          </ns3:TrackPointExtension>
        </extensions>
      </trkpt>
      <trkpt lat="23.17370007745921611785888671875" lon="113.29666947014629840850830078125">
        <ele>239</ele>
        <time>2022-12-09T09:21:46.000Z</time>
        <extensions>
          <ns3:TrackPointExtension>
            <ns3:hr>179</ns3:hr>
            <ns3:cad>84</ns3:cad>
          </ns3:TrackPointExtension>
        </extensions>
      </trkpt>
      <trkpt lat="23.17367861978709697723388671875" lon="113.2966749183833599090576171875">
        <ele>239.1999969482421875</ele>
        <time>2022-12-09T09:21:48.000Z</time>
        <extensions>
          <ns3:TrackPointExtension>
            <ns3:hr>170</ns3:hr>
            <ns3:cad>59</ns3:cad>
          </ns3:TrackPointExtension>
        </extensions>
      </trkpt>
      <trkpt lat="23.173669986426830291748046875" lon="113.2966779358685016632080078125">
        <ele>239.1999969482421875</ele>
        <time>2022-12-09T09:21:49.000Z</time>
        <extensions>
          <ns3:TrackPointExtension>
            <ns3:hr>166</ns3:hr>
            <ns3:cad>59</ns3:cad>
          </ns3:TrackPointExtension>
        </extensions>
      </trkpt>
      <trkpt lat="23.173662610352039337158203125" lon="113.29667315818369388580322265625">
        <ele>239.1999969482421875</ele>
        <time>2022-12-09T09:21:50.000Z</time>
        <extensions>
          <ns3:TrackPointExtension>
            <ns3:hr>164</ns3:hr>
            <ns3:cad>0</ns3:cad>
          </ns3:TrackPointExtension>
        </extensions>
      </trkpt>
      <trkpt lat="23.1736359558999538421630859375" lon="113.29663284122943878173828125">
        <ele>240</ele>
        <time>2022-12-09T09:21:55.000Z</time>
        <extensions>
          <ns3:TrackPointExtension>
            <ns3:hr>166</ns3:hr>
            <ns3:cad>0</ns3:cad>
          </ns3:TrackPointExtension>
        </extensions>
      </trkpt>
      <trkpt lat="23.17363168112933635711669921875" lon="113.29662538133561611175537109375">
        <ele>240</ele>
        <time>2022-12-09T09:21:56.000Z</time>
        <extensions>
          <ns3:TrackPointExtension>
            <ns3:hr>170</ns3:hr>
            <ns3:cad>0</ns3:cad>
          </ns3:TrackPointExtension>
        </extensions>
      </trkpt>
      <trkpt lat="23.173628747463226318359375" lon="113.296613395214080810546875">
        <ele>240.1999969482421875</ele>
        <time>2022-12-09T09:21:57.000Z</time>
        <extensions>
          <ns3:TrackPointExtension>
            <ns3:hr>167</ns3:hr>
            <ns3:cad>0</ns3:cad>
          </ns3:TrackPointExtension>
        </extensions>
      </trkpt>
      <trkpt lat="23.17362279631197452545166015625" lon="113.2965957932174205780029296875">
        <ele>240.399993896484375</ele>
        <time>2022-12-09T09:21:59.000Z</time>
        <extensions>
          <ns3:TrackPointExtension>
            <ns3:hr>170</ns3:hr>
            <ns3:cad>61</ns3:cad>
          </ns3:TrackPointExtension>
        </extensions>
      </trkpt>
      <trkpt lat="23.17361860536038875579833984375" lon="113.29658263362944126129150390625">
        <ele>240.600006103515625</ele>
        <time>2022-12-09T09:22:01.000Z</time>
        <extensions>
          <ns3:TrackPointExtension>
            <ns3:hr>174</ns3:hr>
            <ns3:cad>61</ns3:cad>
          </ns3:TrackPointExtension>
        </extensions>
      </trkpt>
      <trkpt lat="23.17361458204686641693115234375" lon="113.2965760119259357452392578125">
        <ele>240.600006103515625</ele>
        <time>2022-12-09T09:22:02.000Z</time>
        <extensions>
          <ns3:TrackPointExtension>
            <ns3:hr>177</ns3:hr>
            <ns3:cad>61</ns3:cad>
          </ns3:TrackPointExtension>
        </extensions>
      </trkpt>
      <trkpt lat="23.17360770888626575469970703125" lon="113.29656804911792278289794921875">
        <ele>240.8000030517578125</ele>
        <time>2022-12-09T09:22:03.000Z</time>
        <extensions>
          <ns3:TrackPointExtension>
            <ns3:hr>183</ns3:hr>
            <ns3:cad>61</ns3:cad>
          </ns3:TrackPointExtension>
        </extensions>
      </trkpt>
      <trkpt lat="23.173584826290607452392578125" lon="113.29654608853161334991455078125">
        <ele>241.1999969482421875</ele>
        <time>2022-12-09T09:22:06.000Z</time>
        <extensions>
          <ns3:TrackPointExtension>
            <ns3:hr>182</ns3:hr>
            <ns3:cad>58</ns3:cad>
          </ns3:TrackPointExtension>
        </extensions>
      </trkpt>
      <trkpt lat="23.17356931976974010467529296875" lon="113.29653435386717319488525390625">
        <ele>241.399993896484375</ele>
        <time>2022-12-09T09:22:07.000Z</time>
        <extensions>
          <ns3:TrackPointExtension>
            <ns3:hr>178</ns3:hr>
            <ns3:cad>58</ns3:cad>
          </ns3:TrackPointExtension>
        </extensions>
      </trkpt>
      <trkpt lat="23.1735243089497089385986328125" lon="113.29649194143712520599365234375">
        <ele>242.1999969482421875</ele>
        <time>2022-12-09T09:22:10.000Z</time>
        <extensions>
          <ns3:TrackPointExtension>
            <ns3:hr>175</ns3:hr>
            <ns3:cad>77</ns3:cad>
          </ns3:TrackPointExtension>
        </extensions>
      </trkpt>
      <trkpt lat="23.17343269474804401397705078125" lon="113.29645170830190181732177734375">
        <ele>239.600006103515625</ele>
        <time>2022-12-09T09:22:15.000Z</time>
        <extensions>
          <ns3:TrackPointExtension>
            <ns3:hr>172</ns3:hr>
            <ns3:cad>81</ns3:cad>
          </ns3:TrackPointExtension>
        </extensions>
      </trkpt>
      <trkpt lat="23.1732396595180034637451171875" lon="113.29648171551525592803955078125">
        <ele>238.8000030517578125</ele>
        <time>2022-12-09T09:22:22.000Z</time>
        <extensions>
          <ns3:TrackPointExtension>
            <ns3:hr>170</ns3:hr>
            <ns3:cad>80</ns3:cad>
          </ns3:TrackPointExtension>
        </extensions>
      </trkpt>
      <trkpt lat="23.173171766102313995361328125" lon="113.2964781112968921661376953125">
        <ele>237.1999969482421875</ele>
        <time>2022-12-09T09:22:25.000Z</time>
        <extensions>
          <ns3:TrackPointExtension>
            <ns3:hr>173</ns3:hr>
            <ns3:cad>80</ns3:cad>
          </ns3:TrackPointExtension>
        </extensions>
      </trkpt>
      <trkpt lat="23.17299239337444305419921875" lon="113.29652815125882625579833984375">
        <ele>235.600006103515625</ele>
        <time>2022-12-09T09:22:32.000Z</time>
        <extensions>
          <ns3:TrackPointExtension>
            <ns3:hr>173</ns3:hr>
            <ns3:cad>81</ns3:cad>
          </ns3:TrackPointExtension>
        </extensions>
      </trkpt>
      <trkpt lat="23.17290295846760272979736328125" lon="113.2965522073209285736083984375">
        <ele>234.600006103515625</ele>
        <time>2022-12-09T09:22:36.000Z</time>
        <extensions>
          <ns3:TrackPointExtension>
            <ns3:hr>170</ns3:hr>
            <ns3:cad>81</ns3:cad>
          </ns3:TrackPointExtension>
        </extensions>
      </trkpt>
      <trkpt lat="23.17287161014974117279052734375" lon="113.296563439071178436279296875">
        <ele>234.1999969482421875</ele>
        <time>2022-12-09T09:22:38.000Z</time>
        <extensions>
          <ns3:TrackPointExtension>
            <ns3:hr>175</ns3:hr>
            <ns3:cad>81</ns3:cad>
          </ns3:TrackPointExtension>
        </extensions>
      </trkpt>
      <trkpt lat="23.1726794131100177764892578125" lon="113.29659353010356426239013671875">
        <ele>230.399993896484375</ele>
        <time>2022-12-09T09:22:48.000Z</time>
        <extensions>
          <ns3:TrackPointExtension>
            <ns3:hr>174</ns3:hr>
            <ns3:cad>82</ns3:cad>
          </ns3:TrackPointExtension>
        </extensions>
      </trkpt>
      <trkpt lat="23.17256583832204341888427734375" lon="113.296758569777011871337890625">
        <ele>214.1999969482421875</ele>
        <time>2022-12-09T09:22:56.000Z</time>
        <extensions>
          <ns3:TrackPointExtension>
            <ns3:hr>177</ns3:hr>
            <ns3:cad>83</ns3:cad>
          </ns3:TrackPointExtension>
        </extensions>
      </trkpt>
      <trkpt lat="23.1724373437464237213134765625" lon="113.29690718092024326324462890625">
        <ele>207.8000030517578125</ele>
        <time>2022-12-09T09:23:02.000Z</time>
        <extensions>
          <ns3:TrackPointExtension>
            <ns3:hr>177</ns3:hr>
            <ns3:cad>84</ns3:cad>
          </ns3:TrackPointExtension>
        </extensions>
      </trkpt>
      <trkpt lat="23.1723062507808208465576171875" lon="113.29705922864377498626708984375">
        <ele>208.8000030517578125</ele>
        <time>2022-12-09T09:23:09.000Z</time>
        <extensions>
          <ns3:TrackPointExtension>
            <ns3:hr>176</ns3:hr>
            <ns3:cad>85</ns3:cad>
          </ns3:TrackPointExtension>
        </extensions>
      </trkpt>
      <trkpt lat="23.1721682846546173095703125" lon="113.29720423556864261627197265625">
        <ele>210</ele>
        <time>2022-12-09T09:23:16.000Z</time>
        <extensions>
          <ns3:TrackPointExtension>
            <ns3:hr>176</ns3:hr>
            <ns3:cad>85</ns3:cad>
          </ns3:TrackPointExtension>
        </extensions>
      </trkpt>
      <trkpt lat="23.17206694744527339935302734375" lon="113.29728621058166027069091796875">
        <ele>207.600006103515625</ele>
        <time>2022-12-09T09:23:24.000Z</time>
        <extensions>
          <ns3:TrackPointExtension>
            <ns3:hr>174</ns3:hr>
            <ns3:cad>0</ns3:cad>
          </ns3:TrackPointExtension>
        </extensions>
      </trkpt>
      <trkpt lat="23.17206342704594135284423828125" lon="113.29728771932423114776611328125">
        <ele>207.600006103515625</ele>
        <time>2022-12-09T09:23:25.000Z</time>
        <extensions>
          <ns3:TrackPointExtension>
            <ns3:hr>171</ns3:hr>
            <ns3:cad>0</ns3:cad>
          </ns3:TrackPointExtension>
        </extensions>
      </trkpt>
      <trkpt lat="23.17205470986664295196533203125" lon="113.2972857914865016937255859375">
        <ele>207.399993896484375</ele>
        <time>2022-12-09T09:23:27.000Z</time>
        <extensions>
          <ns3:TrackPointExtension>
            <ns3:hr>168</ns3:hr>
            <ns3:cad>0</ns3:cad>
          </ns3:TrackPointExtension>
        </extensions>
      </trkpt>
      <trkpt lat="23.1720511056482791900634765625" lon="113.29728017561137676239013671875">
        <ele>207.600006103515625</ele>
        <time>2022-12-09T09:23:30.000Z</time>
        <extensions>
          <ns3:TrackPointExtension>
            <ns3:hr>165</ns3:hr>
            <ns3:cad>0</ns3:cad>
          </ns3:TrackPointExtension>
        </extensions>
      </trkpt>
      <trkpt lat="23.17205605097115039825439453125" lon="113.2972906529903411865234375">
        <ele>207.399993896484375</ele>
        <time>2022-12-09T09:23:43.000Z</time>
        <extensions>
          <ns3:TrackPointExtension>
            <ns3:hr>162</ns3:hr>
            <ns3:cad>0</ns3:cad>
          </ns3:TrackPointExtension>
        </extensions>
      </trkpt>
      <trkpt lat="23.17204297520220279693603515625" lon="113.29729241319000720977783203125">
        <ele>207</ele>
        <time>2022-12-09T09:23:54.000Z</time>
        <extensions>
          <ns3:TrackPointExtension>
            <ns3:hr>159</ns3:hr>
            <ns3:cad>0</ns3:cad>
          </ns3:TrackPointExtension>
        </extensions>
      </trkpt>
      <trkpt lat="23.1720286421477794647216796875" lon="113.29729056917130947113037109375">
        <ele>207</ele>
        <time>2022-12-09T09:23:58.000Z</time>
        <extensions>
          <ns3:TrackPointExtension>
            <ns3:hr>156</ns3:hr>
            <ns3:cad>0</ns3:cad>
          </ns3:TrackPointExtension>
        </extensions>
      </trkpt>
      <trkpt lat="23.17201397381722927093505859375" lon="113.29728419892489910125732421875">
        <ele>207</ele>
        <time>2022-12-09T09:24:03.000Z</time>
        <extensions>
          <ns3:TrackPointExtension>
            <ns3:hr>153</ns3:hr>
            <ns3:cad>61</ns3:cad>
          </ns3:TrackPointExtension>
        </extensions>
      </trkpt>
      <trkpt lat="23.17199620418250560760498046875" lon="113.29729861579835414886474609375">
        <ele>206.1999969482421875</ele>
        <time>2022-12-09T09:24:05.000Z</time>
        <extensions>
          <ns3:TrackPointExtension>
            <ns3:hr>150</ns3:hr>
            <ns3:cad>61</ns3:cad>
          </ns3:TrackPointExtension>
        </extensions>
      </trkpt>
      <trkpt lat="23.17197105847299098968505859375" lon="113.297311775386333465576171875">
        <ele>205.399993896484375</ele>
        <time>2022-12-09T09:24:07.000Z</time>
        <extensions>
          <ns3:TrackPointExtension>
            <ns3:hr>147</ns3:hr>
            <ns3:cad>61</ns3:cad>
          </ns3:TrackPointExtension>
        </extensions>
      </trkpt>
      <trkpt lat="23.17192487418651580810546875" lon="113.2973374240100383758544921875">
        <ele>204</ele>
        <time>2022-12-09T09:24:11.000Z</time>
        <extensions>
          <ns3:TrackPointExtension>
            <ns3:hr>144</ns3:hr>
            <ns3:cad>61</ns3:cad>
          </ns3:TrackPointExtension>
        </extensions>
      </trkpt>
      <trkpt lat="23.1718888320028781890869140625" lon="113.2973722927272319793701171875">
        <ele>202.600006103515625</ele>
        <time>2022-12-09T09:24:15.000Z</time>
        <extensions>
          <ns3:TrackPointExtension>
            <ns3:hr>141</ns3:hr>
            <ns3:cad>61</ns3:cad>
          </ns3:TrackPointExtension>
        </extensions>
      </trkpt>
      <trkpt lat="23.17184767685830593109130859375" lon="113.29742300324141979217529296875">
        <ele>200.600006103515625</ele>
        <time>2022-12-09T09:24:20.000Z</time>
        <extensions>
          <ns3:TrackPointExtension>
            <ns3:hr>138</ns3:hr>
            <ns3:cad>57</ns3:cad>
          </ns3:TrackPointExtension>
        </extensions>
      </trkpt>
      <trkpt lat="23.17177039571106433868408203125" lon="113.29756566323339939117431640625">
        <ele>195.399993896484375</ele>
        <time>2022-12-09T09:24:37.000Z</time>
        <extensions>
          <ns3:TrackPointExtension>
            <ns3:hr>139</ns3:hr>
            <ns3:cad>58</ns3:cad>
          </ns3:TrackPointExtension>
        </extensions>
      </trkpt>
      <trkpt lat="23.17176117561757564544677734375" lon="113.29758167266845703125">
        <ele>194.8000030517578125</ele>
        <time>2022-12-09T09:24:40.000Z</time>
        <extensions>
          <ns3:TrackPointExtension>
            <ns3:hr>138</ns3:hr>
            <ns3:cad>58</ns3:cad>
          </ns3:TrackPointExtension>
        </extensions>
      </trkpt>
      <trkpt lat="23.171733431518077850341796875" lon="113.29760975204408168792724609375">
        <ele>193.8000030517578125</ele>
        <time>2022-12-09T09:24:45.000Z</time>
        <extensions>
          <ns3:TrackPointExtension>
            <ns3:hr>137</ns3:hr>
            <ns3:cad>57</ns3:cad>
          </ns3:TrackPointExtension>
        </extensions>
      </trkpt>
      <trkpt lat="23.17170266993343830108642578125" lon="113.29762534238398075103759765625">
        <ele>193.399993896484375</ele>
        <time>2022-12-09T09:24:50.000Z</time>
        <extensions>
          <ns3:TrackPointExtension>
            <ns3:hr>137</ns3:hr>
            <ns3:cad>61</ns3:cad>
          </ns3:TrackPointExtension>
        </extensions>
      </trkpt>
      <trkpt lat="23.1717681325972080230712890625" lon="113.29744462855160236358642578125">
        <ele>200.600006103515625</ele>
        <time>2022-12-09T09:25:03.000Z</time>
        <extensions>
          <ns3:TrackPointExtension>
            <ns3:hr>137</ns3:hr>
            <ns3:cad>84</ns3:cad>
          </ns3:TrackPointExtension>
        </extensions>
      </trkpt>
      <trkpt lat="23.17178414203226566314697265625" lon="113.29743104986846446990966796875">
        <ele>200.8000030517578125</ele>
        <time>2022-12-09T09:25:04.000Z</time>
        <extensions>
          <ns3:TrackPointExtension>
            <ns3:hr>133</ns3:hr>
            <ns3:cad>84</ns3:cad>
          </ns3:TrackPointExtension>
        </extensions>
      </trkpt>
      <trkpt lat="23.17184331826865673065185546875" lon="113.2973726280033588409423828125">
        <ele>202</ele>
        <time>2022-12-09T09:25:08.000Z</time>
        <extensions>
          <ns3:TrackPointExtension>
            <ns3:hr>139</ns3:hr>
            <ns3:cad>83</ns3:cad>
          </ns3:TrackPointExtension>
        </extensions>
      </trkpt>
      <trkpt lat="23.1718734093010425567626953125" lon="113.2973414473235607147216796875">
        <ele>203.1999969482421875</ele>
        <time>2022-12-09T09:25:09.000Z</time>
        <extensions>
          <ns3:TrackPointExtension>
            <ns3:hr>151</ns3:hr>
            <ns3:cad>83</ns3:cad>
          </ns3:TrackPointExtension>
        </extensions>
      </trkpt>
      <trkpt lat="23.1718734093010425567626953125" lon="113.2973414473235607147216796875">
        <ele>203.1999969482421875</ele>
        <time>2022-12-09T09:25:10.000Z</time>
        <extensions>
          <ns3:TrackPointExtension>
            <ns3:hr>151</ns3:hr>
            <ns3:cad>83</ns3:cad>
          </ns3:TrackPointExtension>
        </extensions>
      </trkpt>
      <trkpt lat="23.17190869711339473724365234375" lon="113.29730247147381305694580078125">
        <ele>204.8000030517578125</ele>
        <time>2022-12-09T09:25:12.000Z</time>
        <extensions>
          <ns3:TrackPointExtension>
            <ns3:hr>155</ns3:hr>
            <ns3:cad>84</ns3:cad>
          </ns3:TrackPointExtension>
        </extensions>
      </trkpt>
      <trkpt lat="23.17194121889770030975341796875" lon="113.2972663454711437225341796875">
        <ele>206.399993896484375</ele>
        <time>2022-12-09T09:25:14.000Z</time>
        <extensions>
          <ns3:TrackPointExtension>
            <ns3:hr>159</ns3:hr>
            <ns3:cad>84</ns3:cad>
          </ns3:TrackPointExtension>
        </extensions>
      </trkpt>
      <trkpt lat="23.17197047173976898193359375" lon="113.29722871072590351104736328125">
        <ele>207.8000030517578125</ele>
        <time>2022-12-09T09:25:16.000Z</time>
        <extensions>
          <ns3:TrackPointExtension>
            <ns3:hr>164</ns3:hr>
            <ns3:cad>85</ns3:cad>
          </ns3:TrackPointExtension>
        </extensions>
      </trkpt>
      <trkpt lat="23.1719857268035411834716796875" lon="113.29720817506313323974609375">
        <ele>208.600006103515625</ele>
        <time>2022-12-09T09:25:17.000Z</time>
        <extensions>
          <ns3:TrackPointExtension>
            <ns3:hr>168</ns3:hr>
            <ns3:cad>84</ns3:cad>
          </ns3:TrackPointExtension>
        </extensions>
      </trkpt>
      <trkpt lat="23.1720521114766597747802734375" lon="113.29712142236530780792236328125">
        <ele>211.600006103515625</ele>
        <time>2022-12-09T09:25:21.000Z</time>
        <extensions>
          <ns3:TrackPointExtension>
            <ns3:hr>165</ns3:hr>
            <ns3:cad>84</ns3:cad>
          </ns3:TrackPointExtension>
        </extensions>
      </trkpt>
      <trkpt lat="23.172073066234588623046875" lon="113.29706777818500995635986328125">
        <ele>211.8000030517578125</ele>
        <time>2022-12-09T09:25:23.000Z</time>
        <extensions>
          <ns3:TrackPointExtension>
            <ns3:hr>168</ns3:hr>
            <ns3:cad>84</ns3:cad>
          </ns3:TrackPointExtension>
        </extensions>
      </trkpt>
      <trkpt lat="23.17210852168500423431396484375" lon="113.29698630608618259429931640625">
        <ele>210.8000030517578125</ele>
        <time>2022-12-09T09:25:26.000Z</time>
        <extensions>
          <ns3:TrackPointExtension>
            <ns3:hr>165</ns3:hr>
            <ns3:cad>85</ns3:cad>
          </ns3:TrackPointExtension>
        </extensions>
      </trkpt>
      <trkpt lat="23.17213534377515316009521484375" lon="113.296938277781009674072265625">
        <ele>210.399993896484375</ele>
        <time>2022-12-09T09:25:28.000Z</time>
        <extensions>
          <ns3:TrackPointExtension>
            <ns3:hr>168</ns3:hr>
            <ns3:cad>85</ns3:cad>
          </ns3:TrackPointExtension>
        </extensions>
      </trkpt>
      <trkpt lat="23.1721629202365875244140625" lon="113.29689695499837398529052734375">
        <ele>209.8000030517578125</ele>
        <time>2022-12-09T09:25:29.000Z</time>
        <extensions>
          <ns3:TrackPointExtension>
            <ns3:hr>171</ns3:hr>
            <ns3:cad>85</ns3:cad>
          </ns3:TrackPointExtension>
        </extensions>
      </trkpt>
      <trkpt lat="23.1721775047481060028076171875" lon="113.29687717370688915252685546875">
        <ele>209.8000030517578125</ele>
        <time>2022-12-09T09:25:31.000Z</time>
        <extensions>
          <ns3:TrackPointExtension>
            <ns3:hr>176</ns3:hr>
            <ns3:cad>85</ns3:cad>
          </ns3:TrackPointExtension>
        </extensions>
      </trkpt>
      <trkpt lat="23.1721977889537811279296875" lon="113.29682520590722560882568359375">
        <ele>210</ele>
        <time>2022-12-09T09:25:32.000Z</time>
        <extensions>
          <ns3:TrackPointExtension>
            <ns3:hr>176</ns3:hr>
            <ns3:cad>86</ns3:cad>
          </ns3:TrackPointExtension>
        </extensions>
      </trkpt>
      <trkpt lat="23.1722103618085384368896484375" lon="113.2967952825129032135009765625">
        <ele>210</ele>
        <time>2022-12-09T09:25:34.000Z</time>
        <extensions>
          <ns3:TrackPointExtension>
            <ns3:hr>172</ns3:hr>
            <ns3:cad>86</ns3:cad>
          </ns3:TrackPointExtension>
        </extensions>
      </trkpt>
      <trkpt lat="23.17223072983324527740478515625" lon="113.296741805970668792724609375">
        <ele>210.399993896484375</ele>
        <time>2022-12-09T09:25:36.000Z</time>
        <extensions>
          <ns3:TrackPointExtension>
            <ns3:hr>169</ns3:hr>
            <ns3:cad>85</ns3:cad>
          </ns3:TrackPointExtension>
        </extensions>
      </trkpt>
      <trkpt lat="23.17224095575511455535888671875" lon="113.296712301671504974365234375">
        <ele>210.600006103515625</ele>
        <time>2022-12-09T09:25:37.000Z</time>
        <extensions>
          <ns3:TrackPointExtension>
            <ns3:hr>166</ns3:hr>
            <ns3:cad>86</ns3:cad>
          </ns3:TrackPointExtension>
        </extensions>
      </trkpt>
      <trkpt lat="23.17224866710603237152099609375" lon="113.2966534607112407684326171875">
        <ele>211.1999969482421875</ele>
        <time>2022-12-09T09:25:39.000Z</time>
        <extensions>
          <ns3:TrackPointExtension>
            <ns3:hr>171</ns3:hr>
            <ns3:cad>85</ns3:cad>
          </ns3:TrackPointExtension>
        </extensions>
      </trkpt>
      <trkpt lat="23.17224749363958835601806640625" lon="113.29662856645882129669189453125">
        <ele>211.399993896484375</ele>
        <time>2022-12-09T09:25:40.000Z</time>
        <extensions>
          <ns3:TrackPointExtension>
            <ns3:hr>175</ns3:hr>
            <ns3:cad>85</ns3:cad>
          </ns3:TrackPointExtension>
        </extensions>
      </trkpt>
      <trkpt lat="23.1722482480108737945556640625" lon="113.29660140909254550933837890625">
        <ele>211.600006103515625</ele>
        <time>2022-12-09T09:25:41.000Z</time>
        <extensions>
          <ns3:TrackPointExtension>
            <ns3:hr>175</ns3:hr>
            <ns3:cad>85</ns3:cad>
          </ns3:TrackPointExtension>
        </extensions>
      </trkpt>
      <trkpt lat="23.1722348369657993316650390625" lon="113.296546004712581634521484375">
        <ele>212.399993896484375</ele>
        <time>2022-12-09T09:25:43.000Z</time>
        <extensions>
          <ns3:TrackPointExtension>
            <ns3:hr>172</ns3:hr>
            <ns3:cad>85</ns3:cad>
          </ns3:TrackPointExtension>
        </extensions>
      </trkpt>
      <trkpt lat="23.17221396602690219879150390625" lon="113.2964817993342876434326171875">
        <ele>213</ele>
        <time>2022-12-09T09:25:45.000Z</time>
        <extensions>
          <ns3:TrackPointExtension>
            <ns3:hr>169</ns3:hr>
            <ns3:cad>85</ns3:cad>
          </ns3:TrackPointExtension>
        </extensions>
      </trkpt>
      <trkpt lat="23.172177337110042572021484375" lon="113.2964033447206020355224609375">
        <ele>214</ele>
        <time>2022-12-09T09:25:49.000Z</time>
        <extensions>
          <ns3:TrackPointExtension>
            <ns3:hr>166</ns3:hr>
            <ns3:cad>85</ns3:cad>
          </ns3:TrackPointExtension>
        </extensions>
      </trkpt>
      <trkpt lat="23.17208488471806049346923828125" lon="113.29621768556535243988037109375">
        <ele>212.399993896484375</ele>
        <time>2022-12-09T09:25:59.000Z</time>
        <extensions>
          <ns3:TrackPointExtension>
            <ns3:hr>169</ns3:hr>
            <ns3:cad>83</ns3:cad>
          </ns3:TrackPointExtension>
        </extensions>
      </trkpt>
      <trkpt lat="23.1720651872456073760986328125" lon="113.2961927913129329681396484375">
        <ele>211.600006103515625</ele>
        <time>2022-12-09T09:26:00.000Z</time>
        <extensions>
          <ns3:TrackPointExtension>
            <ns3:hr>174</ns3:hr>
            <ns3:cad>83</ns3:cad>
          </ns3:TrackPointExtension>
        </extensions>
      </trkpt>
      <trkpt lat="23.1720433942973613739013671875" lon="113.29618130810558795928955078125">
        <ele>210.8000030517578125</ele>
        <time>2022-12-09T09:26:01.000Z</time>
        <extensions>
          <ns3:TrackPointExtension>
            <ns3:hr>168</ns3:hr>
            <ns3:cad>82</ns3:cad>
          </ns3:TrackPointExtension>
        </extensions>
      </trkpt>
      <trkpt lat="23.17202487029135227203369140625" lon="113.29617686569690704345703125">
        <ele>210.1999969482421875</ele>
        <time>2022-12-09T09:26:02.000Z</time>
        <extensions>
          <ns3:TrackPointExtension>
            <ns3:hr>165</ns3:hr>
            <ns3:cad>81</ns3:cad>
          </ns3:TrackPointExtension>
        </extensions>
      </trkpt>
      <trkpt lat="23.17198631353676319122314453125" lon="113.29619455151259899139404296875">
        <ele>209.399993896484375</ele>
        <time>2022-12-09T09:26:04.000Z</time>
        <extensions>
          <ns3:TrackPointExtension>
            <ns3:hr>169</ns3:hr>
            <ns3:cad>81</ns3:cad>
          </ns3:TrackPointExtension>
        </extensions>
      </trkpt>
      <trkpt lat="23.171972148120403289794921875" lon="113.2962095551192760467529296875">
        <ele>209.1999969482421875</ele>
        <time>2022-12-09T09:26:05.000Z</time>
        <extensions>
          <ns3:TrackPointExtension>
            <ns3:hr>176</ns3:hr>
            <ns3:cad>82</ns3:cad>
          </ns3:TrackPointExtension>
        </extensions>
      </trkpt>
      <trkpt lat="23.1719635985791683197021484375" lon="113.29622791148722171783447265625">
        <ele>209.1999969482421875</ele>
        <time>2022-12-09T09:26:06.000Z</time>
        <extensions>
          <ns3:TrackPointExtension>
            <ns3:hr>175</ns3:hr>
            <ns3:cad>82</ns3:cad>
          </ns3:TrackPointExtension>
        </extensions>
      </trkpt>
      <trkpt lat="23.17196049727499485015869140625" lon="113.2963711582124233245849609375">
        <ele>210.1999969482421875</ele>
        <time>2022-12-09T09:26:13.000Z</time>
        <extensions>
          <ns3:TrackPointExtension>
            <ns3:hr>178</ns3:hr>
            <ns3:cad>83</ns3:cad>
          </ns3:TrackPointExtension>
        </extensions>
      </trkpt>
      <trkpt lat="23.172033168375492095947265625" lon="113.2965584099292755126953125">
        <ele>210.8000030517578125</ele>
        <time>2022-12-09T09:26:25.000Z</time>
        <extensions>
          <ns3:TrackPointExtension>
            <ns3:hr>180</ns3:hr>
            <ns3:cad>83</ns3:cad>
          </ns3:TrackPointExtension>
        </extensions>
      </trkpt>
      <trkpt lat="23.17201850004494190216064453125" lon="113.2966678775846958160400390625">
        <ele>210.399993896484375</ele>
        <time>2022-12-09T09:26:30.000Z</time>
        <extensions>
          <ns3:TrackPointExtension>
            <ns3:hr>177</ns3:hr>
            <ns3:cad>83</ns3:cad>
          </ns3:TrackPointExtension>
        </extensions>
      </trkpt>
      <trkpt lat="23.17193652503192424774169921875" lon="113.2968427240848541259765625">
        <ele>211</ele>
        <time>2022-12-09T09:26:37.000Z</time>
        <extensions>
          <ns3:TrackPointExtension>
            <ns3:hr>175</ns3:hr>
            <ns3:cad>81</ns3:cad>
          </ns3:TrackPointExtension>
        </extensions>
      </trkpt>
      <trkpt lat="23.17191506735980510711669921875" lon="113.296874575316905975341796875">
        <ele>211.399993896484375</ele>
        <time>2022-12-09T09:26:40.000Z</time>
        <extensions>
          <ns3:TrackPointExtension>
            <ns3:hr>174</ns3:hr>
            <ns3:cad>82</ns3:cad>
          </ns3:TrackPointExtension>
        </extensions>
      </trkpt>
      <trkpt lat="23.17179420031607151031494140625" lon="113.296967111527919769287109375">
        <ele>209.399993896484375</ele>
        <time>2022-12-09T09:26:45.000Z</time>
        <extensions>
          <ns3:TrackPointExtension>
            <ns3:hr>178</ns3:hr>
            <ns3:cad>81</ns3:cad>
          </ns3:TrackPointExtension>
        </extensions>
      </trkpt>
      <trkpt lat="23.17161650396883487701416015625" lon="113.297054953873157501220703125">
        <ele>206.399993896484375</ele>
        <time>2022-12-09T09:26:53.000Z</time>
        <extensions>
          <ns3:TrackPointExtension>
            <ns3:hr>176</ns3:hr>
            <ns3:cad>82</ns3:cad>
          </ns3:TrackPointExtension>
        </extensions>
      </trkpt>
      <trkpt lat="23.17144366912543773651123046875" lon="113.297123350203037261962890625">
        <ele>203.8000030517578125</ele>
        <time>2022-12-09T09:27:00.000Z</time>
        <extensions>
          <ns3:TrackPointExtension>
            <ns3:hr>173</ns3:hr>
            <ns3:cad>81</ns3:cad>
          </ns3:TrackPointExtension>
        </extensions>
      </trkpt>
      <trkpt lat="23.17127334885299205780029296875" lon="113.29721395857632160186767578125">
        <ele>202.1999969482421875</ele>
        <time>2022-12-09T09:27:07.000Z</time>
        <extensions>
          <ns3:TrackPointExtension>
            <ns3:hr>173</ns3:hr>
            <ns3:cad>82</ns3:cad>
          </ns3:TrackPointExtension>
        </extensions>
      </trkpt>
      <trkpt lat="23.17117880098521709442138671875" lon="113.297260813415050506591796875">
        <ele>199.8000030517578125</ele>
        <time>2022-12-09T09:27:11.000Z</time>
        <extensions>
          <ns3:TrackPointExtension>
            <ns3:hr>170</ns3:hr>
            <ns3:cad>82</ns3:cad>
          </ns3:TrackPointExtension>
        </extensions>
      </trkpt>
      <trkpt lat="23.17101451568305492401123046875" lon="113.297394923865795135498046875">
        <ele>199.399993896484375</ele>
        <time>2022-12-09T09:27:19.000Z</time>
        <extensions>
          <ns3:TrackPointExtension>
            <ns3:hr>168</ns3:hr>
            <ns3:cad>82</ns3:cad>
          </ns3:TrackPointExtension>
        </extensions>
      </trkpt>
      <trkpt lat="23.17092952318489551544189453125" lon="113.29759349115192890167236328125">
        <ele>196.399993896484375</ele>
        <time>2022-12-09T09:27:27.000Z</time>
        <extensions>
          <ns3:TrackPointExtension>
            <ns3:hr>168</ns3:hr>
            <ns3:cad>81</ns3:cad>
          </ns3:TrackPointExtension>
        </extensions>
      </trkpt>
      <trkpt lat="23.17088283598423004150390625" lon="113.29780555330216884613037109375">
        <ele>194.1999969482421875</ele>
        <time>2022-12-09T09:27:34.000Z</time>
        <extensions>
          <ns3:TrackPointExtension>
            <ns3:hr>169</ns3:hr>
            <ns3:cad>82</ns3:cad>
          </ns3:TrackPointExtension>
        </extensions>
      </trkpt>
      <trkpt lat="23.1708591990172863006591796875" lon="113.2979878596961498260498046875">
        <ele>191.8000030517578125</ele>
        <time>2022-12-09T09:27:40.000Z</time>
        <extensions>
          <ns3:TrackPointExtension>
            <ns3:hr>172</ns3:hr>
            <ns3:cad>82</ns3:cad>
          </ns3:TrackPointExtension>
        </extensions>
      </trkpt>
      <trkpt lat="23.1708595342934131622314453125" lon="113.2981860078871250152587890625">
        <ele>189</ele>
        <time>2022-12-09T09:27:48.000Z</time>
        <extensions>
          <ns3:TrackPointExtension>
            <ns3:hr>172</ns3:hr>
            <ns3:cad>82</ns3:cad>
          </ns3:TrackPointExtension>
        </extensions>
      </trkpt>
      <trkpt lat="23.17077999003231525421142578125" lon="113.29837015829980373382568359375">
        <ele>187</ele>
        <time>2022-12-09T09:27:57.000Z</time>
        <extensions>
          <ns3:TrackPointExtension>
            <ns3:hr>172</ns3:hr>
            <ns3:cad>82</ns3:cad>
          </ns3:TrackPointExtension>
        </extensions>
      </trkpt>
      <trkpt lat="23.17058972083032131195068359375" lon="113.29841374419629573822021484375">
        <ele>183.1999969482421875</ele>
        <time>2022-12-09T09:28:05.000Z</time>
        <extensions>
          <ns3:TrackPointExtension>
            <ns3:hr>171</ns3:hr>
            <ns3:cad>81</ns3:cad>
          </ns3:TrackPointExtension>
        </extensions>
      </trkpt>
      <trkpt lat="23.1704193167388439178466796875" lon="113.29831399954855442047119140625">
        <ele>181.1999969482421875</ele>
        <time>2022-12-09T09:28:13.000Z</time>
        <extensions>
          <ns3:TrackPointExtension>
            <ns3:hr>172</ns3:hr>
            <ns3:cad>82</ns3:cad>
          </ns3:TrackPointExtension>
        </extensions>
      </trkpt>
      <trkpt lat="23.17033524625003337860107421875" lon="113.2981239818036556243896484375">
        <ele>180.8000030517578125</ele>
        <time>2022-12-09T09:28:22.000Z</time>
        <extensions>
          <ns3:TrackPointExtension>
            <ns3:hr>174</ns3:hr>
            <ns3:cad>81</ns3:cad>
          </ns3:TrackPointExtension>
        </extensions>
      </trkpt>
      <trkpt lat="23.17027288489043712615966796875" lon="113.2979184575378894805908203125">
        <ele>179</ele>
        <time>2022-12-09T09:28:30.000Z</time>
        <extensions>
          <ns3:TrackPointExtension>
            <ns3:hr>175</ns3:hr>
            <ns3:cad>81</ns3:cad>
          </ns3:TrackPointExtension>
        </extensions>
      </trkpt>
      <trkpt lat="23.1702505052089691162109375" lon="113.297819383442401885986328125">
        <ele>177.399993896484375</ele>
        <time>2022-12-09T09:28:34.000Z</time>
        <extensions>
          <ns3:TrackPointExtension>
            <ns3:hr>175</ns3:hr>
            <ns3:cad>81</ns3:cad>
          </ns3:TrackPointExtension>
        </extensions>
      </trkpt>
      <trkpt lat="23.170245476067066192626953125" lon="113.29772274009883403778076171875">
        <ele>177</ele>
        <time>2022-12-09T09:28:39.000Z</time>
        <extensions>
          <ns3:TrackPointExtension>
            <ns3:hr>172</ns3:hr>
            <ns3:cad>80</ns3:cad>
          </ns3:TrackPointExtension>
        </extensions>
      </trkpt>
      <trkpt lat="23.17024103365838527679443359375" lon="113.2976760528981685638427734375">
        <ele>176.399993896484375</ele>
        <time>2022-12-09T09:28:40.000Z</time>
        <extensions>
          <ns3:TrackPointExtension>
            <ns3:hr>163</ns3:hr>
            <ns3:cad>80</ns3:cad>
          </ns3:TrackPointExtension>
        </extensions>
      </trkpt>
      <trkpt lat="23.17024103365838527679443359375" lon="113.2976760528981685638427734375">
        <ele>176.399993896484375</ele>
        <time>2022-12-09T09:28:41.000Z</time>
        <extensions>
          <ns3:TrackPointExtension>
            <ns3:hr>160</ns3:hr>
            <ns3:cad>80</ns3:cad>
          </ns3:TrackPointExtension>
        </extensions>
      </trkpt>
      <trkpt lat="23.17023935727775096893310546875" lon="113.29764931462705135345458984375">
        <ele>176.1999969482421875</ele>
        <time>2022-12-09T09:28:42.000Z</time>
        <extensions>
          <ns3:TrackPointExtension>
            <ns3:hr>160</ns3:hr>
            <ns3:cad>80</ns3:cad>
          </ns3:TrackPointExtension>
        </extensions>
      </trkpt>
      <trkpt lat="23.1702399440109729766845703125" lon="113.297628946602344512939453125">
        <ele>176</ele>
        <time>2022-12-09T09:28:43.000Z</time>
        <extensions>
          <ns3:TrackPointExtension>
            <ns3:hr>149</ns3:hr>
            <ns3:cad>79</ns3:cad>
          </ns3:TrackPointExtension>
        </extensions>
      </trkpt>
      <trkpt lat="23.17024170421063899993896484375" lon="113.2976089976727962493896484375">
        <ele>176</ele>
        <time>2022-12-09T09:28:44.000Z</time>
        <extensions>
          <ns3:TrackPointExtension>
            <ns3:hr>149</ns3:hr>
            <ns3:cad>79</ns3:cad>
          </ns3:TrackPointExtension>
        </extensions>
      </trkpt>
      <trkpt lat="23.17023147828876972198486328125" lon="113.29742451198399066925048828125">
        <ele>174.399993896484375</ele>
        <time>2022-12-09T09:28:52.000Z</time>
        <extensions>
          <ns3:TrackPointExtension>
            <ns3:hr>152</ns3:hr>
            <ns3:cad>82</ns3:cad>
          </ns3:TrackPointExtension>
        </extensions>
      </trkpt>
      <trkpt lat="23.170242793858051300048828125" lon="113.297318480908870697021484375">
        <ele>173.1999969482421875</ele>
        <time>2022-12-09T09:28:57.000Z</time>
        <extensions>
          <ns3:TrackPointExtension>
            <ns3:hr>155</ns3:hr>
            <ns3:cad>82</ns3:cad>
          </ns3:TrackPointExtension>
        </extensions>
      </trkpt>
      <trkpt lat="23.17024153657257556915283203125" lon="113.297237344086170196533203125">
        <ele>172</ele>
        <time>2022-12-09T09:29:01.000Z</time>
        <extensions>
          <ns3:TrackPointExtension>
            <ns3:hr>158</ns3:hr>
            <ns3:cad>81</ns3:cad>
          </ns3:TrackPointExtension>
        </extensions>
      </trkpt>
      <trkpt lat="23.17024773918092250823974609375" lon="113.29718546010553836822509765625">
        <ele>170.8000030517578125</ele>
        <time>2022-12-09T09:29:04.000Z</time>
        <extensions>
          <ns3:TrackPointExtension>
            <ns3:hr>161</ns3:hr>
            <ns3:cad>82</ns3:cad>
          </ns3:TrackPointExtension>
        </extensions>
      </trkpt>
      <trkpt lat="23.17025922238826751708984375" lon="113.2971506752073764801025390625">
        <ele>170.399993896484375</ele>
        <time>2022-12-09T09:29:05.000Z</time>
        <extensions>
          <ns3:TrackPointExtension>
            <ns3:hr>161</ns3:hr>
            <ns3:cad>82</ns3:cad>
          </ns3:TrackPointExtension>
        </extensions>
      </trkpt>
      <trkpt lat="23.170281015336513519287109375" lon="113.29708789475262165069580078125">
        <ele>170.399993896484375</ele>
        <time>2022-12-09T09:29:09.000Z</time>
        <extensions>
          <ns3:TrackPointExtension>
            <ns3:hr>163</ns3:hr>
            <ns3:cad>82</ns3:cad>
          </ns3:TrackPointExtension>
        </extensions>
      </trkpt>
      <trkpt lat="23.17034865729510784149169921875" lon="113.29695043154060840606689453125">
        <ele>170.1999969482421875</ele>
        <time>2022-12-09T09:29:16.000Z</time>
        <extensions>
          <ns3:TrackPointExtension>
            <ns3:hr>166</ns3:hr>
            <ns3:cad>80</ns3:cad>
          </ns3:TrackPointExtension>
        </extensions>
      </trkpt>
      <trkpt lat="23.17038352601230144500732421875" lon="113.29687717370688915252685546875">
        <ele>169.8000030517578125</ele>
        <time>2022-12-09T09:29:20.000Z</time>
        <extensions>
          <ns3:TrackPointExtension>
            <ns3:hr>169</ns3:hr>
            <ns3:cad>80</ns3:cad>
          </ns3:TrackPointExtension>
        </extensions>
      </trkpt>
      <trkpt lat="23.1704240106046199798583984375" lon="113.29680441878736019134521484375">
        <ele>169.399993896484375</ele>
        <time>2022-12-09T09:29:24.000Z</time>
        <extensions>
          <ns3:TrackPointExtension>
            <ns3:hr>172</ns3:hr>
            <ns3:cad>79</ns3:cad>
          </ns3:TrackPointExtension>
        </extensions>
      </trkpt>
      <trkpt lat="23.1705500744283199310302734375" lon="113.29663896001875400543212890625">
        <ele>169</ele>
        <time>2022-12-09T09:29:33.000Z</time>
        <extensions>
          <ns3:TrackPointExtension>
            <ns3:hr>172</ns3:hr>
            <ns3:cad>79</ns3:cad>
          </ns3:TrackPointExtension>
        </extensions>
      </trkpt>
      <trkpt lat="23.17067630589008331298828125" lon="113.29648942686617374420166015625">
        <ele>169.1999969482421875</ele>
        <time>2022-12-09T09:29:42.000Z</time>
        <extensions>
          <ns3:TrackPointExtension>
            <ns3:hr>171</ns3:hr>
            <ns3:cad>81</ns3:cad>
          </ns3:TrackPointExtension>
        </extensions>
      </trkpt>
      <trkpt lat="23.170766495168209075927734375" lon="113.29629429616034030914306640625">
        <ele>166.8000030517578125</ele>
        <time>2022-12-09T09:29:50.000Z</time>
        <extensions>
          <ns3:TrackPointExtension>
            <ns3:hr>170</ns3:hr>
            <ns3:cad>82</ns3:cad>
          </ns3:TrackPointExtension>
        </extensions>
      </trkpt>
      <trkpt lat="23.1708897091448307037353515625" lon="113.296114504337310791015625">
        <ele>165.600006103515625</ele>
        <time>2022-12-09T09:29:56.000Z</time>
        <extensions>
          <ns3:TrackPointExtension>
            <ns3:hr>169</ns3:hr>
            <ns3:cad>83</ns3:cad>
          </ns3:TrackPointExtension>
        </extensions>
      </trkpt>
      <trkpt lat="23.171003870666027069091796875" lon="113.29593488015234470367431640625">
        <ele>163.1999969482421875</ele>
        <time>2022-12-09T09:30:02.000Z</time>
        <extensions>
          <ns3:TrackPointExtension>
            <ns3:hr>168</ns3:hr>
            <ns3:cad>81</ns3:cad>
          </ns3:TrackPointExtension>
        </extensions>
      </trkpt>
      <trkpt lat="23.17109070718288421630859375" lon="113.29573304392397403717041015625">
        <ele>161</ele>
        <time>2022-12-09T09:30:09.000Z</time>
        <extensions>
          <ns3:TrackPointExtension>
            <ns3:hr>163</ns3:hr>
            <ns3:cad>81</ns3:cad>
          </ns3:TrackPointExtension>
        </extensions>
      </trkpt>
      <trkpt lat="23.1711007654666900634765625" lon="113.2957026176154613494873046875">
        <ele>161</ele>
        <time>2022-12-09T09:30:10.000Z</time>
        <extensions>
          <ns3:TrackPointExtension>
            <ns3:hr>157</ns3:hr>
            <ns3:cad>81</ns3:cad>
          </ns3:TrackPointExtension>
        </extensions>
      </trkpt>
      <trkpt lat="23.17113764584064483642578125" lon="113.295491896569728851318359375">
        <ele>159</ele>
        <time>2022-12-09T09:30:18.000Z</time>
        <extensions>
          <ns3:TrackPointExtension>
            <ns3:hr>156</ns3:hr>
            <ns3:cad>81</ns3:cad>
          </ns3:TrackPointExtension>
        </extensions>
      </trkpt>
      <trkpt lat="23.1711126677691936492919921875" lon="113.2953219115734100341796875">
        <ele>154.1999969482421875</ele>
        <time>2022-12-09T09:30:24.000Z</time>
        <extensions>
          <ns3:TrackPointExtension>
            <ns3:hr>158</ns3:hr>
            <ns3:cad>81</ns3:cad>
          </ns3:TrackPointExtension>
        </extensions>
      </trkpt>
      <trkpt lat="23.17111275158822536468505859375" lon="113.295245468616485595703125">
        <ele>152.600006103515625</ele>
        <time>2022-12-09T09:30:27.000Z</time>
        <extensions>
          <ns3:TrackPointExtension>
            <ns3:hr>164</ns3:hr>
            <ns3:cad>80</ns3:cad>
          </ns3:TrackPointExtension>
        </extensions>
      </trkpt>
      <trkpt lat="23.17113337107002735137939453125" lon="113.2951661758124828338623046875">
        <ele>152</ele>
        <time>2022-12-09T09:30:30.000Z</time>
        <extensions>
          <ns3:TrackPointExtension>
            <ns3:hr>160</ns3:hr>
            <ns3:cad>79</ns3:cad>
          </ns3:TrackPointExtension>
        </extensions>
      </trkpt>
      <trkpt lat="23.171102441847324371337890625" lon="113.29496207647025585174560546875">
        <ele>149.600006103515625</ele>
        <time>2022-12-09T09:30:37.000Z</time>
        <extensions>
          <ns3:TrackPointExtension>
            <ns3:hr>162</ns3:hr>
            <ns3:cad>81</ns3:cad>
          </ns3:TrackPointExtension>
        </extensions>
      </trkpt>
      <trkpt lat="23.17103262059390544891357421875" lon="113.2947702147066593170166015625">
        <ele>147</ele>
        <time>2022-12-09T09:30:44.000Z</time>
        <extensions>
          <ns3:TrackPointExtension>
            <ns3:hr>163</ns3:hr>
            <ns3:cad>80</ns3:cad>
          </ns3:TrackPointExtension>
        </extensions>
      </trkpt>
      <trkpt lat="23.17101418040692806243896484375" lon="113.2947350107133388519287109375">
        <ele>146.399993896484375</ele>
        <time>2022-12-09T09:30:46.000Z</time>
        <extensions>
          <ns3:TrackPointExtension>
            <ns3:hr>159</ns3:hr>
            <ns3:cad>80</ns3:cad>
          </ns3:TrackPointExtension>
        </extensions>
      </trkpt>
      <trkpt lat="23.1710104085505008697509765625" lon="113.29472134821116924285888671875">
        <ele>146.1999969482421875</ele>
        <time>2022-12-09T09:30:47.000Z</time>
        <extensions>
          <ns3:TrackPointExtension>
            <ns3:hr>156</ns3:hr>
            <ns3:cad>80</ns3:cad>
          </ns3:TrackPointExtension>
        </extensions>
      </trkpt>
      <trkpt lat="23.170973695814609527587890625" lon="113.29452722333371639251708984375">
        <ele>146.399993896484375</ele>
        <time>2022-12-09T09:31:00.000Z</time>
        <extensions>
          <ns3:TrackPointExtension>
            <ns3:hr>158</ns3:hr>
            <ns3:cad>116</ns3:cad>
          </ns3:TrackPointExtension>
        </extensions>
      </trkpt>
      <trkpt lat="23.17092533223330974578857421875" lon="113.29431951977312564849853515625">
        <ele>147</ele>
        <time>2022-12-09T09:31:16.000Z</time>
        <extensions>
          <ns3:TrackPointExtension>
            <ns3:hr>156</ns3:hr>
            <ns3:cad>118</ns3:cad>
          </ns3:TrackPointExtension>
        </extensions>
      </trkpt>
      <trkpt lat="23.17085844464600086212158203125" lon="113.29419203102588653564453125">
        <ele>145.8000030517578125</ele>
        <time>2022-12-09T09:31:25.000Z</time>
        <extensions>
          <ns3:TrackPointExtension>
            <ns3:hr>153</ns3:hr>
            <ns3:cad>60</ns3:cad>
          </ns3:TrackPointExtension>
        </extensions>
      </trkpt>
      <trkpt lat="23.17082114517688751220703125" lon="113.29416512511670589447021484375">
        <ele>145</ele>
        <time>2022-12-09T09:31:28.000Z</time>
        <extensions>
          <ns3:TrackPointExtension>
            <ns3:hr>151</ns3:hr>
            <ns3:cad>60</ns3:cad>
          </ns3:TrackPointExtension>
        </extensions>
      </trkpt>
      <trkpt lat="23.1707934848964214324951171875" lon="113.29411617480218410491943359375">
        <ele>144.600006103515625</ele>
        <time>2022-12-09T09:31:33.000Z</time>
        <extensions>
          <ns3:TrackPointExtension>
            <ns3:hr>148</ns3:hr>
            <ns3:cad>59</ns3:cad>
          </ns3:TrackPointExtension>
        </extensions>
      </trkpt>
      <trkpt lat="23.17073238082230091094970703125" lon="113.2940376363694667816162109375">
        <ele>142</ele>
        <time>2022-12-09T09:31:39.000Z</time>
        <extensions>
          <ns3:TrackPointExtension>
            <ns3:hr>145</ns3:hr>
            <ns3:cad>59</ns3:cad>
          </ns3:TrackPointExtension>
        </extensions>
      </trkpt>
      <trkpt lat="23.170683681964874267578125" lon="113.2939313538372516632080078125">
        <ele>139.399993896484375</ele>
        <time>2022-12-09T09:31:50.000Z</time>
        <extensions>
          <ns3:TrackPointExtension>
            <ns3:hr>143</ns3:hr>
            <ns3:cad>61</ns3:cad>
          </ns3:TrackPointExtension>
        </extensions>
      </trkpt>
      <trkpt lat="23.1706345640122890472412109375" lon="113.2938331179320812225341796875">
        <ele>137</ele>
        <time>2022-12-09T09:31:59.000Z</time>
        <extensions>
          <ns3:TrackPointExtension>
            <ns3:hr>140</ns3:hr>
            <ns3:cad>61</ns3:cad>
          </ns3:TrackPointExtension>
        </extensions>
      </trkpt>
      <trkpt lat="23.17056189291179180145263671875" lon="113.29371635802090167999267578125">
        <ele>134</ele>
        <time>2022-12-09T09:32:08.000Z</time>
        <extensions>
          <ns3:TrackPointExtension>
            <ns3:hr>137</ns3:hr>
            <ns3:cad>61</ns3:cad>
          </ns3:TrackPointExtension>
        </extensions>
      </trkpt>
      <trkpt lat="23.17053087987005710601806640625" lon="113.29359347932040691375732421875">
        <ele>132.600006103515625</ele>
        <time>2022-12-09T09:32:19.000Z</time>
        <extensions>
          <ns3:TrackPointExtension>
            <ns3:hr>135</ns3:hr>
            <ns3:cad>58</ns3:cad>
          </ns3:TrackPointExtension>
        </extensions>
      </trkpt>
      <trkpt lat="23.170463740825653076171875" lon="113.29340170137584209442138671875">
        <ele>131.600006103515625</ele>
        <time>2022-12-09T09:32:37.000Z</time>
        <extensions>
          <ns3:TrackPointExtension>
            <ns3:hr>133</ns3:hr>
            <ns3:cad>120</ns3:cad>
          </ns3:TrackPointExtension>
        </extensions>
      </trkpt>
      <trkpt lat="23.17043717019259929656982421875" lon="113.2933647371828556060791015625">
        <ele>130.399993896484375</ele>
        <time>2022-12-09T09:32:40.000Z</time>
        <extensions>
          <ns3:TrackPointExtension>
            <ns3:hr>132</ns3:hr>
            <ns3:cad>122</ns3:cad>
          </ns3:TrackPointExtension>
        </extensions>
      </trkpt>
      <trkpt lat="23.17037983797490596771240234375" lon="113.29317270778119564056396484375">
        <ele>128.8000030517578125</ele>
        <time>2022-12-09T09:32:53.000Z</time>
        <extensions>
          <ns3:TrackPointExtension>
            <ns3:hr>130</ns3:hr>
            <ns3:cad>63</ns3:cad>
          </ns3:TrackPointExtension>
        </extensions>
      </trkpt>
      <trkpt lat="23.17029811441898345947265625" lon="113.2930113561451435089111328125">
        <ele>124.59999847412109375</ele>
        <time>2022-12-09T09:33:07.000Z</time>
        <extensions>
          <ns3:TrackPointExtension>
            <ns3:hr>127</ns3:hr>
            <ns3:cad>63</ns3:cad>
          </ns3:TrackPointExtension>
        </extensions>
      </trkpt>
      <trkpt lat="23.17030507139861583709716796875" lon="113.29289945773780345916748046875">
        <ele>124.59999847412109375</ele>
        <time>2022-12-09T09:33:15.000Z</time>
        <extensions>
          <ns3:TrackPointExtension>
            <ns3:hr>127</ns3:hr>
            <ns3:cad>61</ns3:cad>
          </ns3:TrackPointExtension>
        </extensions>
      </trkpt>
      <trkpt lat="23.17031680606305599212646484375" lon="113.29277708195149898529052734375">
        <ele>125</ele>
        <time>2022-12-09T09:33:25.000Z</time>
        <extensions>
          <ns3:TrackPointExtension>
            <ns3:hr>127</ns3:hr>
            <ns3:cad>62</ns3:cad>
          </ns3:TrackPointExtension>
        </extensions>
      </trkpt>
      <trkpt lat="23.17032921127974987030029296875" lon="113.292757384479045867919921875">
        <ele>125.8000030517578125</ele>
        <time>2022-12-09T09:33:28.000Z</time>
        <extensions>
          <ns3:TrackPointExtension>
            <ns3:hr>127</ns3:hr>
            <ns3:cad>62</ns3:cad>
          </ns3:TrackPointExtension>
        </extensions>
      </trkpt>
      <trkpt lat="23.170356117188930511474609375" lon="113.2926673628389835357666015625">
        <ele>128.600006103515625</ele>
        <time>2022-12-09T09:33:37.000Z</time>
        <extensions>
          <ns3:TrackPointExtension>
            <ns3:hr>124</ns3:hr>
            <ns3:cad>62</ns3:cad>
          </ns3:TrackPointExtension>
        </extensions>
      </trkpt>
      <trkpt lat="23.17035435698926448822021484375" lon="113.29264716245234012603759765625">
        <ele>129.1999969482421875</ele>
        <time>2022-12-09T09:33:38.000Z</time>
        <extensions>
          <ns3:TrackPointExtension>
            <ns3:hr>125</ns3:hr>
            <ns3:cad>62</ns3:cad>
          </ns3:TrackPointExtension>
        </extensions>
      </trkpt>
      <trkpt lat="23.17035603336989879608154296875" lon="113.2926343381404876708984375">
        <ele>129.600006103515625</ele>
        <time>2022-12-09T09:33:40.000Z</time>
        <extensions>
          <ns3:TrackPointExtension>
            <ns3:hr>126</ns3:hr>
            <ns3:cad>61</ns3:cad>
          </ns3:TrackPointExtension>
        </extensions>
      </trkpt>
      <trkpt lat="23.1703596375882625579833984375" lon="113.2924380339682102203369140625">
        <ele>133</ele>
        <time>2022-12-09T09:33:51.000Z</time>
        <extensions>
          <ns3:TrackPointExtension>
            <ns3:hr>126</ns3:hr>
            <ns3:cad>61</ns3:cad>
          </ns3:TrackPointExtension>
        </extensions>
      </trkpt>
      <trkpt lat="23.17034907639026641845703125" lon="113.29240811057388782501220703125">
        <ele>133</ele>
        <time>2022-12-09T09:33:52.000Z</time>
        <extensions>
          <ns3:TrackPointExtension>
            <ns3:hr>127</ns3:hr>
            <ns3:cad>61</ns3:cad>
          </ns3:TrackPointExtension>
        </extensions>
      </trkpt>
      <trkpt lat="23.1703121960163116455078125" lon="113.2923468388617038726806640625">
        <ele>132.399993896484375</ele>
        <time>2022-12-09T09:33:59.000Z</time>
        <extensions>
          <ns3:TrackPointExtension>
            <ns3:hr>126</ns3:hr>
            <ns3:cad>61</ns3:cad>
          </ns3:TrackPointExtension>
        </extensions>
      </trkpt>
      <trkpt lat="23.1702875532209873199462890625" lon="113.29232781194150447845458984375">
        <ele>131.600006103515625</ele>
        <time>2022-12-09T09:34:03.000Z</time>
        <extensions>
          <ns3:TrackPointExtension>
            <ns3:hr>124</ns3:hr>
            <ns3:cad>61</ns3:cad>
          </ns3:TrackPointExtension>
        </extensions>
      </trkpt>
      <trkpt lat="23.1702429614961147308349609375" lon="113.292309455573558807373046875">
        <ele>130.1999969482421875</ele>
        <time>2022-12-09T09:34:08.000Z</time>
        <extensions>
          <ns3:TrackPointExtension>
            <ns3:hr>123</ns3:hr>
            <ns3:cad>58</ns3:cad>
          </ns3:TrackPointExtension>
        </extensions>
      </trkpt>
      <trkpt lat="23.17023600451648235321044921875" lon="113.2923042587935924530029296875">
        <ele>130</ele>
        <time>2022-12-09T09:34:09.000Z</time>
        <extensions>
          <ns3:TrackPointExtension>
            <ns3:hr>123</ns3:hr>
            <ns3:cad>59</ns3:cad>
          </ns3:TrackPointExtension>
        </extensions>
      </trkpt>
      <trkpt lat="23.17021169699728488922119140625" lon="113.29228590242564678192138671875">
        <ele>129.1999969482421875</ele>
        <time>2022-12-09T09:34:13.000Z</time>
        <extensions>
          <ns3:TrackPointExtension>
            <ns3:hr>124</ns3:hr>
            <ns3:cad>61</ns3:cad>
          </ns3:TrackPointExtension>
        </extensions>
      </trkpt>
      <trkpt lat="23.17017582245171070098876953125" lon="113.2922717370092868804931640625">
        <ele>128</ele>
        <time>2022-12-09T09:34:17.000Z</time>
        <extensions>
          <ns3:TrackPointExtension>
            <ns3:hr>124</ns3:hr>
            <ns3:cad>60</ns3:cad>
          </ns3:TrackPointExtension>
        </extensions>
      </trkpt>
      <trkpt lat="23.1701003015041351318359375" lon="113.29227366484701633453369140625">
        <ele>124.8000030517578125</ele>
        <time>2022-12-09T09:34:24.000Z</time>
        <extensions>
          <ns3:TrackPointExtension>
            <ns3:hr>128</ns3:hr>
            <ns3:cad>74</ns3:cad>
          </ns3:TrackPointExtension>
        </extensions>
      </trkpt>
      <trkpt lat="23.170089237391948699951171875" lon="113.29228137619793415069580078125">
        <ele>124.1999969482421875</ele>
        <time>2022-12-09T09:34:26.000Z</time>
        <extensions>
          <ns3:TrackPointExtension>
            <ns3:hr>131</ns3:hr>
            <ns3:cad>78</ns3:cad>
          </ns3:TrackPointExtension>
        </extensions>
      </trkpt>
      <trkpt lat="23.17007205449044704437255859375" lon="113.29228573478758335113525390625">
        <ele>123.40000152587890625</ele>
        <time>2022-12-09T09:34:28.000Z</time>
        <extensions>
          <ns3:TrackPointExtension>
            <ns3:hr>132</ns3:hr>
            <ns3:cad>78</ns3:cad>
          </ns3:TrackPointExtension>
        </extensions>
      </trkpt>
      <trkpt lat="23.169981949031352996826171875" lon="113.2922814600169658660888671875">
        <ele>119.8000030517578125</ele>
        <time>2022-12-09T09:34:33.000Z</time>
        <extensions>
          <ns3:TrackPointExtension>
            <ns3:hr>127</ns3:hr>
            <ns3:cad>81</ns3:cad>
          </ns3:TrackPointExtension>
        </extensions>
      </trkpt>
      <trkpt lat="23.16989217884838581085205078125" lon="113.2922494411468505859375">
        <ele>116.40000152587890625</ele>
        <time>2022-12-09T09:34:37.000Z</time>
        <extensions>
          <ns3:TrackPointExtension>
            <ns3:hr>136</ns3:hr>
            <ns3:cad>82</ns3:cad>
          </ns3:TrackPointExtension>
        </extensions>
      </trkpt>
      <trkpt lat="23.1698748283088207244873046875" lon="113.29223695211112499237060546875">
        <ele>115.59999847412109375</ele>
        <time>2022-12-09T09:34:38.000Z</time>
        <extensions>
          <ns3:TrackPointExtension>
            <ns3:hr>140</ns3:hr>
            <ns3:cad>83</ns3:cad>
          </ns3:TrackPointExtension>
        </extensions>
      </trkpt>
      <trkpt lat="23.16985412500798702239990234375" lon="113.29222857020795345306396484375">
        <ele>114.40000152587890625</ele>
        <time>2022-12-09T09:34:39.000Z</time>
        <extensions>
          <ns3:TrackPointExtension>
            <ns3:hr>148</ns3:hr>
            <ns3:cad>83</ns3:cad>
          </ns3:TrackPointExtension>
        </extensions>
      </trkpt>
      <trkpt lat="23.1698258779942989349365234375" lon="113.2922050170600414276123046875">
        <ele>113</ele>
        <time>2022-12-09T09:34:41.000Z</time>
        <extensions>
          <ns3:TrackPointExtension>
            <ns3:hr>151</ns3:hr>
            <ns3:cad>84</ns3:cad>
          </ns3:TrackPointExtension>
        </extensions>
      </trkpt>
      <trkpt lat="23.16969931125640869140625" lon="113.29208649694919586181640625">
        <ele>108.40000152587890625</ele>
        <time>2022-12-09T09:34:50.000Z</time>
        <extensions>
          <ns3:TrackPointExtension>
            <ns3:hr>154</ns3:hr>
            <ns3:cad>83</ns3:cad>
          </ns3:TrackPointExtension>
        </extensions>
      </trkpt>
      <trkpt lat="23.16968967206776142120361328125" lon="113.29207048751413822174072265625">
        <ele>108.40000152587890625</ele>
        <time>2022-12-09T09:34:51.000Z</time>
        <extensions>
          <ns3:TrackPointExtension>
            <ns3:hr>158</ns3:hr>
            <ns3:cad>83</ns3:cad>
          </ns3:TrackPointExtension>
        </extensions>
      </trkpt>
      <trkpt lat="23.169672489166259765625" lon="113.2920353673398494720458984375">
        <ele>108.59999847412109375</ele>
        <time>2022-12-09T09:34:53.000Z</time>
        <extensions>
          <ns3:TrackPointExtension>
            <ns3:hr>161</ns3:hr>
            <ns3:cad>83</ns3:cad>
          </ns3:TrackPointExtension>
        </extensions>
      </trkpt>
      <trkpt lat="23.1696243770420551300048828125" lon="113.2919773645699024200439453125">
        <ele>108</ele>
        <time>2022-12-09T09:34:56.000Z</time>
        <extensions>
          <ns3:TrackPointExtension>
            <ns3:hr>157</ns3:hr>
            <ns3:cad>83</ns3:cad>
          </ns3:TrackPointExtension>
        </extensions>
      </trkpt>
      <trkpt lat="23.16960551775991916656494140625" lon="113.29196303151547908782958984375">
        <ele>107.8000030517578125</ele>
        <time>2022-12-09T09:34:57.000Z</time>
        <extensions>
          <ns3:TrackPointExtension>
            <ns3:hr>153</ns3:hr>
            <ns3:cad>83</ns3:cad>
          </ns3:TrackPointExtension>
        </extensions>
      </trkpt>
      <trkpt lat="23.1695854850113391876220703125" lon="113.29194827936589717864990234375">
        <ele>107.8000030517578125</ele>
        <time>2022-12-09T09:34:58.000Z</time>
        <extensions>
          <ns3:TrackPointExtension>
            <ns3:hr>153</ns3:hr>
            <ns3:cad>83</ns3:cad>
          </ns3:TrackPointExtension>
        </extensions>
      </trkpt>
      <trkpt lat="23.16954332403838634490966796875" lon="113.2919233851134777069091796875">
        <ele>107.59999847412109375</ele>
        <time>2022-12-09T09:35:00.000Z</time>
        <extensions>
          <ns3:TrackPointExtension>
            <ns3:hr>160</ns3:hr>
            <ns3:cad>83</ns3:cad>
          </ns3:TrackPointExtension>
        </extensions>
      </trkpt>
      <trkpt lat="23.1695194356143474578857421875" lon="113.2919109798967838287353515625">
        <ele>107.40000152587890625</ele>
        <time>2022-12-09T09:35:01.000Z</time>
        <extensions>
          <ns3:TrackPointExtension>
            <ns3:hr>163</ns3:hr>
            <ns3:cad>83</ns3:cad>
          </ns3:TrackPointExtension>
        </extensions>
      </trkpt>
      <trkpt lat="23.169423379004001617431640625" lon="113.29185725189745426177978515625">
        <ele>107.1999969482421875</ele>
        <time>2022-12-09T09:35:05.000Z</time>
        <extensions>
          <ns3:TrackPointExtension>
            <ns3:hr>168</ns3:hr>
            <ns3:cad>84</ns3:cad>
          </ns3:TrackPointExtension>
        </extensions>
      </trkpt>
      <trkpt lat="23.1693172641098499298095703125" lon="113.291793130338191986083984375">
        <ele>107.40000152587890625</ele>
        <time>2022-12-09T09:35:10.000Z</time>
        <extensions>
          <ns3:TrackPointExtension>
            <ns3:hr>165</ns3:hr>
            <ns3:cad>84</ns3:cad>
          </ns3:TrackPointExtension>
        </extensions>
      </trkpt>
      <trkpt lat="23.16927661187946796417236328125" lon="113.29176505096256732940673828125">
        <ele>107.8000030517578125</ele>
        <time>2022-12-09T09:35:12.000Z</time>
        <extensions>
          <ns3:TrackPointExtension>
            <ns3:hr>162</ns3:hr>
            <ns3:cad>85</ns3:cad>
          </ns3:TrackPointExtension>
        </extensions>
      </trkpt>
      <trkpt lat="23.16917158663272857666015625" lon="113.29167838208377361297607421875">
        <ele>109.1999969482421875</ele>
        <time>2022-12-09T09:35:19.000Z</time>
        <extensions>
          <ns3:TrackPointExtension>
            <ns3:hr>163</ns3:hr>
            <ns3:cad>82</ns3:cad>
          </ns3:TrackPointExtension>
        </extensions>
      </trkpt>
      <trkpt lat="23.169092796742916107177734375" lon="113.29163194634020328521728515625">
        <ele>109.40000152587890625</ele>
        <time>2022-12-09T09:35:23.000Z</time>
        <extensions>
          <ns3:TrackPointExtension>
            <ns3:hr>160</ns3:hr>
            <ns3:cad>81</ns3:cad>
          </ns3:TrackPointExtension>
        </extensions>
      </trkpt>
      <trkpt lat="23.1690180301666259765625" lon="113.29161576926708221435546875">
        <ele>108</ele>
        <time>2022-12-09T09:35:26.000Z</time>
        <extensions>
          <ns3:TrackPointExtension>
            <ns3:hr>159</ns3:hr>
            <ns3:cad>80</ns3:cad>
          </ns3:TrackPointExtension>
        </extensions>
      </trkpt>
      <trkpt lat="23.16893546842038631439208984375" lon="113.29161602072417736053466796875">
        <ele>105.1999969482421875</ele>
        <time>2022-12-09T09:35:29.000Z</time>
        <extensions>
          <ns3:TrackPointExtension>
            <ns3:hr>162</ns3:hr>
            <ns3:cad>81</ns3:cad>
          </ns3:TrackPointExtension>
        </extensions>
      </trkpt>
      <trkpt lat="23.16889473237097263336181640625" lon="113.29162457026541233062744140625">
        <ele>103.59999847412109375</ele>
        <time>2022-12-09T09:35:31.000Z</time>
        <extensions>
          <ns3:TrackPointExtension>
            <ns3:hr>165</ns3:hr>
            <ns3:cad>81</ns3:cad>
          </ns3:TrackPointExtension>
        </extensions>
      </trkpt>
      <trkpt lat="23.1687130965292453765869140625" lon="113.29164351336658000946044921875">
        <ele>97.8000030517578125</ele>
        <time>2022-12-09T09:35:39.000Z</time>
        <extensions>
          <ns3:TrackPointExtension>
            <ns3:hr>168</ns3:hr>
            <ns3:cad>83</ns3:cad>
          </ns3:TrackPointExtension>
        </extensions>
      </trkpt>
      <trkpt lat="23.1685944087803363800048828125" lon="113.2916015200316905975341796875">
        <ele>95.40000152587890625</ele>
        <time>2022-12-09T09:35:44.000Z</time>
        <extensions>
          <ns3:TrackPointExtension>
            <ns3:hr>165</ns3:hr>
            <ns3:cad>83</ns3:cad>
          </ns3:TrackPointExtension>
        </extensions>
      </trkpt>
      <trkpt lat="23.16847077570855617523193359375" lon="113.29143899492919445037841796875">
        <ele>97</ele>
        <time>2022-12-09T09:35:54.000Z</time>
        <extensions>
          <ns3:TrackPointExtension>
            <ns3:hr>164</ns3:hr>
            <ns3:cad>82</ns3:cad>
          </ns3:TrackPointExtension>
        </extensions>
      </trkpt>
      <trkpt lat="23.16833867691457271575927734375" lon="113.2913034595549106597900390625">
        <ele>97.8000030517578125</ele>
        <time>2022-12-09T09:36:04.000Z</time>
        <extensions>
          <ns3:TrackPointExtension>
            <ns3:hr>166</ns3:hr>
            <ns3:cad>81</ns3:cad>
          </ns3:TrackPointExtension>
        </extensions>
      </trkpt>
      <trkpt lat="23.1681344099342823028564453125" lon="113.2912333868443965911865234375">
        <ele>97.40000152587890625</ele>
        <time>2022-12-09T09:36:14.000Z</time>
        <extensions>
          <ns3:TrackPointExtension>
            <ns3:hr>166</ns3:hr>
            <ns3:cad>83</ns3:cad>
          </ns3:TrackPointExtension>
        </extensions>
      </trkpt>
      <trkpt lat="23.1679543666541576385498046875" lon="113.2911971770226955413818359375">
        <ele>98.40000152587890625</ele>
        <time>2022-12-09T09:36:22.000Z</time>
        <extensions>
          <ns3:TrackPointExtension>
            <ns3:hr>165</ns3:hr>
            <ns3:cad>83</ns3:cad>
          </ns3:TrackPointExtension>
        </extensions>
      </trkpt>
      <trkpt lat="23.16776216961443424224853515625" lon="113.2911757193505764007568359375">
        <ele>97.40000152587890625</ele>
        <time>2022-12-09T09:36:29.000Z</time>
        <extensions>
          <ns3:TrackPointExtension>
            <ns3:hr>165</ns3:hr>
            <ns3:cad>82</ns3:cad>
          </ns3:TrackPointExtension>
        </extensions>
      </trkpt>
      <trkpt lat="23.1675812043249607086181640625" lon="113.291125595569610595703125">
        <ele>96.40000152587890625</ele>
        <time>2022-12-09T09:36:38.000Z</time>
        <extensions>
          <ns3:TrackPointExtension>
            <ns3:hr>164</ns3:hr>
            <ns3:cad>82</ns3:cad>
          </ns3:TrackPointExtension>
        </extensions>
      </trkpt>
      <trkpt lat="23.1673880852758884429931640625" lon="113.2910479791462421417236328125">
        <ele>94.8000030517578125</ele>
        <time>2022-12-09T09:36:45.000Z</time>
        <extensions>
          <ns3:TrackPointExtension>
            <ns3:hr>164</ns3:hr>
            <ns3:cad>83</ns3:cad>
          </ns3:TrackPointExtension>
        </extensions>
      </trkpt>
      <trkpt lat="23.16723964177072048187255859375" lon="113.29100715927779674530029296875">
        <ele>93.8000030517578125</ele>
        <time>2022-12-09T09:36:50.000Z</time>
        <extensions>
          <ns3:TrackPointExtension>
            <ns3:hr>167</ns3:hr>
            <ns3:cad>82</ns3:cad>
          </ns3:TrackPointExtension>
        </extensions>
      </trkpt>
      <trkpt lat="23.16704459488391876220703125" lon="113.29096927307546138763427734375">
        <ele>91</ele>
        <time>2022-12-09T09:36:57.000Z</time>
        <extensions>
          <ns3:TrackPointExtension>
            <ns3:hr>168</ns3:hr>
            <ns3:cad>84</ns3:cad>
          </ns3:TrackPointExtension>
        </extensions>
      </trkpt>
      <trkpt lat="23.1668627075850963592529296875" lon="113.2909619808197021484375">
        <ele>88.40000152587890625</ele>
        <time>2022-12-09T09:37:07.000Z</time>
        <extensions>
          <ns3:TrackPointExtension>
            <ns3:hr>167</ns3:hr>
            <ns3:cad>83</ns3:cad>
          </ns3:TrackPointExtension>
        </extensions>
      </trkpt>
      <trkpt lat="23.16667268984019756317138671875" lon="113.29095083288848400115966796875">
        <ele>85.59999847412109375</ele>
        <time>2022-12-09T09:37:17.000Z</time>
        <extensions>
          <ns3:TrackPointExtension>
            <ns3:hr>166</ns3:hr>
            <ns3:cad>83</ns3:cad>
          </ns3:TrackPointExtension>
        </extensions>
      </trkpt>
      <trkpt lat="23.166483007371425628662109375" lon="113.29099659807980060577392578125">
        <ele>83.8000030517578125</ele>
        <time>2022-12-09T09:37:26.000Z</time>
        <extensions>
          <ns3:TrackPointExtension>
            <ns3:hr>166</ns3:hr>
            <ns3:cad>83</ns3:cad>
          </ns3:TrackPointExtension>
        </extensions>
      </trkpt>
      <trkpt lat="23.16632098518311977386474609375" lon="113.2911187224090099334716796875">
        <ele>79.40000152587890625</ele>
        <time>2022-12-09T09:37:34.000Z</time>
        <extensions>
          <ns3:TrackPointExtension>
            <ns3:hr>166</ns3:hr>
            <ns3:cad>83</ns3:cad>
          </ns3:TrackPointExtension>
        </extensions>
      </trkpt>
      <trkpt lat="23.16627069376409053802490234375" lon="113.2911564409732818603515625">
        <ele>77.59999847412109375</ele>
        <time>2022-12-09T09:37:37.000Z</time>
        <extensions>
          <ns3:TrackPointExtension>
            <ns3:hr>163</ns3:hr>
            <ns3:cad>82</ns3:cad>
          </ns3:TrackPointExtension>
        </extensions>
      </trkpt>
      <trkpt lat="23.16621285863220691680908203125" lon="113.29117932356894016265869140625">
        <ele>76.59999847412109375</ele>
        <time>2022-12-09T09:37:40.000Z</time>
        <extensions>
          <ns3:TrackPointExtension>
            <ns3:hr>161</ns3:hr>
            <ns3:cad>81</ns3:cad>
          </ns3:TrackPointExtension>
        </extensions>
      </trkpt>
      <trkpt lat="23.1661284528672695159912109375" lon="113.29123548232018947601318359375">
        <ele>74.1999969482421875</ele>
        <time>2022-12-09T09:37:45.000Z</time>
        <extensions>
          <ns3:TrackPointExtension>
            <ns3:hr>164</ns3:hr>
            <ns3:cad>83</ns3:cad>
          </ns3:TrackPointExtension>
        </extensions>
      </trkpt>
      <trkpt lat="23.165994174778461456298828125" lon="113.29133187420666217803955078125">
        <ele>70</ele>
        <time>2022-12-09T09:37:52.000Z</time>
        <extensions>
          <ns3:TrackPointExtension>
            <ns3:hr>167</ns3:hr>
            <ns3:cad>84</ns3:cad>
          </ns3:TrackPointExtension>
        </extensions>
      </trkpt>
      <trkpt lat="23.16580482758581638336181640625" lon="113.29141116701066493988037109375">
        <ele>68.1999969482421875</ele>
        <time>2022-12-09T09:38:00.000Z</time>
        <extensions>
          <ns3:TrackPointExtension>
            <ns3:hr>168</ns3:hr>
            <ns3:cad>84</ns3:cad>
          </ns3:TrackPointExtension>
        </extensions>
      </trkpt>
      <trkpt lat="23.16559745930135250091552734375" lon="113.2914275117218494415283203125">
        <ele>69</ele>
        <time>2022-12-09T09:38:07.000Z</time>
        <extensions>
          <ns3:TrackPointExtension>
            <ns3:hr>167</ns3:hr>
            <ns3:cad>84</ns3:cad>
          </ns3:TrackPointExtension>
        </extensions>
      </trkpt>
      <trkpt lat="23.1653881631791591644287109375" lon="113.2914144359529018402099609375">
        <ele>69.40000152587890625</ele>
        <time>2022-12-09T09:38:13.000Z</time>
        <extensions>
          <ns3:TrackPointExtension>
            <ns3:hr>169</ns3:hr>
            <ns3:cad>86</ns3:cad>
          </ns3:TrackPointExtension>
        </extensions>
      </trkpt>
      <trkpt lat="23.16518188454210758209228515625" lon="113.2914187945425510406494140625">
        <ele>67.40000152587890625</ele>
        <time>2022-12-09T09:38:21.000Z</time>
        <extensions>
          <ns3:TrackPointExtension>
            <ns3:hr>166</ns3:hr>
            <ns3:cad>86</ns3:cad>
          </ns3:TrackPointExtension>
        </extensions>
      </trkpt>
      <trkpt lat="23.1650693155825138092041015625" lon="113.29141116701066493988037109375">
        <ele>65.8000030517578125</ele>
        <time>2022-12-09T09:38:27.000Z</time>
        <extensions>
          <ns3:TrackPointExtension>
            <ns3:hr>166</ns3:hr>
            <ns3:cad>86</ns3:cad>
          </ns3:TrackPointExtension>
        </extensions>
      </trkpt>
      <trkpt lat="23.165016509592533111572265625" lon="113.2913909666240215301513671875">
        <ele>65.40000152587890625</ele>
        <time>2022-12-09T09:38:31.000Z</time>
        <extensions>
          <ns3:TrackPointExtension>
            <ns3:hr>163</ns3:hr>
            <ns3:cad>59</ns3:cad>
          </ns3:TrackPointExtension>
        </extensions>
      </trkpt>
      <trkpt lat="23.164906539022922515869140625" lon="113.29135291278362274169921875">
        <ele>64.8000030517578125</ele>
        <time>2022-12-09T09:38:39.000Z</time>
        <extensions>
          <ns3:TrackPointExtension>
            <ns3:hr>164</ns3:hr>
            <ns3:cad>114</ns3:cad>
          </ns3:TrackPointExtension>
        </extensions>
      </trkpt>
      <trkpt lat="23.16482900641858577728271484375" lon="113.291325755417346954345703125">
        <ele>64.59999847412109375</ele>
        <time>2022-12-09T09:38:44.000Z</time>
        <extensions>
          <ns3:TrackPointExtension>
            <ns3:hr>161</ns3:hr>
            <ns3:cad>61</ns3:cad>
          </ns3:TrackPointExtension>
        </extensions>
      </trkpt>
      <trkpt lat="23.16479514352977275848388671875" lon="113.29130421392619609832763671875">
        <ele>64.1999969482421875</ele>
        <time>2022-12-09T09:38:47.000Z</time>
        <extensions>
          <ns3:TrackPointExtension>
            <ns3:hr>158</ns3:hr>
            <ns3:cad>61</ns3:cad>
          </ns3:TrackPointExtension>
        </extensions>
      </trkpt>
      <trkpt lat="23.1647585146129131317138671875" lon="113.29128057695925235748291015625">
        <ele>63.799999237060546875</ele>
        <time>2022-12-09T09:38:50.000Z</time>
        <extensions>
          <ns3:TrackPointExtension>
            <ns3:hr>155</ns3:hr>
            <ns3:cad>61</ns3:cad>
          </ns3:TrackPointExtension>
        </extensions>
      </trkpt>
      <trkpt lat="23.1647202931344509124755859375" lon="113.29129549674689769744873046875">
        <ele>63.799999237060546875</ele>
        <time>2022-12-09T09:38:53.000Z</time>
        <extensions>
          <ns3:TrackPointExtension>
            <ns3:hr>152</ns3:hr>
            <ns3:cad>61</ns3:cad>
          </ns3:TrackPointExtension>
        </extensions>
      </trkpt>
      <trkpt lat="23.164584338665008544921875" lon="113.29130002297461032867431640625">
        <ele>63.200000762939453125</ele>
        <time>2022-12-09T09:39:01.000Z</time>
        <extensions>
          <ns3:TrackPointExtension>
            <ns3:hr>150</ns3:hr>
            <ns3:cad>63</ns3:cad>
          </ns3:TrackPointExtension>
        </extensions>
      </trkpt>
      <trkpt lat="23.1645159423351287841796875" lon="113.2912766374647617340087890625">
        <ele>62.40000152587890625</ele>
        <time>2022-12-09T09:39:05.000Z</time>
        <extensions>
          <ns3:TrackPointExtension>
            <ns3:hr>147</ns3:hr>
            <ns3:cad>63</ns3:cad>
          </ns3:TrackPointExtension>
        </extensions>
      </trkpt>
      <trkpt lat="23.16448199562728404998779296875" lon="113.29125811345875263214111328125">
        <ele>61.799999237060546875</ele>
        <time>2022-12-09T09:39:08.000Z</time>
        <extensions>
          <ns3:TrackPointExtension>
            <ns3:hr>147</ns3:hr>
            <ns3:cad>63</ns3:cad>
          </ns3:TrackPointExtension>
        </extensions>
      </trkpt>
      <trkpt lat="23.16442273557186126708984375" lon="113.29120539128780364990234375">
        <ele>60.59999847412109375</ele>
        <time>2022-12-09T09:39:16.000Z</time>
        <extensions>
          <ns3:TrackPointExtension>
            <ns3:hr>144</ns3:hr>
            <ns3:cad>63</ns3:cad>
          </ns3:TrackPointExtension>
        </extensions>
      </trkpt>
      <trkpt lat="23.16423271782696247100830078125" lon="113.291180916130542755126953125">
        <ele>59.799999237060546875</ele>
        <time>2022-12-09T09:39:31.000Z</time>
        <extensions>
          <ns3:TrackPointExtension>
            <ns3:hr>143</ns3:hr>
            <ns3:cad>63</ns3:cad>
          </ns3:TrackPointExtension>
        </extensions>
      </trkpt>
      <trkpt lat="23.16421796567738056182861328125" lon="113.291197679936885833740234375">
        <ele>60.200000762939453125</ele>
        <time>2022-12-09T09:39:33.000Z</time>
        <extensions>
          <ns3:TrackPointExtension>
            <ns3:hr>143</ns3:hr>
            <ns3:cad>63</ns3:cad>
          </ns3:TrackPointExtension>
        </extensions>
      </trkpt>
      <trkpt lat="23.1641711108386516571044921875" lon="113.2912154495716094970703125">
        <ele>59.59999847412109375</ele>
        <time>2022-12-09T09:39:36.000Z</time>
        <extensions>
          <ns3:TrackPointExtension>
            <ns3:hr>141</ns3:hr>
            <ns3:cad>57</ns3:cad>
          </ns3:TrackPointExtension>
        </extensions>
      </trkpt>
      <trkpt lat="23.16408033482730388641357421875" lon="113.29121880233287811279296875">
        <ele>58.200000762939453125</ele>
        <time>2022-12-09T09:39:44.000Z</time>
        <extensions>
          <ns3:TrackPointExtension>
            <ns3:hr>138</ns3:hr>
            <ns3:cad>61</ns3:cad>
          </ns3:TrackPointExtension>
        </extensions>
      </trkpt>
      <trkpt lat="23.16406357102096080780029296875" lon="113.29122483730316162109375">
        <ele>58.200000762939453125</ele>
        <time>2022-12-09T09:39:45.000Z</time>
        <extensions>
          <ns3:TrackPointExtension>
            <ns3:hr>138</ns3:hr>
            <ns3:cad>61</ns3:cad>
          </ns3:TrackPointExtension>
        </extensions>
      </trkpt>
      <trkpt lat="23.164001293480396270751953125" lon="113.2913058064877986907958984375">
        <ele>58.59999847412109375</ele>
        <time>2022-12-09T09:39:53.000Z</time>
        <extensions>
          <ns3:TrackPointExtension>
            <ns3:hr>135</ns3:hr>
            <ns3:cad>61</ns3:cad>
          </ns3:TrackPointExtension>
        </extensions>
      </trkpt>
      <trkpt lat="23.164002634584903717041015625" lon="113.29132743179798126220703125">
        <ele>58.59999847412109375</ele>
        <time>2022-12-09T09:39:57.000Z</time>
        <extensions>
          <ns3:TrackPointExtension>
            <ns3:hr>134</ns3:hr>
            <ns3:cad>61</ns3:cad>
          </ns3:TrackPointExtension>
        </extensions>
      </trkpt>
      <trkpt lat="23.16400908865034580230712890625" lon="113.29134176485240459442138671875">
        <ele>58.40000152587890625</ele>
        <time>2022-12-09T09:40:00.000Z</time>
        <extensions>
          <ns3:TrackPointExtension>
            <ns3:hr>134</ns3:hr>
            <ns3:cad>61</ns3:cad>
          </ns3:TrackPointExtension>
        </extensions>
      </trkpt>
      <trkpt lat="23.164029456675052642822265625" lon="113.291339166462421417236328125">
        <ele>58.59999847412109375</ele>
        <time>2022-12-09T09:40:04.000Z</time>
        <extensions>
          <ns3:TrackPointExtension>
            <ns3:hr>133</ns3:hr>
            <ns3:cad>61</ns3:cad>
          </ns3:TrackPointExtension>
        </extensions>
      </trkpt>
      <trkpt lat="23.16405485384166240692138671875" lon="113.29132952727377414703369140625">
        <ele>58.799999237060546875</ele>
        <time>2022-12-09T09:40:08.000Z</time>
        <extensions>
          <ns3:TrackPointExtension>
            <ns3:hr>133</ns3:hr>
            <ns3:cad>61</ns3:cad>
          </ns3:TrackPointExtension>
        </extensions>
      </trkpt>
      <trkpt lat="23.1640822626650333404541015625" lon="113.291370682418346405029296875">
        <ele>58.59999847412109375</ele>
        <time>2022-12-09T09:40:49.000Z</time>
        <extensions>
          <ns3:TrackPointExtension>
            <ns3:hr>123</ns3:hr>
            <ns3:cad>60</ns3:cad>
          </ns3:TrackPointExtension>
        </extensions>
      </trkpt>
      <trkpt lat="23.1639454700052738189697265625" lon="113.29142876900732517242431640625">
        <ele>56.59999847412109375</ele>
        <time>2022-12-09T09:40:53.000Z</time>
        <extensions>
          <ns3:TrackPointExtension>
            <ns3:hr>123</ns3:hr>
            <ns3:cad>60</ns3:cad>
          </ns3:TrackPointExtension>
        </extensions>
      </trkpt>
      <trkpt lat="23.16382368095219135284423828125" lon="113.2913212291896343231201171875">
        <ele>57.200000762939453125</ele>
        <time>2022-12-09T09:41:04.000Z</time>
        <extensions>
          <ns3:TrackPointExtension>
            <ns3:hr>126</ns3:hr>
            <ns3:cad>63</ns3:cad>
          </ns3:TrackPointExtension>
        </extensions>
      </trkpt>
      <trkpt lat="23.16363106481730937957763671875" lon="113.291361965239048004150390625">
        <ele>55.59999847412109375</ele>
        <time>2022-12-09T09:41:15.000Z</time>
        <extensions>
          <ns3:TrackPointExtension>
            <ns3:hr>127</ns3:hr>
            <ns3:cad>80</ns3:cad>
          </ns3:TrackPointExtension>
        </extensions>
      </trkpt>
      <trkpt lat="23.16358982585370540618896484375" lon="113.2913790643215179443359375">
        <ele>55</ele>
        <time>2022-12-09T09:41:16.000Z</time>
        <extensions>
          <ns3:TrackPointExtension>
            <ns3:hr>123</ns3:hr>
            <ns3:cad>80</ns3:cad>
          </ns3:TrackPointExtension>
        </extensions>
      </trkpt>
      <trkpt lat="23.16354372538626194000244140625" lon="113.29138702712953090667724609375">
        <ele>54.799999237060546875</ele>
        <time>2022-12-09T09:41:18.000Z</time>
        <extensions>
          <ns3:TrackPointExtension>
            <ns3:hr>128</ns3:hr>
            <ns3:cad>80</ns3:cad>
          </ns3:TrackPointExtension>
        </extensions>
      </trkpt>
      <trkpt lat="23.16354372538626194000244140625" lon="113.29138702712953090667724609375">
        <ele>54.799999237060546875</ele>
        <time>2022-12-09T09:41:19.000Z</time>
        <extensions>
          <ns3:TrackPointExtension>
            <ns3:hr>131</ns3:hr>
            <ns3:cad>80</ns3:cad>
          </ns3:TrackPointExtension>
        </extensions>
      </trkpt>
      <trkpt lat="23.16352025605738162994384765625" lon="113.2913889549672603607177734375">
        <ele>54.799999237060546875</ele>
        <time>2022-12-09T09:41:20.000Z</time>
        <extensions>
          <ns3:TrackPointExtension>
            <ns3:hr>143</ns3:hr>
            <ns3:cad>80</ns3:cad>
          </ns3:TrackPointExtension>
        </extensions>
      </trkpt>
      <trkpt lat="23.16346191801130771636962890625" lon="113.29140295274555683135986328125">
        <ele>53.799999237060546875</ele>
        <time>2022-12-09T09:41:22.000Z</time>
        <extensions>
          <ns3:TrackPointExtension>
            <ns3:hr>146</ns3:hr>
            <ns3:cad>79</ns3:cad>
          </ns3:TrackPointExtension>
        </extensions>
      </trkpt>
      <trkpt lat="23.16340860910713672637939453125" lon="113.2914097420871257781982421875">
        <ele>53.200000762939453125</ele>
        <time>2022-12-09T09:41:25.000Z</time>
        <extensions>
          <ns3:TrackPointExtension>
            <ns3:hr>150</ns3:hr>
            <ns3:cad>80</ns3:cad>
          </ns3:TrackPointExtension>
        </extensions>
      </trkpt>
      <trkpt lat="23.16339653916656970977783203125" lon="113.29141334630548954010009765625">
        <ele>53</ele>
        <time>2022-12-09T09:41:26.000Z</time>
        <extensions>
          <ns3:TrackPointExtension>
            <ns3:hr>154</ns3:hr>
            <ns3:cad>80</ns3:cad>
          </ns3:TrackPointExtension>
        </extensions>
      </trkpt>
      <trkpt lat="23.16338078118860721588134765625" lon="113.29141519032418727874755859375">
        <ele>52.799999237060546875</ele>
        <time>2022-12-09T09:41:27.000Z</time>
        <extensions>
          <ns3:TrackPointExtension>
            <ns3:hr>159</ns3:hr>
            <ns3:cad>80</ns3:cad>
          </ns3:TrackPointExtension>
        </extensions>
      </trkpt>
      <trkpt lat="23.16323258914053440093994140625" lon="113.29140094108879566192626953125">
        <ele>51.59999847412109375</ele>
        <time>2022-12-09T09:41:35.000Z</time>
        <extensions>
          <ns3:TrackPointExtension>
            <ns3:hr>156</ns3:hr>
            <ns3:cad>81</ns3:cad>
          </ns3:TrackPointExtension>
        </extensions>
      </trkpt>
      <trkpt lat="23.16312680952250957489013671875" lon="113.2913681678473949432373046875">
        <ele>50.799999237060546875</ele>
        <time>2022-12-09T09:41:41.000Z</time>
        <extensions>
          <ns3:TrackPointExtension>
            <ns3:hr>161</ns3:hr>
            <ns3:cad>79</ns3:cad>
          </ns3:TrackPointExtension>
        </extensions>
      </trkpt>
      <trkpt lat="23.16309235990047454833984375" lon="113.291358612477779388427734375">
        <ele>50.40000152587890625</ele>
        <time>2022-12-09T09:41:43.000Z</time>
        <extensions>
          <ns3:TrackPointExtension>
            <ns3:hr>164</ns3:hr>
            <ns3:cad>79</ns3:cad>
          </ns3:TrackPointExtension>
        </extensions>
      </trkpt>
      <trkpt lat="23.1630737520754337310791015625" lon="113.29135299660265445709228515625">
        <ele>50.200000762939453125</ele>
        <time>2022-12-09T09:41:44.000Z</time>
        <extensions>
          <ns3:TrackPointExtension>
            <ns3:hr>168</ns3:hr>
            <ns3:cad>79</ns3:cad>
          </ns3:TrackPointExtension>
        </extensions>
      </trkpt>
      <trkpt lat="23.163034357130527496337890625" lon="113.29134411178529262542724609375">
        <ele>49.799999237060546875</ele>
        <time>2022-12-09T09:41:46.000Z</time>
        <extensions>
          <ns3:TrackPointExtension>
            <ns3:hr>165</ns3:hr>
            <ns3:cad>80</ns3:cad>
          </ns3:TrackPointExtension>
        </extensions>
      </trkpt>
      <trkpt lat="23.16296227276325225830078125" lon="113.29132718034088611602783203125">
        <ele>49</ele>
        <time>2022-12-09T09:41:51.000Z</time>
        <extensions>
          <ns3:TrackPointExtension>
            <ns3:hr>163</ns3:hr>
            <ns3:cad>81</ns3:cad>
          </ns3:TrackPointExtension>
        </extensions>
      </trkpt>
      <trkpt lat="23.1629513762891292572021484375" lon="113.29132282175123691558837890625">
        <ele>48.799999237060546875</ele>
        <time>2022-12-09T09:41:52.000Z</time>
        <extensions>
          <ns3:TrackPointExtension>
            <ns3:hr>159</ns3:hr>
            <ns3:cad>81</ns3:cad>
          </ns3:TrackPointExtension>
        </extensions>
      </trkpt>
      <trkpt lat="23.1629513762891292572021484375" lon="113.29132282175123691558837890625">
        <ele>48.799999237060546875</ele>
        <time>2022-12-09T09:41:53.000Z</time>
        <extensions>
          <ns3:TrackPointExtension>
            <ns3:hr>156</ns3:hr>
            <ns3:cad>81</ns3:cad>
          </ns3:TrackPointExtension>
        </extensions>
      </trkpt>
      <trkpt lat="23.162937127053737640380859375" lon="113.2913141883909702301025390625">
        <ele>48.59999847412109375</ele>
        <time>2022-12-09T09:41:54.000Z</time>
        <extensions>
          <ns3:TrackPointExtension>
            <ns3:hr>153</ns3:hr>
            <ns3:cad>81</ns3:cad>
          </ns3:TrackPointExtension>
        </extensions>
      </trkpt>
      <trkpt lat="23.16292312927544116973876953125" lon="113.2913017831742763519287109375">
        <ele>48.40000152587890625</ele>
        <time>2022-12-09T09:41:55.000Z</time>
        <extensions>
          <ns3:TrackPointExtension>
            <ns3:hr>156</ns3:hr>
            <ns3:cad>81</ns3:cad>
          </ns3:TrackPointExtension>
        </extensions>
      </trkpt>
      <trkpt lat="23.1628422439098358154296875" lon="113.2912664115428924560546875">
        <ele>47.200000762939453125</ele>
        <time>2022-12-09T09:41:58.000Z</time>
        <extensions>
          <ns3:TrackPointExtension>
            <ns3:hr>159</ns3:hr>
            <ns3:cad>81</ns3:cad>
          </ns3:TrackPointExtension>
        </extensions>
      </trkpt>
      <trkpt lat="23.1627981550991535186767578125" lon="113.291253335773944854736328125">
        <ele>46.59999847412109375</ele>
        <time>2022-12-09T09:42:01.000Z</time>
        <extensions>
          <ns3:TrackPointExtension>
            <ns3:hr>163</ns3:hr>
            <ns3:cad>82</ns3:cad>
          </ns3:TrackPointExtension>
        </extensions>
      </trkpt>
      <trkpt lat="23.16274493001401424407958984375" lon="113.291226513683795928955078125">
        <ele>46</ele>
        <time>2022-12-09T09:42:05.000Z</time>
        <extensions>
          <ns3:TrackPointExtension>
            <ns3:hr>156</ns3:hr>
            <ns3:cad>82</ns3:cad>
          </ns3:TrackPointExtension>
        </extensions>
      </trkpt>
      <trkpt lat="23.16271483898162841796875" lon="113.291227519512176513671875">
        <ele>45.59999847412109375</ele>
        <time>2022-12-09T09:42:06.000Z</time>
        <extensions>
          <ns3:TrackPointExtension>
            <ns3:hr>163</ns3:hr>
            <ns3:cad>82</ns3:cad>
          </ns3:TrackPointExtension>
        </extensions>
      </trkpt>
      <trkpt lat="23.16271483898162841796875" lon="113.291227519512176513671875">
        <ele>45.59999847412109375</ele>
        <time>2022-12-09T09:42:07.000Z</time>
        <extensions>
          <ns3:TrackPointExtension>
            <ns3:hr>167</ns3:hr>
            <ns3:cad>82</ns3:cad>
          </ns3:TrackPointExtension>
        </extensions>
      </trkpt>
      <trkpt lat="23.16268474794924259185791015625" lon="113.29123162664473056793212890625">
        <ele>45.200000762939453125</ele>
        <time>2022-12-09T09:42:08.000Z</time>
        <extensions>
          <ns3:TrackPointExtension>
            <ns3:hr>170</ns3:hr>
            <ns3:cad>82</ns3:cad>
          </ns3:TrackPointExtension>
        </extensions>
      </trkpt>
      <trkpt lat="23.16265474073588848114013671875" lon="113.29123020172119140625">
        <ele>45</ele>
        <time>2022-12-09T09:42:09.000Z</time>
        <extensions>
          <ns3:TrackPointExtension>
            <ns3:hr>167</ns3:hr>
            <ns3:cad>82</ns3:cad>
          </ns3:TrackPointExtension>
        </extensions>
      </trkpt>
      <trkpt lat="23.16258718259632587432861328125" lon="113.29122743569314479827880859375">
        <ele>44.59999847412109375</ele>
        <time>2022-12-09T09:42:12.000Z</time>
        <extensions>
          <ns3:TrackPointExtension>
            <ns3:hr>164</ns3:hr>
            <ns3:cad>83</ns3:cad>
          </ns3:TrackPointExtension>
        </extensions>
      </trkpt>
      <trkpt lat="23.16246313042938709259033203125" lon="113.2912020385265350341796875">
        <ele>42.799999237060546875</ele>
        <time>2022-12-09T09:42:17.000Z</time>
        <extensions>
          <ns3:TrackPointExtension>
            <ns3:hr>167</ns3:hr>
            <ns3:cad>82</ns3:cad>
          </ns3:TrackPointExtension>
        </extensions>
      </trkpt>
      <trkpt lat="23.1624078936874866485595703125" lon="113.29118485562503337860107421875">
        <ele>42</ele>
        <time>2022-12-09T09:42:20.000Z</time>
        <extensions>
          <ns3:TrackPointExtension>
            <ns3:hr>168</ns3:hr>
            <ns3:cad>79</ns3:cad>
          </ns3:TrackPointExtension>
        </extensions>
      </trkpt>
      <trkpt lat="23.16233555786311626434326171875" lon="113.29116423614323139190673828125">
        <ele>42</ele>
        <time>2022-12-09T09:42:25.000Z</time>
        <extensions>
          <ns3:TrackPointExtension>
            <ns3:hr>171</ns3:hr>
            <ns3:cad>83</ns3:cad>
          </ns3:TrackPointExtension>
        </extensions>
      </trkpt>
      <trkpt lat="23.16230135969817638397216796875" lon="113.29115769825875759124755859375">
        <ele>42</ele>
        <time>2022-12-09T09:42:27.000Z</time>
        <extensions>
          <ns3:TrackPointExtension>
            <ns3:hr>174</ns3:hr>
            <ns3:cad>83</ns3:cad>
          </ns3:TrackPointExtension>
        </extensions>
      </trkpt>
      <trkpt lat="23.1622885353863239288330078125" lon="113.29115442931652069091796875">
        <ele>42</ele>
        <time>2022-12-09T09:42:29.000Z</time>
        <extensions>
          <ns3:TrackPointExtension>
            <ns3:hr>177</ns3:hr>
            <ns3:cad>66</ns3:cad>
          </ns3:TrackPointExtension>
        </extensions>
      </trkpt>
    </trkseg>
  </trk>
</gpx>
