<gpx xmlns:ns3="http://www.garmin.com/xmlschemas/TrackPointExtension/v1" xmlns="http://www.topografix.com/GPX/1/1" xmlns:xsi="http://www.w3.org/2001/XMLSchema-instance" xmlns:ns2="http://www.garmin.com/xmlschemas/GpxExtensions/v3" creator="Garmin Connect" version="1.1" xsi:schemaLocation="http://www.topografix.com/GPX/1/1 http://www.topografix.com/GPX/11.xsd">
  <extensions>
<distance>4999.89</distance>
<average_hr>123.0</average_hr>
<average_speed>1.190000057220459</average_speed>
<start_time>2023-03-01T12:28:30+00:00</start_time>
<end_time>2023-03-01T13:38:32.786000+00:00</end_time>
<moving_time>3795.0</moving_time>
<elapsed_time>4202.786</elapsed_time>
</extensions>
<metadata>
    <link href="connect.garmin.com">
      <text>Garmin Connect</text>
    </link>
    <time>2023-03-01T12:28:30.000Z</time>
  </metadata>
  <trk>
    <name>广州市 跑步</name>
    <type>running</type>
    <trkseg>
      <trkpt lat="23.18083089776337146759033203125" lon="113.25421865098178386688232421875">
        <ele>21.200000762939453125</ele>
        <time>2023-03-01T12:28:30.000Z</time>
        <extensions>
          <ns3:TrackPointExtension>
            <ns3:hr>122</ns3:hr>
            <ns3:cad>65</ns3:cad>
          </ns3:TrackPointExtension>
        </extensions>
      </trkpt>
      <trkpt lat="23.18082980811595916748046875" lon="113.25423021800816059112548828125">
        <ele>21.3999996185302734375</ele>
        <time>2023-03-01T12:28:31.000Z</time>
        <extensions>
          <ns3:TrackPointExtension>
            <ns3:hr>121</ns3:hr>
            <ns3:cad>65</ns3:cad>
          </ns3:TrackPointExtension>
        </extensions>
      </trkpt>
      <trkpt lat="23.18082972429692745208740234375" lon="113.2542856223881244659423828125">
        <ele>21.6000003814697265625</ele>
        <time>2023-03-01T12:28:37.000Z</time>
        <extensions>
          <ns3:TrackPointExtension>
            <ns3:hr>121</ns3:hr>
            <ns3:cad>0</ns3:cad>
          </ns3:TrackPointExtension>
        </extensions>
      </trkpt>
      <trkpt lat="23.1808802671730518341064453125" lon="113.2543469779193401336669921875">
        <ele>20.3999996185302734375</ele>
        <time>2023-03-01T12:28:50.000Z</time>
        <extensions>
          <ns3:TrackPointExtension>
            <ns3:hr>118</ns3:hr>
            <ns3:cad>67</ns3:cad>
          </ns3:TrackPointExtension>
        </extensions>
      </trkpt>
      <trkpt lat="23.180914632976055145263671875" lon="113.25433918274939060211181640625">
        <ele>19.6000003814697265625</ele>
        <time>2023-03-01T12:28:54.000Z</time>
        <extensions>
          <ns3:TrackPointExtension>
            <ns3:hr>118</ns3:hr>
            <ns3:cad>63</ns3:cad>
          </ns3:TrackPointExtension>
        </extensions>
      </trkpt>
      <trkpt lat="23.18095930851995944976806640625" lon="113.2543404400348663330078125">
        <ele>18.3999996185302734375</ele>
        <time>2023-03-01T12:28:58.000Z</time>
        <extensions>
          <ns3:TrackPointExtension>
            <ns3:hr>121</ns3:hr>
            <ns3:cad>70</ns3:cad>
          </ns3:TrackPointExtension>
        </extensions>
      </trkpt>
      <trkpt lat="23.18105511367321014404296875" lon="113.2543322257697582244873046875">
        <ele>16.6000003814697265625</ele>
        <time>2023-03-01T12:29:05.000Z</time>
        <extensions>
          <ns3:TrackPointExtension>
            <ns3:hr>123</ns3:hr>
            <ns3:cad>64</ns3:cad>
          </ns3:TrackPointExtension>
        </extensions>
      </trkpt>
      <trkpt lat="23.18107246421277523040771484375" lon="113.2543439604341983795166015625">
        <ele>16.3999996185302734375</ele>
        <time>2023-03-01T12:29:08.000Z</time>
        <extensions>
          <ns3:TrackPointExtension>
            <ns3:hr>129</ns3:hr>
            <ns3:cad>63</ns3:cad>
          </ns3:TrackPointExtension>
        </extensions>
      </trkpt>
      <trkpt lat="23.18107548169791698455810546875" lon="113.25434857048094272613525390625">
        <ele>16.3999996185302734375</ele>
        <time>2023-03-01T12:29:09.000Z</time>
        <extensions>
          <ns3:TrackPointExtension>
            <ns3:hr>134</ns3:hr>
            <ns3:cad>0</ns3:cad>
          </ns3:TrackPointExtension>
        </extensions>
      </trkpt>
      <trkpt lat="23.18107833154499530792236328125" lon="113.25435276143252849578857421875">
        <ele>16.3999996185302734375</ele>
        <time>2023-03-01T12:29:10.000Z</time>
        <extensions>
          <ns3:TrackPointExtension>
            <ns3:hr>137</ns3:hr>
            <ns3:cad>0</ns3:cad>
          </ns3:TrackPointExtension>
        </extensions>
      </trkpt>
      <trkpt lat="23.18108973093330860137939453125" lon="113.25436634011566638946533203125">
        <ele>16.200000762939453125</ele>
        <time>2023-03-01T12:29:12.000Z</time>
        <extensions>
          <ns3:TrackPointExtension>
            <ns3:hr>134</ns3:hr>
            <ns3:cad>0</ns3:cad>
          </ns3:TrackPointExtension>
        </extensions>
      </trkpt>
      <trkpt lat="23.18109643645584583282470703125" lon="113.254368938505649566650390625">
        <ele>16.200000762939453125</ele>
        <time>2023-03-01T12:29:15.000Z</time>
        <extensions>
          <ns3:TrackPointExtension>
            <ns3:hr>130</ns3:hr>
            <ns3:cad>61</ns3:cad>
          </ns3:TrackPointExtension>
        </extensions>
      </trkpt>
      <trkpt lat="23.1811000406742095947265625" lon="113.25437036342918872833251953125">
        <ele>16.200000762939453125</ele>
        <time>2023-03-01T12:29:16.000Z</time>
        <extensions>
          <ns3:TrackPointExtension>
            <ns3:hr>133</ns3:hr>
            <ns3:cad>0</ns3:cad>
          </ns3:TrackPointExtension>
        </extensions>
      </trkpt>
      <trkpt lat="23.18128284998238086700439453125" lon="113.25440824963152408599853515625">
        <ele>14.6000003814697265625</ele>
        <time>2023-03-01T12:29:31.000Z</time>
        <extensions>
          <ns3:TrackPointExtension>
            <ns3:hr>133</ns3:hr>
            <ns3:cad>85</ns3:cad>
          </ns3:TrackPointExtension>
        </extensions>
      </trkpt>
      <trkpt lat="23.1813328899443149566650390625" lon="113.2544262707233428955078125">
        <ele>14</ele>
        <time>2023-03-01T12:29:33.000Z</time>
        <extensions>
          <ns3:TrackPointExtension>
            <ns3:hr>138</ns3:hr>
            <ns3:cad>86</ns3:cad>
          </ns3:TrackPointExtension>
        </extensions>
      </trkpt>
      <trkpt lat="23.18145878612995147705078125" lon="113.25442291796207427978515625">
        <ele>13.3999996185302734375</ele>
        <time>2023-03-01T12:29:37.000Z</time>
        <extensions>
          <ns3:TrackPointExtension>
            <ns3:hr>143</ns3:hr>
            <ns3:cad>82</ns3:cad>
          </ns3:TrackPointExtension>
        </extensions>
      </trkpt>
      <trkpt lat="23.181549645960330963134765625" lon="113.2544492371380329132080078125">
        <ele>13.19999980926513671875</ele>
        <time>2023-03-01T12:29:41.000Z</time>
        <extensions>
          <ns3:TrackPointExtension>
            <ns3:hr>146</ns3:hr>
            <ns3:cad>78</ns3:cad>
          </ns3:TrackPointExtension>
        </extensions>
      </trkpt>
      <trkpt lat="23.18160337395966053009033203125" lon="113.25445435009896755218505859375">
        <ele>13</ele>
        <time>2023-03-01T12:29:43.000Z</time>
        <extensions>
          <ns3:TrackPointExtension>
            <ns3:hr>150</ns3:hr>
            <ns3:cad>75</ns3:cad>
          </ns3:TrackPointExtension>
        </extensions>
      </trkpt>
      <trkpt lat="23.18173144944012165069580078125" lon="113.25448519550263881683349609375">
        <ele>12.3999996185302734375</ele>
        <time>2023-03-01T12:29:46.000Z</time>
        <extensions>
          <ns3:TrackPointExtension>
            <ns3:hr>147</ns3:hr>
            <ns3:cad>82</ns3:cad>
          </ns3:TrackPointExtension>
        </extensions>
      </trkpt>
      <trkpt lat="23.18175458349287509918212890625" lon="113.2545045576989650726318359375">
        <ele>12.3999996185302734375</ele>
        <time>2023-03-01T12:29:47.000Z</time>
        <extensions>
          <ns3:TrackPointExtension>
            <ns3:hr>144</ns3:hr>
            <ns3:cad>82</ns3:cad>
          </ns3:TrackPointExtension>
        </extensions>
      </trkpt>
      <trkpt lat="23.18179883994162082672119140625" lon="113.25451151467859745025634765625">
        <ele>12.19999980926513671875</ele>
        <time>2023-03-01T12:29:49.000Z</time>
        <extensions>
          <ns3:TrackPointExtension>
            <ns3:hr>148</ns3:hr>
            <ns3:cad>81</ns3:cad>
          </ns3:TrackPointExtension>
        </extensions>
      </trkpt>
      <trkpt lat="23.18182163871824741363525390625" lon="113.2545105926692485809326171875">
        <ele>12.19999980926513671875</ele>
        <time>2023-03-01T12:29:50.000Z</time>
        <extensions>
          <ns3:TrackPointExtension>
            <ns3:hr>152</ns3:hr>
            <ns3:cad>78</ns3:cad>
          </ns3:TrackPointExtension>
        </extensions>
      </trkpt>
      <trkpt lat="23.182019703090190887451171875" lon="113.2545454613864421844482421875">
        <ele>13.19999980926513671875</ele>
        <time>2023-03-01T12:29:55.000Z</time>
        <extensions>
          <ns3:TrackPointExtension>
            <ns3:hr>153</ns3:hr>
            <ns3:cad>85</ns3:cad>
          </ns3:TrackPointExtension>
        </extensions>
      </trkpt>
      <trkpt lat="23.18210461176931858062744140625" lon="113.2545518316328525543212890625">
        <ele>13.19999980926513671875</ele>
        <time>2023-03-01T12:29:57.000Z</time>
        <extensions>
          <ns3:TrackPointExtension>
            <ns3:hr>157</ns3:hr>
            <ns3:cad>88</ns3:cad>
          </ns3:TrackPointExtension>
        </extensions>
      </trkpt>
      <trkpt lat="23.18218340165913105010986328125" lon="113.2545585371553897857666015625">
        <ele>13.80000019073486328125</ele>
        <time>2023-03-01T12:29:59.000Z</time>
        <extensions>
          <ns3:TrackPointExtension>
            <ns3:hr>153</ns3:hr>
            <ns3:cad>88</ns3:cad>
          </ns3:TrackPointExtension>
        </extensions>
      </trkpt>
      <trkpt lat="23.18236813880503177642822265625" lon="113.25458393432199954986572265625">
        <ele>16</ele>
        <time>2023-03-01T12:30:06.000Z</time>
        <extensions>
          <ns3:TrackPointExtension>
            <ns3:hr>155</ns3:hr>
            <ns3:cad>82</ns3:cad>
          </ns3:TrackPointExtension>
        </extensions>
      </trkpt>
      <trkpt lat="23.1824386306107044219970703125" lon="113.254596926271915435791015625">
        <ele>16.6000003814697265625</ele>
        <time>2023-03-01T12:30:08.000Z</time>
        <extensions>
          <ns3:TrackPointExtension>
            <ns3:hr>161</ns3:hr>
            <ns3:cad>84</ns3:cad>
          </ns3:TrackPointExtension>
        </extensions>
      </trkpt>
      <trkpt lat="23.182509206235408782958984375" lon="113.25461201369762420654296875">
        <ele>17</ele>
        <time>2023-03-01T12:30:10.000Z</time>
        <extensions>
          <ns3:TrackPointExtension>
            <ns3:hr>158</ns3:hr>
            <ns3:cad>86</ns3:cad>
          </ns3:TrackPointExtension>
        </extensions>
      </trkpt>
      <trkpt lat="23.1827004812657833099365234375" lon="113.25465492904186248779296875">
        <ele>17.799999237060546875</ele>
        <time>2023-03-01T12:30:17.000Z</time>
        <extensions>
          <ns3:TrackPointExtension>
            <ns3:hr>155</ns3:hr>
            <ns3:cad>82</ns3:cad>
          </ns3:TrackPointExtension>
        </extensions>
      </trkpt>
      <trkpt lat="23.18292754702270030975341796875" lon="113.25473413802683353424072265625">
        <ele>14.80000019073486328125</ele>
        <time>2023-03-01T12:30:23.000Z</time>
        <extensions>
          <ns3:TrackPointExtension>
            <ns3:hr>153</ns3:hr>
            <ns3:cad>83</ns3:cad>
          </ns3:TrackPointExtension>
        </extensions>
      </trkpt>
      <trkpt lat="23.1830917485058307647705078125" lon="113.25485265813767910003662109375">
        <ele>16.3999996185302734375</ele>
        <time>2023-03-01T12:30:27.000Z</time>
        <extensions>
          <ns3:TrackPointExtension>
            <ns3:hr>154</ns3:hr>
            <ns3:cad>86</ns3:cad>
          </ns3:TrackPointExtension>
        </extensions>
      </trkpt>
      <trkpt lat="23.1832660920917987823486328125" lon="113.25493362732231616973876953125">
        <ele>17.799999237060546875</ele>
        <time>2023-03-01T12:30:32.000Z</time>
        <extensions>
          <ns3:TrackPointExtension>
            <ns3:hr>155</ns3:hr>
            <ns3:cad>84</ns3:cad>
          </ns3:TrackPointExtension>
        </extensions>
      </trkpt>
      <trkpt lat="23.18343582563102245330810546875" lon="113.2550108246505260467529296875">
        <ele>16</ele>
        <time>2023-03-01T12:30:45.000Z</time>
        <extensions>
          <ns3:TrackPointExtension>
            <ns3:hr>152</ns3:hr>
            <ns3:cad>70</ns3:cad>
          </ns3:TrackPointExtension>
        </extensions>
      </trkpt>
      <trkpt lat="23.1835976801812648773193359375" lon="113.2551412470638751983642578125">
        <ele>13.3999996185302734375</ele>
        <time>2023-03-01T12:30:55.000Z</time>
        <extensions>
          <ns3:TrackPointExtension>
            <ns3:hr>152</ns3:hr>
            <ns3:cad>84</ns3:cad>
          </ns3:TrackPointExtension>
        </extensions>
      </trkpt>
      <trkpt lat="23.183628022670745849609375" lon="113.25517301447689533233642578125">
        <ele>12.80000019073486328125</ele>
        <time>2023-03-01T12:30:59.000Z</time>
        <extensions>
          <ns3:TrackPointExtension>
            <ns3:hr>151</ns3:hr>
            <ns3:cad>82</ns3:cad>
          </ns3:TrackPointExtension>
        </extensions>
      </trkpt>
      <trkpt lat="23.18366666324436664581298828125" lon="113.255231939256191253662109375">
        <ele>12</ele>
        <time>2023-03-01T12:31:02.000Z</time>
        <extensions>
          <ns3:TrackPointExtension>
            <ns3:hr>154</ns3:hr>
            <ns3:cad>79</ns3:cad>
          </ns3:TrackPointExtension>
        </extensions>
      </trkpt>
      <trkpt lat="23.183699436485767364501953125" lon="113.25529438443481922149658203125">
        <ele>11.19999980926513671875</ele>
        <time>2023-03-01T12:31:09.000Z</time>
        <extensions>
          <ns3:TrackPointExtension>
            <ns3:hr>154</ns3:hr>
            <ns3:cad>63</ns3:cad>
          </ns3:TrackPointExtension>
        </extensions>
      </trkpt>
      <trkpt lat="23.18370320834219455718994140625" lon="113.25531768612563610076904296875">
        <ele>11.19999980926513671875</ele>
        <time>2023-03-01T12:31:11.000Z</time>
        <extensions>
          <ns3:TrackPointExtension>
            <ns3:hr>153</ns3:hr>
            <ns3:cad>65</ns3:cad>
          </ns3:TrackPointExtension>
        </extensions>
      </trkpt>
      <trkpt lat="23.18374335765838623046875" lon="113.2553769461810588836669921875">
        <ele>10.19999980926513671875</ele>
        <time>2023-03-01T12:31:15.000Z</time>
        <extensions>
          <ns3:TrackPointExtension>
            <ns3:hr>151</ns3:hr>
            <ns3:cad>67</ns3:cad>
          </ns3:TrackPointExtension>
        </extensions>
      </trkpt>
      <trkpt lat="23.18376087583601474761962890625" lon="113.25542178936302661895751953125">
        <ele>9.80000019073486328125</ele>
        <time>2023-03-01T12:31:20.000Z</time>
        <extensions>
          <ns3:TrackPointExtension>
            <ns3:hr>150</ns3:hr>
            <ns3:cad>65</ns3:cad>
          </ns3:TrackPointExtension>
        </extensions>
      </trkpt>
      <trkpt lat="23.18378501571714878082275390625" lon="113.25552530586719512939453125">
        <ele>9.80000019073486328125</ele>
        <time>2023-03-01T12:31:28.000Z</time>
        <extensions>
          <ns3:TrackPointExtension>
            <ns3:hr>149</ns3:hr>
            <ns3:cad>65</ns3:cad>
          </ns3:TrackPointExtension>
        </extensions>
      </trkpt>
      <trkpt lat="23.18381108343601226806640625" lon="113.2556149922311305999755859375">
        <ele>9.3999996185302734375</ele>
        <time>2023-03-01T12:31:33.000Z</time>
        <extensions>
          <ns3:TrackPointExtension>
            <ns3:hr>148</ns3:hr>
            <ns3:cad>63</ns3:cad>
          </ns3:TrackPointExtension>
        </extensions>
      </trkpt>
      <trkpt lat="23.18381653167307376861572265625" lon="113.25562463141977787017822265625">
        <ele>9.3999996185302734375</ele>
        <time>2023-03-01T12:31:35.000Z</time>
        <extensions>
          <ns3:TrackPointExtension>
            <ns3:hr>148</ns3:hr>
            <ns3:cad>62</ns3:cad>
          </ns3:TrackPointExtension>
        </extensions>
      </trkpt>
      <trkpt lat="23.18380714394152164459228515625" lon="113.25564977712929248809814453125">
        <ele>9.6000003814697265625</ele>
        <time>2023-03-01T12:31:38.000Z</time>
        <extensions>
          <ns3:TrackPointExtension>
            <ns3:hr>143</ns3:hr>
            <ns3:cad>0</ns3:cad>
          </ns3:TrackPointExtension>
        </extensions>
      </trkpt>
      <trkpt lat="23.183802701532840728759765625" lon="113.25566570274531841278076171875">
        <ele>9.6000003814697265625</ele>
        <time>2023-03-01T12:31:40.000Z</time>
        <extensions>
          <ns3:TrackPointExtension>
            <ns3:hr>149</ns3:hr>
            <ns3:cad>0</ns3:cad>
          </ns3:TrackPointExtension>
        </extensions>
      </trkpt>
      <trkpt lat="23.18380077369511127471923828125" lon="113.25567643158137798309326171875">
        <ele>9.6000003814697265625</ele>
        <time>2023-03-01T12:31:41.000Z</time>
        <extensions>
          <ns3:TrackPointExtension>
            <ns3:hr>149</ns3:hr>
            <ns3:cad>61</ns3:cad>
          </ns3:TrackPointExtension>
        </extensions>
      </trkpt>
      <trkpt lat="23.18380412645637989044189453125" lon="113.25568766333162784576416015625">
        <ele>9.80000019073486328125</ele>
        <time>2023-03-01T12:31:42.000Z</time>
        <extensions>
          <ns3:TrackPointExtension>
            <ns3:hr>150</ns3:hr>
            <ns3:cad>61</ns3:cad>
          </ns3:TrackPointExtension>
        </extensions>
      </trkpt>
      <trkpt lat="23.183823488652706146240234375" lon="113.25572974048554897308349609375">
        <ele>9.80000019073486328125</ele>
        <time>2023-03-01T12:31:45.000Z</time>
        <extensions>
          <ns3:TrackPointExtension>
            <ns3:hr>147</ns3:hr>
            <ns3:cad>61</ns3:cad>
          </ns3:TrackPointExtension>
        </extensions>
      </trkpt>
      <trkpt lat="23.18383262492716312408447265625" lon="113.25575329363346099853515625">
        <ele>9.80000019073486328125</ele>
        <time>2023-03-01T12:31:47.000Z</time>
        <extensions>
          <ns3:TrackPointExtension>
            <ns3:hr>144</ns3:hr>
            <ns3:cad>61</ns3:cad>
          </ns3:TrackPointExtension>
        </extensions>
      </trkpt>
      <trkpt lat="23.18394519388675689697265625" lon="113.2559308223426342010498046875">
        <ele>8.6000003814697265625</ele>
        <time>2023-03-01T12:32:03.000Z</time>
        <extensions>
          <ns3:TrackPointExtension>
            <ns3:hr>139</ns3:hr>
            <ns3:cad>63</ns3:cad>
          </ns3:TrackPointExtension>
        </extensions>
      </trkpt>
      <trkpt lat="23.1839485466480255126953125" lon="113.25595504604279994964599609375">
        <ele>8.19999980926513671875</ele>
        <time>2023-03-01T12:32:04.000Z</time>
        <extensions>
          <ns3:TrackPointExtension>
            <ns3:hr>140</ns3:hr>
            <ns3:cad>63</ns3:cad>
          </ns3:TrackPointExtension>
        </extensions>
      </trkpt>
      <trkpt lat="23.183978386223316192626953125" lon="113.256029896438121795654296875">
        <ele>7.19999980926513671875</ele>
        <time>2023-03-01T12:32:07.000Z</time>
        <extensions>
          <ns3:TrackPointExtension>
            <ns3:hr>140</ns3:hr>
            <ns3:cad>61</ns3:cad>
          </ns3:TrackPointExtension>
        </extensions>
      </trkpt>
      <trkpt lat="23.18406195379793643951416015625" lon="113.25614581815898418426513671875">
        <ele>8.19999980926513671875</ele>
        <time>2023-03-01T12:32:18.000Z</time>
        <extensions>
          <ns3:TrackPointExtension>
            <ns3:hr>139</ns3:hr>
            <ns3:cad>61</ns3:cad>
          </ns3:TrackPointExtension>
        </extensions>
      </trkpt>
      <trkpt lat="23.18407930433750152587890625" lon="113.25616325251758098602294921875">
        <ele>8.3999996185302734375</ele>
        <time>2023-03-01T12:32:21.000Z</time>
        <extensions>
          <ns3:TrackPointExtension>
            <ns3:hr>138</ns3:hr>
            <ns3:cad>60</ns3:cad>
          </ns3:TrackPointExtension>
        </extensions>
      </trkpt>
      <trkpt lat="23.184089362621307373046875" lon="113.2561772502958774566650390625">
        <ele>8.6000003814697265625</ele>
        <time>2023-03-01T12:32:23.000Z</time>
        <extensions>
          <ns3:TrackPointExtension>
            <ns3:hr>138</ns3:hr>
            <ns3:cad>60</ns3:cad>
          </ns3:TrackPointExtension>
        </extensions>
      </trkpt>
      <trkpt lat="23.1841119937598705291748046875" lon="113.2562409527599811553955078125">
        <ele>9.3999996185302734375</ele>
        <time>2023-03-01T12:32:28.000Z</time>
        <extensions>
          <ns3:TrackPointExtension>
            <ns3:hr>140</ns3:hr>
            <ns3:cad>61</ns3:cad>
          </ns3:TrackPointExtension>
        </extensions>
      </trkpt>
      <trkpt lat="23.18411794491112232208251953125" lon="113.2562550343573093414306640625">
        <ele>9.3999996185302734375</ele>
        <time>2023-03-01T12:32:30.000Z</time>
        <extensions>
          <ns3:TrackPointExtension>
            <ns3:hr>140</ns3:hr>
            <ns3:cad>61</ns3:cad>
          </ns3:TrackPointExtension>
        </extensions>
      </trkpt>
      <trkpt lat="23.18412314169108867645263671875" lon="113.25627724640071392059326171875">
        <ele>9.6000003814697265625</ele>
        <time>2023-03-01T12:32:32.000Z</time>
        <extensions>
          <ns3:TrackPointExtension>
            <ns3:hr>140</ns3:hr>
            <ns3:cad>61</ns3:cad>
          </ns3:TrackPointExtension>
        </extensions>
      </trkpt>
      <trkpt lat="23.18416454829275608062744140625" lon="113.25632602907717227935791015625">
        <ele>10.6000003814697265625</ele>
        <time>2023-03-01T12:32:38.000Z</time>
        <extensions>
          <ns3:TrackPointExtension>
            <ns3:hr>137</ns3:hr>
            <ns3:cad>0</ns3:cad>
          </ns3:TrackPointExtension>
        </extensions>
      </trkpt>
      <trkpt lat="23.18417125381529331207275390625" lon="113.25634933076798915863037109375">
        <ele>10.80000019073486328125</ele>
        <time>2023-03-01T12:32:44.000Z</time>
        <extensions>
          <ns3:TrackPointExtension>
            <ns3:hr>135</ns3:hr>
            <ns3:cad>0</ns3:cad>
          </ns3:TrackPointExtension>
        </extensions>
      </trkpt>
      <trkpt lat="23.184180893003940582275390625" lon="113.25638738460838794708251953125">
        <ele>11</ele>
        <time>2023-03-01T12:32:47.000Z</time>
        <extensions>
          <ns3:TrackPointExtension>
            <ns3:hr>134</ns3:hr>
            <ns3:cad>0</ns3:cad>
          </ns3:TrackPointExtension>
        </extensions>
      </trkpt>
      <trkpt lat="23.1841961480677127838134765625" lon="113.25640104711055755615234375">
        <ele>11.3999996185302734375</ele>
        <time>2023-03-01T12:32:51.000Z</time>
        <extensions>
          <ns3:TrackPointExtension>
            <ns3:hr>134</ns3:hr>
            <ns3:cad>0</ns3:cad>
          </ns3:TrackPointExtension>
        </extensions>
      </trkpt>
      <trkpt lat="23.18423160351812839508056640625" lon="113.25645695440471172332763671875">
        <ele>12.19999980926513671875</ele>
        <time>2023-03-01T12:32:58.000Z</time>
        <extensions>
          <ns3:TrackPointExtension>
            <ns3:hr>134</ns3:hr>
            <ns3:cad>60</ns3:cad>
          </ns3:TrackPointExtension>
        </extensions>
      </trkpt>
      <trkpt lat="23.1842692382633686065673828125" lon="113.2565049827098846435546875">
        <ele>13</ele>
        <time>2023-03-01T12:33:04.000Z</time>
        <extensions>
          <ns3:TrackPointExtension>
            <ns3:hr>134</ns3:hr>
            <ns3:cad>60</ns3:cad>
          </ns3:TrackPointExtension>
        </extensions>
      </trkpt>
      <trkpt lat="23.1843295879662036895751953125" lon="113.25656575150787830352783203125">
        <ele>14.3999996185302734375</ele>
        <time>2023-03-01T12:33:08.000Z</time>
        <extensions>
          <ns3:TrackPointExtension>
            <ns3:hr>133</ns3:hr>
            <ns3:cad>60</ns3:cad>
          </ns3:TrackPointExtension>
        </extensions>
      </trkpt>
      <trkpt lat="23.1843508780002593994140625" lon="113.25659039430320262908935546875">
        <ele>14.80000019073486328125</ele>
        <time>2023-03-01T12:33:10.000Z</time>
        <extensions>
          <ns3:TrackPointExtension>
            <ns3:hr>128</ns3:hr>
            <ns3:cad>62</ns3:cad>
          </ns3:TrackPointExtension>
        </extensions>
      </trkpt>
      <trkpt lat="23.18441458046436309814453125" lon="113.2566271908581256866455078125">
        <ele>15.19999980926513671875</ele>
        <time>2023-03-01T12:33:13.000Z</time>
        <extensions>
          <ns3:TrackPointExtension>
            <ns3:hr>130</ns3:hr>
            <ns3:cad>63</ns3:cad>
          </ns3:TrackPointExtension>
        </extensions>
      </trkpt>
      <trkpt lat="23.18444835953414440155029296875" lon="113.25665124692022800445556640625">
        <ele>15.19999980926513671875</ele>
        <time>2023-03-01T12:33:15.000Z</time>
        <extensions>
          <ns3:TrackPointExtension>
            <ns3:hr>134</ns3:hr>
            <ns3:cad>62</ns3:cad>
          </ns3:TrackPointExtension>
        </extensions>
      </trkpt>
      <trkpt lat="23.18445523269474506378173828125" lon="113.25666524469852447509765625">
        <ele>15.19999980926513671875</ele>
        <time>2023-03-01T12:33:16.000Z</time>
        <extensions>
          <ns3:TrackPointExtension>
            <ns3:hr>128</ns3:hr>
            <ns3:cad>62</ns3:cad>
          </ns3:TrackPointExtension>
        </extensions>
      </trkpt>
      <trkpt lat="23.184467218816280364990234375" lon="113.2567012868821620941162109375">
        <ele>15</ele>
        <time>2023-03-01T12:33:17.000Z</time>
        <extensions>
          <ns3:TrackPointExtension>
            <ns3:hr>125</ns3:hr>
            <ns3:cad>62</ns3:cad>
          </ns3:TrackPointExtension>
        </extensions>
      </trkpt>
      <trkpt lat="23.18447316996753215789794921875" lon="113.25671754777431488037109375">
        <ele>15</ele>
        <time>2023-03-01T12:33:19.000Z</time>
        <extensions>
          <ns3:TrackPointExtension>
            <ns3:hr>121</ns3:hr>
            <ns3:cad>81</ns3:cad>
          </ns3:TrackPointExtension>
        </extensions>
      </trkpt>
      <trkpt lat="23.18447836674749851226806640625" lon="113.25673439539968967437744140625">
        <ele>15</ele>
        <time>2023-03-01T12:33:20.000Z</time>
        <extensions>
          <ns3:TrackPointExtension>
            <ns3:hr>118</ns3:hr>
            <ns3:cad>83</ns3:cad>
          </ns3:TrackPointExtension>
        </extensions>
      </trkpt>
      <trkpt lat="23.18449596874415874481201171875" lon="113.25678057968616485595703125">
        <ele>15</ele>
        <time>2023-03-01T12:33:24.000Z</time>
        <extensions>
          <ns3:TrackPointExtension>
            <ns3:hr>121</ns3:hr>
            <ns3:cad>84</ns3:cad>
          </ns3:TrackPointExtension>
        </extensions>
      </trkpt>
      <trkpt lat="23.18450166843831539154052734375" lon="113.25679264962673187255859375">
        <ele>15</ele>
        <time>2023-03-01T12:33:25.000Z</time>
        <extensions>
          <ns3:TrackPointExtension>
            <ns3:hr>125</ns3:hr>
            <ns3:cad>84</ns3:cad>
          </ns3:TrackPointExtension>
        </extensions>
      </trkpt>
      <trkpt lat="23.18452597595751285552978515625" lon="113.256826512515544891357421875">
        <ele>15</ele>
        <time>2023-03-01T12:33:27.000Z</time>
        <extensions>
          <ns3:TrackPointExtension>
            <ns3:hr>130</ns3:hr>
            <ns3:cad>81</ns3:cad>
          </ns3:TrackPointExtension>
        </extensions>
      </trkpt>
      <trkpt lat="23.18453335203230381011962890625" lon="113.25684403069317340850830078125">
        <ele>15</ele>
        <time>2023-03-01T12:33:28.000Z</time>
        <extensions>
          <ns3:TrackPointExtension>
            <ns3:hr>134</ns3:hr>
            <ns3:cad>83</ns3:cad>
          </ns3:TrackPointExtension>
        </extensions>
      </trkpt>
      <trkpt lat="23.1845756806433200836181640625" lon="113.25692751444876194000244140625">
        <ele>15.6000003814697265625</ele>
        <time>2023-03-01T12:33:31.000Z</time>
        <extensions>
          <ns3:TrackPointExtension>
            <ns3:hr>137</ns3:hr>
            <ns3:cad>83</ns3:cad>
          </ns3:TrackPointExtension>
        </extensions>
      </trkpt>
      <trkpt lat="23.184632174670696258544921875" lon="113.25702424161136150360107421875">
        <ele>16.6000003814697265625</ele>
        <time>2023-03-01T12:33:34.000Z</time>
        <extensions>
          <ns3:TrackPointExtension>
            <ns3:hr>142</ns3:hr>
            <ns3:cad>83</ns3:cad>
          </ns3:TrackPointExtension>
        </extensions>
      </trkpt>
      <trkpt lat="23.1846866570413112640380859375" lon="113.2571230642497539520263671875">
        <ele>17.3999996185302734375</ele>
        <time>2023-03-01T12:33:37.000Z</time>
        <extensions>
          <ns3:TrackPointExtension>
            <ns3:hr>147</ns3:hr>
            <ns3:cad>82</ns3:cad>
          </ns3:TrackPointExtension>
        </extensions>
      </trkpt>
      <trkpt lat="23.18478262983262538909912109375" lon="113.25723915360867977142333984375">
        <ele>17.799999237060546875</ele>
        <time>2023-03-01T12:33:43.000Z</time>
        <extensions>
          <ns3:TrackPointExtension>
            <ns3:hr>150</ns3:hr>
            <ns3:cad>82</ns3:cad>
          </ns3:TrackPointExtension>
        </extensions>
      </trkpt>
      <trkpt lat="23.1848090328276157379150390625" lon="113.25727544724941253662109375">
        <ele>17.799999237060546875</ele>
        <time>2023-03-01T12:33:45.000Z</time>
        <extensions>
          <ns3:TrackPointExtension>
            <ns3:hr>154</ns3:hr>
            <ns3:cad>82</ns3:cad>
          </ns3:TrackPointExtension>
        </extensions>
      </trkpt>
      <trkpt lat="23.18488153629004955291748046875" lon="113.25736320577561855316162109375">
        <ele>17.799999237060546875</ele>
        <time>2023-03-01T12:33:51.000Z</time>
        <extensions>
          <ns3:TrackPointExtension>
            <ns3:hr>158</ns3:hr>
            <ns3:cad>78</ns3:cad>
          </ns3:TrackPointExtension>
        </extensions>
      </trkpt>
      <trkpt lat="23.184898383915424346923828125" lon="113.2574026845395565032958984375">
        <ele>18</ele>
        <time>2023-03-01T12:33:55.000Z</time>
        <extensions>
          <ns3:TrackPointExtension>
            <ns3:hr>156</ns3:hr>
            <ns3:cad>0</ns3:cad>
          </ns3:TrackPointExtension>
        </extensions>
      </trkpt>
      <trkpt lat="23.18493618629872798919677734375" lon="113.25747468508780002593994140625">
        <ele>17.799999237060546875</ele>
        <time>2023-03-01T12:33:59.000Z</time>
        <extensions>
          <ns3:TrackPointExtension>
            <ns3:hr>163</ns3:hr>
            <ns3:cad>83</ns3:cad>
          </ns3:TrackPointExtension>
        </extensions>
      </trkpt>
      <trkpt lat="23.18492227233946323394775390625" lon="113.25751139782369136810302734375">
        <ele>18</ele>
        <time>2023-03-01T12:34:00.000Z</time>
        <extensions>
          <ns3:TrackPointExtension>
            <ns3:hr>163</ns3:hr>
            <ns3:cad>83</ns3:cad>
          </ns3:TrackPointExtension>
        </extensions>
      </trkpt>
      <trkpt lat="23.18491053767502307891845703125" lon="113.257728405296802520751953125">
        <ele>18</ele>
        <time>2023-03-01T12:34:05.000Z</time>
        <extensions>
          <ns3:TrackPointExtension>
            <ns3:hr>160</ns3:hr>
            <ns3:cad>99</ns3:cad>
          </ns3:TrackPointExtension>
        </extensions>
      </trkpt>
      <trkpt lat="23.18491808138787746429443359375" lon="113.257839381694793701171875">
        <ele>17.6000003814697265625</ele>
        <time>2023-03-01T12:34:07.000Z</time>
        <extensions>
          <ns3:TrackPointExtension>
            <ns3:hr>158</ns3:hr>
            <ns3:cad>99</ns3:cad>
          </ns3:TrackPointExtension>
        </extensions>
      </trkpt>
      <trkpt lat="23.1849302351474761962890625" lon="113.258044235408306121826171875">
        <ele>17.200000762939453125</ele>
        <time>2023-03-01T12:34:11.000Z</time>
        <extensions>
          <ns3:TrackPointExtension>
            <ns3:hr>158</ns3:hr>
            <ns3:cad>85</ns3:cad>
          </ns3:TrackPointExtension>
        </extensions>
      </trkpt>
      <trkpt lat="23.18500994704663753509521484375" lon="113.258240707218647003173828125">
        <ele>18.200000762939453125</ele>
        <time>2023-03-01T12:34:17.000Z</time>
        <extensions>
          <ns3:TrackPointExtension>
            <ns3:hr>156</ns3:hr>
            <ns3:cad>40</ns3:cad>
          </ns3:TrackPointExtension>
        </extensions>
      </trkpt>
      <trkpt lat="23.1850219331681728363037109375" lon="113.2582526095211505889892578125">
        <ele>18.3999996185302734375</ele>
        <time>2023-03-01T12:34:18.000Z</time>
        <extensions>
          <ns3:TrackPointExtension>
            <ns3:hr>159</ns3:hr>
            <ns3:cad>40</ns3:cad>
          </ns3:TrackPointExtension>
        </extensions>
      </trkpt>
      <trkpt lat="23.1850402057170867919921875" lon="113.25826115906238555908203125">
        <ele>18.799999237060546875</ele>
        <time>2023-03-01T12:34:20.000Z</time>
        <extensions>
          <ns3:TrackPointExtension>
            <ns3:hr>160</ns3:hr>
            <ns3:cad>40</ns3:cad>
          </ns3:TrackPointExtension>
        </extensions>
      </trkpt>
      <trkpt lat="23.18505621515214443206787109375" lon="113.25826811604201793670654296875">
        <ele>19.200000762939453125</ele>
        <time>2023-03-01T12:34:23.000Z</time>
        <extensions>
          <ns3:TrackPointExtension>
            <ns3:hr>163</ns3:hr>
            <ns3:cad>0</ns3:cad>
          </ns3:TrackPointExtension>
        </extensions>
      </trkpt>
      <trkpt lat="23.18513416685163974761962890625" lon="113.258374147117137908935546875">
        <ele>22</ele>
        <time>2023-03-01T12:34:42.000Z</time>
        <extensions>
          <ns3:TrackPointExtension>
            <ns3:hr>160</ns3:hr>
            <ns3:cad>61</ns3:cad>
          </ns3:TrackPointExtension>
        </extensions>
      </trkpt>
      <trkpt lat="23.18513902835547924041748046875" lon="113.2583718001842498779296875">
        <ele>22</ele>
        <time>2023-03-01T12:34:45.000Z</time>
        <extensions>
          <ns3:TrackPointExtension>
            <ns3:hr>160</ns3:hr>
            <ns3:cad>61</ns3:cad>
          </ns3:TrackPointExtension>
        </extensions>
      </trkpt>
      <trkpt lat="23.185135759413242340087890625" lon="113.258380182087421417236328125">
        <ele>22</ele>
        <time>2023-03-01T12:34:50.000Z</time>
        <extensions>
          <ns3:TrackPointExtension>
            <ns3:hr>163</ns3:hr>
            <ns3:cad>61</ns3:cad>
          </ns3:TrackPointExtension>
        </extensions>
      </trkpt>
      <trkpt lat="23.18514414131641387939453125" lon="113.2584236003458499908447265625">
        <ele>22.799999237060546875</ele>
        <time>2023-03-01T12:34:59.000Z</time>
        <extensions>
          <ns3:TrackPointExtension>
            <ns3:hr>160</ns3:hr>
            <ns3:cad>61</ns3:cad>
          </ns3:TrackPointExtension>
        </extensions>
      </trkpt>
      <trkpt lat="23.18513819016516208648681640625" lon="113.25846794061362743377685546875">
        <ele>23</ele>
        <time>2023-03-01T12:35:04.000Z</time>
        <extensions>
          <ns3:TrackPointExtension>
            <ns3:hr>157</ns3:hr>
            <ns3:cad>60</ns3:cad>
          </ns3:TrackPointExtension>
        </extensions>
      </trkpt>
      <trkpt lat="23.18512444384396076202392578125" lon="113.25849778018891811370849609375">
        <ele>23</ele>
        <time>2023-03-01T12:35:07.000Z</time>
        <extensions>
          <ns3:TrackPointExtension>
            <ns3:hr>154</ns3:hr>
            <ns3:cad>60</ns3:cad>
          </ns3:TrackPointExtension>
        </extensions>
      </trkpt>
      <trkpt lat="23.1850956939160823822021484375" lon="113.2585265301167964935302734375">
        <ele>22.799999237060546875</ele>
        <time>2023-03-01T12:35:11.000Z</time>
        <extensions>
          <ns3:TrackPointExtension>
            <ns3:hr>151</ns3:hr>
            <ns3:cad>59</ns3:cad>
          </ns3:TrackPointExtension>
        </extensions>
      </trkpt>
      <trkpt lat="23.18508639000356197357177734375" lon="113.25856081210076808929443359375">
        <ele>22.6000003814697265625</ele>
        <time>2023-03-01T12:35:14.000Z</time>
        <extensions>
          <ns3:TrackPointExtension>
            <ns3:hr>148</ns3:hr>
            <ns3:cad>60</ns3:cad>
          </ns3:TrackPointExtension>
        </extensions>
      </trkpt>
      <trkpt lat="23.1850551255047321319580078125" lon="113.258635662496089935302734375">
        <ele>21.3999996185302734375</ele>
        <time>2023-03-01T12:35:20.000Z</time>
        <extensions>
          <ns3:TrackPointExtension>
            <ns3:hr>145</ns3:hr>
            <ns3:cad>63</ns3:cad>
          </ns3:TrackPointExtension>
        </extensions>
      </trkpt>
      <trkpt lat="23.18504733033478260040283203125" lon="113.2586479000747203826904296875">
        <ele>21.200000762939453125</ele>
        <time>2023-03-01T12:35:21.000Z</time>
        <extensions>
          <ns3:TrackPointExtension>
            <ns3:hr>138</ns3:hr>
            <ns3:cad>63</ns3:cad>
          </ns3:TrackPointExtension>
        </extensions>
      </trkpt>
      <trkpt lat="23.18504213355481624603271484375" lon="113.25866357423365116119384765625">
        <ele>21</ele>
        <time>2023-03-01T12:35:22.000Z</time>
        <extensions>
          <ns3:TrackPointExtension>
            <ns3:hr>134</ns3:hr>
            <ns3:cad>63</ns3:cad>
          </ns3:TrackPointExtension>
        </extensions>
      </trkpt>
      <trkpt lat="23.18503760732710361480712890625" lon="113.2586757279932498931884765625">
        <ele>20.799999237060546875</ele>
        <time>2023-03-01T12:35:23.000Z</time>
        <extensions>
          <ns3:TrackPointExtension>
            <ns3:hr>134</ns3:hr>
            <ns3:cad>63</ns3:cad>
          </ns3:TrackPointExtension>
        </extensions>
      </trkpt>
      <trkpt lat="23.18508421070873737335205078125" lon="113.2588170468807220458984375">
        <ele>21.799999237060546875</ele>
        <time>2023-03-01T12:35:35.000Z</time>
        <extensions>
          <ns3:TrackPointExtension>
            <ns3:hr>131</ns3:hr>
            <ns3:cad>60</ns3:cad>
          </ns3:TrackPointExtension>
        </extensions>
      </trkpt>
      <trkpt lat="23.1851225160062313079833984375" lon="113.25891938991844654083251953125">
        <ele>19.3999996185302734375</ele>
        <time>2023-03-01T12:35:47.000Z</time>
        <extensions>
          <ns3:TrackPointExtension>
            <ns3:hr>129</ns3:hr>
            <ns3:cad>82</ns3:cad>
          </ns3:TrackPointExtension>
        </extensions>
      </trkpt>
      <trkpt lat="23.1851228512823581695556640625" lon="113.258939422667026519775390625">
        <ele>18.799999237060546875</ele>
        <time>2023-03-01T12:35:50.000Z</time>
        <extensions>
          <ns3:TrackPointExtension>
            <ns3:hr>134</ns3:hr>
            <ns3:cad>82</ns3:cad>
          </ns3:TrackPointExtension>
        </extensions>
      </trkpt>
      <trkpt lat="23.18512536585330963134765625" lon="113.2589484751224517822265625">
        <ele>18.6000003814697265625</ele>
        <time>2023-03-01T12:35:51.000Z</time>
        <extensions>
          <ns3:TrackPointExtension>
            <ns3:hr>139</ns3:hr>
            <ns3:cad>82</ns3:cad>
          </ns3:TrackPointExtension>
        </extensions>
      </trkpt>
      <trkpt lat="23.18513634614646434783935546875" lon="113.25895828194916248321533203125">
        <ele>18.3999996185302734375</ele>
        <time>2023-03-01T12:35:52.000Z</time>
        <extensions>
          <ns3:TrackPointExtension>
            <ns3:hr>142</ns3:hr>
            <ns3:cad>82</ns3:cad>
          </ns3:TrackPointExtension>
        </extensions>
      </trkpt>
      <trkpt lat="23.18514682352542877197265625" lon="113.25897060334682464599609375">
        <ele>18.200000762939453125</ele>
        <time>2023-03-01T12:35:53.000Z</time>
        <extensions>
          <ns3:TrackPointExtension>
            <ns3:hr>142</ns3:hr>
            <ns3:cad>82</ns3:cad>
          </ns3:TrackPointExtension>
        </extensions>
      </trkpt>
      <trkpt lat="23.18515663035213947296142578125" lon="113.2589841820299625396728515625">
        <ele>18</ele>
        <time>2023-03-01T12:35:54.000Z</time>
        <extensions>
          <ns3:TrackPointExtension>
            <ns3:hr>142</ns3:hr>
            <ns3:cad>63</ns3:cad>
          </ns3:TrackPointExtension>
        </extensions>
      </trkpt>
      <trkpt lat="23.1852874718606472015380859375" lon="113.2590998522937297821044921875">
        <ele>14.6000003814697265625</ele>
        <time>2023-03-01T12:36:00.000Z</time>
        <extensions>
          <ns3:TrackPointExtension>
            <ns3:hr>145</ns3:hr>
            <ns3:cad>63</ns3:cad>
          </ns3:TrackPointExtension>
        </extensions>
      </trkpt>
      <trkpt lat="23.18535335361957550048828125" lon="113.259191550314426422119140625">
        <ele>12.80000019073486328125</ele>
        <time>2023-03-01T12:36:04.000Z</time>
        <extensions>
          <ns3:TrackPointExtension>
            <ns3:hr>154</ns3:hr>
            <ns3:cad>87</ns3:cad>
          </ns3:TrackPointExtension>
        </extensions>
      </trkpt>
      <trkpt lat="23.1853672675788402557373046875" lon="113.25921870768070220947265625">
        <ele>12.19999980926513671875</ele>
        <time>2023-03-01T12:36:05.000Z</time>
        <extensions>
          <ns3:TrackPointExtension>
            <ns3:hr>154</ns3:hr>
            <ns3:cad>87</ns3:cad>
          </ns3:TrackPointExtension>
        </extensions>
      </trkpt>
      <trkpt lat="23.18543055094778537750244140625" lon="113.2593757845461368560791015625">
        <ele>9.19999980926513671875</ele>
        <time>2023-03-01T12:36:09.000Z</time>
        <extensions>
          <ns3:TrackPointExtension>
            <ns3:hr>157</ns3:hr>
            <ns3:cad>85</ns3:cad>
          </ns3:TrackPointExtension>
        </extensions>
      </trkpt>
      <trkpt lat="23.18547673523426055908203125" lon="113.2594616152346134185791015625">
        <ele>9.19999980926513671875</ele>
        <time>2023-03-01T12:36:14.000Z</time>
        <extensions>
          <ns3:TrackPointExtension>
            <ns3:hr>154</ns3:hr>
            <ns3:cad>80</ns3:cad>
          </ns3:TrackPointExtension>
        </extensions>
      </trkpt>
      <trkpt lat="23.18548184819519519805908203125" lon="113.25947913341224193572998046875">
        <ele>9.3999996185302734375</ele>
        <time>2023-03-01T12:36:16.000Z</time>
        <extensions>
          <ns3:TrackPointExtension>
            <ns3:hr>154</ns3:hr>
            <ns3:cad>0</ns3:cad>
          </ns3:TrackPointExtension>
        </extensions>
      </trkpt>
      <trkpt lat="23.18551453761756420135498046875" lon="113.25953965075314044952392578125">
        <ele>9.3999996185302734375</ele>
        <time>2023-03-01T12:36:20.000Z</time>
        <extensions>
          <ns3:TrackPointExtension>
            <ns3:hr>154</ns3:hr>
            <ns3:cad>70</ns3:cad>
          </ns3:TrackPointExtension>
        </extensions>
      </trkpt>
      <trkpt lat="23.18554873578250408172607421875" lon="113.25960586778819561004638671875">
        <ele>9.6000003814697265625</ele>
        <time>2023-03-01T12:36:22.000Z</time>
        <extensions>
          <ns3:TrackPointExtension>
            <ns3:hr>157</ns3:hr>
            <ns3:cad>90</ns3:cad>
          </ns3:TrackPointExtension>
        </extensions>
      </trkpt>
      <trkpt lat="23.1856445409357547760009765625" lon="113.25979362241923809051513671875">
        <ele>8.80000019073486328125</ele>
        <time>2023-03-01T12:36:27.000Z</time>
        <extensions>
          <ns3:TrackPointExtension>
            <ns3:hr>156</ns3:hr>
            <ns3:cad>87</ns3:cad>
          </ns3:TrackPointExtension>
        </extensions>
      </trkpt>
      <trkpt lat="23.18574554286897182464599609375" lon="113.25996712781488895416259765625">
        <ele>7.80000019073486328125</ele>
        <time>2023-03-01T12:36:33.000Z</time>
        <extensions>
          <ns3:TrackPointExtension>
            <ns3:hr>158</ns3:hr>
            <ns3:cad>82</ns3:cad>
          </ns3:TrackPointExtension>
        </extensions>
      </trkpt>
      <trkpt lat="23.1857751309871673583984375" lon="113.26002261601388454437255859375">
        <ele>7.599999904632568359375</ele>
        <time>2023-03-01T12:36:35.000Z</time>
        <extensions>
          <ns3:TrackPointExtension>
            <ns3:hr>161</ns3:hr>
            <ns3:cad>81</ns3:cad>
          </ns3:TrackPointExtension>
        </extensions>
      </trkpt>
      <trkpt lat="23.1858966685831546783447265625" lon="113.26020735315978527069091796875">
        <ele>7</ele>
        <time>2023-03-01T12:36:41.000Z</time>
        <extensions>
          <ns3:TrackPointExtension>
            <ns3:hr>158</ns3:hr>
            <ns3:cad>82</ns3:cad>
          </ns3:TrackPointExtension>
        </extensions>
      </trkpt>
      <trkpt lat="23.1859660707414150238037109375" lon="113.26026518829166889190673828125">
        <ele>7</ele>
        <time>2023-03-01T12:36:43.000Z</time>
        <extensions>
          <ns3:TrackPointExtension>
            <ns3:hr>161</ns3:hr>
            <ns3:cad>82</ns3:cad>
          </ns3:TrackPointExtension>
        </extensions>
      </trkpt>
      <trkpt lat="23.1860187090933322906494140625" lon="113.260334841907024383544921875">
        <ele>7</ele>
        <time>2023-03-01T12:36:44.000Z</time>
        <extensions>
          <ns3:TrackPointExtension>
            <ns3:hr>164</ns3:hr>
            <ns3:cad>82</ns3:cad>
          </ns3:TrackPointExtension>
        </extensions>
      </trkpt>
      <trkpt lat="23.1860586069524288177490234375" lon="113.26039041392505168914794921875">
        <ele>7.400000095367431640625</ele>
        <time>2023-03-01T12:36:47.000Z</time>
        <extensions>
          <ns3:TrackPointExtension>
            <ns3:hr>169</ns3:hr>
            <ns3:cad>79</ns3:cad>
          </ns3:TrackPointExtension>
        </extensions>
      </trkpt>
      <trkpt lat="23.186075873672962188720703125" lon="113.2604131288826465606689453125">
        <ele>7.599999904632568359375</ele>
        <time>2023-03-01T12:36:48.000Z</time>
        <extensions>
          <ns3:TrackPointExtension>
            <ns3:hr>168</ns3:hr>
            <ns3:cad>79</ns3:cad>
          </ns3:TrackPointExtension>
        </extensions>
      </trkpt>
      <trkpt lat="23.18609406240284442901611328125" lon="113.26044380664825439453125">
        <ele>7.80000019073486328125</ele>
        <time>2023-03-01T12:36:50.000Z</time>
        <extensions>
          <ns3:TrackPointExtension>
            <ns3:hr>165</ns3:hr>
            <ns3:cad>79</ns3:cad>
          </ns3:TrackPointExtension>
        </extensions>
      </trkpt>
      <trkpt lat="23.1860934756696224212646484375" lon="113.26044640503823757171630859375">
        <ele>7.80000019073486328125</ele>
        <time>2023-03-01T12:36:51.000Z</time>
        <extensions>
          <ns3:TrackPointExtension>
            <ns3:hr>162</ns3:hr>
            <ns3:cad>78</ns3:cad>
          </ns3:TrackPointExtension>
        </extensions>
      </trkpt>
      <trkpt lat="23.18609037436544895172119140625" lon="113.26044581830501556396484375">
        <ele>7.80000019073486328125</ele>
        <time>2023-03-01T12:36:52.000Z</time>
        <extensions>
          <ns3:TrackPointExtension>
            <ns3:hr>162</ns3:hr>
            <ns3:cad>0</ns3:cad>
          </ns3:TrackPointExtension>
        </extensions>
      </trkpt>
      <trkpt lat="23.1861182861030101776123046875" lon="113.2605003006756305694580078125">
        <ele>8</ele>
        <time>2023-03-01T12:37:01.000Z</time>
        <extensions>
          <ns3:TrackPointExtension>
            <ns3:hr>161</ns3:hr>
            <ns3:cad>61</ns3:cad>
          </ns3:TrackPointExtension>
        </extensions>
      </trkpt>
      <trkpt lat="23.1861903704702854156494140625" lon="113.26060867868363857269287109375">
        <ele>9.19999980926513671875</ele>
        <time>2023-03-01T12:37:07.000Z</time>
        <extensions>
          <ns3:TrackPointExtension>
            <ns3:hr>165</ns3:hr>
            <ns3:cad>85</ns3:cad>
          </ns3:TrackPointExtension>
        </extensions>
      </trkpt>
      <trkpt lat="23.18625482730567455291748046875" lon="113.2607390172779560089111328125">
        <ele>10.3999996185302734375</ele>
        <time>2023-03-01T12:37:15.000Z</time>
        <extensions>
          <ns3:TrackPointExtension>
            <ns3:hr>167</ns3:hr>
            <ns3:cad>84</ns3:cad>
          </ns3:TrackPointExtension>
        </extensions>
      </trkpt>
      <trkpt lat="23.18625465966761112213134765625" lon="113.26075251214206218719482421875">
        <ele>10.3999996185302734375</ele>
        <time>2023-03-01T12:37:17.000Z</time>
        <extensions>
          <ns3:TrackPointExtension>
            <ns3:hr>167</ns3:hr>
            <ns3:cad>61</ns3:cad>
          </ns3:TrackPointExtension>
        </extensions>
      </trkpt>
      <trkpt lat="23.18625298328697681427001953125" lon="113.26079241000115871429443359375">
        <ele>10.19999980926513671875</ele>
        <time>2023-03-01T12:37:27.000Z</time>
        <extensions>
          <ns3:TrackPointExtension>
            <ns3:hr>164</ns3:hr>
            <ns3:cad>61</ns3:cad>
          </ns3:TrackPointExtension>
        </extensions>
      </trkpt>
      <trkpt lat="23.18623990751802921295166015625" lon="113.26095652766525745391845703125">
        <ele>8.80000019073486328125</ele>
        <time>2023-03-01T12:37:41.000Z</time>
        <extensions>
          <ns3:TrackPointExtension>
            <ns3:hr>161</ns3:hr>
            <ns3:cad>61</ns3:cad>
          </ns3:TrackPointExtension>
        </extensions>
      </trkpt>
      <trkpt lat="23.18624074570834636688232421875" lon="113.2609601318836212158203125">
        <ele>8.80000019073486328125</ele>
        <time>2023-03-01T12:37:42.000Z</time>
        <extensions>
          <ns3:TrackPointExtension>
            <ns3:hr>160</ns3:hr>
            <ns3:cad>61</ns3:cad>
          </ns3:TrackPointExtension>
        </extensions>
      </trkpt>
      <trkpt lat="23.18622968159615993499755859375" lon="113.26100011356174945831298828125">
        <ele>8.3999996185302734375</ele>
        <time>2023-03-01T12:37:46.000Z</time>
        <extensions>
          <ns3:TrackPointExtension>
            <ns3:hr>157</ns3:hr>
            <ns3:cad>61</ns3:cad>
          </ns3:TrackPointExtension>
        </extensions>
      </trkpt>
      <trkpt lat="23.1862171925604343414306640625" lon="113.26103062368929386138916015625">
        <ele>8.3999996185302734375</ele>
        <time>2023-03-01T12:37:49.000Z</time>
        <extensions>
          <ns3:TrackPointExtension>
            <ns3:hr>154</ns3:hr>
            <ns3:cad>61</ns3:cad>
          </ns3:TrackPointExtension>
        </extensions>
      </trkpt>
      <trkpt lat="23.18621660582721233367919921875" lon="113.26105535030364990234375">
        <ele>8.3999996185302734375</ele>
        <time>2023-03-01T12:37:53.000Z</time>
        <extensions>
          <ns3:TrackPointExtension>
            <ns3:hr>150</ns3:hr>
            <ns3:cad>0</ns3:cad>
          </ns3:TrackPointExtension>
        </extensions>
      </trkpt>
      <trkpt lat="23.186218030750751495361328125" lon="113.261070437729358673095703125">
        <ele>8.3999996185302734375</ele>
        <time>2023-03-01T12:37:55.000Z</time>
        <extensions>
          <ns3:TrackPointExtension>
            <ns3:hr>139</ns3:hr>
            <ns3:cad>0</ns3:cad>
          </ns3:TrackPointExtension>
        </extensions>
      </trkpt>
      <trkpt lat="23.18622549064457416534423828125" lon="113.26107655651867389678955078125">
        <ele>8.3999996185302734375</ele>
        <time>2023-03-01T12:37:56.000Z</time>
        <extensions>
          <ns3:TrackPointExtension>
            <ns3:hr>140</ns3:hr>
            <ns3:cad>0</ns3:cad>
          </ns3:TrackPointExtension>
        </extensions>
      </trkpt>
      <trkpt lat="23.1862302683293819427490234375" lon="113.2611011154949665069580078125">
        <ele>8.19999980926513671875</ele>
        <time>2023-03-01T12:38:00.000Z</time>
        <extensions>
          <ns3:TrackPointExtension>
            <ns3:hr>137</ns3:hr>
            <ns3:cad>0</ns3:cad>
          </ns3:TrackPointExtension>
        </extensions>
      </trkpt>
      <trkpt lat="23.18618752062320709228515625" lon="113.2612003572285175323486328125">
        <ele>7.599999904632568359375</ele>
        <time>2023-03-01T12:38:12.000Z</time>
        <extensions>
          <ns3:TrackPointExtension>
            <ns3:hr>135</ns3:hr>
            <ns3:cad>61</ns3:cad>
          </ns3:TrackPointExtension>
        </extensions>
      </trkpt>
      <trkpt lat="23.186170421540737152099609375" lon="113.2612228207290172576904296875">
        <ele>7.599999904632568359375</ele>
        <time>2023-03-01T12:38:15.000Z</time>
        <extensions>
          <ns3:TrackPointExtension>
            <ns3:hr>131</ns3:hr>
            <ns3:cad>60</ns3:cad>
          </ns3:TrackPointExtension>
        </extensions>
      </trkpt>
      <trkpt lat="23.1860621273517608642578125" lon="113.26138115487992763519287109375">
        <ele>8.19999980926513671875</ele>
        <time>2023-03-01T12:38:29.000Z</time>
        <extensions>
          <ns3:TrackPointExtension>
            <ns3:hr>131</ns3:hr>
            <ns3:cad>62</ns3:cad>
          </ns3:TrackPointExtension>
        </extensions>
      </trkpt>
      <trkpt lat="23.1859858520328998565673828125" lon="113.261488191783428192138671875">
        <ele>9.3999996185302734375</ele>
        <time>2023-03-01T12:38:41.000Z</time>
        <extensions>
          <ns3:TrackPointExtension>
            <ns3:hr>128</ns3:hr>
            <ns3:cad>60</ns3:cad>
          </ns3:TrackPointExtension>
        </extensions>
      </trkpt>
      <trkpt lat="23.18594234995543956756591796875" lon="113.26162674464285373687744140625">
        <ele>10.6000003814697265625</ele>
        <time>2023-03-01T12:38:56.000Z</time>
        <extensions>
          <ns3:TrackPointExtension>
            <ns3:hr>128</ns3:hr>
            <ns3:cad>0</ns3:cad>
          </ns3:TrackPointExtension>
        </extensions>
      </trkpt>
      <trkpt lat="23.18592608906328678131103515625" lon="113.2617552392184734344482421875">
        <ele>10.80000019073486328125</ele>
        <time>2023-03-01T12:39:11.000Z</time>
        <extensions>
          <ns3:TrackPointExtension>
            <ns3:hr>127</ns3:hr>
            <ns3:cad>56</ns3:cad>
          </ns3:TrackPointExtension>
        </extensions>
      </trkpt>
      <trkpt lat="23.1858131848275661468505859375" lon="113.2619111426174640655517578125">
        <ele>11.3999996185302734375</ele>
        <time>2023-03-01T12:39:34.000Z</time>
        <extensions>
          <ns3:TrackPointExtension>
            <ns3:hr>126</ns3:hr>
            <ns3:cad>61</ns3:cad>
          </ns3:TrackPointExtension>
        </extensions>
      </trkpt>
      <trkpt lat="23.18580606020987033843994140625" lon="113.261911980807781219482421875">
        <ele>11.3999996185302734375</ele>
        <time>2023-03-01T12:39:35.000Z</time>
        <extensions>
          <ns3:TrackPointExtension>
            <ns3:hr>126</ns3:hr>
            <ns3:cad>61</ns3:cad>
          </ns3:TrackPointExtension>
        </extensions>
      </trkpt>
      <trkpt lat="23.185805641114711761474609375" lon="113.26191407628357410430908203125">
        <ele>11.3999996185302734375</ele>
        <time>2023-03-01T12:39:37.000Z</time>
        <extensions>
          <ns3:TrackPointExtension>
            <ns3:hr>126</ns3:hr>
            <ns3:cad>0</ns3:cad>
          </ns3:TrackPointExtension>
        </extensions>
      </trkpt>
      <trkpt lat="23.185843192040920257568359375" lon="113.2619282416999340057373046875">
        <ele>11.19999980926513671875</ele>
        <time>2023-03-01T12:39:50.000Z</time>
        <extensions>
          <ns3:TrackPointExtension>
            <ns3:hr>123</ns3:hr>
            <ns3:cad>0</ns3:cad>
          </ns3:TrackPointExtension>
        </extensions>
      </trkpt>
      <trkpt lat="23.18582081235945224761962890625" lon="113.26197090558707714080810546875">
        <ele>11.19999980926513671875</ele>
        <time>2023-03-01T12:39:55.000Z</time>
        <extensions>
          <ns3:TrackPointExtension>
            <ns3:hr>120</ns3:hr>
            <ns3:cad>61</ns3:cad>
          </ns3:TrackPointExtension>
        </extensions>
      </trkpt>
      <trkpt lat="23.18576582707464694976806640625" lon="113.26215866021811962127685546875">
        <ele>10.80000019073486328125</ele>
        <time>2023-03-01T12:40:05.000Z</time>
        <extensions>
          <ns3:TrackPointExtension>
            <ns3:hr>122</ns3:hr>
            <ns3:cad>61</ns3:cad>
          </ns3:TrackPointExtension>
        </extensions>
      </trkpt>
      <trkpt lat="23.18573422729969024658203125" lon="113.26223460026085376739501953125">
        <ele>9.6000003814697265625</ele>
        <time>2023-03-01T12:40:07.000Z</time>
        <extensions>
          <ns3:TrackPointExtension>
            <ns3:hr>125</ns3:hr>
            <ns3:cad>85</ns3:cad>
          </ns3:TrackPointExtension>
        </extensions>
      </trkpt>
      <trkpt lat="23.18566180765628814697265625" lon="113.2623677887022495269775390625">
        <ele>7.19999980926513671875</ele>
        <time>2023-03-01T12:40:11.000Z</time>
        <extensions>
          <ns3:TrackPointExtension>
            <ns3:hr>131</ns3:hr>
            <ns3:cad>80</ns3:cad>
          </ns3:TrackPointExtension>
        </extensions>
      </trkpt>
      <trkpt lat="23.1856277771294116973876953125" lon="113.2624137215316295623779296875">
        <ele>7.80000019073486328125</ele>
        <time>2023-03-01T12:40:12.000Z</time>
        <extensions>
          <ns3:TrackPointExtension>
            <ns3:hr>134</ns3:hr>
            <ns3:cad>80</ns3:cad>
          </ns3:TrackPointExtension>
        </extensions>
      </trkpt>
      <trkpt lat="23.1856277771294116973876953125" lon="113.2624137215316295623779296875">
        <ele>7.80000019073486328125</ele>
        <time>2023-03-01T12:40:13.000Z</time>
        <extensions>
          <ns3:TrackPointExtension>
            <ns3:hr>138</ns3:hr>
            <ns3:cad>78</ns3:cad>
          </ns3:TrackPointExtension>
        </extensions>
      </trkpt>
      <trkpt lat="23.185617215931415557861328125" lon="113.2624308206140995025634765625">
        <ele>7.80000019073486328125</ele>
        <time>2023-03-01T12:40:14.000Z</time>
        <extensions>
          <ns3:TrackPointExtension>
            <ns3:hr>141</ns3:hr>
            <ns3:cad>78</ns3:cad>
          </ns3:TrackPointExtension>
        </extensions>
      </trkpt>
      <trkpt lat="23.18558813072741031646728515625" lon="113.26245990581810474395751953125">
        <ele>8</ele>
        <time>2023-03-01T12:40:17.000Z</time>
        <extensions>
          <ns3:TrackPointExtension>
            <ns3:hr>144</ns3:hr>
            <ns3:cad>76</ns3:cad>
          </ns3:TrackPointExtension>
        </extensions>
      </trkpt>
      <trkpt lat="23.1855798326432704925537109375" lon="113.262469209730625152587890625">
        <ele>7.80000019073486328125</ele>
        <time>2023-03-01T12:40:18.000Z</time>
        <extensions>
          <ns3:TrackPointExtension>
            <ns3:hr>145</ns3:hr>
            <ns3:cad>0</ns3:cad>
          </ns3:TrackPointExtension>
        </extensions>
      </trkpt>
      <trkpt lat="23.1855798326432704925537109375" lon="113.262469209730625152587890625">
        <ele>7.80000019073486328125</ele>
        <time>2023-03-01T12:40:19.000Z</time>
        <extensions>
          <ns3:TrackPointExtension>
            <ns3:hr>148</ns3:hr>
            <ns3:cad>0</ns3:cad>
          </ns3:TrackPointExtension>
        </extensions>
      </trkpt>
      <trkpt lat="23.1855701096355915069580078125" lon="113.26247784309089183807373046875">
        <ele>8</ele>
        <time>2023-03-01T12:40:20.000Z</time>
        <extensions>
          <ns3:TrackPointExtension>
            <ns3:hr>151</ns3:hr>
            <ns3:cad>0</ns3:cad>
          </ns3:TrackPointExtension>
        </extensions>
      </trkpt>
      <trkpt lat="23.1855577044188976287841796875" lon="113.26249502599239349365234375">
        <ele>7.80000019073486328125</ele>
        <time>2023-03-01T12:40:22.000Z</time>
        <extensions>
          <ns3:TrackPointExtension>
            <ns3:hr>152</ns3:hr>
            <ns3:cad>61</ns3:cad>
          </ns3:TrackPointExtension>
        </extensions>
      </trkpt>
      <trkpt lat="23.1855404376983642578125" lon="113.26251354999840259552001953125">
        <ele>8</ele>
        <time>2023-03-01T12:40:24.000Z</time>
        <extensions>
          <ns3:TrackPointExtension>
            <ns3:hr>149</ns3:hr>
            <ns3:cad>61</ns3:cad>
          </ns3:TrackPointExtension>
        </extensions>
      </trkpt>
      <trkpt lat="23.185509257018566131591796875" lon="113.26255277730524539947509765625">
        <ele>8.80000019073486328125</ele>
        <time>2023-03-01T12:40:29.000Z</time>
        <extensions>
          <ns3:TrackPointExtension>
            <ns3:hr>155</ns3:hr>
            <ns3:cad>66</ns3:cad>
          </ns3:TrackPointExtension>
        </extensions>
      </trkpt>
      <trkpt lat="23.1854747235774993896484375" lon="113.26263089664280414581298828125">
        <ele>9.80000019073486328125</ele>
        <time>2023-03-01T12:40:37.000Z</time>
        <extensions>
          <ns3:TrackPointExtension>
            <ns3:hr>151</ns3:hr>
            <ns3:cad>62</ns3:cad>
          </ns3:TrackPointExtension>
        </extensions>
      </trkpt>
      <trkpt lat="23.18545787595212459564208984375" lon="113.26264514587819576263427734375">
        <ele>10</ele>
        <time>2023-03-01T12:40:38.000Z</time>
        <extensions>
          <ns3:TrackPointExtension>
            <ns3:hr>148</ns3:hr>
            <ns3:cad>61</ns3:cad>
          </ns3:TrackPointExtension>
        </extensions>
      </trkpt>
      <trkpt lat="23.18539668805897235870361328125" lon="113.2627446390688419342041015625">
        <ele>8.3999996185302734375</ele>
        <time>2023-03-01T12:40:47.000Z</time>
        <extensions>
          <ns3:TrackPointExtension>
            <ns3:hr>145</ns3:hr>
            <ns3:cad>61</ns3:cad>
          </ns3:TrackPointExtension>
        </extensions>
      </trkpt>
      <trkpt lat="23.1853374280035495758056640625" lon="113.2628002949059009552001953125">
        <ele>6.599999904632568359375</ele>
        <time>2023-03-01T12:40:56.000Z</time>
        <extensions>
          <ns3:TrackPointExtension>
            <ns3:hr>142</ns3:hr>
            <ns3:cad>0</ns3:cad>
          </ns3:TrackPointExtension>
        </extensions>
      </trkpt>
      <trkpt lat="23.1853307224810123443603515625" lon="113.26280155219137668609619140625">
        <ele>6.599999904632568359375</ele>
        <time>2023-03-01T12:40:57.000Z</time>
        <extensions>
          <ns3:TrackPointExtension>
            <ns3:hr>142</ns3:hr>
            <ns3:cad>0</ns3:cad>
          </ns3:TrackPointExtension>
        </extensions>
      </trkpt>
      <trkpt lat="23.18530264310538768768310546875" lon="113.26284010894596576690673828125">
        <ele>5.400000095367431640625</ele>
        <time>2023-03-01T12:41:02.000Z</time>
        <extensions>
          <ns3:TrackPointExtension>
            <ns3:hr>141</ns3:hr>
            <ns3:cad>61</ns3:cad>
          </ns3:TrackPointExtension>
        </extensions>
      </trkpt>
      <trkpt lat="23.1852306425571441650390625" lon="113.2629689387977123260498046875">
        <ele>0.60000002384185791015625</ele>
        <time>2023-03-01T12:41:15.000Z</time>
        <extensions>
          <ns3:TrackPointExtension>
            <ns3:hr>138</ns3:hr>
            <ns3:cad>59</ns3:cad>
          </ns3:TrackPointExtension>
        </extensions>
      </trkpt>
      <trkpt lat="23.185229636728763580322265625" lon="113.26297380030155181884765625">
        <ele>0.4000000059604644775390625</ele>
        <time>2023-03-01T12:41:18.000Z</time>
        <extensions>
          <ns3:TrackPointExtension>
            <ns3:hr>137</ns3:hr>
            <ns3:cad>0</ns3:cad>
          </ns3:TrackPointExtension>
        </extensions>
      </trkpt>
      <trkpt lat="23.18524749018251895904541015625" lon="113.26301361434161663055419921875">
        <ele>-1.60000002384185791015625</ele>
        <time>2023-03-01T12:41:26.000Z</time>
        <extensions>
          <ns3:TrackPointExtension>
            <ns3:hr>134</ns3:hr>
            <ns3:cad>61</ns3:cad>
          </ns3:TrackPointExtension>
        </extensions>
      </trkpt>
      <trkpt lat="23.1852502562105655670166015625" lon="113.2630433700978755950927734375">
        <ele>-4.19999980926513671875</ele>
        <time>2023-03-01T12:41:27.000Z</time>
        <extensions>
          <ns3:TrackPointExtension>
            <ns3:hr>134</ns3:hr>
            <ns3:cad>61</ns3:cad>
          </ns3:TrackPointExtension>
        </extensions>
      </trkpt>
      <trkpt lat="23.185242712497711181640625" lon="113.263112939894199371337890625">
        <ele>-8.3999996185302734375</ele>
        <time>2023-03-01T12:41:35.000Z</time>
        <extensions>
          <ns3:TrackPointExtension>
            <ns3:hr>131</ns3:hr>
            <ns3:cad>61</ns3:cad>
          </ns3:TrackPointExtension>
        </extensions>
      </trkpt>
      <trkpt lat="23.1852013058960437774658203125" lon="113.26324294321238994598388671875">
        <ele>-15.6000003814697265625</ele>
        <time>2023-03-01T12:41:49.000Z</time>
        <extensions>
          <ns3:TrackPointExtension>
            <ns3:hr>128</ns3:hr>
            <ns3:cad>61</ns3:cad>
          </ns3:TrackPointExtension>
        </extensions>
      </trkpt>
      <trkpt lat="23.1850987114012241363525390625" lon="113.26341209001839160919189453125">
        <ele>-9</ele>
        <time>2023-03-01T12:42:00.000Z</time>
        <extensions>
          <ns3:TrackPointExtension>
            <ns3:hr>127</ns3:hr>
            <ns3:cad>84</ns3:cad>
          </ns3:TrackPointExtension>
        </extensions>
      </trkpt>
      <trkpt lat="23.18503123708069324493408203125" lon="113.263571262359619140625">
        <ele>1.60000002384185791015625</ele>
        <time>2023-03-01T12:42:06.000Z</time>
        <extensions>
          <ns3:TrackPointExtension>
            <ns3:hr>130</ns3:hr>
            <ns3:cad>86</ns3:cad>
          </ns3:TrackPointExtension>
        </extensions>
      </trkpt>
      <trkpt lat="23.18502553738653659820556640625" lon="113.26359045691788196563720703125">
        <ele>2.2000000476837158203125</ele>
        <time>2023-03-01T12:42:07.000Z</time>
        <extensions>
          <ns3:TrackPointExtension>
            <ns3:hr>135</ns3:hr>
            <ns3:cad>86</ns3:cad>
          </ns3:TrackPointExtension>
        </extensions>
      </trkpt>
      <trkpt lat="23.18501816131174564361572265625" lon="113.26360789127647876739501953125">
        <ele>3</ele>
        <time>2023-03-01T12:42:08.000Z</time>
        <extensions>
          <ns3:TrackPointExtension>
            <ns3:hr>138</ns3:hr>
            <ns3:cad>85</ns3:cad>
          </ns3:TrackPointExtension>
        </extensions>
      </trkpt>
      <trkpt lat="23.18498748354613780975341796875" lon="113.26368299312889575958251953125">
        <ele>4</ele>
        <time>2023-03-01T12:42:12.000Z</time>
        <extensions>
          <ns3:TrackPointExtension>
            <ns3:hr>143</ns3:hr>
            <ns3:cad>83</ns3:cad>
          </ns3:TrackPointExtension>
        </extensions>
      </trkpt>
      <trkpt lat="23.18497206084430217742919921875" lon="113.263708055019378662109375">
        <ele>3.7999999523162841796875</ele>
        <time>2023-03-01T12:42:13.000Z</time>
        <extensions>
          <ns3:TrackPointExtension>
            <ns3:hr>147</ns3:hr>
            <ns3:cad>84</ns3:cad>
          </ns3:TrackPointExtension>
        </extensions>
      </trkpt>
      <trkpt lat="23.18497206084430217742919921875" lon="113.263708055019378662109375">
        <ele>3.7999999523162841796875</ele>
        <time>2023-03-01T12:42:14.000Z</time>
        <extensions>
          <ns3:TrackPointExtension>
            <ns3:hr>146</ns3:hr>
            <ns3:cad>84</ns3:cad>
          </ns3:TrackPointExtension>
        </extensions>
      </trkpt>
      <trkpt lat="23.1849481724202632904052734375" lon="113.2637427560985088348388671875">
        <ele>3.599999904632568359375</ele>
        <time>2023-03-01T12:42:17.000Z</time>
        <extensions>
          <ns3:TrackPointExtension>
            <ns3:hr>142</ns3:hr>
            <ns3:cad>0</ns3:cad>
          </ns3:TrackPointExtension>
        </extensions>
      </trkpt>
      <trkpt lat="23.184942305088043212890625" lon="113.2637474499642848968505859375">
        <ele>3.599999904632568359375</ele>
        <time>2023-03-01T12:42:18.000Z</time>
        <extensions>
          <ns3:TrackPointExtension>
            <ns3:hr>138</ns3:hr>
            <ns3:cad>0</ns3:cad>
          </ns3:TrackPointExtension>
        </extensions>
      </trkpt>
      <trkpt lat="23.18494004197418689727783203125" lon="113.2637487910687923431396484375">
        <ele>3.599999904632568359375</ele>
        <time>2023-03-01T12:42:19.000Z</time>
        <extensions>
          <ns3:TrackPointExtension>
            <ns3:hr>143</ns3:hr>
            <ns3:cad>61</ns3:cad>
          </ns3:TrackPointExtension>
        </extensions>
      </trkpt>
      <trkpt lat="23.184932582080364227294921875" lon="113.26375775970518589019775390625">
        <ele>3.599999904632568359375</ele>
        <time>2023-03-01T12:42:20.000Z</time>
        <extensions>
          <ns3:TrackPointExtension>
            <ns3:hr>146</ns3:hr>
            <ns3:cad>61</ns3:cad>
          </ns3:TrackPointExtension>
        </extensions>
      </trkpt>
      <trkpt lat="23.18491078913211822509765625" lon="113.26376480050384998321533203125">
        <ele>3.7999999523162841796875</ele>
        <time>2023-03-01T12:42:21.000Z</time>
        <extensions>
          <ns3:TrackPointExtension>
            <ns3:hr>147</ns3:hr>
            <ns3:cad>61</ns3:cad>
          </ns3:TrackPointExtension>
        </extensions>
      </trkpt>
      <trkpt lat="23.18489830009639263153076171875" lon="113.2637699134647846221923828125">
        <ele>4.19999980926513671875</ele>
        <time>2023-03-01T12:42:23.000Z</time>
        <extensions>
          <ns3:TrackPointExtension>
            <ns3:hr>149</ns3:hr>
            <ns3:cad>61</ns3:cad>
          </ns3:TrackPointExtension>
        </extensions>
      </trkpt>
      <trkpt lat="23.1848710589110851287841796875" lon="113.2637860067188739776611328125">
        <ele>5.19999980926513671875</ele>
        <time>2023-03-01T12:42:25.000Z</time>
        <extensions>
          <ns3:TrackPointExtension>
            <ns3:hr>154</ns3:hr>
            <ns3:cad>61</ns3:cad>
          </ns3:TrackPointExtension>
        </extensions>
      </trkpt>
      <trkpt lat="23.18485085852444171905517578125" lon="113.263797573745250701904296875">
        <ele>5.599999904632568359375</ele>
        <time>2023-03-01T12:42:27.000Z</time>
        <extensions>
          <ns3:TrackPointExtension>
            <ns3:hr>157</ns3:hr>
            <ns3:cad>61</ns3:cad>
          </ns3:TrackPointExtension>
        </extensions>
      </trkpt>
      <trkpt lat="23.18480215966701507568359375" lon="113.26382313854992389678955078125">
        <ele>6.599999904632568359375</ele>
        <time>2023-03-01T12:42:31.000Z</time>
        <extensions>
          <ns3:TrackPointExtension>
            <ns3:hr>154</ns3:hr>
            <ns3:cad>61</ns3:cad>
          </ns3:TrackPointExtension>
        </extensions>
      </trkpt>
      <trkpt lat="23.1847907602787017822265625" lon="113.26383302919566631317138671875">
        <ele>7</ele>
        <time>2023-03-01T12:42:32.000Z</time>
        <extensions>
          <ns3:TrackPointExtension>
            <ns3:hr>157</ns3:hr>
            <ns3:cad>61</ns3:cad>
          </ns3:TrackPointExtension>
        </extensions>
      </trkpt>
      <trkpt lat="23.184738457202911376953125" lon="113.2639170996844768524169921875">
        <ele>9.3999996185302734375</ele>
        <time>2023-03-01T12:42:37.000Z</time>
        <extensions>
          <ns3:TrackPointExtension>
            <ns3:hr>160</ns3:hr>
            <ns3:cad>83</ns3:cad>
          </ns3:TrackPointExtension>
        </extensions>
      </trkpt>
      <trkpt lat="23.18471641279757022857666015625" lon="113.2639963924884796142578125">
        <ele>8</ele>
        <time>2023-03-01T12:42:40.000Z</time>
        <extensions>
          <ns3:TrackPointExtension>
            <ns3:hr>157</ns3:hr>
            <ns3:cad>85</ns3:cad>
          </ns3:TrackPointExtension>
        </extensions>
      </trkpt>
      <trkpt lat="23.184698559343814849853515625" lon="113.2640304230153560638427734375">
        <ele>7.19999980926513671875</ele>
        <time>2023-03-01T12:42:43.000Z</time>
        <extensions>
          <ns3:TrackPointExtension>
            <ns3:hr>156</ns3:hr>
            <ns3:cad>0</ns3:cad>
          </ns3:TrackPointExtension>
        </extensions>
      </trkpt>
      <trkpt lat="23.1846521236002445220947265625" lon="113.26408498920500278472900390625">
        <ele>6.19999980926513671875</ele>
        <time>2023-03-01T12:42:52.000Z</time>
        <extensions>
          <ns3:TrackPointExtension>
            <ns3:hr>159</ns3:hr>
            <ns3:cad>61</ns3:cad>
          </ns3:TrackPointExtension>
        </extensions>
      </trkpt>
      <trkpt lat="23.18462890572845935821533203125" lon="113.26412580907344818115234375">
        <ele>5.599999904632568359375</ele>
        <time>2023-03-01T12:42:55.000Z</time>
        <extensions>
          <ns3:TrackPointExtension>
            <ns3:hr>158</ns3:hr>
            <ns3:cad>61</ns3:cad>
          </ns3:TrackPointExtension>
        </extensions>
      </trkpt>
      <trkpt lat="23.1846216134727001190185546875" lon="113.26416662894189357757568359375">
        <ele>4.80000019073486328125</ele>
        <time>2023-03-01T12:42:58.000Z</time>
        <extensions>
          <ns3:TrackPointExtension>
            <ns3:hr>161</ns3:hr>
            <ns3:cad>65</ns3:cad>
          </ns3:TrackPointExtension>
        </extensions>
      </trkpt>
      <trkpt lat="23.18455430679023265838623046875" lon="113.2643194310367107391357421875">
        <ele>2.2000000476837158203125</ele>
        <time>2023-03-01T12:43:09.000Z</time>
        <extensions>
          <ns3:TrackPointExtension>
            <ns3:hr>158</ns3:hr>
            <ns3:cad>62</ns3:cad>
          </ns3:TrackPointExtension>
        </extensions>
      </trkpt>
      <trkpt lat="23.18443813361227512359619140625" lon="113.26448363251984119415283203125">
        <ele>1.7999999523162841796875</ele>
        <time>2023-03-01T12:43:18.000Z</time>
        <extensions>
          <ns3:TrackPointExtension>
            <ns3:hr>156</ns3:hr>
            <ns3:cad>84</ns3:cad>
          </ns3:TrackPointExtension>
        </extensions>
      </trkpt>
      <trkpt lat="23.184358589351177215576171875" lon="113.264550603926181793212890625">
        <ele>2.7999999523162841796875</ele>
        <time>2023-03-01T12:43:24.000Z</time>
        <extensions>
          <ns3:TrackPointExtension>
            <ns3:hr>153</ns3:hr>
            <ns3:cad>81</ns3:cad>
          </ns3:TrackPointExtension>
        </extensions>
      </trkpt>
      <trkpt lat="23.1843332760035991668701171875" lon="113.2645812816917896270751953125">
        <ele>2.599999904632568359375</ele>
        <time>2023-03-01T12:43:26.000Z</time>
        <extensions>
          <ns3:TrackPointExtension>
            <ns3:hr>150</ns3:hr>
            <ns3:cad>81</ns3:cad>
          </ns3:TrackPointExtension>
        </extensions>
      </trkpt>
      <trkpt lat="23.1842883490025997161865234375" lon="113.2646144740283489227294921875">
        <ele>2.400000095367431640625</ele>
        <time>2023-03-01T12:43:28.000Z</time>
        <extensions>
          <ns3:TrackPointExtension>
            <ns3:hr>153</ns3:hr>
            <ns3:cad>81</ns3:cad>
          </ns3:TrackPointExtension>
        </extensions>
      </trkpt>
      <trkpt lat="23.18421685136854648590087890625" lon="113.2647029869258403778076171875">
        <ele>1.7999999523162841796875</ele>
        <time>2023-03-01T12:43:32.000Z</time>
        <extensions>
          <ns3:TrackPointExtension>
            <ns3:hr>156</ns3:hr>
            <ns3:cad>84</ns3:cad>
          </ns3:TrackPointExtension>
        </extensions>
      </trkpt>
      <trkpt lat="23.18419036455452442169189453125" lon="113.2648263685405254364013671875">
        <ele>1.7999999523162841796875</ele>
        <time>2023-03-01T12:43:37.000Z</time>
        <extensions>
          <ns3:TrackPointExtension>
            <ns3:hr>158</ns3:hr>
            <ns3:cad>84</ns3:cad>
          </ns3:TrackPointExtension>
        </extensions>
      </trkpt>
      <trkpt lat="23.18419220857322216033935546875" lon="113.26486869715154170989990234375">
        <ele>2</ele>
        <time>2023-03-01T12:43:40.000Z</time>
        <extensions>
          <ns3:TrackPointExtension>
            <ns3:hr>161</ns3:hr>
            <ns3:cad>0</ns3:cad>
          </ns3:TrackPointExtension>
        </extensions>
      </trkpt>
      <trkpt lat="23.1841818988323211669921875" lon="113.26491127721965312957763671875">
        <ele>2.2000000476837158203125</ele>
        <time>2023-03-01T12:43:43.000Z</time>
        <extensions>
          <ns3:TrackPointExtension>
            <ns3:hr>162</ns3:hr>
            <ns3:cad>0</ns3:cad>
          </ns3:TrackPointExtension>
        </extensions>
      </trkpt>
      <trkpt lat="23.18416756577789783477783203125" lon="113.26495385728776454925537109375">
        <ele>1.7999999523162841796875</ele>
        <time>2023-03-01T12:43:45.000Z</time>
        <extensions>
          <ns3:TrackPointExtension>
            <ns3:hr>158</ns3:hr>
            <ns3:cad>0</ns3:cad>
          </ns3:TrackPointExtension>
        </extensions>
      </trkpt>
      <trkpt lat="23.18414904177188873291015625" lon="113.26499241404235363006591796875">
        <ele>0.800000011920928955078125</ele>
        <time>2023-03-01T12:43:47.000Z</time>
        <extensions>
          <ns3:TrackPointExtension>
            <ns3:hr>155</ns3:hr>
            <ns3:cad>0</ns3:cad>
          </ns3:TrackPointExtension>
        </extensions>
      </trkpt>
      <trkpt lat="23.1841280870139598846435546875" lon="113.265030384063720703125">
        <ele>0</ele>
        <time>2023-03-01T12:43:48.000Z</time>
        <extensions>
          <ns3:TrackPointExtension>
            <ns3:hr>150</ns3:hr>
            <ns3:cad>81</ns3:cad>
          </ns3:TrackPointExtension>
        </extensions>
      </trkpt>
      <trkpt lat="23.1841280870139598846435546875" lon="113.265030384063720703125">
        <ele>0</ele>
        <time>2023-03-01T12:43:49.000Z</time>
        <extensions>
          <ns3:TrackPointExtension>
            <ns3:hr>151</ns3:hr>
            <ns3:cad>81</ns3:cad>
          </ns3:TrackPointExtension>
        </extensions>
      </trkpt>
      <trkpt lat="23.18411576561629772186279296875" lon="113.265046142041683197021484375">
        <ele>-0.20000000298023223876953125</ele>
        <time>2023-03-01T12:43:50.000Z</time>
        <extensions>
          <ns3:TrackPointExtension>
            <ns3:hr>147</ns3:hr>
            <ns3:cad>82</ns3:cad>
          </ns3:TrackPointExtension>
        </extensions>
      </trkpt>
      <trkpt lat="23.18408592604100704193115234375" lon="113.26507975347340106964111328125">
        <ele>-0.800000011920928955078125</ele>
        <time>2023-03-01T12:43:52.000Z</time>
        <extensions>
          <ns3:TrackPointExtension>
            <ns3:hr>152</ns3:hr>
            <ns3:cad>83</ns3:cad>
          </ns3:TrackPointExtension>
        </extensions>
      </trkpt>
      <trkpt lat="23.18408039398491382598876953125" lon="113.26509785838425159454345703125">
        <ele>-1.2000000476837158203125</ele>
        <time>2023-03-01T12:43:53.000Z</time>
        <extensions>
          <ns3:TrackPointExtension>
            <ns3:hr>152</ns3:hr>
            <ns3:cad>83</ns3:cad>
          </ns3:TrackPointExtension>
        </extensions>
      </trkpt>
      <trkpt lat="23.1841005943715572357177734375" lon="113.2651311345398426055908203125">
        <ele>-2.2000000476837158203125</ele>
        <time>2023-03-01T12:43:55.000Z</time>
        <extensions>
          <ns3:TrackPointExtension>
            <ns3:hr>155</ns3:hr>
            <ns3:cad>83</ns3:cad>
          </ns3:TrackPointExtension>
        </extensions>
      </trkpt>
      <trkpt lat="23.18413068540394306182861328125" lon="113.26515284366905689239501953125">
        <ele>-3</ele>
        <time>2023-03-01T12:43:56.000Z</time>
        <extensions>
          <ns3:TrackPointExtension>
            <ns3:hr>156</ns3:hr>
            <ns3:cad>0</ns3:cad>
          </ns3:TrackPointExtension>
        </extensions>
      </trkpt>
      <trkpt lat="23.1841448508203029632568359375" lon="113.2651747204363346099853515625">
        <ele>-3.7999999523162841796875</ele>
        <time>2023-03-01T12:43:59.000Z</time>
        <extensions>
          <ns3:TrackPointExtension>
            <ns3:hr>157</ns3:hr>
            <ns3:cad>0</ns3:cad>
          </ns3:TrackPointExtension>
        </extensions>
      </trkpt>
      <trkpt lat="23.18414359353482723236083984375" lon="113.26521084643900394439697265625">
        <ele>-4.599999904632568359375</ele>
        <time>2023-03-01T12:44:02.000Z</time>
        <extensions>
          <ns3:TrackPointExtension>
            <ns3:hr>157</ns3:hr>
            <ns3:cad>0</ns3:cad>
          </ns3:TrackPointExtension>
        </extensions>
      </trkpt>
      <trkpt lat="23.18413965404033660888671875" lon="113.26522090472280979156494140625">
        <ele>-5</ele>
        <time>2023-03-01T12:44:04.000Z</time>
        <extensions>
          <ns3:TrackPointExtension>
            <ns3:hr>158</ns3:hr>
            <ns3:cad>0</ns3:cad>
          </ns3:TrackPointExtension>
        </extensions>
      </trkpt>
      <trkpt lat="23.18412087857723236083984375" lon="113.26528720557689666748046875">
        <ele>-7.80000019073486328125</ele>
        <time>2023-03-01T12:44:11.000Z</time>
        <extensions>
          <ns3:TrackPointExtension>
            <ns3:hr>155</ns3:hr>
            <ns3:cad>60</ns3:cad>
          </ns3:TrackPointExtension>
        </extensions>
      </trkpt>
      <trkpt lat="23.1840972416102886199951171875" lon="113.26535962522029876708984375">
        <ele>-11.80000019073486328125</ele>
        <time>2023-03-01T12:44:17.000Z</time>
        <extensions>
          <ns3:TrackPointExtension>
            <ns3:hr>158</ns3:hr>
            <ns3:cad>60</ns3:cad>
          </ns3:TrackPointExtension>
        </extensions>
      </trkpt>
      <trkpt lat="23.18408089689910411834716796875" lon="113.2655532471835613250732421875">
        <ele>-15.6000003814697265625</ele>
        <time>2023-03-01T12:44:29.000Z</time>
        <extensions>
          <ns3:TrackPointExtension>
            <ns3:hr>158</ns3:hr>
            <ns3:cad>81</ns3:cad>
          </ns3:TrackPointExtension>
        </extensions>
      </trkpt>
      <trkpt lat="23.1839933060109615325927734375" lon="113.265732787549495697021484375">
        <ele>-3.7999999523162841796875</ele>
        <time>2023-03-01T12:44:38.000Z</time>
        <extensions>
          <ns3:TrackPointExtension>
            <ns3:hr>158</ns3:hr>
            <ns3:cad>84</ns3:cad>
          </ns3:TrackPointExtension>
        </extensions>
      </trkpt>
      <trkpt lat="23.18390521220862865447998046875" lon="113.2659545727074146270751953125">
        <ele>3.2000000476837158203125</ele>
        <time>2023-03-01T12:44:44.000Z</time>
        <extensions>
          <ns3:TrackPointExtension>
            <ns3:hr>159</ns3:hr>
            <ns3:cad>84</ns3:cad>
          </ns3:TrackPointExtension>
        </extensions>
      </trkpt>
      <trkpt lat="23.1838032044470310211181640625" lon="113.26611869037151336669921875">
        <ele>8.80000019073486328125</ele>
        <time>2023-03-01T12:44:49.000Z</time>
        <extensions>
          <ns3:TrackPointExtension>
            <ns3:hr>158</ns3:hr>
            <ns3:cad>83</ns3:cad>
          </ns3:TrackPointExtension>
        </extensions>
      </trkpt>
      <trkpt lat="23.18366825580596923828125" lon="113.26628892682492733001708984375">
        <ele>12.6000003814697265625</ele>
        <time>2023-03-01T12:44:59.000Z</time>
        <extensions>
          <ns3:TrackPointExtension>
            <ns3:hr>160</ns3:hr>
            <ns3:cad>82</ns3:cad>
          </ns3:TrackPointExtension>
        </extensions>
      </trkpt>
      <trkpt lat="23.18359114229679107666015625" lon="113.26648791320621967315673828125">
        <ele>14</ele>
        <time>2023-03-01T12:45:08.000Z</time>
        <extensions>
          <ns3:TrackPointExtension>
            <ns3:hr>160</ns3:hr>
            <ns3:cad>83</ns3:cad>
          </ns3:TrackPointExtension>
        </extensions>
      </trkpt>
      <trkpt lat="23.1835299544036388397216796875" lon="113.266674913465976715087890625">
        <ele>14.19999980926513671875</ele>
        <time>2023-03-01T12:45:16.000Z</time>
        <extensions>
          <ns3:TrackPointExtension>
            <ns3:hr>161</ns3:hr>
            <ns3:cad>82</ns3:cad>
          </ns3:TrackPointExtension>
        </extensions>
      </trkpt>
      <trkpt lat="23.183484189212322235107421875" lon="113.2667934335768222808837890625">
        <ele>12.3999996185302734375</ele>
        <time>2023-03-01T12:45:22.000Z</time>
        <extensions>
          <ns3:TrackPointExtension>
            <ns3:hr>162</ns3:hr>
            <ns3:cad>83</ns3:cad>
          </ns3:TrackPointExtension>
        </extensions>
      </trkpt>
      <trkpt lat="23.1833938322961330413818359375" lon="113.26692729257047176361083984375">
        <ele>10.6000003814697265625</ele>
        <time>2023-03-01T12:45:32.000Z</time>
        <extensions>
          <ns3:TrackPointExtension>
            <ns3:hr>162</ns3:hr>
            <ns3:cad>64</ns3:cad>
          </ns3:TrackPointExtension>
        </extensions>
      </trkpt>
      <trkpt lat="23.18333608098328113555908203125" lon="113.26707380823791027069091796875">
        <ele>7.80000019073486328125</ele>
        <time>2023-03-01T12:45:41.000Z</time>
        <extensions>
          <ns3:TrackPointExtension>
            <ns3:hr>163</ns3:hr>
            <ns3:cad>0</ns3:cad>
          </ns3:TrackPointExtension>
        </extensions>
      </trkpt>
      <trkpt lat="23.18329232744872570037841796875" lon="113.26709459535777568817138671875">
        <ele>7.80000019073486328125</ele>
        <time>2023-03-01T12:45:54.000Z</time>
        <extensions>
          <ns3:TrackPointExtension>
            <ns3:hr>160</ns3:hr>
            <ns3:cad>61</ns3:cad>
          </ns3:TrackPointExtension>
        </extensions>
      </trkpt>
      <trkpt lat="23.183266259729862213134765625" lon="113.2671085931360721588134765625">
        <ele>7.599999904632568359375</ele>
        <time>2023-03-01T12:45:57.000Z</time>
        <extensions>
          <ns3:TrackPointExtension>
            <ns3:hr>160</ns3:hr>
            <ns3:cad>61</ns3:cad>
          </ns3:TrackPointExtension>
        </extensions>
      </trkpt>
      <trkpt lat="23.183219321072101593017578125" lon="113.26712946407496929168701171875">
        <ele>7.19999980926513671875</ele>
        <time>2023-03-01T12:46:03.000Z</time>
        <extensions>
          <ns3:TrackPointExtension>
            <ns3:hr>158</ns3:hr>
            <ns3:cad>60</ns3:cad>
          </ns3:TrackPointExtension>
        </extensions>
      </trkpt>
      <trkpt lat="23.1831712089478969573974609375" lon="113.26713524758815765380859375">
        <ele>7.19999980926513671875</ele>
        <time>2023-03-01T12:46:07.000Z</time>
        <extensions>
          <ns3:TrackPointExtension>
            <ns3:hr>157</ns3:hr>
            <ns3:cad>57</ns3:cad>
          </ns3:TrackPointExtension>
        </extensions>
      </trkpt>
      <trkpt lat="23.18310155533254146575927734375" lon="113.2671193219721317291259765625">
        <ele>7.19999980926513671875</ele>
        <time>2023-03-01T12:46:14.000Z</time>
        <extensions>
          <ns3:TrackPointExtension>
            <ns3:hr>160</ns3:hr>
            <ns3:cad>57</ns3:cad>
          </ns3:TrackPointExtension>
        </extensions>
      </trkpt>
      <trkpt lat="23.18297691643238067626953125" lon="113.26706006191670894622802734375">
        <ele>7.80000019073486328125</ele>
        <time>2023-03-01T12:46:25.000Z</time>
        <extensions>
          <ns3:TrackPointExtension>
            <ns3:hr>157</ns3:hr>
            <ns3:cad>0</ns3:cad>
          </ns3:TrackPointExtension>
        </extensions>
      </trkpt>
      <trkpt lat="23.182973563671112060546875" lon="113.2670567929744720458984375">
        <ele>7.80000019073486328125</ele>
        <time>2023-03-01T12:46:26.000Z</time>
        <extensions>
          <ns3:TrackPointExtension>
            <ns3:hr>150</ns3:hr>
            <ns3:cad>0</ns3:cad>
          </ns3:TrackPointExtension>
        </extensions>
      </trkpt>
      <trkpt lat="23.18296995945274829864501953125" lon="113.26705469749867916107177734375">
        <ele>7.80000019073486328125</ele>
        <time>2023-03-01T12:46:27.000Z</time>
        <extensions>
          <ns3:TrackPointExtension>
            <ns3:hr>146</ns3:hr>
            <ns3:cad>0</ns3:cad>
          </ns3:TrackPointExtension>
        </extensions>
      </trkpt>
      <trkpt lat="23.1829630024731159210205078125" lon="113.267049752175807952880859375">
        <ele>7.80000019073486328125</ele>
        <time>2023-03-01T12:46:28.000Z</time>
        <extensions>
          <ns3:TrackPointExtension>
            <ns3:hr>142</ns3:hr>
            <ns3:cad>0</ns3:cad>
          </ns3:TrackPointExtension>
        </extensions>
      </trkpt>
      <trkpt lat="23.1829687021672725677490234375" lon="113.267047405242919921875">
        <ele>7.80000019073486328125</ele>
        <time>2023-03-01T12:46:29.000Z</time>
        <extensions>
          <ns3:TrackPointExtension>
            <ns3:hr>137</ns3:hr>
            <ns3:cad>0</ns3:cad>
          </ns3:TrackPointExtension>
        </extensions>
      </trkpt>
      <trkpt lat="23.18297230638563632965087890625" lon="113.26704530976712703704833984375">
        <ele>7.80000019073486328125</ele>
        <time>2023-03-01T12:46:30.000Z</time>
        <extensions>
          <ns3:TrackPointExtension>
            <ns3:hr>137</ns3:hr>
            <ns3:cad>61</ns3:cad>
          </ns3:TrackPointExtension>
        </extensions>
      </trkpt>
      <trkpt lat="23.18296057172119617462158203125" lon="113.26704095117747783660888671875">
        <ele>7.80000019073486328125</ele>
        <time>2023-03-01T12:46:33.000Z</time>
        <extensions>
          <ns3:TrackPointExtension>
            <ns3:hr>140</ns3:hr>
            <ns3:cad>61</ns3:cad>
          </ns3:TrackPointExtension>
        </extensions>
      </trkpt>
      <trkpt lat="23.18292117677628993988037109375" lon="113.267023265361785888671875">
        <ele>7.400000095367431640625</ele>
        <time>2023-03-01T12:46:36.000Z</time>
        <extensions>
          <ns3:TrackPointExtension>
            <ns3:hr>142</ns3:hr>
            <ns3:cad>81</ns3:cad>
          </ns3:TrackPointExtension>
        </extensions>
      </trkpt>
      <trkpt lat="23.1828550435602664947509765625" lon="113.26699166558682918548583984375">
        <ele>7</ele>
        <time>2023-03-01T12:46:40.000Z</time>
        <extensions>
          <ns3:TrackPointExtension>
            <ns3:hr>139</ns3:hr>
            <ns3:cad>83</ns3:cad>
          </ns3:TrackPointExtension>
        </extensions>
      </trkpt>
      <trkpt lat="23.182800225913524627685546875" lon="113.26695042662322521209716796875">
        <ele>6.599999904632568359375</ele>
        <time>2023-03-01T12:46:45.000Z</time>
        <extensions>
          <ns3:TrackPointExtension>
            <ns3:hr>136</ns3:hr>
            <ns3:cad>83</ns3:cad>
          </ns3:TrackPointExtension>
        </extensions>
      </trkpt>
      <trkpt lat="23.182770721614360809326171875" lon="113.26691589318215847015380859375">
        <ele>6.599999904632568359375</ele>
        <time>2023-03-01T12:46:48.000Z</time>
        <extensions>
          <ns3:TrackPointExtension>
            <ns3:hr>133</ns3:hr>
            <ns3:cad>70</ns3:cad>
          </ns3:TrackPointExtension>
        </extensions>
      </trkpt>
      <trkpt lat="23.18262814544141292572021484375" lon="113.26674339361488819122314453125">
        <ele>5.80000019073486328125</ele>
        <time>2023-03-01T12:47:01.000Z</time>
        <extensions>
          <ns3:TrackPointExtension>
            <ns3:hr>135</ns3:hr>
            <ns3:cad>63</ns3:cad>
          </ns3:TrackPointExtension>
        </extensions>
      </trkpt>
      <trkpt lat="23.18260886706411838531494140625" lon="113.26672294177114963531494140625">
        <ele>5.80000019073486328125</ele>
        <time>2023-03-01T12:47:02.000Z</time>
        <extensions>
          <ns3:TrackPointExtension>
            <ns3:hr>135</ns3:hr>
            <ns3:cad>62</ns3:cad>
          </ns3:TrackPointExtension>
        </extensions>
      </trkpt>
      <trkpt lat="23.18259864114224910736083984375" lon="113.26670718379318714141845703125">
        <ele>5.80000019073486328125</ele>
        <time>2023-03-01T12:47:04.000Z</time>
        <extensions>
          <ns3:TrackPointExtension>
            <ns3:hr>134</ns3:hr>
            <ns3:cad>62</ns3:cad>
          </ns3:TrackPointExtension>
        </extensions>
      </trkpt>
      <trkpt lat="23.1825804524123668670654296875" lon="113.266684971749782562255859375">
        <ele>5.599999904632568359375</ele>
        <time>2023-03-01T12:47:07.000Z</time>
        <extensions>
          <ns3:TrackPointExtension>
            <ns3:hr>133</ns3:hr>
            <ns3:cad>62</ns3:cad>
          </ns3:TrackPointExtension>
        </extensions>
      </trkpt>
      <trkpt lat="23.18256561644375324249267578125" lon="113.26669109053909778594970703125">
        <ele>5.80000019073486328125</ele>
        <time>2023-03-01T12:47:10.000Z</time>
        <extensions>
          <ns3:TrackPointExtension>
            <ns3:hr>132</ns3:hr>
            <ns3:cad>0</ns3:cad>
          </ns3:TrackPointExtension>
        </extensions>
      </trkpt>
      <trkpt lat="23.1825323402881622314453125" lon="113.26667382381856441497802734375">
        <ele>5.80000019073486328125</ele>
        <time>2023-03-01T12:47:13.000Z</time>
        <extensions>
          <ns3:TrackPointExtension>
            <ns3:hr>132</ns3:hr>
            <ns3:cad>0</ns3:cad>
          </ns3:TrackPointExtension>
        </extensions>
      </trkpt>
      <trkpt lat="23.1823819689452648162841796875" lon="113.26655748300254344940185546875">
        <ele>6.400000095367431640625</ele>
        <time>2023-03-01T12:47:26.000Z</time>
        <extensions>
          <ns3:TrackPointExtension>
            <ns3:hr>132</ns3:hr>
            <ns3:cad>61</ns3:cad>
          </ns3:TrackPointExtension>
        </extensions>
      </trkpt>
      <trkpt lat="23.18220653571188449859619140625" lon="113.2664712332189083099365234375">
        <ele>8.3999996185302734375</ele>
        <time>2023-03-01T12:47:39.000Z</time>
        <extensions>
          <ns3:TrackPointExtension>
            <ns3:hr>131</ns3:hr>
            <ns3:cad>62</ns3:cad>
          </ns3:TrackPointExtension>
        </extensions>
      </trkpt>
      <trkpt lat="23.18212690763175487518310546875" lon="113.2664286531507968902587890625">
        <ele>9.3999996185302734375</ele>
        <time>2023-03-01T12:47:48.000Z</time>
        <extensions>
          <ns3:TrackPointExtension>
            <ns3:hr>128</ns3:hr>
            <ns3:cad>59</ns3:cad>
          </ns3:TrackPointExtension>
        </extensions>
      </trkpt>
      <trkpt lat="23.18210746161639690399169921875" lon="113.26643141917884349822998046875">
        <ele>9.6000003814697265625</ele>
        <time>2023-03-01T12:47:51.000Z</time>
        <extensions>
          <ns3:TrackPointExtension>
            <ns3:hr>126</ns3:hr>
            <ns3:cad>58</ns3:cad>
          </ns3:TrackPointExtension>
        </extensions>
      </trkpt>
      <trkpt lat="23.18205197341740131378173828125" lon="113.26644181273877620697021484375">
        <ele>10</ele>
        <time>2023-03-01T12:47:56.000Z</time>
        <extensions>
          <ns3:TrackPointExtension>
            <ns3:hr>123</ns3:hr>
            <ns3:cad>0</ns3:cad>
          </ns3:TrackPointExtension>
        </extensions>
      </trkpt>
      <trkpt lat="23.18203370086848735809326171875" lon="113.26644189655780792236328125">
        <ele>10.19999980926513671875</ele>
        <time>2023-03-01T12:47:57.000Z</time>
        <extensions>
          <ns3:TrackPointExtension>
            <ns3:hr>124</ns3:hr>
            <ns3:cad>0</ns3:cad>
          </ns3:TrackPointExtension>
        </extensions>
      </trkpt>
      <trkpt lat="23.18186271004378795623779296875" lon="113.2663659565150737762451171875">
        <ele>11.19999980926513671875</ele>
        <time>2023-03-01T12:48:11.000Z</time>
        <extensions>
          <ns3:TrackPointExtension>
            <ns3:hr>123</ns3:hr>
            <ns3:cad>63</ns3:cad>
          </ns3:TrackPointExtension>
        </extensions>
      </trkpt>
      <trkpt lat="23.18180822767317295074462890625" lon="113.26631843112409114837646484375">
        <ele>11</ele>
        <time>2023-03-01T12:48:15.000Z</time>
        <extensions>
          <ns3:TrackPointExtension>
            <ns3:hr>127</ns3:hr>
            <ns3:cad>58</ns3:cad>
          </ns3:TrackPointExtension>
        </extensions>
      </trkpt>
      <trkpt lat="23.18170395679771900177001953125" lon="113.2661771960556507110595703125">
        <ele>10.3999996185302734375</ele>
        <time>2023-03-01T12:48:26.000Z</time>
        <extensions>
          <ns3:TrackPointExtension>
            <ns3:hr>122</ns3:hr>
            <ns3:cad>61</ns3:cad>
          </ns3:TrackPointExtension>
        </extensions>
      </trkpt>
      <trkpt lat="23.18152793683111667633056640625" lon="113.26611424796283245086669921875">
        <ele>9.80000019073486328125</ele>
        <time>2023-03-01T12:48:41.000Z</time>
        <extensions>
          <ns3:TrackPointExtension>
            <ns3:hr>124</ns3:hr>
            <ns3:cad>63</ns3:cad>
          </ns3:TrackPointExtension>
        </extensions>
      </trkpt>
      <trkpt lat="23.18150170147418975830078125" lon="113.26609329320490360260009765625">
        <ele>9.3999996185302734375</ele>
        <time>2023-03-01T12:48:45.000Z</time>
        <extensions>
          <ns3:TrackPointExtension>
            <ns3:hr>121</ns3:hr>
            <ns3:cad>59</ns3:cad>
          </ns3:TrackPointExtension>
        </extensions>
      </trkpt>
      <trkpt lat="23.18147513084113597869873046875" lon="113.26606932096183300018310546875">
        <ele>9</ele>
        <time>2023-03-01T12:48:48.000Z</time>
        <extensions>
          <ns3:TrackPointExtension>
            <ns3:hr>122</ns3:hr>
            <ns3:cad>59</ns3:cad>
          </ns3:TrackPointExtension>
        </extensions>
      </trkpt>
      <trkpt lat="23.181398101150989532470703125" lon="113.2659948058426380157470703125">
        <ele>8.6000003814697265625</ele>
        <time>2023-03-01T12:48:56.000Z</time>
        <extensions>
          <ns3:TrackPointExtension>
            <ns3:hr>124</ns3:hr>
            <ns3:cad>61</ns3:cad>
          </ns3:TrackPointExtension>
        </extensions>
      </trkpt>
      <trkpt lat="23.1813628971576690673828125" lon="113.26595884747803211212158203125">
        <ele>8.6000003814697265625</ele>
        <time>2023-03-01T12:48:59.000Z</time>
        <extensions>
          <ns3:TrackPointExtension>
            <ns3:hr>124</ns3:hr>
            <ns3:cad>62</ns3:cad>
          </ns3:TrackPointExtension>
        </extensions>
      </trkpt>
      <trkpt lat="23.181184865534305572509765625" lon="113.2658814825117588043212890625">
        <ele>9.19999980926513671875</ele>
        <time>2023-03-01T12:49:11.000Z</time>
        <extensions>
          <ns3:TrackPointExtension>
            <ns3:hr>122</ns3:hr>
            <ns3:cad>61</ns3:cad>
          </ns3:TrackPointExtension>
        </extensions>
      </trkpt>
      <trkpt lat="23.18116449750959873199462890625" lon="113.26585474424064159393310546875">
        <ele>9.6000003814697265625</ele>
        <time>2023-03-01T12:49:16.000Z</time>
        <extensions>
          <ns3:TrackPointExtension>
            <ns3:hr>122</ns3:hr>
            <ns3:cad>61</ns3:cad>
          </ns3:TrackPointExtension>
        </extensions>
      </trkpt>
      <trkpt lat="23.18101353943347930908203125" lon="113.26583446003496646881103515625">
        <ele>10.80000019073486328125</ele>
        <time>2023-03-01T12:49:29.000Z</time>
        <extensions>
          <ns3:TrackPointExtension>
            <ns3:hr>122</ns3:hr>
            <ns3:cad>61</ns3:cad>
          </ns3:TrackPointExtension>
        </extensions>
      </trkpt>
      <trkpt lat="23.18099183030426502227783203125" lon="113.265821635723114013671875">
        <ele>11</ele>
        <time>2023-03-01T12:49:31.000Z</time>
        <extensions>
          <ns3:TrackPointExtension>
            <ns3:hr>122</ns3:hr>
            <ns3:cad>62</ns3:cad>
          </ns3:TrackPointExtension>
        </extensions>
      </trkpt>
      <trkpt lat="23.18086023442447185516357421875" lon="113.265690542757511138916015625">
        <ele>12.3999996185302734375</ele>
        <time>2023-03-01T12:49:51.000Z</time>
        <extensions>
          <ns3:TrackPointExtension>
            <ns3:hr>120</ns3:hr>
            <ns3:cad>63</ns3:cad>
          </ns3:TrackPointExtension>
        </extensions>
      </trkpt>
      <trkpt lat="23.180734254419803619384765625" lon="113.26556037180125713348388671875">
        <ele>13.80000019073486328125</ele>
        <time>2023-03-01T12:50:05.000Z</time>
        <extensions>
          <ns3:TrackPointExtension>
            <ns3:hr>120</ns3:hr>
            <ns3:cad>60</ns3:cad>
          </ns3:TrackPointExtension>
        </extensions>
      </trkpt>
      <trkpt lat="23.180577345192432403564453125" lon="113.26550890691578388214111328125">
        <ele>14</ele>
        <time>2023-03-01T12:50:18.000Z</time>
        <extensions>
          <ns3:TrackPointExtension>
            <ns3:hr>117</ns3:hr>
            <ns3:cad>0</ns3:cad>
          </ns3:TrackPointExtension>
        </extensions>
      </trkpt>
      <trkpt lat="23.18051707930862903594970703125" lon="113.26548141427338123321533203125">
        <ele>14</ele>
        <time>2023-03-01T12:50:24.000Z</time>
        <extensions>
          <ns3:TrackPointExtension>
            <ns3:hr>119</ns3:hr>
            <ns3:cad>0</ns3:cad>
          </ns3:TrackPointExtension>
        </extensions>
      </trkpt>
      <trkpt lat="23.1804866530001163482666015625" lon="113.2654322125017642974853515625">
        <ele>14.19999980926513671875</ele>
        <time>2023-03-01T12:50:29.000Z</time>
        <extensions>
          <ns3:TrackPointExtension>
            <ns3:hr>120</ns3:hr>
            <ns3:cad>0</ns3:cad>
          </ns3:TrackPointExtension>
        </extensions>
      </trkpt>
      <trkpt lat="23.18045723251998424530029296875" lon="113.26538351364433765411376953125">
        <ele>14.3999996185302734375</ele>
        <time>2023-03-01T12:50:34.000Z</time>
        <extensions>
          <ns3:TrackPointExtension>
            <ns3:hr>121</ns3:hr>
            <ns3:cad>0</ns3:cad>
          </ns3:TrackPointExtension>
        </extensions>
      </trkpt>
      <trkpt lat="23.1804313324391841888427734375" lon="113.265329115092754364013671875">
        <ele>14.3999996185302734375</ele>
        <time>2023-03-01T12:50:39.000Z</time>
        <extensions>
          <ns3:TrackPointExtension>
            <ns3:hr>118</ns3:hr>
            <ns3:cad>58</ns3:cad>
          </ns3:TrackPointExtension>
        </extensions>
      </trkpt>
      <trkpt lat="23.18032211624085903167724609375" lon="113.26523398049175739288330078125">
        <ele>13.80000019073486328125</ele>
        <time>2023-03-01T12:50:55.000Z</time>
        <extensions>
          <ns3:TrackPointExtension>
            <ns3:hr>115</ns3:hr>
            <ns3:cad>60</ns3:cad>
          </ns3:TrackPointExtension>
        </extensions>
      </trkpt>
      <trkpt lat="23.18023561500012874603271484375" lon="113.265197016298770904541015625">
        <ele>13.3999996185302734375</ele>
        <time>2023-03-01T12:51:04.000Z</time>
        <extensions>
          <ns3:TrackPointExtension>
            <ns3:hr>118</ns3:hr>
            <ns3:cad>57</ns3:cad>
          </ns3:TrackPointExtension>
        </extensions>
      </trkpt>
      <trkpt lat="23.1801037676632404327392578125" lon="113.26506684534251689910888671875">
        <ele>12</ele>
        <time>2023-03-01T12:51:23.000Z</time>
        <extensions>
          <ns3:TrackPointExtension>
            <ns3:hr>117</ns3:hr>
            <ns3:cad>57</ns3:cad>
          </ns3:TrackPointExtension>
        </extensions>
      </trkpt>
      <trkpt lat="23.1799337826669216156005859375" lon="113.265015967190265655517578125">
        <ele>11</ele>
        <time>2023-03-01T12:51:38.000Z</time>
        <extensions>
          <ns3:TrackPointExtension>
            <ns3:hr>118</ns3:hr>
            <ns3:cad>61</ns3:cad>
          </ns3:TrackPointExtension>
        </extensions>
      </trkpt>
      <trkpt lat="23.17974879406392574310302734375" lon="113.26499350368976593017578125">
        <ele>11.3999996185302734375</ele>
        <time>2023-03-01T12:51:53.000Z</time>
        <extensions>
          <ns3:TrackPointExtension>
            <ns3:hr>116</ns3:hr>
            <ns3:cad>0</ns3:cad>
          </ns3:TrackPointExtension>
        </extensions>
      </trkpt>
      <trkpt lat="23.17964569665491580963134765625" lon="113.264823853969573974609375">
        <ele>9.80000019073486328125</ele>
        <time>2023-03-01T12:52:11.000Z</time>
        <extensions>
          <ns3:TrackPointExtension>
            <ns3:hr>117</ns3:hr>
            <ns3:cad>61</ns3:cad>
          </ns3:TrackPointExtension>
        </extensions>
      </trkpt>
      <trkpt lat="23.179523907601833343505859375" lon="113.26466887257993221282958984375">
        <ele>10.3999996185302734375</ele>
        <time>2023-03-01T12:52:28.000Z</time>
        <extensions>
          <ns3:TrackPointExtension>
            <ns3:hr>119</ns3:hr>
            <ns3:cad>0</ns3:cad>
          </ns3:TrackPointExtension>
        </extensions>
      </trkpt>
      <trkpt lat="23.17950387485325336456298828125" lon="113.26459326781332492828369140625">
        <ele>11.3999996185302734375</ele>
        <time>2023-03-01T12:52:36.000Z</time>
        <extensions>
          <ns3:TrackPointExtension>
            <ns3:hr>118</ns3:hr>
            <ns3:cad>61</ns3:cad>
          </ns3:TrackPointExtension>
        </extensions>
      </trkpt>
      <trkpt lat="23.1794878654181957244873046875" lon="113.2645891606807708740234375">
        <ele>11.80000019073486328125</ele>
        <time>2023-03-01T12:52:38.000Z</time>
        <extensions>
          <ns3:TrackPointExtension>
            <ns3:hr>119</ns3:hr>
            <ns3:cad>61</ns3:cad>
          </ns3:TrackPointExtension>
        </extensions>
      </trkpt>
      <trkpt lat="23.1794419325888156890869140625" lon="113.26460852287709712982177734375">
        <ele>12.6000003814697265625</ele>
        <time>2023-03-01T12:52:41.000Z</time>
        <extensions>
          <ns3:TrackPointExtension>
            <ns3:hr>120</ns3:hr>
            <ns3:cad>61</ns3:cad>
          </ns3:TrackPointExtension>
        </extensions>
      </trkpt>
      <trkpt lat="23.17941837944090366363525390625" lon="113.26460215263068675994873046875">
        <ele>13.19999980926513671875</ele>
        <time>2023-03-01T12:52:43.000Z</time>
        <extensions>
          <ns3:TrackPointExtension>
            <ns3:hr>120</ns3:hr>
            <ns3:cad>61</ns3:cad>
          </ns3:TrackPointExtension>
        </extensions>
      </trkpt>
      <trkpt lat="23.17935216240584850311279296875" lon="113.26458119787275791168212890625">
        <ele>14.80000019073486328125</ele>
        <time>2023-03-01T12:52:48.000Z</time>
        <extensions>
          <ns3:TrackPointExtension>
            <ns3:hr>119</ns3:hr>
            <ns3:cad>61</ns3:cad>
          </ns3:TrackPointExtension>
        </extensions>
      </trkpt>
      <trkpt lat="23.17920849658548831939697265625" lon="113.26454557478427886962890625">
        <ele>15</ele>
        <time>2023-03-01T12:53:00.000Z</time>
        <extensions>
          <ns3:TrackPointExtension>
            <ns3:hr>121</ns3:hr>
            <ns3:cad>0</ns3:cad>
          </ns3:TrackPointExtension>
        </extensions>
      </trkpt>
      <trkpt lat="23.17912836559116840362548828125" lon="113.26454398222267627716064453125">
        <ele>16</ele>
        <time>2023-03-01T12:53:03.000Z</time>
        <extensions>
          <ns3:TrackPointExtension>
            <ns3:hr>120</ns3:hr>
            <ns3:cad>0</ns3:cad>
          </ns3:TrackPointExtension>
        </extensions>
      </trkpt>
      <trkpt lat="23.1790382601320743560791015625" lon="113.2645893283188343048095703125">
        <ele>16.799999237060546875</ele>
        <time>2023-03-01T12:53:18.000Z</time>
        <extensions>
          <ns3:TrackPointExtension>
            <ns3:hr>117</ns3:hr>
            <ns3:cad>0</ns3:cad>
          </ns3:TrackPointExtension>
        </extensions>
      </trkpt>
      <trkpt lat="23.1790392659604549407958984375" lon="113.26458957977592945098876953125">
        <ele>16.799999237060546875</ele>
        <time>2023-03-01T12:53:19.000Z</time>
        <extensions>
          <ns3:TrackPointExtension>
            <ns3:hr>114</ns3:hr>
            <ns3:cad>0</ns3:cad>
          </ns3:TrackPointExtension>
        </extensions>
      </trkpt>
      <trkpt lat="23.17903985269367694854736328125" lon="113.26459159143269062042236328125">
        <ele>16.799999237060546875</ele>
        <time>2023-03-01T12:53:20.000Z</time>
        <extensions>
          <ns3:TrackPointExtension>
            <ns3:hr>111</ns3:hr>
            <ns3:cad>0</ns3:cad>
          </ns3:TrackPointExtension>
        </extensions>
      </trkpt>
      <trkpt lat="23.1790392659604549407958984375" lon="113.2645930163562297821044921875">
        <ele>16.799999237060546875</ele>
        <time>2023-03-01T12:53:21.000Z</time>
        <extensions>
          <ns3:TrackPointExtension>
            <ns3:hr>111</ns3:hr>
            <ns3:cad>0</ns3:cad>
          </ns3:TrackPointExtension>
        </extensions>
      </trkpt>
      <trkpt lat="23.17903884686529636383056640625" lon="113.26449033804237842559814453125">
        <ele>15.80000019073486328125</ele>
        <time>2023-03-01T12:53:41.000Z</time>
        <extensions>
          <ns3:TrackPointExtension>
            <ns3:hr>110</ns3:hr>
            <ns3:cad>61</ns3:cad>
          </ns3:TrackPointExtension>
        </extensions>
      </trkpt>
      <trkpt lat="23.179039098322391510009765625" lon="113.26446284539997577667236328125">
        <ele>15.3999996185302734375</ele>
        <time>2023-03-01T12:53:44.000Z</time>
        <extensions>
          <ns3:TrackPointExtension>
            <ns3:hr>109</ns3:hr>
            <ns3:cad>57</ns3:cad>
          </ns3:TrackPointExtension>
        </extensions>
      </trkpt>
      <trkpt lat="23.17902560345828533172607421875" lon="113.26443937607109546661376953125">
        <ele>15</ele>
        <time>2023-03-01T12:53:47.000Z</time>
        <extensions>
          <ns3:TrackPointExtension>
            <ns3:hr>108</ns3:hr>
            <ns3:cad>0</ns3:cad>
          </ns3:TrackPointExtension>
        </extensions>
      </trkpt>
      <trkpt lat="23.1790282018482685089111328125" lon="113.26442814432084560394287109375">
        <ele>15</ele>
        <time>2023-03-01T12:53:51.000Z</time>
        <extensions>
          <ns3:TrackPointExtension>
            <ns3:hr>111</ns3:hr>
            <ns3:cad>0</ns3:cad>
          </ns3:TrackPointExtension>
        </extensions>
      </trkpt>
      <trkpt lat="23.1790127791464328765869140625" lon="113.26443937607109546661376953125">
        <ele>15</ele>
        <time>2023-03-01T12:54:04.000Z</time>
        <extensions>
          <ns3:TrackPointExtension>
            <ns3:hr>114</ns3:hr>
            <ns3:cad>0</ns3:cad>
          </ns3:TrackPointExtension>
        </extensions>
      </trkpt>
      <trkpt lat="23.178995512425899505615234375" lon="113.26442395336925983428955078125">
        <ele>14.6000003814697265625</ele>
        <time>2023-03-01T12:54:18.000Z</time>
        <extensions>
          <ns3:TrackPointExtension>
            <ns3:hr>111</ns3:hr>
            <ns3:cad>64</ns3:cad>
          </ns3:TrackPointExtension>
        </extensions>
      </trkpt>
      <trkpt lat="23.17895486019551753997802734375" lon="113.2643965445458889007568359375">
        <ele>13.80000019073486328125</ele>
        <time>2023-03-01T12:54:26.000Z</time>
        <extensions>
          <ns3:TrackPointExtension>
            <ns3:hr>108</ns3:hr>
            <ns3:cad>63</ns3:cad>
          </ns3:TrackPointExtension>
        </extensions>
      </trkpt>
      <trkpt lat="23.1789145432412624359130859375" lon="113.26438941992819309234619140625">
        <ele>13.3999996185302734375</ele>
        <time>2023-03-01T12:54:34.000Z</time>
        <extensions>
          <ns3:TrackPointExtension>
            <ns3:hr>104</ns3:hr>
            <ns3:cad>57</ns3:cad>
          </ns3:TrackPointExtension>
        </extensions>
      </trkpt>
      <trkpt lat="23.1788991205394268035888671875" lon="113.26438489370048046112060546875">
        <ele>13.19999980926513671875</ele>
        <time>2023-03-01T12:54:37.000Z</time>
        <extensions>
          <ns3:TrackPointExtension>
            <ns3:hr>110</ns3:hr>
            <ns3:cad>55</ns3:cad>
          </ns3:TrackPointExtension>
        </extensions>
      </trkpt>
      <trkpt lat="23.178891241550445556640625" lon="113.26438061892986297607421875">
        <ele>13</ele>
        <time>2023-03-01T12:54:38.000Z</time>
        <extensions>
          <ns3:TrackPointExtension>
            <ns3:hr>110</ns3:hr>
            <ns3:cad>55</ns3:cad>
          </ns3:TrackPointExtension>
        </extensions>
      </trkpt>
      <trkpt lat="23.17884941585361957550048828125" lon="113.2643542997539043426513671875">
        <ele>12.19999980926513671875</ele>
        <time>2023-03-01T12:54:42.000Z</time>
        <extensions>
          <ns3:TrackPointExtension>
            <ns3:hr>111</ns3:hr>
            <ns3:cad>56</ns3:cad>
          </ns3:TrackPointExtension>
        </extensions>
      </trkpt>
      <trkpt lat="23.17883214913308620452880859375" lon="113.26435237191617488861083984375">
        <ele>12</ele>
        <time>2023-03-01T12:54:44.000Z</time>
        <extensions>
          <ns3:TrackPointExtension>
            <ns3:hr>114</ns3:hr>
            <ns3:cad>56</ns3:cad>
          </ns3:TrackPointExtension>
        </extensions>
      </trkpt>
      <trkpt lat="23.1788109429180622100830078125" lon="113.2643544673919677734375">
        <ele>11.80000019073486328125</ele>
        <time>2023-03-01T12:54:47.000Z</time>
        <extensions>
          <ns3:TrackPointExtension>
            <ns3:hr>114</ns3:hr>
            <ns3:cad>0</ns3:cad>
          </ns3:TrackPointExtension>
        </extensions>
      </trkpt>
      <trkpt lat="23.1787720508873462677001953125" lon="113.26434516347944736480712890625">
        <ele>11.3999996185302734375</ele>
        <time>2023-03-01T12:54:52.000Z</time>
        <extensions>
          <ns3:TrackPointExtension>
            <ns3:hr>116</ns3:hr>
            <ns3:cad>61</ns3:cad>
          </ns3:TrackPointExtension>
        </extensions>
      </trkpt>
      <trkpt lat="23.1787640042603015899658203125" lon="113.26433879323303699493408203125">
        <ele>11.19999980926513671875</ele>
        <time>2023-03-01T12:54:53.000Z</time>
        <extensions>
          <ns3:TrackPointExtension>
            <ns3:hr>114</ns3:hr>
            <ns3:cad>61</ns3:cad>
          </ns3:TrackPointExtension>
        </extensions>
      </trkpt>
      <trkpt lat="23.1787509284913539886474609375" lon="113.264331333339214324951171875">
        <ele>11.19999980926513671875</ele>
        <time>2023-03-01T12:54:54.000Z</time>
        <extensions>
          <ns3:TrackPointExtension>
            <ns3:hr>109</ns3:hr>
            <ns3:cad>61</ns3:cad>
          </ns3:TrackPointExtension>
        </extensions>
      </trkpt>
      <trkpt lat="23.17872402258217334747314453125" lon="113.26431490480899810791015625">
        <ele>10.80000019073486328125</ele>
        <time>2023-03-01T12:54:55.000Z</time>
        <extensions>
          <ns3:TrackPointExtension>
            <ns3:hr>108</ns3:hr>
            <ns3:cad>61</ns3:cad>
          </ns3:TrackPointExtension>
        </extensions>
      </trkpt>
      <trkpt lat="23.1787106953561305999755859375" lon="113.2643073610961437225341796875">
        <ele>10.6000003814697265625</ele>
        <time>2023-03-01T12:54:57.000Z</time>
        <extensions>
          <ns3:TrackPointExtension>
            <ns3:hr>112</ns3:hr>
            <ns3:cad>61</ns3:cad>
          </ns3:TrackPointExtension>
        </extensions>
      </trkpt>
      <trkpt lat="23.1786935962736606597900390625" lon="113.2642952911555767059326171875">
        <ele>10.3999996185302734375</ele>
        <time>2023-03-01T12:54:58.000Z</time>
        <extensions>
          <ns3:TrackPointExtension>
            <ns3:hr>116</ns3:hr>
            <ns3:cad>61</ns3:cad>
          </ns3:TrackPointExtension>
        </extensions>
      </trkpt>
      <trkpt lat="23.17868328653275966644287109375" lon="113.264290429651737213134765625">
        <ele>10.19999980926513671875</ele>
        <time>2023-03-01T12:55:00.000Z</time>
        <extensions>
          <ns3:TrackPointExtension>
            <ns3:hr>120</ns3:hr>
            <ns3:cad>61</ns3:cad>
          </ns3:TrackPointExtension>
        </extensions>
      </trkpt>
      <trkpt lat="23.17867356352508068084716796875" lon="113.26428581960499286651611328125">
        <ele>10</ele>
        <time>2023-03-01T12:55:01.000Z</time>
        <extensions>
          <ns3:TrackPointExtension>
            <ns3:hr>123</ns3:hr>
            <ns3:cad>61</ns3:cad>
          </ns3:TrackPointExtension>
        </extensions>
      </trkpt>
      <trkpt lat="23.17863701842725276947021484375" lon="113.26426302082836627960205078125">
        <ele>9.6000003814697265625</ele>
        <time>2023-03-01T12:55:04.000Z</time>
        <extensions>
          <ns3:TrackPointExtension>
            <ns3:hr>120</ns3:hr>
            <ns3:cad>61</ns3:cad>
          </ns3:TrackPointExtension>
        </extensions>
      </trkpt>
      <trkpt lat="23.178610615432262420654296875" lon="113.2642470113933086395263671875">
        <ele>9.19999980926513671875</ele>
        <time>2023-03-01T12:55:06.000Z</time>
        <extensions>
          <ns3:TrackPointExtension>
            <ns3:hr>117</ns3:hr>
            <ns3:cad>61</ns3:cad>
          </ns3:TrackPointExtension>
        </extensions>
      </trkpt>
      <trkpt lat="23.17852922715246677398681640625" lon="113.26419998891651630401611328125">
        <ele>8.19999980926513671875</ele>
        <time>2023-03-01T12:55:14.000Z</time>
        <extensions>
          <ns3:TrackPointExtension>
            <ns3:hr>116</ns3:hr>
            <ns3:cad>61</ns3:cad>
          </ns3:TrackPointExtension>
        </extensions>
      </trkpt>
      <trkpt lat="23.17852084524929523468017578125" lon="113.2642064429819583892822265625">
        <ele>8.19999980926513671875</ele>
        <time>2023-03-01T12:55:30.000Z</time>
        <extensions>
          <ns3:TrackPointExtension>
            <ns3:hr>109</ns3:hr>
            <ns3:cad>0</ns3:cad>
          </ns3:TrackPointExtension>
        </extensions>
      </trkpt>
      <trkpt lat="23.17852050997316837310791015625" lon="113.2642067782580852508544921875">
        <ele>8.19999980926513671875</ele>
        <time>2023-03-01T12:55:31.000Z</time>
        <extensions>
          <ns3:TrackPointExtension>
            <ns3:hr>110</ns3:hr>
            <ns3:cad>0</ns3:cad>
          </ns3:TrackPointExtension>
        </extensions>
      </trkpt>
      <trkpt lat="23.17853777669370174407958984375" lon="113.26420401223003864288330078125">
        <ele>8.19999980926513671875</ele>
        <time>2023-03-01T12:56:00.000Z</time>
        <extensions>
          <ns3:TrackPointExtension>
            <ns3:hr>107</ns3:hr>
            <ns3:cad>0</ns3:cad>
          </ns3:TrackPointExtension>
        </extensions>
      </trkpt>
      <trkpt lat="23.17852268926799297332763671875" lon="113.2642020843923091888427734375">
        <ele>8</ele>
        <time>2023-03-01T12:56:24.000Z</time>
        <extensions>
          <ns3:TrackPointExtension>
            <ns3:hr>104</ns3:hr>
            <ns3:cad>0</ns3:cad>
          </ns3:TrackPointExtension>
        </extensions>
      </trkpt>
      <trkpt lat="23.1784729845821857452392578125" lon="113.2641712389886379241943359375">
        <ele>8.19999980926513671875</ele>
        <time>2023-03-01T12:56:31.000Z</time>
        <extensions>
          <ns3:TrackPointExtension>
            <ns3:hr>101</ns3:hr>
            <ns3:cad>48</ns3:cad>
          </ns3:TrackPointExtension>
        </extensions>
      </trkpt>
      <trkpt lat="23.1783687137067317962646484375" lon="113.26411734335124492645263671875">
        <ele>8.19999980926513671875</ele>
        <time>2023-03-01T12:56:43.000Z</time>
        <extensions>
          <ns3:TrackPointExtension>
            <ns3:hr>104</ns3:hr>
            <ns3:cad>48</ns3:cad>
          </ns3:TrackPointExtension>
        </extensions>
      </trkpt>
      <trkpt lat="23.17835739813745021820068359375" lon="113.264106698334217071533203125">
        <ele>8.19999980926513671875</ele>
        <time>2023-03-01T12:56:46.000Z</time>
        <extensions>
          <ns3:TrackPointExtension>
            <ns3:hr>108</ns3:hr>
            <ns3:cad>48</ns3:cad>
          </ns3:TrackPointExtension>
        </extensions>
      </trkpt>
      <trkpt lat="23.17834683693945407867431640625" lon="113.26410108245909214019775390625">
        <ele>8.19999980926513671875</ele>
        <time>2023-03-01T12:56:52.000Z</time>
        <extensions>
          <ns3:TrackPointExtension>
            <ns3:hr>105</ns3:hr>
            <ns3:cad>0</ns3:cad>
          </ns3:TrackPointExtension>
        </extensions>
      </trkpt>
      <trkpt lat="23.17834566347301006317138671875" lon="113.264101333916187286376953125">
        <ele>8.19999980926513671875</ele>
        <time>2023-03-01T12:56:53.000Z</time>
        <extensions>
          <ns3:TrackPointExtension>
            <ns3:hr>108</ns3:hr>
            <ns3:cad>0</ns3:cad>
          </ns3:TrackPointExtension>
        </extensions>
      </trkpt>
      <trkpt lat="23.1783455796539783477783203125" lon="113.26410125009715557098388671875">
        <ele>8.19999980926513671875</ele>
        <time>2023-03-01T12:56:59.000Z</time>
        <extensions>
          <ns3:TrackPointExtension>
            <ns3:hr>111</ns3:hr>
            <ns3:cad>0</ns3:cad>
          </ns3:TrackPointExtension>
        </extensions>
      </trkpt>
      <trkpt lat="23.1783405505120754241943359375" lon="113.26409487985074520111083984375">
        <ele>8.3999996185302734375</ele>
        <time>2023-03-01T12:57:01.000Z</time>
        <extensions>
          <ns3:TrackPointExtension>
            <ns3:hr>116</ns3:hr>
            <ns3:cad>61</ns3:cad>
          </ns3:TrackPointExtension>
        </extensions>
      </trkpt>
      <trkpt lat="23.17833535373210906982421875" lon="113.26409219764173030853271484375">
        <ele>8.3999996185302734375</ele>
        <time>2023-03-01T12:57:03.000Z</time>
        <extensions>
          <ns3:TrackPointExtension>
            <ns3:hr>119</ns3:hr>
            <ns3:cad>0</ns3:cad>
          </ns3:TrackPointExtension>
        </extensions>
      </trkpt>
      <trkpt lat="23.17834683693945407867431640625" lon="113.26409722678363323211669921875">
        <ele>8.19999980926513671875</ele>
        <time>2023-03-01T12:57:05.000Z</time>
        <extensions>
          <ns3:TrackPointExtension>
            <ns3:hr>115</ns3:hr>
            <ns3:cad>61</ns3:cad>
          </ns3:TrackPointExtension>
        </extensions>
      </trkpt>
      <trkpt lat="23.1783519499003887176513671875" lon="113.26410141773521900177001953125">
        <ele>8.19999980926513671875</ele>
        <time>2023-03-01T12:57:16.000Z</time>
        <extensions>
          <ns3:TrackPointExtension>
            <ns3:hr>112</ns3:hr>
            <ns3:cad>0</ns3:cad>
          </ns3:TrackPointExtension>
        </extensions>
      </trkpt>
      <trkpt lat="23.17826050333678722381591796875" lon="113.26394735835492610931396484375">
        <ele>8.80000019073486328125</ele>
        <time>2023-03-01T12:57:37.000Z</time>
        <extensions>
          <ns3:TrackPointExtension>
            <ns3:hr>113</ns3:hr>
            <ns3:cad>55</ns3:cad>
          </ns3:TrackPointExtension>
        </extensions>
      </trkpt>
      <trkpt lat="23.17822077311575412750244140625" lon="113.26393403112888336181640625">
        <ele>9.19999980926513671875</ele>
        <time>2023-03-01T12:57:42.000Z</time>
        <extensions>
          <ns3:TrackPointExtension>
            <ns3:hr>113</ns3:hr>
            <ns3:cad>56</ns3:cad>
          </ns3:TrackPointExtension>
        </extensions>
      </trkpt>
      <trkpt lat="23.17818372510373592376708984375" lon="113.263932354748249053955078125">
        <ele>9.6000003814697265625</ele>
        <time>2023-03-01T12:57:46.000Z</time>
        <extensions>
          <ns3:TrackPointExtension>
            <ns3:hr>124</ns3:hr>
            <ns3:cad>60</ns3:cad>
          </ns3:TrackPointExtension>
        </extensions>
      </trkpt>
      <trkpt lat="23.17817651666700839996337890625" lon="113.26393210329115390777587890625">
        <ele>9.80000019073486328125</ele>
        <time>2023-03-01T12:57:47.000Z</time>
        <extensions>
          <ns3:TrackPointExtension>
            <ns3:hr>132</ns3:hr>
            <ns3:cad>60</ns3:cad>
          </ns3:TrackPointExtension>
        </extensions>
      </trkpt>
      <trkpt lat="23.1781615130603313446044921875" lon="113.2639308460056781768798828125">
        <ele>9.80000019073486328125</ele>
        <time>2023-03-01T12:57:48.000Z</time>
        <extensions>
          <ns3:TrackPointExtension>
            <ns3:hr>132</ns3:hr>
            <ns3:cad>60</ns3:cad>
          </ns3:TrackPointExtension>
        </extensions>
      </trkpt>
      <trkpt lat="23.1781588308513164520263671875" lon="113.2639288343489170074462890625">
        <ele>10</ele>
        <time>2023-03-01T12:57:50.000Z</time>
        <extensions>
          <ns3:TrackPointExtension>
            <ns3:hr>129</ns3:hr>
            <ns3:cad>58</ns3:cad>
          </ns3:TrackPointExtension>
        </extensions>
      </trkpt>
      <trkpt lat="23.17815103568136692047119140625" lon="113.2639227993786334991455078125">
        <ele>10</ele>
        <time>2023-03-01T12:57:51.000Z</time>
        <extensions>
          <ns3:TrackPointExtension>
            <ns3:hr>126</ns3:hr>
            <ns3:cad>58</ns3:cad>
          </ns3:TrackPointExtension>
        </extensions>
      </trkpt>
      <trkpt lat="23.17813393659889698028564453125" lon="113.2639150880277156829833984375">
        <ele>10.19999980926513671875</ele>
        <time>2023-03-01T12:57:52.000Z</time>
        <extensions>
          <ns3:TrackPointExtension>
            <ns3:hr>122</ns3:hr>
            <ns3:cad>53</ns3:cad>
          </ns3:TrackPointExtension>
        </extensions>
      </trkpt>
      <trkpt lat="23.17813393659889698028564453125" lon="113.2639150880277156829833984375">
        <ele>10.19999980926513671875</ele>
        <time>2023-03-01T12:57:53.000Z</time>
        <extensions>
          <ns3:TrackPointExtension>
            <ns3:hr>119</ns3:hr>
            <ns3:cad>53</ns3:cad>
          </ns3:TrackPointExtension>
        </extensions>
      </trkpt>
      <trkpt lat="23.17812086082994937896728515625" lon="113.263908885419368743896484375">
        <ele>10.3999996185302734375</ele>
        <time>2023-03-01T12:57:55.000Z</time>
        <extensions>
          <ns3:TrackPointExtension>
            <ns3:hr>122</ns3:hr>
            <ns3:cad>53</ns3:cad>
          </ns3:TrackPointExtension>
        </extensions>
      </trkpt>
      <trkpt lat="23.17811432294547557830810546875" lon="113.2639043591916561126708984375">
        <ele>10.3999996185302734375</ele>
        <time>2023-03-01T12:57:56.000Z</time>
        <extensions>
          <ns3:TrackPointExtension>
            <ns3:hr>126</ns3:hr>
            <ns3:cad>53</ns3:cad>
          </ns3:TrackPointExtension>
        </extensions>
      </trkpt>
      <trkpt lat="23.17810426466166973114013671875" lon="113.26389438472688198089599609375">
        <ele>10.6000003814697265625</ele>
        <time>2023-03-01T12:57:57.000Z</time>
        <extensions>
          <ns3:TrackPointExtension>
            <ns3:hr>126</ns3:hr>
            <ns3:cad>53</ns3:cad>
          </ns3:TrackPointExtension>
        </extensions>
      </trkpt>
      <trkpt lat="23.1780931167304515838623046875" lon="113.26388298533856868743896484375">
        <ele>10.6000003814697265625</ele>
        <time>2023-03-01T12:57:58.000Z</time>
        <extensions>
          <ns3:TrackPointExtension>
            <ns3:hr>126</ns3:hr>
            <ns3:cad>53</ns3:cad>
          </ns3:TrackPointExtension>
        </extensions>
      </trkpt>
      <trkpt lat="23.1780290789902210235595703125" lon="113.263847865164279937744140625">
        <ele>11.3999996185302734375</ele>
        <time>2023-03-01T12:58:04.000Z</time>
        <extensions>
          <ns3:TrackPointExtension>
            <ns3:hr>123</ns3:hr>
            <ns3:cad>61</ns3:cad>
          </ns3:TrackPointExtension>
        </extensions>
      </trkpt>
      <trkpt lat="23.17786286585032939910888671875" lon="113.263761699199676513671875">
        <ele>11.80000019073486328125</ele>
        <time>2023-03-01T12:58:19.000Z</time>
        <extensions>
          <ns3:TrackPointExtension>
            <ns3:hr>121</ns3:hr>
            <ns3:cad>63</ns3:cad>
          </ns3:TrackPointExtension>
        </extensions>
      </trkpt>
      <trkpt lat="23.17773361690342426300048828125" lon="113.26368232257664203643798828125">
        <ele>11.6000003814697265625</ele>
        <time>2023-03-01T12:58:31.000Z</time>
        <extensions>
          <ns3:TrackPointExtension>
            <ns3:hr>120</ns3:hr>
            <ns3:cad>49</ns3:cad>
          </ns3:TrackPointExtension>
        </extensions>
      </trkpt>
      <trkpt lat="23.1777142547070980072021484375" lon="113.26366103254258632659912109375">
        <ele>11.3999996185302734375</ele>
        <time>2023-03-01T12:58:34.000Z</time>
        <extensions>
          <ns3:TrackPointExtension>
            <ns3:hr>121</ns3:hr>
            <ns3:cad>49</ns3:cad>
          </ns3:TrackPointExtension>
        </extensions>
      </trkpt>
      <trkpt lat="23.17769254557788372039794921875" lon="113.2636482082307338714599609375">
        <ele>11.3999996185302734375</ele>
        <time>2023-03-01T12:58:36.000Z</time>
        <extensions>
          <ns3:TrackPointExtension>
            <ns3:hr>121</ns3:hr>
            <ns3:cad>49</ns3:cad>
          </ns3:TrackPointExtension>
        </extensions>
      </trkpt>
      <trkpt lat="23.17754150368273258209228515625" lon="113.26358727179467678070068359375">
        <ele>12.19999980926513671875</ele>
        <time>2023-03-01T12:58:54.000Z</time>
        <extensions>
          <ns3:TrackPointExtension>
            <ns3:hr>121</ns3:hr>
            <ns3:cad>55</ns3:cad>
          </ns3:TrackPointExtension>
        </extensions>
      </trkpt>
      <trkpt lat="23.17752993665635585784912109375" lon="113.2635741122066974639892578125">
        <ele>12.19999980926513671875</ele>
        <time>2023-03-01T12:58:57.000Z</time>
        <extensions>
          <ns3:TrackPointExtension>
            <ns3:hr>121</ns3:hr>
            <ns3:cad>55</ns3:cad>
          </ns3:TrackPointExtension>
        </extensions>
      </trkpt>
      <trkpt lat="23.177513591945171356201171875" lon="113.26355542056262493133544921875">
        <ele>12</ele>
        <time>2023-03-01T12:59:00.000Z</time>
        <extensions>
          <ns3:TrackPointExtension>
            <ns3:hr>121</ns3:hr>
            <ns3:cad>59</ns3:cad>
          </ns3:TrackPointExtension>
        </extensions>
      </trkpt>
      <trkpt lat="23.177388869225978851318359375" lon="113.26345852576196193695068359375">
        <ele>12.19999980926513671875</ele>
        <time>2023-03-01T12:59:17.000Z</time>
        <extensions>
          <ns3:TrackPointExtension>
            <ns3:hr>122</ns3:hr>
            <ns3:cad>49</ns3:cad>
          </ns3:TrackPointExtension>
        </extensions>
      </trkpt>
      <trkpt lat="23.177365399897098541259765625" lon="113.263445533812046051025390625">
        <ele>12.19999980926513671875</ele>
        <time>2023-03-01T12:59:20.000Z</time>
        <extensions>
          <ns3:TrackPointExtension>
            <ns3:hr>122</ns3:hr>
            <ns3:cad>49</ns3:cad>
          </ns3:TrackPointExtension>
        </extensions>
      </trkpt>
      <trkpt lat="23.17725953646004199981689453125" lon="113.263378478586673736572265625">
        <ele>11.19999980926513671875</ele>
        <time>2023-03-01T12:59:33.000Z</time>
        <extensions>
          <ns3:TrackPointExtension>
            <ns3:hr>119</ns3:hr>
            <ns3:cad>57</ns3:cad>
          </ns3:TrackPointExtension>
        </extensions>
      </trkpt>
      <trkpt lat="23.1770874559879302978515625" lon="113.2633097469806671142578125">
        <ele>9.6000003814697265625</ele>
        <time>2023-03-01T12:59:48.000Z</time>
        <extensions>
          <ns3:TrackPointExtension>
            <ns3:hr>121</ns3:hr>
            <ns3:cad>61</ns3:cad>
          </ns3:TrackPointExtension>
        </extensions>
      </trkpt>
      <trkpt lat="23.1769642420113086700439453125" lon="113.263268172740936279296875">
        <ele>8.19999980926513671875</ele>
        <time>2023-03-01T13:00:02.000Z</time>
        <extensions>
          <ns3:TrackPointExtension>
            <ns3:hr>121</ns3:hr>
            <ns3:cad>61</ns3:cad>
          </ns3:TrackPointExtension>
        </extensions>
      </trkpt>
      <trkpt lat="23.1769095920026302337646484375" lon="113.26324864290654659271240234375">
        <ele>7.599999904632568359375</ele>
        <time>2023-03-01T13:00:07.000Z</time>
        <extensions>
          <ns3:TrackPointExtension>
            <ns3:hr>121</ns3:hr>
            <ns3:cad>56</ns3:cad>
          </ns3:TrackPointExtension>
        </extensions>
      </trkpt>
      <trkpt lat="23.1768864579498767852783203125" lon="113.2632368244230747222900390625">
        <ele>7.400000095367431640625</ele>
        <time>2023-03-01T13:00:09.000Z</time>
        <extensions>
          <ns3:TrackPointExtension>
            <ns3:hr>121</ns3:hr>
            <ns3:cad>56</ns3:cad>
          </ns3:TrackPointExtension>
        </extensions>
      </trkpt>
      <trkpt lat="23.17674673162400722503662109375" lon="113.26314814388751983642578125">
        <ele>7.80000019073486328125</ele>
        <time>2023-03-01T13:00:23.000Z</time>
        <extensions>
          <ns3:TrackPointExtension>
            <ns3:hr>118</ns3:hr>
            <ns3:cad>57</ns3:cad>
          </ns3:TrackPointExtension>
        </extensions>
      </trkpt>
      <trkpt lat="23.1765796802937984466552734375" lon="113.2630564458668231964111328125">
        <ele>8.80000019073486328125</ele>
        <time>2023-03-01T13:00:39.000Z</time>
        <extensions>
          <ns3:TrackPointExtension>
            <ns3:hr>118</ns3:hr>
            <ns3:cad>57</ns3:cad>
          </ns3:TrackPointExtension>
        </extensions>
      </trkpt>
      <trkpt lat="23.17643878050148487091064453125" lon="113.26294370926916599273681640625">
        <ele>9</ele>
        <time>2023-03-01T13:01:01.000Z</time>
        <extensions>
          <ns3:TrackPointExtension>
            <ns3:hr>121</ns3:hr>
            <ns3:cad>58</ns3:cad>
          </ns3:TrackPointExtension>
        </extensions>
      </trkpt>
      <trkpt lat="23.1764385290443897247314453125" lon="113.26293733902275562286376953125">
        <ele>9</ele>
        <time>2023-03-01T13:01:03.000Z</time>
        <extensions>
          <ns3:TrackPointExtension>
            <ns3:hr>121</ns3:hr>
            <ns3:cad>0</ns3:cad>
          </ns3:TrackPointExtension>
        </extensions>
      </trkpt>
      <trkpt lat="23.17643056623637676239013671875" lon="113.26290406286716461181640625">
        <ele>9.3999996185302734375</ele>
        <time>2023-03-01T13:01:08.000Z</time>
        <extensions>
          <ns3:TrackPointExtension>
            <ns3:hr>121</ns3:hr>
            <ns3:cad>0</ns3:cad>
          </ns3:TrackPointExtension>
        </extensions>
      </trkpt>
      <trkpt lat="23.17632646299898624420166015625" lon="113.262734077870845794677734375">
        <ele>10.80000019073486328125</ele>
        <time>2023-03-01T13:01:27.000Z</time>
        <extensions>
          <ns3:TrackPointExtension>
            <ns3:hr>121</ns3:hr>
            <ns3:cad>0</ns3:cad>
          </ns3:TrackPointExtension>
        </extensions>
      </trkpt>
      <trkpt lat="23.17621565423905849456787109375" lon="113.2625746540725231170654296875">
        <ele>10.80000019073486328125</ele>
        <time>2023-03-01T13:01:46.000Z</time>
        <extensions>
          <ns3:TrackPointExtension>
            <ns3:hr>121</ns3:hr>
            <ns3:cad>51</ns3:cad>
          </ns3:TrackPointExtension>
        </extensions>
      </trkpt>
      <trkpt lat="23.17619218491017818450927734375" lon="113.2625587284564971923828125">
        <ele>10.6000003814697265625</ele>
        <time>2023-03-01T13:01:49.000Z</time>
        <extensions>
          <ns3:TrackPointExtension>
            <ns3:hr>121</ns3:hr>
            <ns3:cad>51</ns3:cad>
          </ns3:TrackPointExtension>
        </extensions>
      </trkpt>
      <trkpt lat="23.17615815438330173492431640625" lon="113.26254255138337612152099609375">
        <ele>10.3999996185302734375</ele>
        <time>2023-03-01T13:01:52.000Z</time>
        <extensions>
          <ns3:TrackPointExtension>
            <ns3:hr>121</ns3:hr>
            <ns3:cad>51</ns3:cad>
          </ns3:TrackPointExtension>
        </extensions>
      </trkpt>
      <trkpt lat="23.17599378526210784912109375" lon="113.2624499313533306121826171875">
        <ele>10.19999980926513671875</ele>
        <time>2023-03-01T13:02:12.000Z</time>
        <extensions>
          <ns3:TrackPointExtension>
            <ns3:hr>121</ns3:hr>
            <ns3:cad>58</ns3:cad>
          </ns3:TrackPointExtension>
        </extensions>
      </trkpt>
      <trkpt lat="23.175813071429729461669921875" lon="113.26240894384682178497314453125">
        <ele>10.80000019073486328125</ele>
        <time>2023-03-01T13:02:27.000Z</time>
        <extensions>
          <ns3:TrackPointExtension>
            <ns3:hr>122</ns3:hr>
            <ns3:cad>58</ns3:cad>
          </ns3:TrackPointExtension>
        </extensions>
      </trkpt>
      <trkpt lat="23.17561299540102481842041015625" lon="113.26242704875767230987548828125">
        <ele>10</ele>
        <time>2023-03-01T13:02:44.000Z</time>
        <extensions>
          <ns3:TrackPointExtension>
            <ns3:hr>120</ns3:hr>
            <ns3:cad>61</ns3:cad>
          </ns3:TrackPointExtension>
        </extensions>
      </trkpt>
      <trkpt lat="23.175541497766971588134765625" lon="113.26243911869823932647705078125">
        <ele>9</ele>
        <time>2023-03-01T13:02:50.000Z</time>
        <extensions>
          <ns3:TrackPointExtension>
            <ns3:hr>123</ns3:hr>
            <ns3:cad>44</ns3:cad>
          </ns3:TrackPointExtension>
        </extensions>
      </trkpt>
      <trkpt lat="23.17540965043008327484130859375" lon="113.26228505931794643402099609375">
        <ele>4.400000095367431640625</ele>
        <time>2023-03-01T13:03:07.000Z</time>
        <extensions>
          <ns3:TrackPointExtension>
            <ns3:hr>122</ns3:hr>
            <ns3:cad>61</ns3:cad>
          </ns3:TrackPointExtension>
        </extensions>
      </trkpt>
      <trkpt lat="23.17525777034461498260498046875" lon="113.26218523085117340087890625">
        <ele>1.2000000476837158203125</ele>
        <time>2023-03-01T13:03:20.000Z</time>
        <extensions>
          <ns3:TrackPointExtension>
            <ns3:hr>121</ns3:hr>
            <ns3:cad>81</ns3:cad>
          </ns3:TrackPointExtension>
        </extensions>
      </trkpt>
      <trkpt lat="23.1751812435686588287353515625" lon="113.26214038766920566558837890625">
        <ele>0.20000000298023223876953125</ele>
        <time>2023-03-01T13:03:27.000Z</time>
        <extensions>
          <ns3:TrackPointExtension>
            <ns3:hr>125</ns3:hr>
            <ns3:cad>65</ns3:cad>
          </ns3:TrackPointExtension>
        </extensions>
      </trkpt>
      <trkpt lat="23.17512449808418750762939453125" lon="113.2620958797633647918701171875">
        <ele>1.60000002384185791015625</ele>
        <time>2023-03-01T13:03:32.000Z</time>
        <extensions>
          <ns3:TrackPointExtension>
            <ns3:hr>130</ns3:hr>
            <ns3:cad>63</ns3:cad>
          </ns3:TrackPointExtension>
        </extensions>
      </trkpt>
      <trkpt lat="23.17509884946048259735107421875" lon="113.2620670460164546966552734375">
        <ele>2.2000000476837158203125</ele>
        <time>2023-03-01T13:03:35.000Z</time>
        <extensions>
          <ns3:TrackPointExtension>
            <ns3:hr>134</ns3:hr>
            <ns3:cad>65</ns3:cad>
          </ns3:TrackPointExtension>
        </extensions>
      </trkpt>
      <trkpt lat="23.17505006678402423858642578125" lon="113.26199454255402088165283203125">
        <ele>3.599999904632568359375</ele>
        <time>2023-03-01T13:03:41.000Z</time>
        <extensions>
          <ns3:TrackPointExtension>
            <ns3:hr>130</ns3:hr>
            <ns3:cad>62</ns3:cad>
          </ns3:TrackPointExtension>
        </extensions>
      </trkpt>
      <trkpt lat="23.17502844147384166717529296875" lon="113.26196218840777873992919921875">
        <ele>4.19999980926513671875</ele>
        <time>2023-03-01T13:03:44.000Z</time>
        <extensions>
          <ns3:TrackPointExtension>
            <ns3:hr>128</ns3:hr>
            <ns3:cad>62</ns3:cad>
          </ns3:TrackPointExtension>
        </extensions>
      </trkpt>
      <trkpt lat="23.1750115938484668731689453125" lon="113.26196788810193538665771484375">
        <ele>4.599999904632568359375</ele>
        <time>2023-03-01T13:03:46.000Z</time>
        <extensions>
          <ns3:TrackPointExtension>
            <ns3:hr>129</ns3:hr>
            <ns3:cad>62</ns3:cad>
          </ns3:TrackPointExtension>
        </extensions>
      </trkpt>
      <trkpt lat="23.17499759607017040252685546875" lon="113.2619674690067768096923828125">
        <ele>4.80000019073486328125</ele>
        <time>2023-03-01T13:03:48.000Z</time>
        <extensions>
          <ns3:TrackPointExtension>
            <ns3:hr>130</ns3:hr>
            <ns3:cad>62</ns3:cad>
          </ns3:TrackPointExtension>
        </extensions>
      </trkpt>
      <trkpt lat="23.1749851070344448089599609375" lon="113.2619399763643741607666015625">
        <ele>5.19999980926513671875</ele>
        <time>2023-03-01T13:03:50.000Z</time>
        <extensions>
          <ns3:TrackPointExtension>
            <ns3:hr>130</ns3:hr>
            <ns3:cad>62</ns3:cad>
          </ns3:TrackPointExtension>
        </extensions>
      </trkpt>
      <trkpt lat="23.17493439652025699615478515625" lon="113.26192799024283885955810546875">
        <ele>6.400000095367431640625</ele>
        <time>2023-03-01T13:03:57.000Z</time>
        <extensions>
          <ns3:TrackPointExtension>
            <ns3:hr>129</ns3:hr>
            <ns3:cad>61</ns3:cad>
          </ns3:TrackPointExtension>
        </extensions>
      </trkpt>
      <trkpt lat="23.17479743622243404388427734375" lon="113.261776529252529144287109375">
        <ele>9</ele>
        <time>2023-03-01T13:04:11.000Z</time>
        <extensions>
          <ns3:TrackPointExtension>
            <ns3:hr>130</ns3:hr>
            <ns3:cad>62</ns3:cad>
          </ns3:TrackPointExtension>
        </extensions>
      </trkpt>
      <trkpt lat="23.17478251643478870391845703125" lon="113.26177393086254596710205078125">
        <ele>9.19999980926513671875</ele>
        <time>2023-03-01T13:04:13.000Z</time>
        <extensions>
          <ns3:TrackPointExtension>
            <ns3:hr>130</ns3:hr>
            <ns3:cad>63</ns3:cad>
          </ns3:TrackPointExtension>
        </extensions>
      </trkpt>
      <trkpt lat="23.17474479787051677703857421875" lon="113.261730931699275970458984375">
        <ele>10</ele>
        <time>2023-03-01T13:04:19.000Z</time>
        <extensions>
          <ns3:TrackPointExtension>
            <ns3:hr>128</ns3:hr>
            <ns3:cad>68</ns3:cad>
          </ns3:TrackPointExtension>
        </extensions>
      </trkpt>
      <trkpt lat="23.17471026442945003509521484375" lon="113.26168776489794254302978515625">
        <ele>10.6000003814697265625</ele>
        <time>2023-03-01T13:04:22.000Z</time>
        <extensions>
          <ns3:TrackPointExtension>
            <ns3:hr>127</ns3:hr>
            <ns3:cad>79</ns3:cad>
          </ns3:TrackPointExtension>
        </extensions>
      </trkpt>
      <trkpt lat="23.17470355890691280364990234375" lon="113.26162733137607574462890625">
        <ele>10.80000019073486328125</ele>
        <time>2023-03-01T13:04:25.000Z</time>
        <extensions>
          <ns3:TrackPointExtension>
            <ns3:hr>131</ns3:hr>
            <ns3:cad>79</ns3:cad>
          </ns3:TrackPointExtension>
        </extensions>
      </trkpt>
      <trkpt lat="23.17468092776834964752197265625" lon="113.26159355230629444122314453125">
        <ele>11</ele>
        <time>2023-03-01T13:04:26.000Z</time>
        <extensions>
          <ns3:TrackPointExtension>
            <ns3:hr>131</ns3:hr>
            <ns3:cad>79</ns3:cad>
          </ns3:TrackPointExtension>
        </extensions>
      </trkpt>
      <trkpt lat="23.17463583312928676605224609375" lon="113.26160327531397342681884765625">
        <ele>12</ele>
        <time>2023-03-01T13:04:31.000Z</time>
        <extensions>
          <ns3:TrackPointExtension>
            <ns3:hr>134</ns3:hr>
            <ns3:cad>0</ns3:cad>
          </ns3:TrackPointExtension>
        </extensions>
      </trkpt>
      <trkpt lat="23.1746287085115909576416015625" lon="113.261592797935009002685546875">
        <ele>12</ele>
        <time>2023-03-01T13:04:34.000Z</time>
        <extensions>
          <ns3:TrackPointExtension>
            <ns3:hr>130</ns3:hr>
            <ns3:cad>0</ns3:cad>
          </ns3:TrackPointExtension>
        </extensions>
      </trkpt>
      <trkpt lat="23.1746156327426433563232421875" lon="113.26162406243383884429931640625">
        <ele>12.19999980926513671875</ele>
        <time>2023-03-01T13:04:36.000Z</time>
        <extensions>
          <ns3:TrackPointExtension>
            <ns3:hr>130</ns3:hr>
            <ns3:cad>0</ns3:cad>
          </ns3:TrackPointExtension>
        </extensions>
      </trkpt>
      <trkpt lat="23.17459677346050739288330078125" lon="113.261624984443187713623046875">
        <ele>12.3999996185302734375</ele>
        <time>2023-03-01T13:04:39.000Z</time>
        <extensions>
          <ns3:TrackPointExtension>
            <ns3:hr>130</ns3:hr>
            <ns3:cad>61</ns3:cad>
          </ns3:TrackPointExtension>
        </extensions>
      </trkpt>
      <trkpt lat="23.17456006072461605072021484375" lon="113.2615560851991176605224609375">
        <ele>12.80000019073486328125</ele>
        <time>2023-03-01T13:04:43.000Z</time>
        <extensions>
          <ns3:TrackPointExtension>
            <ns3:hr>131</ns3:hr>
            <ns3:cad>65</ns3:cad>
          </ns3:TrackPointExtension>
        </extensions>
      </trkpt>
      <trkpt lat="23.17441941238939762115478515625" lon="113.26138149015605449676513671875">
        <ele>14.19999980926513671875</ele>
        <time>2023-03-01T13:05:03.000Z</time>
        <extensions>
          <ns3:TrackPointExtension>
            <ns3:hr>129</ns3:hr>
            <ns3:cad>61</ns3:cad>
          </ns3:TrackPointExtension>
        </extensions>
      </trkpt>
      <trkpt lat="23.17438152618706226348876953125" lon="113.26138584874570369720458984375">
        <ele>14.80000019073486328125</ele>
        <time>2023-03-01T13:05:07.000Z</time>
        <extensions>
          <ns3:TrackPointExtension>
            <ns3:hr>128</ns3:hr>
            <ns3:cad>57</ns3:cad>
          </ns3:TrackPointExtension>
        </extensions>
      </trkpt>
      <trkpt lat="23.17431229166686534881591796875" lon="113.26131979934871196746826171875">
        <ele>15.19999980926513671875</ele>
        <time>2023-03-01T13:05:13.000Z</time>
        <extensions>
          <ns3:TrackPointExtension>
            <ns3:hr>127</ns3:hr>
            <ns3:cad>61</ns3:cad>
          </ns3:TrackPointExtension>
        </extensions>
      </trkpt>
      <trkpt lat="23.174247331917285919189453125" lon="113.26127571053802967071533203125">
        <ele>15.6000003814697265625</ele>
        <time>2023-03-01T13:05:19.000Z</time>
        <extensions>
          <ns3:TrackPointExtension>
            <ns3:hr>127</ns3:hr>
            <ns3:cad>63</ns3:cad>
          </ns3:TrackPointExtension>
        </extensions>
      </trkpt>
      <trkpt lat="23.1742216832935810089111328125" lon="113.26125727035105228424072265625">
        <ele>15.80000019073486328125</ele>
        <time>2023-03-01T13:05:21.000Z</time>
        <extensions>
          <ns3:TrackPointExtension>
            <ns3:hr>127</ns3:hr>
            <ns3:cad>65</ns3:cad>
          </ns3:TrackPointExtension>
        </extensions>
      </trkpt>
      <trkpt lat="23.17408598028123378753662109375" lon="113.2612110860645771026611328125">
        <ele>16.3999996185302734375</ele>
        <time>2023-03-01T13:05:30.000Z</time>
        <extensions>
          <ns3:TrackPointExtension>
            <ns3:hr>127</ns3:hr>
            <ns3:cad>65</ns3:cad>
          </ns3:TrackPointExtension>
        </extensions>
      </trkpt>
      <trkpt lat="23.17400082014501094818115234375" lon="113.26116054318845272064208984375">
        <ele>17.6000003814697265625</ele>
        <time>2023-03-01T13:05:36.000Z</time>
        <extensions>
          <ns3:TrackPointExtension>
            <ns3:hr>126</ns3:hr>
            <ns3:cad>64</ns3:cad>
          </ns3:TrackPointExtension>
        </extensions>
      </trkpt>
      <trkpt lat="23.17390459589660167694091796875" lon="113.2610531710088253021240234375">
        <ele>19.3999996185302734375</ele>
        <time>2023-03-01T13:05:54.000Z</time>
        <extensions>
          <ns3:TrackPointExtension>
            <ns3:hr>125</ns3:hr>
            <ns3:cad>0</ns3:cad>
          </ns3:TrackPointExtension>
        </extensions>
      </trkpt>
      <trkpt lat="23.173823542892932891845703125" lon="113.2609995268285274505615234375">
        <ele>19.6000003814697265625</ele>
        <time>2023-03-01T13:06:05.000Z</time>
        <extensions>
          <ns3:TrackPointExtension>
            <ns3:hr>125</ns3:hr>
            <ns3:cad>0</ns3:cad>
          </ns3:TrackPointExtension>
        </extensions>
      </trkpt>
      <trkpt lat="23.1738030910491943359375" lon="113.26100816018879413604736328125">
        <ele>20.200000762939453125</ele>
        <time>2023-03-01T13:06:09.000Z</time>
        <extensions>
          <ns3:TrackPointExtension>
            <ns3:hr>124</ns3:hr>
            <ns3:cad>0</ns3:cad>
          </ns3:TrackPointExtension>
        </extensions>
      </trkpt>
      <trkpt lat="23.1737261451780796051025390625" lon="113.26107680797576904296875">
        <ele>19.200000762939453125</ele>
        <time>2023-03-01T13:06:21.000Z</time>
        <extensions>
          <ns3:TrackPointExtension>
            <ns3:hr>122</ns3:hr>
            <ns3:cad>61</ns3:cad>
          </ns3:TrackPointExtension>
        </extensions>
      </trkpt>
      <trkpt lat="23.1736788712441921234130859375" lon="113.26109617017209529876708984375">
        <ele>18.200000762939453125</ele>
        <time>2023-03-01T13:06:26.000Z</time>
        <extensions>
          <ns3:TrackPointExtension>
            <ns3:hr>122</ns3:hr>
            <ns3:cad>61</ns3:cad>
          </ns3:TrackPointExtension>
        </extensions>
      </trkpt>
      <trkpt lat="23.1736300885677337646484375" lon="113.2609059847891330718994140625">
        <ele>15</ele>
        <time>2023-03-01T13:06:47.000Z</time>
        <extensions>
          <ns3:TrackPointExtension>
            <ns3:hr>121</ns3:hr>
            <ns3:cad>59</ns3:cad>
          </ns3:TrackPointExtension>
        </extensions>
      </trkpt>
      <trkpt lat="23.17363888956606388092041015625" lon="113.2608714513480663299560546875">
        <ele>14.3999996185302734375</ele>
        <time>2023-03-01T13:06:52.000Z</time>
        <extensions>
          <ns3:TrackPointExtension>
            <ns3:hr>120</ns3:hr>
            <ns3:cad>0</ns3:cad>
          </ns3:TrackPointExtension>
        </extensions>
      </trkpt>
      <trkpt lat="23.17364911548793315887451171875" lon="113.26081654988229274749755859375">
        <ele>13.3999996185302734375</ele>
        <time>2023-03-01T13:07:00.000Z</time>
        <extensions>
          <ns3:TrackPointExtension>
            <ns3:hr>118</ns3:hr>
            <ns3:cad>63</ns3:cad>
          </ns3:TrackPointExtension>
        </extensions>
      </trkpt>
      <trkpt lat="23.173676691949367523193359375" lon="113.26078570447862148284912109375">
        <ele>13.19999980926513671875</ele>
        <time>2023-03-01T13:07:04.000Z</time>
        <extensions>
          <ns3:TrackPointExtension>
            <ns3:hr>112</ns3:hr>
            <ns3:cad>0</ns3:cad>
          </ns3:TrackPointExtension>
        </extensions>
      </trkpt>
      <trkpt lat="23.1736604310572147369384765625" lon="113.26075502671301364898681640625">
        <ele>12.3999996185302734375</ele>
        <time>2023-03-01T13:07:05.000Z</time>
        <extensions>
          <ns3:TrackPointExtension>
            <ns3:hr>109</ns3:hr>
            <ns3:cad>0</ns3:cad>
          </ns3:TrackPointExtension>
        </extensions>
      </trkpt>
      <trkpt lat="23.1736604310572147369384765625" lon="113.26075502671301364898681640625">
        <ele>12.3999996185302734375</ele>
        <time>2023-03-01T13:07:06.000Z</time>
        <extensions>
          <ns3:TrackPointExtension>
            <ns3:hr>109</ns3:hr>
            <ns3:cad>60</ns3:cad>
          </ns3:TrackPointExtension>
        </extensions>
      </trkpt>
      <trkpt lat="23.17364224232733249664306640625" lon="113.26054916717112064361572265625">
        <ele>10.19999980926513671875</ele>
        <time>2023-03-01T13:07:19.000Z</time>
        <extensions>
          <ns3:TrackPointExtension>
            <ns3:hr>109</ns3:hr>
            <ns3:cad>61</ns3:cad>
          </ns3:TrackPointExtension>
        </extensions>
      </trkpt>
      <trkpt lat="23.17360100336372852325439453125" lon="113.2604469917714595794677734375">
        <ele>9.6000003814697265625</ele>
        <time>2023-03-01T13:07:26.000Z</time>
        <extensions>
          <ns3:TrackPointExtension>
            <ns3:hr>112</ns3:hr>
            <ns3:cad>58</ns3:cad>
          </ns3:TrackPointExtension>
        </extensions>
      </trkpt>
      <trkpt lat="23.1736128218472003936767578125" lon="113.26036325655877590179443359375">
        <ele>11.19999980926513671875</ele>
        <time>2023-03-01T13:07:36.000Z</time>
        <extensions>
          <ns3:TrackPointExtension>
            <ns3:hr>114</ns3:hr>
            <ns3:cad>0</ns3:cad>
          </ns3:TrackPointExtension>
        </extensions>
      </trkpt>
      <trkpt lat="23.173607289791107177734375" lon="113.2603541202843189239501953125">
        <ele>11.19999980926513671875</ele>
        <time>2023-03-01T13:07:38.000Z</time>
        <extensions>
          <ns3:TrackPointExtension>
            <ns3:hr>114</ns3:hr>
            <ns3:cad>0</ns3:cad>
          </ns3:TrackPointExtension>
        </extensions>
      </trkpt>
      <trkpt lat="23.1736054457724094390869140625" lon="113.2603842951357364654541015625">
        <ele>10.6000003814697265625</ele>
        <time>2023-03-01T13:08:04.000Z</time>
        <extensions>
          <ns3:TrackPointExtension>
            <ns3:hr>107</ns3:hr>
            <ns3:cad>61</ns3:cad>
          </ns3:TrackPointExtension>
        </extensions>
      </trkpt>
      <trkpt lat="23.1736332736909389495849609375" lon="113.26034791767597198486328125">
        <ele>11.80000019073486328125</ele>
        <time>2023-03-01T13:08:09.000Z</time>
        <extensions>
          <ns3:TrackPointExtension>
            <ns3:hr>107</ns3:hr>
            <ns3:cad>0</ns3:cad>
          </ns3:TrackPointExtension>
        </extensions>
      </trkpt>
      <trkpt lat="23.17370829172432422637939453125" lon="113.260251022875308990478515625">
        <ele>13.6000003814697265625</ele>
        <time>2023-03-01T13:08:25.000Z</time>
        <extensions>
          <ns3:TrackPointExtension>
            <ns3:hr>104</ns3:hr>
            <ns3:cad>61</ns3:cad>
          </ns3:TrackPointExtension>
        </extensions>
      </trkpt>
      <trkpt lat="23.17376914434134960174560546875" lon="113.26015940867364406585693359375">
        <ele>15.3999996185302734375</ele>
        <time>2023-03-01T13:08:32.000Z</time>
        <extensions>
          <ns3:TrackPointExtension>
            <ns3:hr>107</ns3:hr>
            <ns3:cad>61</ns3:cad>
          </ns3:TrackPointExtension>
        </extensions>
      </trkpt>
      <trkpt lat="23.17377434112131595611572265625" lon="113.260074667632579803466796875">
        <ele>16</ele>
        <time>2023-03-01T13:08:41.000Z</time>
        <extensions>
          <ns3:TrackPointExtension>
            <ns3:hr>110</ns3:hr>
            <ns3:cad>59</ns3:cad>
          </ns3:TrackPointExtension>
        </extensions>
      </trkpt>
      <trkpt lat="23.173696137964725494384765625" lon="113.25997031293809413909912109375">
        <ele>16.799999237060546875</ele>
        <time>2023-03-01T13:08:47.000Z</time>
        <extensions>
          <ns3:TrackPointExtension>
            <ns3:hr>113</ns3:hr>
            <ns3:cad>62</ns3:cad>
          </ns3:TrackPointExtension>
        </extensions>
      </trkpt>
      <trkpt lat="23.1736285798251628875732421875" lon="113.25986822135746479034423828125">
        <ele>16.799999237060546875</ele>
        <time>2023-03-01T13:08:49.000Z</time>
        <extensions>
          <ns3:TrackPointExtension>
            <ns3:hr>116</ns3:hr>
            <ns3:cad>61</ns3:cad>
          </ns3:TrackPointExtension>
        </extensions>
      </trkpt>
      <trkpt lat="23.17375690676271915435791015625" lon="113.25975372456014156341552734375">
        <ele>15.3999996185302734375</ele>
        <time>2023-03-01T13:08:54.000Z</time>
        <extensions>
          <ns3:TrackPointExtension>
            <ns3:hr>113</ns3:hr>
            <ns3:cad>0</ns3:cad>
          </ns3:TrackPointExtension>
        </extensions>
      </trkpt>
      <trkpt lat="23.1738210283219814300537109375" lon="113.25974584557116031646728515625">
        <ele>15</ele>
        <time>2023-03-01T13:08:56.000Z</time>
        <extensions>
          <ns3:TrackPointExtension>
            <ns3:hr>113</ns3:hr>
            <ns3:cad>0</ns3:cad>
          </ns3:TrackPointExtension>
        </extensions>
      </trkpt>
      <trkpt lat="23.1738500297069549560546875" lon="113.25973637402057647705078125">
        <ele>14.80000019073486328125</ele>
        <time>2023-03-01T13:08:57.000Z</time>
        <extensions>
          <ns3:TrackPointExtension>
            <ns3:hr>116</ns3:hr>
            <ns3:cad>0</ns3:cad>
          </ns3:TrackPointExtension>
        </extensions>
      </trkpt>
      <trkpt lat="23.17404306493699550628662109375" lon="113.259620703756809234619140625">
        <ele>8.3999996185302734375</ele>
        <time>2023-03-01T13:09:03.000Z</time>
        <extensions>
          <ns3:TrackPointExtension>
            <ns3:hr>115</ns3:hr>
            <ns3:cad>0</ns3:cad>
          </ns3:TrackPointExtension>
        </extensions>
      </trkpt>
      <trkpt lat="23.1740848906338214874267578125" lon="113.25961793772876262664794921875">
        <ele>8.19999980926513671875</ele>
        <time>2023-03-01T13:09:07.000Z</time>
        <extensions>
          <ns3:TrackPointExtension>
            <ns3:hr>114</ns3:hr>
            <ns3:cad>0</ns3:cad>
          </ns3:TrackPointExtension>
        </extensions>
      </trkpt>
      <trkpt lat="23.17429804243147373199462890625" lon="113.25969404540956020355224609375">
        <ele>9</ele>
        <time>2023-03-01T13:09:24.000Z</time>
        <extensions>
          <ns3:TrackPointExtension>
            <ns3:hr>111</ns3:hr>
            <ns3:cad>61</ns3:cad>
          </ns3:TrackPointExtension>
        </extensions>
      </trkpt>
      <trkpt lat="23.174313046038150787353515625" lon="113.2596909441053867340087890625">
        <ele>9</ele>
        <time>2023-03-01T13:09:32.000Z</time>
        <extensions>
          <ns3:TrackPointExtension>
            <ns3:hr>108</ns3:hr>
            <ns3:cad>58</ns3:cad>
          </ns3:TrackPointExtension>
        </extensions>
      </trkpt>
      <trkpt lat="23.1742749921977519989013671875" lon="113.25971919111907482147216796875">
        <ele>9.6000003814697265625</ele>
        <time>2023-03-01T13:09:36.000Z</time>
        <extensions>
          <ns3:TrackPointExtension>
            <ns3:hr>107</ns3:hr>
            <ns3:cad>61</ns3:cad>
          </ns3:TrackPointExtension>
        </extensions>
      </trkpt>
      <trkpt lat="23.174178265035152435302734375" lon="113.2598146609961986541748046875">
        <ele>12.3999996185302734375</ele>
        <time>2023-03-01T13:09:40.000Z</time>
        <extensions>
          <ns3:TrackPointExtension>
            <ns3:hr>108</ns3:hr>
            <ns3:cad>61</ns3:cad>
          </ns3:TrackPointExtension>
        </extensions>
      </trkpt>
      <trkpt lat="23.1741787679493427276611328125" lon="113.2598183490335941314697265625">
        <ele>12.6000003814697265625</ele>
        <time>2023-03-01T13:09:42.000Z</time>
        <extensions>
          <ns3:TrackPointExtension>
            <ns3:hr>109</ns3:hr>
            <ns3:cad>61</ns3:cad>
          </ns3:TrackPointExtension>
        </extensions>
      </trkpt>
      <trkpt lat="23.1741826236248016357421875" lon="113.25979999266564846038818359375">
        <ele>12</ele>
        <time>2023-03-01T13:09:46.000Z</time>
        <extensions>
          <ns3:TrackPointExtension>
            <ns3:hr>112</ns3:hr>
            <ns3:cad>61</ns3:cad>
          </ns3:TrackPointExtension>
        </extensions>
      </trkpt>
      <trkpt lat="23.17419511266052722930908203125" lon="113.259758166968822479248046875">
        <ele>10.80000019073486328125</ele>
        <time>2023-03-01T13:09:51.000Z</time>
        <extensions>
          <ns3:TrackPointExtension>
            <ns3:hr>113</ns3:hr>
            <ns3:cad>61</ns3:cad>
          </ns3:TrackPointExtension>
        </extensions>
      </trkpt>
      <trkpt lat="23.1741579808294773101806640625" lon="113.25955742038786411285400390625">
        <ele>7</ele>
        <time>2023-03-01T13:10:12.000Z</time>
        <extensions>
          <ns3:TrackPointExtension>
            <ns3:hr>112</ns3:hr>
            <ns3:cad>58</ns3:cad>
          </ns3:TrackPointExtension>
        </extensions>
      </trkpt>
      <trkpt lat="23.17414901219308376312255859375" lon="113.25947217643260955810546875">
        <ele>5.400000095367431640625</ele>
        <time>2023-03-01T13:10:19.000Z</time>
        <extensions>
          <ns3:TrackPointExtension>
            <ns3:hr>113</ns3:hr>
            <ns3:cad>59</ns3:cad>
          </ns3:TrackPointExtension>
        </extensions>
      </trkpt>
      <trkpt lat="23.17420902661979198455810546875" lon="113.2593117468059062957763671875">
        <ele>5.400000095367431640625</ele>
        <time>2023-03-01T13:10:33.000Z</time>
        <extensions>
          <ns3:TrackPointExtension>
            <ns3:hr>116</ns3:hr>
            <ns3:cad>60</ns3:cad>
          </ns3:TrackPointExtension>
        </extensions>
      </trkpt>
      <trkpt lat="23.1742201745510101318359375" lon="113.259295485913753509521484375">
        <ele>5.599999904632568359375</ele>
        <time>2023-03-01T13:10:35.000Z</time>
        <extensions>
          <ns3:TrackPointExtension>
            <ns3:hr>117</ns3:hr>
            <ns3:cad>60</ns3:cad>
          </ns3:TrackPointExtension>
        </extensions>
      </trkpt>
      <trkpt lat="23.17423802800476551055908203125" lon="113.25927059166133403778076171875">
        <ele>5.80000019073486328125</ele>
        <time>2023-03-01T13:10:39.000Z</time>
        <extensions>
          <ns3:TrackPointExtension>
            <ns3:hr>117</ns3:hr>
            <ns3:cad>60</ns3:cad>
          </ns3:TrackPointExtension>
        </extensions>
      </trkpt>
      <trkpt lat="23.17425898276269435882568359375" lon="113.2592289336025714874267578125">
        <ele>5.400000095367431640625</ele>
        <time>2023-03-01T13:10:45.000Z</time>
        <extensions>
          <ns3:TrackPointExtension>
            <ns3:hr>115</ns3:hr>
            <ns3:cad>61</ns3:cad>
          </ns3:TrackPointExtension>
        </extensions>
      </trkpt>
      <trkpt lat="23.17433391697704792022705078125" lon="113.259191550314426422119140625">
        <ele>5</ele>
        <time>2023-03-01T13:10:54.000Z</time>
        <extensions>
          <ns3:TrackPointExtension>
            <ns3:hr>116</ns3:hr>
            <ns3:cad>59</ns3:cad>
          </ns3:TrackPointExtension>
        </extensions>
      </trkpt>
      <trkpt lat="23.17436777986586093902587890625" lon="113.259131871163845062255859375">
        <ele>4.400000095367431640625</ele>
        <time>2023-03-01T13:11:01.000Z</time>
        <extensions>
          <ns3:TrackPointExtension>
            <ns3:hr>113</ns3:hr>
            <ns3:cad>58</ns3:cad>
          </ns3:TrackPointExtension>
        </extensions>
      </trkpt>
      <trkpt lat="23.17439795471727848052978515625" lon="113.25895509682595729827880859375">
        <ele>2</ele>
        <time>2023-03-01T13:11:18.000Z</time>
        <extensions>
          <ns3:TrackPointExtension>
            <ns3:hr>112</ns3:hr>
            <ns3:cad>57</ns3:cad>
          </ns3:TrackPointExtension>
        </extensions>
      </trkpt>
      <trkpt lat="23.17443181760609149932861328125" lon="113.258852250874042510986328125">
        <ele>0.800000011920928955078125</ele>
        <time>2023-03-01T13:11:27.000Z</time>
        <extensions>
          <ns3:TrackPointExtension>
            <ns3:hr>109</ns3:hr>
            <ns3:cad>61</ns3:cad>
          </ns3:TrackPointExtension>
        </extensions>
      </trkpt>
      <trkpt lat="23.17448479123413562774658203125" lon="113.2587722875177860260009765625">
        <ele>0.4000000059604644775390625</ele>
        <time>2023-03-01T13:11:35.000Z</time>
        <extensions>
          <ns3:TrackPointExtension>
            <ns3:hr>109</ns3:hr>
            <ns3:cad>61</ns3:cad>
          </ns3:TrackPointExtension>
        </extensions>
      </trkpt>
      <trkpt lat="23.17458922974765300750732421875" lon="113.25860305689275264739990234375">
        <ele>3.2000000476837158203125</ele>
        <time>2023-03-01T13:11:53.000Z</time>
        <extensions>
          <ns3:TrackPointExtension>
            <ns3:hr>112</ns3:hr>
            <ns3:cad>60</ns3:cad>
          </ns3:TrackPointExtension>
        </extensions>
      </trkpt>
      <trkpt lat="23.174590654671192169189453125" lon="113.25859970413148403167724609375">
        <ele>3.2000000476837158203125</ele>
        <time>2023-03-01T13:11:54.000Z</time>
        <extensions>
          <ns3:TrackPointExtension>
            <ns3:hr>111</ns3:hr>
            <ns3:cad>0</ns3:cad>
          </ns3:TrackPointExtension>
        </extensions>
      </trkpt>
      <trkpt lat="23.174588643014430999755859375" lon="113.258588053286075592041015625">
        <ele>3.2000000476837158203125</ele>
        <time>2023-03-01T13:12:02.000Z</time>
        <extensions>
          <ns3:TrackPointExtension>
            <ns3:hr>111</ns3:hr>
            <ns3:cad>0</ns3:cad>
          </ns3:TrackPointExtension>
        </extensions>
      </trkpt>
      <trkpt lat="23.174635581672191619873046875" lon="113.25850599445402622222900390625">
        <ele>5</ele>
        <time>2023-03-01T13:12:14.000Z</time>
        <extensions>
          <ns3:TrackPointExtension>
            <ns3:hr>107</ns3:hr>
            <ns3:cad>61</ns3:cad>
          </ns3:TrackPointExtension>
        </extensions>
      </trkpt>
      <trkpt lat="23.17464572377502918243408203125" lon="113.2584883086383342742919921875">
        <ele>5.19999980926513671875</ele>
        <time>2023-03-01T13:12:16.000Z</time>
        <extensions>
          <ns3:TrackPointExtension>
            <ns3:hr>104</ns3:hr>
            <ns3:cad>61</ns3:cad>
          </ns3:TrackPointExtension>
        </extensions>
      </trkpt>
      <trkpt lat="23.17466600798070430755615234375" lon="113.2584604807198047637939453125">
        <ele>5.80000019073486328125</ele>
        <time>2023-03-01T13:12:17.000Z</time>
        <extensions>
          <ns3:TrackPointExtension>
            <ns3:hr>103</ns3:hr>
            <ns3:cad>61</ns3:cad>
          </ns3:TrackPointExtension>
        </extensions>
      </trkpt>
      <trkpt lat="23.17474463023245334625244140625" lon="113.2582779228687286376953125">
        <ele>7</ele>
        <time>2023-03-01T13:12:35.000Z</time>
        <extensions>
          <ns3:TrackPointExtension>
            <ns3:hr>105</ns3:hr>
            <ns3:cad>61</ns3:cad>
          </ns3:TrackPointExtension>
        </extensions>
      </trkpt>
      <trkpt lat="23.17475703544914722442626953125" lon="113.2581089437007904052734375">
        <ele>3.7999999523162841796875</ele>
        <time>2023-03-01T13:12:43.000Z</time>
        <extensions>
          <ns3:TrackPointExtension>
            <ns3:hr>108</ns3:hr>
            <ns3:cad>84</ns3:cad>
          </ns3:TrackPointExtension>
        </extensions>
      </trkpt>
      <trkpt lat="23.17476189695298671722412109375" lon="113.25806829147040843963623046875">
        <ele>2.7999999523162841796875</ele>
        <time>2023-03-01T13:12:45.000Z</time>
        <extensions>
          <ns3:TrackPointExtension>
            <ns3:hr>108</ns3:hr>
            <ns3:cad>84</ns3:cad>
          </ns3:TrackPointExtension>
        </extensions>
      </trkpt>
      <trkpt lat="23.1747453846037387847900390625" lon="113.2580477558076381683349609375">
        <ele>2.2000000476837158203125</ele>
        <time>2023-03-01T13:12:47.000Z</time>
        <extensions>
          <ns3:TrackPointExtension>
            <ns3:hr>108</ns3:hr>
            <ns3:cad>84</ns3:cad>
          </ns3:TrackPointExtension>
        </extensions>
      </trkpt>
      <trkpt lat="23.17471093498170375823974609375" lon="113.258053623139858245849609375">
        <ele>1.7999999523162841796875</ele>
        <time>2023-03-01T13:12:50.000Z</time>
        <extensions>
          <ns3:TrackPointExtension>
            <ns3:hr>113</ns3:hr>
            <ns3:cad>84</ns3:cad>
          </ns3:TrackPointExtension>
        </extensions>
      </trkpt>
      <trkpt lat="23.1746836937963962554931640625" lon="113.25805999338626861572265625">
        <ele>1.39999997615814208984375</ele>
        <time>2023-03-01T13:12:52.000Z</time>
        <extensions>
          <ns3:TrackPointExtension>
            <ns3:hr>118</ns3:hr>
            <ns3:cad>84</ns3:cad>
          </ns3:TrackPointExtension>
        </extensions>
      </trkpt>
      <trkpt lat="23.17465829662978649139404296875" lon="113.258058987557888031005859375">
        <ele>1</ele>
        <time>2023-03-01T13:12:54.000Z</time>
        <extensions>
          <ns3:TrackPointExtension>
            <ns3:hr>123</ns3:hr>
            <ns3:cad>84</ns3:cad>
          </ns3:TrackPointExtension>
        </extensions>
      </trkpt>
      <trkpt lat="23.17465192638337612152099609375" lon="113.25805127620697021484375">
        <ele>0.800000011920928955078125</ele>
        <time>2023-03-01T13:12:55.000Z</time>
        <extensions>
          <ns3:TrackPointExtension>
            <ns3:hr>126</ns3:hr>
            <ns3:cad>55</ns3:cad>
          </ns3:TrackPointExtension>
        </extensions>
      </trkpt>
      <trkpt lat="23.1746474839746952056884765625" lon="113.25802906416356563568115234375">
        <ele>0.20000000298023223876953125</ele>
        <time>2023-03-01T13:12:56.000Z</time>
        <extensions>
          <ns3:TrackPointExtension>
            <ns3:hr>129</ns3:hr>
            <ns3:cad>55</ns3:cad>
          </ns3:TrackPointExtension>
        </extensions>
      </trkpt>
      <trkpt lat="23.1746474839746952056884765625" lon="113.25802906416356563568115234375">
        <ele>0.20000000298023223876953125</ele>
        <time>2023-03-01T13:12:57.000Z</time>
        <extensions>
          <ns3:TrackPointExtension>
            <ns3:hr>129</ns3:hr>
            <ns3:cad>58</ns3:cad>
          </ns3:TrackPointExtension>
        </extensions>
      </trkpt>
      <trkpt lat="23.174662403762340545654296875" lon="113.25798078440129756927490234375">
        <ele>-0.60000002384185791015625</ele>
        <time>2023-03-01T13:13:01.000Z</time>
        <extensions>
          <ns3:TrackPointExtension>
            <ns3:hr>135</ns3:hr>
            <ns3:cad>55</ns3:cad>
          </ns3:TrackPointExtension>
        </extensions>
      </trkpt>
      <trkpt lat="23.17466936074197292327880859375" lon="113.2579689659178256988525390625">
        <ele>-0.60000002384185791015625</ele>
        <time>2023-03-01T13:13:02.000Z</time>
        <extensions>
          <ns3:TrackPointExtension>
            <ns3:hr>138</ns3:hr>
            <ns3:cad>55</ns3:cad>
          </ns3:TrackPointExtension>
        </extensions>
      </trkpt>
      <trkpt lat="23.1746927462518215179443359375" lon="113.257928229868412017822265625">
        <ele>-0.60000002384185791015625</ele>
        <time>2023-03-01T13:13:06.000Z</time>
        <extensions>
          <ns3:TrackPointExtension>
            <ns3:hr>135</ns3:hr>
            <ns3:cad>58</ns3:cad>
          </ns3:TrackPointExtension>
        </extensions>
      </trkpt>
      <trkpt lat="23.17471034824848175048828125" lon="113.2579072751104831695556640625">
        <ele>-0.4000000059604644775390625</ele>
        <time>2023-03-01T13:13:08.000Z</time>
        <extensions>
          <ns3:TrackPointExtension>
            <ns3:hr>135</ns3:hr>
            <ns3:cad>60</ns3:cad>
          </ns3:TrackPointExtension>
        </extensions>
      </trkpt>
      <trkpt lat="23.17473825998604297637939453125" lon="113.2578982226550579071044921875">
        <ele>-0.20000000298023223876953125</ele>
        <time>2023-03-01T13:13:10.000Z</time>
        <extensions>
          <ns3:TrackPointExtension>
            <ns3:hr>140</ns3:hr>
            <ns3:cad>60</ns3:cad>
          </ns3:TrackPointExtension>
        </extensions>
      </trkpt>
      <trkpt lat="23.174764327704906463623046875" lon="113.257874585688114166259765625">
        <ele>0</ele>
        <time>2023-03-01T13:13:11.000Z</time>
        <extensions>
          <ns3:TrackPointExtension>
            <ns3:hr>144</ns3:hr>
            <ns3:cad>60</ns3:cad>
          </ns3:TrackPointExtension>
        </extensions>
      </trkpt>
      <trkpt lat="23.17477715201675891876220703125" lon="113.2578586600720882415771484375">
        <ele>0.20000000298023223876953125</ele>
        <time>2023-03-01T13:13:13.000Z</time>
        <extensions>
          <ns3:TrackPointExtension>
            <ns3:hr>148</ns3:hr>
            <ns3:cad>81</ns3:cad>
          </ns3:TrackPointExtension>
        </extensions>
      </trkpt>
      <trkpt lat="23.1747976876795291900634765625" lon="113.25783125124871730804443359375">
        <ele>0</ele>
        <time>2023-03-01T13:13:15.000Z</time>
        <extensions>
          <ns3:TrackPointExtension>
            <ns3:hr>151</ns3:hr>
            <ns3:cad>81</ns3:cad>
          </ns3:TrackPointExtension>
        </extensions>
      </trkpt>
      <trkpt lat="23.17481889389455318450927734375" lon="113.257808201014995574951171875">
        <ele>-0.20000000298023223876953125</ele>
        <time>2023-03-01T13:13:17.000Z</time>
        <extensions>
          <ns3:TrackPointExtension>
            <ns3:hr>154</ns3:hr>
            <ns3:cad>77</ns3:cad>
          </ns3:TrackPointExtension>
        </extensions>
      </trkpt>
      <trkpt lat="23.17482769489288330078125" lon="113.25778146274387836456298828125">
        <ele>-0.60000002384185791015625</ele>
        <time>2023-03-01T13:13:21.000Z</time>
        <extensions>
          <ns3:TrackPointExtension>
            <ns3:hr>152</ns3:hr>
            <ns3:cad>77</ns3:cad>
          </ns3:TrackPointExtension>
        </extensions>
      </trkpt>
      <trkpt lat="23.17482392303645610809326171875" lon="113.2577728293836116790771484375">
        <ele>-0.800000011920928955078125</ele>
        <time>2023-03-01T13:13:25.000Z</time>
        <extensions>
          <ns3:TrackPointExtension>
            <ns3:hr>147</ns3:hr>
            <ns3:cad>61</ns3:cad>
          </ns3:TrackPointExtension>
        </extensions>
      </trkpt>
      <trkpt lat="23.17482073791325092315673828125" lon="113.2577704824507236480712890625">
        <ele>-0.800000011920928955078125</ele>
        <time>2023-03-01T13:13:26.000Z</time>
        <extensions>
          <ns3:TrackPointExtension>
            <ns3:hr>143</ns3:hr>
            <ns3:cad>0</ns3:cad>
          </ns3:TrackPointExtension>
        </extensions>
      </trkpt>
      <trkpt lat="23.17481772042810916900634765625" lon="113.2577681355178356170654296875">
        <ele>-0.800000011920928955078125</ele>
        <time>2023-03-01T13:13:27.000Z</time>
        <extensions>
          <ns3:TrackPointExtension>
            <ns3:hr>143</ns3:hr>
            <ns3:cad>0</ns3:cad>
          </ns3:TrackPointExtension>
        </extensions>
      </trkpt>
      <trkpt lat="23.17480690777301788330078125" lon="113.2577607594430446624755859375">
        <ele>-1</ele>
        <time>2023-03-01T13:13:30.000Z</time>
        <extensions>
          <ns3:TrackPointExtension>
            <ns3:hr>149</ns3:hr>
            <ns3:cad>0</ns3:cad>
          </ns3:TrackPointExtension>
        </extensions>
      </trkpt>
      <trkpt lat="23.1748022139072418212890625" lon="113.25775765813887119293212890625">
        <ele>-1</ele>
        <time>2023-03-01T13:13:31.000Z</time>
        <extensions>
          <ns3:TrackPointExtension>
            <ns3:hr>155</ns3:hr>
            <ns3:cad>0</ns3:cad>
          </ns3:TrackPointExtension>
        </extensions>
      </trkpt>
      <trkpt lat="23.1747986935079097747802734375" lon="113.2577550597488880157470703125">
        <ele>-1.2000000476837158203125</ele>
        <time>2023-03-01T13:13:32.000Z</time>
        <extensions>
          <ns3:TrackPointExtension>
            <ns3:hr>159</ns3:hr>
            <ns3:cad>0</ns3:cad>
          </ns3:TrackPointExtension>
        </extensions>
      </trkpt>
      <trkpt lat="23.17479156889021396636962890625" lon="113.25775011442601680755615234375">
        <ele>-1.2000000476837158203125</ele>
        <time>2023-03-01T13:13:34.000Z</time>
        <extensions>
          <ns3:TrackPointExtension>
            <ns3:hr>156</ns3:hr>
            <ns3:cad>0</ns3:cad>
          </ns3:TrackPointExtension>
        </extensions>
      </trkpt>
      <trkpt lat="23.17477715201675891876220703125" lon="113.25774022378027439117431640625">
        <ele>-1.60000002384185791015625</ele>
        <time>2023-03-01T13:13:38.000Z</time>
        <extensions>
          <ns3:TrackPointExtension>
            <ns3:hr>153</ns3:hr>
            <ns3:cad>0</ns3:cad>
          </ns3:TrackPointExtension>
        </extensions>
      </trkpt>
      <trkpt lat="23.1747661717236042022705078125" lon="113.25773184187710285186767578125">
        <ele>-1.7999999523162841796875</ele>
        <time>2023-03-01T13:13:41.000Z</time>
        <extensions>
          <ns3:TrackPointExtension>
            <ns3:hr>150</ns3:hr>
            <ns3:cad>0</ns3:cad>
          </ns3:TrackPointExtension>
        </extensions>
      </trkpt>
      <trkpt lat="23.17483641207218170166015625" lon="113.25775346718728542327880859375">
        <ele>-1</ele>
        <time>2023-03-01T13:15:03.000Z</time>
        <extensions>
          <ns3:TrackPointExtension>
            <ns3:hr>94</ns3:hr>
            <ns3:cad>0</ns3:cad>
          </ns3:TrackPointExtension>
        </extensions>
      </trkpt>
      <trkpt lat="23.1748379208147525787353515625" lon="113.25769261457026004791259765625">
        <ele>-1.2000000476837158203125</ele>
        <time>2023-03-01T13:15:08.000Z</time>
        <extensions>
          <ns3:TrackPointExtension>
            <ns3:hr>93</ns3:hr>
            <ns3:cad>60</ns3:cad>
          </ns3:TrackPointExtension>
        </extensions>
      </trkpt>
      <trkpt lat="23.17483599297702312469482421875" lon="113.25766378082334995269775390625">
        <ele>-0.800000011920928955078125</ele>
        <time>2023-03-01T13:15:10.000Z</time>
        <extensions>
          <ns3:TrackPointExtension>
            <ns3:hr>96</ns3:hr>
            <ns3:cad>60</ns3:cad>
          </ns3:TrackPointExtension>
        </extensions>
      </trkpt>
      <trkpt lat="23.174836747348308563232421875" lon="113.25764852575957775115966796875">
        <ele>-0.60000002384185791015625</ele>
        <time>2023-03-01T13:15:11.000Z</time>
        <extensions>
          <ns3:TrackPointExtension>
            <ns3:hr>99</ns3:hr>
            <ns3:cad>60</ns3:cad>
          </ns3:TrackPointExtension>
        </extensions>
      </trkpt>
      <trkpt lat="23.17485393024981021881103515625" lon="113.25759152881801128387451171875">
        <ele>-0.20000000298023223876953125</ele>
        <time>2023-03-01T13:15:15.000Z</time>
        <extensions>
          <ns3:TrackPointExtension>
            <ns3:hr>96</ns3:hr>
            <ns3:cad>60</ns3:cad>
          </ns3:TrackPointExtension>
        </extensions>
      </trkpt>
      <trkpt lat="23.17486482672393321990966796875" lon="113.25753956101834774017333984375">
        <ele>0.20000000298023223876953125</ele>
        <time>2023-03-01T13:15:19.000Z</time>
        <extensions>
          <ns3:TrackPointExtension>
            <ns3:hr>95</ns3:hr>
            <ns3:cad>60</ns3:cad>
          </ns3:TrackPointExtension>
        </extensions>
      </trkpt>
      <trkpt lat="23.17484177649021148681640625" lon="113.25751760043203830718994140625">
        <ele>0.4000000059604644775390625</ele>
        <time>2023-03-01T13:15:22.000Z</time>
        <extensions>
          <ns3:TrackPointExtension>
            <ns3:hr>99</ns3:hr>
            <ns3:cad>40</ns3:cad>
          </ns3:TrackPointExtension>
        </extensions>
      </trkpt>
      <trkpt lat="23.17482794634997844696044921875" lon="113.25750905089080333709716796875">
        <ele>0.4000000059604644775390625</ele>
        <time>2023-03-01T13:15:23.000Z</time>
        <extensions>
          <ns3:TrackPointExtension>
            <ns3:hr>105</ns3:hr>
            <ns3:cad>40</ns3:cad>
          </ns3:TrackPointExtension>
        </extensions>
      </trkpt>
      <trkpt lat="23.17474178038537502288818359375" lon="113.25743663124740123748779296875">
        <ele>1</ele>
        <time>2023-03-01T13:15:29.000Z</time>
        <extensions>
          <ns3:TrackPointExtension>
            <ns3:hr>99</ns3:hr>
            <ns3:cad>81</ns3:cad>
          </ns3:TrackPointExtension>
        </extensions>
      </trkpt>
      <trkpt lat="23.17472920753061771392822265625" lon="113.2574276626110076904296875">
        <ele>1</ele>
        <time>2023-03-01T13:15:30.000Z</time>
        <extensions>
          <ns3:TrackPointExtension>
            <ns3:hr>100</ns3:hr>
            <ns3:cad>79</ns3:cad>
          </ns3:TrackPointExtension>
        </extensions>
      </trkpt>
      <trkpt lat="23.17469836212694644927978515625" lon="113.25740880332887172698974609375">
        <ele>1.2000000476837158203125</ele>
        <time>2023-03-01T13:15:32.000Z</time>
        <extensions>
          <ns3:TrackPointExtension>
            <ns3:hr>106</ns3:hr>
            <ns3:cad>79</ns3:cad>
          </ns3:TrackPointExtension>
        </extensions>
      </trkpt>
      <trkpt lat="23.17467405460774898529052734375" lon="113.257393799722194671630859375">
        <ele>1.39999997615814208984375</ele>
        <time>2023-03-01T13:15:34.000Z</time>
        <extensions>
          <ns3:TrackPointExtension>
            <ns3:hr>111</ns3:hr>
            <ns3:cad>63</ns3:cad>
          </ns3:TrackPointExtension>
        </extensions>
      </trkpt>
      <trkpt lat="23.17460448481142520904541015625" lon="113.25737393461167812347412109375">
        <ele>1.60000002384185791015625</ele>
        <time>2023-03-01T13:15:37.000Z</time>
        <extensions>
          <ns3:TrackPointExtension>
            <ns3:hr>114</ns3:hr>
            <ns3:cad>60</ns3:cad>
          </ns3:TrackPointExtension>
        </extensions>
      </trkpt>
      <trkpt lat="23.174571879208087921142578125" lon="113.25736789964139461517333984375">
        <ele>1.39999997615814208984375</ele>
        <time>2023-03-01T13:15:38.000Z</time>
        <extensions>
          <ns3:TrackPointExtension>
            <ns3:hr>110</ns3:hr>
            <ns3:cad>60</ns3:cad>
          </ns3:TrackPointExtension>
        </extensions>
      </trkpt>
      <trkpt lat="23.17455100826919078826904296875" lon="113.257358931005001068115234375">
        <ele>1.60000002384185791015625</ele>
        <time>2023-03-01T13:15:41.000Z</time>
        <extensions>
          <ns3:TrackPointExtension>
            <ns3:hr>114</ns3:hr>
            <ns3:cad>58</ns3:cad>
          </ns3:TrackPointExtension>
        </extensions>
      </trkpt>
      <trkpt lat="23.17452183924615383148193359375" lon="113.2573560811579227447509765625">
        <ele>1.60000002384185791015625</ele>
        <time>2023-03-01T13:15:43.000Z</time>
        <extensions>
          <ns3:TrackPointExtension>
            <ns3:hr>117</ns3:hr>
            <ns3:cad>60</ns3:cad>
          </ns3:TrackPointExtension>
        </extensions>
      </trkpt>
      <trkpt lat="23.17451714538037776947021484375" lon="113.2573530636727809906005859375">
        <ele>1.60000002384185791015625</ele>
        <time>2023-03-01T13:15:44.000Z</time>
        <extensions>
          <ns3:TrackPointExtension>
            <ns3:hr>122</ns3:hr>
            <ns3:cad>59</ns3:cad>
          </ns3:TrackPointExtension>
        </extensions>
      </trkpt>
      <trkpt lat="23.174510858952999114990234375" lon="113.25734979473054409027099609375">
        <ele>1.60000002384185791015625</ele>
        <time>2023-03-01T13:15:45.000Z</time>
        <extensions>
          <ns3:TrackPointExtension>
            <ns3:hr>125</ns3:hr>
            <ns3:cad>59</ns3:cad>
          </ns3:TrackPointExtension>
        </extensions>
      </trkpt>
      <trkpt lat="23.17449417896568775177001953125" lon="113.25734141282737255096435546875">
        <ele>1.60000002384185791015625</ele>
        <time>2023-03-01T13:15:46.000Z</time>
        <extensions>
          <ns3:TrackPointExtension>
            <ns3:hr>129</ns3:hr>
            <ns3:cad>59</ns3:cad>
          </ns3:TrackPointExtension>
        </extensions>
      </trkpt>
      <trkpt lat="23.1744902394711971282958984375" lon="113.25733671896159648895263671875">
        <ele>1.60000002384185791015625</ele>
        <time>2023-03-01T13:15:48.000Z</time>
        <extensions>
          <ns3:TrackPointExtension>
            <ns3:hr>132</ns3:hr>
            <ns3:cad>59</ns3:cad>
          </ns3:TrackPointExtension>
        </extensions>
      </trkpt>
      <trkpt lat="23.17444078624248504638671875" lon="113.25732699595391750335693359375">
        <ele>1.7999999523162841796875</ele>
        <time>2023-03-01T13:15:52.000Z</time>
        <extensions>
          <ns3:TrackPointExtension>
            <ns3:hr>136</ns3:hr>
            <ns3:cad>57</ns3:cad>
          </ns3:TrackPointExtension>
        </extensions>
      </trkpt>
      <trkpt lat="23.1744198314845561981201171875" lon="113.2573121599853038787841796875">
        <ele>1.7999999523162841796875</ele>
        <time>2023-03-01T13:15:54.000Z</time>
        <extensions>
          <ns3:TrackPointExtension>
            <ns3:hr>143</ns3:hr>
            <ns3:cad>59</ns3:cad>
          </ns3:TrackPointExtension>
        </extensions>
      </trkpt>
      <trkpt lat="23.1744079291820526123046875" lon="113.25730629265308380126953125">
        <ele>2</ele>
        <time>2023-03-01T13:15:55.000Z</time>
        <extensions>
          <ns3:TrackPointExtension>
            <ns3:hr>139</ns3:hr>
            <ns3:cad>59</ns3:cad>
          </ns3:TrackPointExtension>
        </extensions>
      </trkpt>
      <trkpt lat="23.17439116537570953369140625" lon="113.25728944502770900726318359375">
        <ele>2</ele>
        <time>2023-03-01T13:15:58.000Z</time>
        <extensions>
          <ns3:TrackPointExtension>
            <ns3:hr>135</ns3:hr>
            <ns3:cad>59</ns3:cad>
          </ns3:TrackPointExtension>
        </extensions>
      </trkpt>
      <trkpt lat="23.17436878569424152374267578125" lon="113.25727854855358600616455078125">
        <ele>2.2000000476837158203125</ele>
        <time>2023-03-01T13:15:59.000Z</time>
        <extensions>
          <ns3:TrackPointExtension>
            <ns3:hr>135</ns3:hr>
            <ns3:cad>59</ns3:cad>
          </ns3:TrackPointExtension>
        </extensions>
      </trkpt>
      <trkpt lat="23.17434531636536121368408203125" lon="113.25726765207946300506591796875">
        <ele>2.2000000476837158203125</ele>
        <time>2023-03-01T13:16:02.000Z</time>
        <extensions>
          <ns3:TrackPointExtension>
            <ns3:hr>139</ns3:hr>
            <ns3:cad>59</ns3:cad>
          </ns3:TrackPointExtension>
        </extensions>
      </trkpt>
      <trkpt lat="23.17433157004415988922119140625" lon="113.2572568394243717193603515625">
        <ele>2.2000000476837158203125</ele>
        <time>2023-03-01T13:16:03.000Z</time>
        <extensions>
          <ns3:TrackPointExtension>
            <ns3:hr>139</ns3:hr>
            <ns3:cad>59</ns3:cad>
          </ns3:TrackPointExtension>
        </extensions>
      </trkpt>
      <trkpt lat="23.17433157004415988922119140625" lon="113.2572568394243717193603515625">
        <ele>2.2000000476837158203125</ele>
        <time>2023-03-01T13:16:04.000Z</time>
        <extensions>
          <ns3:TrackPointExtension>
            <ns3:hr>134</ns3:hr>
            <ns3:cad>59</ns3:cad>
          </ns3:TrackPointExtension>
        </extensions>
      </trkpt>
      <trkpt lat="23.17430977709591388702392578125" lon="113.25724367983639240264892578125">
        <ele>2.400000095367431640625</ele>
        <time>2023-03-01T13:16:07.000Z</time>
        <extensions>
          <ns3:TrackPointExtension>
            <ns3:hr>131</ns3:hr>
            <ns3:cad>58</ns3:cad>
          </ns3:TrackPointExtension>
        </extensions>
      </trkpt>
      <trkpt lat="23.174263425171375274658203125" lon="113.257219456136226654052734375">
        <ele>2.599999904632568359375</ele>
        <time>2023-03-01T13:16:14.000Z</time>
        <extensions>
          <ns3:TrackPointExtension>
            <ns3:hr>130</ns3:hr>
            <ns3:cad>0</ns3:cad>
          </ns3:TrackPointExtension>
        </extensions>
      </trkpt>
      <trkpt lat="23.17423216067254543304443359375" lon="113.25720126740634441375732421875">
        <ele>2.599999904632568359375</ele>
        <time>2023-03-01T13:16:18.000Z</time>
        <extensions>
          <ns3:TrackPointExtension>
            <ns3:hr>128</ns3:hr>
            <ns3:cad>59</ns3:cad>
          </ns3:TrackPointExtension>
        </extensions>
      </trkpt>
      <trkpt lat="23.1741948612034320831298828125" lon="113.25718048028647899627685546875">
        <ele>2.7999999523162841796875</ele>
        <time>2023-03-01T13:16:22.000Z</time>
        <extensions>
          <ns3:TrackPointExtension>
            <ns3:hr>128</ns3:hr>
            <ns3:cad>59</ns3:cad>
          </ns3:TrackPointExtension>
        </extensions>
      </trkpt>
      <trkpt lat="23.1740999780595302581787109375" lon="113.25712658464908599853515625">
        <ele>3.2000000476837158203125</ele>
        <time>2023-03-01T13:16:33.000Z</time>
        <extensions>
          <ns3:TrackPointExtension>
            <ns3:hr>125</ns3:hr>
            <ns3:cad>59</ns3:cad>
          </ns3:TrackPointExtension>
        </extensions>
      </trkpt>
      <trkpt lat="23.1739836372435092926025390625" lon="113.25710940174758434295654296875">
        <ele>3.400000095367431640625</ele>
        <time>2023-03-01T13:16:44.000Z</time>
        <extensions>
          <ns3:TrackPointExtension>
            <ns3:hr>122</ns3:hr>
            <ns3:cad>58</ns3:cad>
          </ns3:TrackPointExtension>
        </extensions>
      </trkpt>
      <trkpt lat="23.17390996031463146209716796875" lon="113.25708232820034027099609375">
        <ele>3.599999904632568359375</ele>
        <time>2023-03-01T13:16:49.000Z</time>
        <extensions>
          <ns3:TrackPointExtension>
            <ns3:hr>113</ns3:hr>
            <ns3:cad>57</ns3:cad>
          </ns3:TrackPointExtension>
        </extensions>
      </trkpt>
      <trkpt lat="23.173899985849857330322265625" lon="113.25707562267780303955078125">
        <ele>3.599999904632568359375</ele>
        <time>2023-03-01T13:16:50.000Z</time>
        <extensions>
          <ns3:TrackPointExtension>
            <ns3:hr>110</ns3:hr>
            <ns3:cad>59</ns3:cad>
          </ns3:TrackPointExtension>
        </extensions>
      </trkpt>
      <trkpt lat="23.1738820485770702362060546875" lon="113.25706179253756999969482421875">
        <ele>3.7999999523162841796875</ele>
        <time>2023-03-01T13:16:52.000Z</time>
        <extensions>
          <ns3:TrackPointExtension>
            <ns3:hr>107</ns3:hr>
            <ns3:cad>59</ns3:cad>
          </ns3:TrackPointExtension>
        </extensions>
      </trkpt>
      <trkpt lat="23.17387660034000873565673828125" lon="113.2570590265095233917236328125">
        <ele>3.7999999523162841796875</ele>
        <time>2023-03-01T13:16:53.000Z</time>
        <extensions>
          <ns3:TrackPointExtension>
            <ns3:hr>101</ns3:hr>
            <ns3:cad>59</ns3:cad>
          </ns3:TrackPointExtension>
        </extensions>
      </trkpt>
      <trkpt lat="23.17371382378041744232177734375" lon="113.25699624605476856231689453125">
        <ele>1.2000000476837158203125</ele>
        <time>2023-03-01T13:17:08.000Z</time>
        <extensions>
          <ns3:TrackPointExtension>
            <ns3:hr>103</ns3:hr>
            <ns3:cad>59</ns3:cad>
          </ns3:TrackPointExtension>
        </extensions>
      </trkpt>
      <trkpt lat="23.173697479069232940673828125" lon="113.2569963298738002777099609375">
        <ele>0.60000002384185791015625</ele>
        <time>2023-03-01T13:17:10.000Z</time>
        <extensions>
          <ns3:TrackPointExtension>
            <ns3:hr>103</ns3:hr>
            <ns3:cad>56</ns3:cad>
          </ns3:TrackPointExtension>
        </extensions>
      </trkpt>
      <trkpt lat="23.17368499003350734710693359375" lon="113.25699373148381710052490234375">
        <ele>0.20000000298023223876953125</ele>
        <time>2023-03-01T13:17:12.000Z</time>
        <extensions>
          <ns3:TrackPointExtension>
            <ns3:hr>104</ns3:hr>
            <ns3:cad>56</ns3:cad>
          </ns3:TrackPointExtension>
        </extensions>
      </trkpt>
      <trkpt lat="23.17366269417107105255126953125" lon="113.2569877803325653076171875">
        <ele>-0.60000002384185791015625</ele>
        <time>2023-03-01T13:17:15.000Z</time>
        <extensions>
          <ns3:TrackPointExtension>
            <ns3:hr>104</ns3:hr>
            <ns3:cad>60</ns3:cad>
          </ns3:TrackPointExtension>
        </extensions>
      </trkpt>
      <trkpt lat="23.1736366264522075653076171875" lon="113.25697369873523712158203125">
        <ele>-1.60000002384185791015625</ele>
        <time>2023-03-01T13:17:18.000Z</time>
        <extensions>
          <ns3:TrackPointExtension>
            <ns3:hr>104</ns3:hr>
            <ns3:cad>58</ns3:cad>
          </ns3:TrackPointExtension>
        </extensions>
      </trkpt>
      <trkpt lat="23.17358809523284435272216796875" lon="113.2569383271038532257080078125">
        <ele>-3.400000095367431640625</ele>
        <time>2023-03-01T13:17:23.000Z</time>
        <extensions>
          <ns3:TrackPointExtension>
            <ns3:hr>105</ns3:hr>
            <ns3:cad>58</ns3:cad>
          </ns3:TrackPointExtension>
        </extensions>
      </trkpt>
      <trkpt lat="23.17341576330363750457763671875" lon="113.2568548433482646942138671875">
        <ele>-9</ele>
        <time>2023-03-01T13:17:35.000Z</time>
        <extensions>
          <ns3:TrackPointExtension>
            <ns3:hr>105</ns3:hr>
            <ns3:cad>58</ns3:cad>
          </ns3:TrackPointExtension>
        </extensions>
      </trkpt>
      <trkpt lat="23.1732406653463840484619140625" lon="113.256791643798351287841796875">
        <ele>-14.6000003814697265625</ele>
        <time>2023-03-01T13:17:46.000Z</time>
        <extensions>
          <ns3:TrackPointExtension>
            <ns3:hr>106</ns3:hr>
            <ns3:cad>63</ns3:cad>
          </ns3:TrackPointExtension>
        </extensions>
      </trkpt>
      <trkpt lat="23.17320453934371471405029296875" lon="113.25677596963942050933837890625">
        <ele>-12.80000019073486328125</ele>
        <time>2023-03-01T13:17:52.000Z</time>
        <extensions>
          <ns3:TrackPointExtension>
            <ns3:hr>107</ns3:hr>
            <ns3:cad>63</ns3:cad>
          </ns3:TrackPointExtension>
        </extensions>
      </trkpt>
      <trkpt lat="23.17304335534572601318359375" lon="113.2567571103572845458984375">
        <ele>-6.400000095367431640625</ele>
        <time>2023-03-01T13:18:20.000Z</time>
        <extensions>
          <ns3:TrackPointExtension>
            <ns3:hr>107</ns3:hr>
            <ns3:cad>55</ns3:cad>
          </ns3:TrackPointExtension>
        </extensions>
      </trkpt>
      <trkpt lat="23.17290346138179302215576171875" lon="113.25667572207748889923095703125">
        <ele>-3.2000000476837158203125</ele>
        <time>2023-03-01T13:18:34.000Z</time>
        <extensions>
          <ns3:TrackPointExtension>
            <ns3:hr>112</ns3:hr>
            <ns3:cad>63</ns3:cad>
          </ns3:TrackPointExtension>
        </extensions>
      </trkpt>
      <trkpt lat="23.1729047186672687530517578125" lon="113.25666683726012706756591796875">
        <ele>-3</ele>
        <time>2023-03-01T13:18:35.000Z</time>
        <extensions>
          <ns3:TrackPointExtension>
            <ns3:hr>116</ns3:hr>
            <ns3:cad>63</ns3:cad>
          </ns3:TrackPointExtension>
        </extensions>
      </trkpt>
      <trkpt lat="23.17290388047695159912109375" lon="113.2566536776721477508544921875">
        <ele>-3</ele>
        <time>2023-03-01T13:18:37.000Z</time>
        <extensions>
          <ns3:TrackPointExtension>
            <ns3:hr>113</ns3:hr>
            <ns3:cad>62</ns3:cad>
          </ns3:TrackPointExtension>
        </extensions>
      </trkpt>
      <trkpt lat="23.1728996895253658294677734375" lon="113.2566483132541179656982421875">
        <ele>-2.7999999523162841796875</ele>
        <time>2023-03-01T13:18:39.000Z</time>
        <extensions>
          <ns3:TrackPointExtension>
            <ns3:hr>113</ns3:hr>
            <ns3:cad>61</ns3:cad>
          </ns3:TrackPointExtension>
        </extensions>
      </trkpt>
      <trkpt lat="23.17287144251167774200439453125" lon="113.25662710703909397125244140625">
        <ele>-2.2000000476837158203125</ele>
        <time>2023-03-01T13:18:46.000Z</time>
        <extensions>
          <ns3:TrackPointExtension>
            <ns3:hr>108</ns3:hr>
            <ns3:cad>0</ns3:cad>
          </ns3:TrackPointExtension>
        </extensions>
      </trkpt>
      <trkpt lat="23.172754682600498199462890625" lon="113.2566147856414318084716796875">
        <ele>-1</ele>
        <time>2023-03-01T13:19:13.000Z</time>
        <extensions>
          <ns3:TrackPointExtension>
            <ns3:hr>109</ns3:hr>
            <ns3:cad>60</ns3:cad>
          </ns3:TrackPointExtension>
        </extensions>
      </trkpt>
      <trkpt lat="23.17273490130901336669921875" lon="113.25660581700503826141357421875">
        <ele>-0.60000002384185791015625</ele>
        <time>2023-03-01T13:19:15.000Z</time>
        <extensions>
          <ns3:TrackPointExtension>
            <ns3:hr>108</ns3:hr>
            <ns3:cad>60</ns3:cad>
          </ns3:TrackPointExtension>
        </extensions>
      </trkpt>
      <trkpt lat="23.172664158046245574951171875" lon="113.2565420307219028472900390625">
        <ele>0.20000000298023223876953125</ele>
        <time>2023-03-01T13:19:27.000Z</time>
        <extensions>
          <ns3:TrackPointExtension>
            <ns3:hr>107</ns3:hr>
            <ns3:cad>0</ns3:cad>
          </ns3:TrackPointExtension>
        </extensions>
      </trkpt>
      <trkpt lat="23.172650076448917388916015625" lon="113.25653775595128536224365234375">
        <ele>-0.20000000298023223876953125</ele>
        <time>2023-03-01T13:19:29.000Z</time>
        <extensions>
          <ns3:TrackPointExtension>
            <ns3:hr>106</ns3:hr>
            <ns3:cad>0</ns3:cad>
          </ns3:TrackPointExtension>
        </extensions>
      </trkpt>
      <trkpt lat="23.17255862988531589508056640625" lon="113.25646676123142242431640625">
        <ele>-1.7999999523162841796875</ele>
        <time>2023-03-01T13:20:24.000Z</time>
        <extensions>
          <ns3:TrackPointExtension>
            <ns3:hr>109</ns3:hr>
            <ns3:cad>0</ns3:cad>
          </ns3:TrackPointExtension>
        </extensions>
      </trkpt>
      <trkpt lat="23.1725585460662841796875" lon="113.25646634213626384735107421875">
        <ele>-1.7999999523162841796875</ele>
        <time>2023-03-01T13:20:26.000Z</time>
        <extensions>
          <ns3:TrackPointExtension>
            <ns3:hr>112</ns3:hr>
            <ns3:cad>0</ns3:cad>
          </ns3:TrackPointExtension>
        </extensions>
      </trkpt>
      <trkpt lat="23.17255787551403045654296875" lon="113.25646684505045413970947265625">
        <ele>-1.7999999523162841796875</ele>
        <time>2023-03-01T13:20:28.000Z</time>
        <extensions>
          <ns3:TrackPointExtension>
            <ns3:hr>119</ns3:hr>
            <ns3:cad>0</ns3:cad>
          </ns3:TrackPointExtension>
        </extensions>
      </trkpt>
      <trkpt lat="23.17255862988531589508056640625" lon="113.2564669288694858551025390625">
        <ele>-1.7999999523162841796875</ele>
        <time>2023-03-01T13:20:29.000Z</time>
        <extensions>
          <ns3:TrackPointExtension>
            <ns3:hr>119</ns3:hr>
            <ns3:cad>0</ns3:cad>
          </ns3:TrackPointExtension>
        </extensions>
      </trkpt>
      <trkpt lat="23.17256097681820392608642578125" lon="113.2564675994217395782470703125">
        <ele>-1.7999999523162841796875</ele>
        <time>2023-03-01T13:20:30.000Z</time>
        <extensions>
          <ns3:TrackPointExtension>
            <ns3:hr>123</ns3:hr>
            <ns3:cad>61</ns3:cad>
          </ns3:TrackPointExtension>
        </extensions>
      </trkpt>
      <trkpt lat="23.1725610606372356414794921875" lon="113.25646801851689815521240234375">
        <ele>-1.7999999523162841796875</ele>
        <time>2023-03-01T13:20:31.000Z</time>
        <extensions>
          <ns3:TrackPointExtension>
            <ns3:hr>126</ns3:hr>
            <ns3:cad>61</ns3:cad>
          </ns3:TrackPointExtension>
        </extensions>
      </trkpt>
      <trkpt lat="23.1725630722939968109130859375" lon="113.256467096507549285888671875">
        <ele>-1.60000002384185791015625</ele>
        <time>2023-03-01T13:20:33.000Z</time>
        <extensions>
          <ns3:TrackPointExtension>
            <ns3:hr>129</ns3:hr>
            <ns3:cad>0</ns3:cad>
          </ns3:TrackPointExtension>
        </extensions>
      </trkpt>
      <trkpt lat="23.17256164737045764923095703125" lon="113.2564686052501201629638671875">
        <ele>-1.7999999523162841796875</ele>
        <time>2023-03-01T13:20:35.000Z</time>
        <extensions>
          <ns3:TrackPointExtension>
            <ns3:hr>133</ns3:hr>
            <ns3:cad>0</ns3:cad>
          </ns3:TrackPointExtension>
        </extensions>
      </trkpt>
      <trkpt lat="23.172560892999172210693359375" lon="113.2564665935933589935302734375">
        <ele>-1.7999999523162841796875</ele>
        <time>2023-03-01T13:20:40.000Z</time>
        <extensions>
          <ns3:TrackPointExtension>
            <ns3:hr>136</ns3:hr>
            <ns3:cad>0</ns3:cad>
          </ns3:TrackPointExtension>
        </extensions>
      </trkpt>
      <trkpt lat="23.1725610606372356414794921875" lon="113.25645628385245800018310546875">
        <ele>-1.60000002384185791015625</ele>
        <time>2023-03-01T13:20:47.000Z</time>
        <extensions>
          <ns3:TrackPointExtension>
            <ns3:hr>140</ns3:hr>
            <ns3:cad>0</ns3:cad>
          </ns3:TrackPointExtension>
        </extensions>
      </trkpt>
      <trkpt lat="23.17256298847496509552001953125" lon="113.2564535178244113922119140625">
        <ele>-1.39999997615814208984375</ele>
        <time>2023-03-01T13:20:48.000Z</time>
        <extensions>
          <ns3:TrackPointExtension>
            <ns3:hr>137</ns3:hr>
            <ns3:cad>0</ns3:cad>
          </ns3:TrackPointExtension>
        </extensions>
      </trkpt>
      <trkpt lat="23.17256458103656768798828125" lon="113.25645058415830135345458984375">
        <ele>-1.39999997615814208984375</ele>
        <time>2023-03-01T13:20:50.000Z</time>
        <extensions>
          <ns3:TrackPointExtension>
            <ns3:hr>133</ns3:hr>
            <ns3:cad>0</ns3:cad>
          </ns3:TrackPointExtension>
        </extensions>
      </trkpt>
      <trkpt lat="23.1725650839507579803466796875" lon="113.25644907541573047637939453125">
        <ele>-1.39999997615814208984375</ele>
        <time>2023-03-01T13:20:51.000Z</time>
        <extensions>
          <ns3:TrackPointExtension>
            <ns3:hr>137</ns3:hr>
            <ns3:cad>0</ns3:cad>
          </ns3:TrackPointExtension>
        </extensions>
      </trkpt>
      <trkpt lat="23.17256726324558258056640625" lon="113.25645192526280879974365234375">
        <ele>-1.39999997615814208984375</ele>
        <time>2023-03-01T13:20:56.000Z</time>
        <extensions>
          <ns3:TrackPointExtension>
            <ns3:hr>141</ns3:hr>
            <ns3:cad>64</ns3:cad>
          </ns3:TrackPointExtension>
        </extensions>
      </trkpt>
      <trkpt lat="23.1725667603313922882080078125" lon="113.25645544566214084625244140625">
        <ele>-1.39999997615814208984375</ele>
        <time>2023-03-01T13:20:58.000Z</time>
        <extensions>
          <ns3:TrackPointExtension>
            <ns3:hr>146</ns3:hr>
            <ns3:cad>0</ns3:cad>
          </ns3:TrackPointExtension>
        </extensions>
      </trkpt>
      <trkpt lat="23.17256567068397998809814453125" lon="113.2564548589289188385009765625">
        <ele>-1.39999997615814208984375</ele>
        <time>2023-03-01T13:20:59.000Z</time>
        <extensions>
          <ns3:TrackPointExtension>
            <ns3:hr>146</ns3:hr>
            <ns3:cad>0</ns3:cad>
          </ns3:TrackPointExtension>
        </extensions>
      </trkpt>
      <trkpt lat="23.1725225038826465606689453125" lon="113.25643591582775115966796875">
        <ele>-2.400000095367431640625</ele>
        <time>2023-03-01T13:21:11.000Z</time>
        <extensions>
          <ns3:TrackPointExtension>
            <ns3:hr>144</ns3:hr>
            <ns3:cad>63</ns3:cad>
          </ns3:TrackPointExtension>
        </extensions>
      </trkpt>
      <trkpt lat="23.172443546354770660400390625" lon="113.25638629496097564697265625">
        <ele>-4.599999904632568359375</ele>
        <time>2023-03-01T13:21:20.000Z</time>
        <extensions>
          <ns3:TrackPointExtension>
            <ns3:hr>141</ns3:hr>
            <ns3:cad>63</ns3:cad>
          </ns3:TrackPointExtension>
        </extensions>
      </trkpt>
      <trkpt lat="23.1723816879093647003173828125" lon="113.2563599757850170135498046875">
        <ele>-6.80000019073486328125</ele>
        <time>2023-03-01T13:21:28.000Z</time>
        <extensions>
          <ns3:TrackPointExtension>
            <ns3:hr>138</ns3:hr>
            <ns3:cad>53</ns3:cad>
          </ns3:TrackPointExtension>
        </extensions>
      </trkpt>
      <trkpt lat="23.17236098460853099822998046875" lon="113.25634161941707134246826171875">
        <ele>-7.400000095367431640625</ele>
        <time>2023-03-01T13:21:31.000Z</time>
        <extensions>
          <ns3:TrackPointExtension>
            <ns3:hr>135</ns3:hr>
            <ns3:cad>53</ns3:cad>
          </ns3:TrackPointExtension>
        </extensions>
      </trkpt>
      <trkpt lat="23.17232050001621246337890625" lon="113.2563187368214130401611328125">
        <ele>-8.6000003814697265625</ele>
        <time>2023-03-01T13:21:35.000Z</time>
        <extensions>
          <ns3:TrackPointExtension>
            <ns3:hr>132</ns3:hr>
            <ns3:cad>61</ns3:cad>
          </ns3:TrackPointExtension>
        </extensions>
      </trkpt>
      <trkpt lat="23.17217071540653705596923828125" lon="113.256224691867828369140625">
        <ele>-11.3999996185302734375</ele>
        <time>2023-03-01T13:21:49.000Z</time>
        <extensions>
          <ns3:TrackPointExtension>
            <ns3:hr>129</ns3:hr>
            <ns3:cad>77</ns3:cad>
          </ns3:TrackPointExtension>
        </extensions>
      </trkpt>
      <trkpt lat="23.17215311340987682342529296875" lon="113.25621153227984905242919921875">
        <ele>-11.3999996185302734375</ele>
        <time>2023-03-01T13:21:51.000Z</time>
        <extensions>
          <ns3:TrackPointExtension>
            <ns3:hr>124</ns3:hr>
            <ns3:cad>77</ns3:cad>
          </ns3:TrackPointExtension>
        </extensions>
      </trkpt>
      <trkpt lat="23.172135092318058013916015625" lon="113.2561911642551422119140625">
        <ele>-11.19999980926513671875</ele>
        <time>2023-03-01T13:21:54.000Z</time>
        <extensions>
          <ns3:TrackPointExtension>
            <ns3:hr>128</ns3:hr>
            <ns3:cad>62</ns3:cad>
          </ns3:TrackPointExtension>
        </extensions>
      </trkpt>
      <trkpt lat="23.17211589775979518890380859375" lon="113.25616241432726383209228515625">
        <ele>-10.19999980926513671875</ele>
        <time>2023-03-01T13:21:57.000Z</time>
        <extensions>
          <ns3:TrackPointExtension>
            <ns3:hr>131</ns3:hr>
            <ns3:cad>61</ns3:cad>
          </ns3:TrackPointExtension>
        </extensions>
      </trkpt>
      <trkpt lat="23.17207935266196727752685546875" lon="113.25612016953527927398681640625">
        <ele>-8.80000019073486328125</ele>
        <time>2023-03-01T13:22:01.000Z</time>
        <extensions>
          <ns3:TrackPointExtension>
            <ns3:hr>134</ns3:hr>
            <ns3:cad>59</ns3:cad>
          </ns3:TrackPointExtension>
        </extensions>
      </trkpt>
      <trkpt lat="23.1720628403127193450927734375" lon="113.25608479790389537811279296875">
        <ele>-7.19999980926513671875</ele>
        <time>2023-03-01T13:22:04.000Z</time>
        <extensions>
          <ns3:TrackPointExtension>
            <ns3:hr>129</ns3:hr>
            <ns3:cad>57</ns3:cad>
          </ns3:TrackPointExtension>
        </extensions>
      </trkpt>
      <trkpt lat="23.1719954498112201690673828125" lon="113.25594012625515460968017578125">
        <ele>-3.400000095367431640625</ele>
        <time>2023-03-01T13:22:16.000Z</time>
        <extensions>
          <ns3:TrackPointExtension>
            <ns3:hr>129</ns3:hr>
            <ns3:cad>61</ns3:cad>
          </ns3:TrackPointExtension>
        </extensions>
      </trkpt>
      <trkpt lat="23.171994946897029876708984375" lon="113.2559023238718509674072265625">
        <ele>-2.400000095367431640625</ele>
        <time>2023-03-01T13:22:20.000Z</time>
        <extensions>
          <ns3:TrackPointExtension>
            <ns3:hr>128</ns3:hr>
            <ns3:cad>61</ns3:cad>
          </ns3:TrackPointExtension>
        </extensions>
      </trkpt>
      <trkpt lat="23.171959407627582550048828125" lon="113.25588061474263668060302734375">
        <ele>-2.599999904632568359375</ele>
        <time>2023-03-01T13:22:29.000Z</time>
        <extensions>
          <ns3:TrackPointExtension>
            <ns3:hr>125</ns3:hr>
            <ns3:cad>61</ns3:cad>
          </ns3:TrackPointExtension>
        </extensions>
      </trkpt>
      <trkpt lat="23.171942643821239471435546875" lon="113.25582160614430904388427734375">
        <ele>-1.60000002384185791015625</ele>
        <time>2023-03-01T13:22:35.000Z</time>
        <extensions>
          <ns3:TrackPointExtension>
            <ns3:hr>122</ns3:hr>
            <ns3:cad>61</ns3:cad>
          </ns3:TrackPointExtension>
        </extensions>
      </trkpt>
      <trkpt lat="23.17194004543125629425048828125" lon="113.255795873701572418212890625">
        <ele>-1</ele>
        <time>2023-03-01T13:22:36.000Z</time>
        <extensions>
          <ns3:TrackPointExtension>
            <ns3:hr>122</ns3:hr>
            <ns3:cad>61</ns3:cad>
          </ns3:TrackPointExtension>
        </extensions>
      </trkpt>
      <trkpt lat="23.1719354353845119476318359375" lon="113.2557568140327930450439453125">
        <ele>-0.4000000059604644775390625</ele>
        <time>2023-03-01T13:22:40.000Z</time>
        <extensions>
          <ns3:TrackPointExtension>
            <ns3:hr>121</ns3:hr>
            <ns3:cad>59</ns3:cad>
          </ns3:TrackPointExtension>
        </extensions>
      </trkpt>
      <trkpt lat="23.171935267746448516845703125" lon="113.25572471134364604949951171875">
        <ele>0.20000000298023223876953125</ele>
        <time>2023-03-01T13:22:43.000Z</time>
        <extensions>
          <ns3:TrackPointExtension>
            <ns3:hr>119</ns3:hr>
            <ns3:cad>59</ns3:cad>
          </ns3:TrackPointExtension>
        </extensions>
      </trkpt>
      <trkpt lat="23.17192931659519672393798828125" lon="113.25570560060441493988037109375">
        <ele>0.4000000059604644775390625</ele>
        <time>2023-03-01T13:22:45.000Z</time>
        <extensions>
          <ns3:TrackPointExtension>
            <ns3:hr>118</ns3:hr>
            <ns3:cad>59</ns3:cad>
          </ns3:TrackPointExtension>
        </extensions>
      </trkpt>
      <trkpt lat="23.17193157970905303955078125" lon="113.25567861087620258331298828125">
        <ele>1</ele>
        <time>2023-03-01T13:22:47.000Z</time>
        <extensions>
          <ns3:TrackPointExtension>
            <ns3:hr>118</ns3:hr>
            <ns3:cad>59</ns3:cad>
          </ns3:TrackPointExtension>
        </extensions>
      </trkpt>
      <trkpt lat="23.1719340942800045013427734375" lon="113.255661427974700927734375">
        <ele>1.39999997615814208984375</ele>
        <time>2023-03-01T13:22:49.000Z</time>
        <extensions>
          <ns3:TrackPointExtension>
            <ns3:hr>117</ns3:hr>
            <ns3:cad>59</ns3:cad>
          </ns3:TrackPointExtension>
        </extensions>
      </trkpt>
      <trkpt lat="23.1719233654439449310302734375" lon="113.25563267804682254791259765625">
        <ele>1.60000002384185791015625</ele>
        <time>2023-03-01T13:22:51.000Z</time>
        <extensions>
          <ns3:TrackPointExtension>
            <ns3:hr>117</ns3:hr>
            <ns3:cad>59</ns3:cad>
          </ns3:TrackPointExtension>
        </extensions>
      </trkpt>
      <trkpt lat="23.1719163246452808380126953125" lon="113.25559931807219982147216796875">
        <ele>2.2000000476837158203125</ele>
        <time>2023-03-01T13:22:54.000Z</time>
        <extensions>
          <ns3:TrackPointExtension>
            <ns3:hr>117</ns3:hr>
            <ns3:cad>59</ns3:cad>
          </ns3:TrackPointExtension>
        </extensions>
      </trkpt>
      <trkpt lat="23.17192110233008861541748046875" lon="113.2555782794952392578125">
        <ele>2.599999904632568359375</ele>
        <time>2023-03-01T13:22:56.000Z</time>
        <extensions>
          <ns3:TrackPointExtension>
            <ns3:hr>117</ns3:hr>
            <ns3:cad>57</ns3:cad>
          </ns3:TrackPointExtension>
        </extensions>
      </trkpt>
      <trkpt lat="23.17201330326497554779052734375" lon="113.2554144971072673797607421875">
        <ele>4.400000095367431640625</ele>
        <time>2023-03-01T13:23:11.000Z</time>
        <extensions>
          <ns3:TrackPointExtension>
            <ns3:hr>114</ns3:hr>
            <ns3:cad>56</ns3:cad>
          </ns3:TrackPointExtension>
        </extensions>
      </trkpt>
      <trkpt lat="23.172068037092685699462890625" lon="113.25536630116403102874755859375">
        <ele>5</ele>
        <time>2023-03-01T13:23:19.000Z</time>
        <extensions>
          <ns3:TrackPointExtension>
            <ns3:hr>113</ns3:hr>
            <ns3:cad>56</ns3:cad>
          </ns3:TrackPointExtension>
        </extensions>
      </trkpt>
      <trkpt lat="23.1721104495227336883544921875" lon="113.25534987263381481170654296875">
        <ele>5.400000095367431640625</ele>
        <time>2023-03-01T13:23:23.000Z</time>
        <extensions>
          <ns3:TrackPointExtension>
            <ns3:hr>113</ns3:hr>
            <ns3:cad>56</ns3:cad>
          </ns3:TrackPointExtension>
        </extensions>
      </trkpt>
      <trkpt lat="23.17211841233074665069580078125" lon="113.2553481124341487884521484375">
        <ele>5.400000095367431640625</ele>
        <time>2023-03-01T13:23:24.000Z</time>
        <extensions>
          <ns3:TrackPointExtension>
            <ns3:hr>112</ns3:hr>
            <ns3:cad>56</ns3:cad>
          </ns3:TrackPointExtension>
        </extensions>
      </trkpt>
      <trkpt lat="23.1721520237624645233154296875" lon="113.2553474418818950653076171875">
        <ele>5.80000019073486328125</ele>
        <time>2023-03-01T13:23:27.000Z</time>
        <extensions>
          <ns3:TrackPointExtension>
            <ns3:hr>112</ns3:hr>
            <ns3:cad>0</ns3:cad>
          </ns3:TrackPointExtension>
        </extensions>
      </trkpt>
      <trkpt lat="23.1722375191748142242431640625" lon="113.25534819625318050384521484375">
        <ele>6.599999904632568359375</ele>
        <time>2023-03-01T13:23:34.000Z</time>
        <extensions>
          <ns3:TrackPointExtension>
            <ns3:hr>110</ns3:hr>
            <ns3:cad>61</ns3:cad>
          </ns3:TrackPointExtension>
        </extensions>
      </trkpt>
      <trkpt lat="23.1722797639667987823486328125" lon="113.25534467585384845733642578125">
        <ele>7.19999980926513671875</ele>
        <time>2023-03-01T13:23:37.000Z</time>
        <extensions>
          <ns3:TrackPointExtension>
            <ns3:hr>111</ns3:hr>
            <ns3:cad>61</ns3:cad>
          </ns3:TrackPointExtension>
        </extensions>
      </trkpt>
      <trkpt lat="23.17246441729366779327392578125" lon="113.25530980713665485382080078125">
        <ele>8.19999980926513671875</ele>
        <time>2023-03-01T13:23:54.000Z</time>
        <extensions>
          <ns3:TrackPointExtension>
            <ns3:hr>110</ns3:hr>
            <ns3:cad>56</ns3:cad>
          </ns3:TrackPointExtension>
        </extensions>
      </trkpt>
      <trkpt lat="23.17250682972371578216552734375" lon="113.2553169317543506622314453125">
        <ele>8</ele>
        <time>2023-03-01T13:23:57.000Z</time>
        <extensions>
          <ns3:TrackPointExtension>
            <ns3:hr>109</ns3:hr>
            <ns3:cad>56</ns3:cad>
          </ns3:TrackPointExtension>
        </extensions>
      </trkpt>
      <trkpt lat="23.17255008034408092498779296875" lon="113.25532154180109500885009765625">
        <ele>7.599999904632568359375</ele>
        <time>2023-03-01T13:24:05.000Z</time>
        <extensions>
          <ns3:TrackPointExtension>
            <ns3:hr>108</ns3:hr>
            <ns3:cad>59</ns3:cad>
          </ns3:TrackPointExtension>
        </extensions>
      </trkpt>
      <trkpt lat="23.17256432957947254180908203125" lon="113.25531885959208011627197265625">
        <ele>7.599999904632568359375</ele>
        <time>2023-03-01T13:24:07.000Z</time>
        <extensions>
          <ns3:TrackPointExtension>
            <ns3:hr>108</ns3:hr>
            <ns3:cad>59</ns3:cad>
          </ns3:TrackPointExtension>
        </extensions>
      </trkpt>
      <trkpt lat="23.17262920551002025604248046875" lon="113.255309052765369415283203125">
        <ele>7.400000095367431640625</ele>
        <time>2023-03-01T13:24:13.000Z</time>
        <extensions>
          <ns3:TrackPointExtension>
            <ns3:hr>107</ns3:hr>
            <ns3:cad>59</ns3:cad>
          </ns3:TrackPointExtension>
        </extensions>
      </trkpt>
      <trkpt lat="23.1726535968482494354248046875" lon="113.25530108995735645294189453125">
        <ele>7.400000095367431640625</ele>
        <time>2023-03-01T13:24:15.000Z</time>
        <extensions>
          <ns3:TrackPointExtension>
            <ns3:hr>107</ns3:hr>
            <ns3:cad>57</ns3:cad>
          </ns3:TrackPointExtension>
        </extensions>
      </trkpt>
      <trkpt lat="23.172686286270618438720703125" lon="113.255276195704936981201171875">
        <ele>7.599999904632568359375</ele>
        <time>2023-03-01T13:24:18.000Z</time>
        <extensions>
          <ns3:TrackPointExtension>
            <ns3:hr>108</ns3:hr>
            <ns3:cad>57</ns3:cad>
          </ns3:TrackPointExtension>
        </extensions>
      </trkpt>
      <trkpt lat="23.17269525490701198577880859375" lon="113.25524962507188320159912109375">
        <ele>7.599999904632568359375</ele>
        <time>2023-03-01T13:24:21.000Z</time>
        <extensions>
          <ns3:TrackPointExtension>
            <ns3:hr>110</ns3:hr>
            <ns3:cad>57</ns3:cad>
          </ns3:TrackPointExtension>
        </extensions>
      </trkpt>
      <trkpt lat="23.1727072410285472869873046875" lon="113.2552411593496799468994140625">
        <ele>7.400000095367431640625</ele>
        <time>2023-03-01T13:24:23.000Z</time>
        <extensions>
          <ns3:TrackPointExtension>
            <ns3:hr>110</ns3:hr>
            <ns3:cad>57</ns3:cad>
          </ns3:TrackPointExtension>
        </extensions>
      </trkpt>
      <trkpt lat="23.17273783497512340545654296875" lon="113.25523068197071552276611328125">
        <ele>7.19999980926513671875</ele>
        <time>2023-03-01T13:24:26.000Z</time>
        <extensions>
          <ns3:TrackPointExtension>
            <ns3:hr>110</ns3:hr>
            <ns3:cad>57</ns3:cad>
          </ns3:TrackPointExtension>
        </extensions>
      </trkpt>
      <trkpt lat="23.17274755798280239105224609375" lon="113.255226574838161468505859375">
        <ele>7.19999980926513671875</ele>
        <time>2023-03-01T13:24:27.000Z</time>
        <extensions>
          <ns3:TrackPointExtension>
            <ns3:hr>105</ns3:hr>
            <ns3:cad>57</ns3:cad>
          </ns3:TrackPointExtension>
        </extensions>
      </trkpt>
      <trkpt lat="23.17275510169565677642822265625" lon="113.25522347353398799896240234375">
        <ele>7.19999980926513671875</ele>
        <time>2023-03-01T13:24:28.000Z</time>
        <extensions>
          <ns3:TrackPointExtension>
            <ns3:hr>105</ns3:hr>
            <ns3:cad>58</ns3:cad>
          </ns3:TrackPointExtension>
        </extensions>
      </trkpt>
      <trkpt lat="23.172785528004169464111328125" lon="113.25519941747188568115234375">
        <ele>7</ele>
        <time>2023-03-01T13:24:31.000Z</time>
        <extensions>
          <ns3:TrackPointExtension>
            <ns3:hr>107</ns3:hr>
            <ns3:cad>56</ns3:cad>
          </ns3:TrackPointExtension>
        </extensions>
      </trkpt>
      <trkpt lat="23.17284462042152881622314453125" lon="113.255201093852519989013671875">
        <ele>6.400000095367431640625</ele>
        <time>2023-03-01T13:24:37.000Z</time>
        <extensions>
          <ns3:TrackPointExtension>
            <ns3:hr>108</ns3:hr>
            <ns3:cad>56</ns3:cad>
          </ns3:TrackPointExtension>
        </extensions>
      </trkpt>
      <trkpt lat="23.17286490462720394134521484375" lon="113.25519463978707790374755859375">
        <ele>6.19999980926513671875</ele>
        <time>2023-03-01T13:24:39.000Z</time>
        <extensions>
          <ns3:TrackPointExtension>
            <ns3:hr>108</ns3:hr>
            <ns3:cad>55</ns3:cad>
          </ns3:TrackPointExtension>
        </extensions>
      </trkpt>
      <trkpt lat="23.17306288518011569976806640625" lon="113.25519614852964878082275390625">
        <ele>6.19999980926513671875</ele>
        <time>2023-03-01T13:24:57.000Z</time>
        <extensions>
          <ns3:TrackPointExtension>
            <ns3:hr>107</ns3:hr>
            <ns3:cad>57</ns3:cad>
          </ns3:TrackPointExtension>
        </extensions>
      </trkpt>
      <trkpt lat="23.173242844641208648681640625" lon="113.25517653487622737884521484375">
        <ele>9</ele>
        <time>2023-03-01T13:25:12.000Z</time>
        <extensions>
          <ns3:TrackPointExtension>
            <ns3:hr>107</ns3:hr>
            <ns3:cad>58</ns3:cad>
          </ns3:TrackPointExtension>
        </extensions>
      </trkpt>
      <trkpt lat="23.17325818352401256561279296875" lon="113.25515960343182086944580078125">
        <ele>9.6000003814697265625</ele>
        <time>2023-03-01T13:25:16.000Z</time>
        <extensions>
          <ns3:TrackPointExtension>
            <ns3:hr>107</ns3:hr>
            <ns3:cad>55</ns3:cad>
          </ns3:TrackPointExtension>
        </extensions>
      </trkpt>
      <trkpt lat="23.17328743636608123779296875" lon="113.25516714714467525482177734375">
        <ele>9.80000019073486328125</ele>
        <time>2023-03-01T13:25:19.000Z</time>
        <extensions>
          <ns3:TrackPointExtension>
            <ns3:hr>106</ns3:hr>
            <ns3:cad>55</ns3:cad>
          </ns3:TrackPointExtension>
        </extensions>
      </trkpt>
      <trkpt lat="23.17344845272600650787353515625" lon="113.25513278134167194366455078125">
        <ele>12.3999996185302734375</ele>
        <time>2023-03-01T13:25:32.000Z</time>
        <extensions>
          <ns3:TrackPointExtension>
            <ns3:hr>106</ns3:hr>
            <ns3:cad>56</ns3:cad>
          </ns3:TrackPointExtension>
        </extensions>
      </trkpt>
      <trkpt lat="23.17348566837608814239501953125" lon="113.2551385648548603057861328125">
        <ele>12.3999996185302734375</ele>
        <time>2023-03-01T13:25:36.000Z</time>
        <extensions>
          <ns3:TrackPointExtension>
            <ns3:hr>106</ns3:hr>
            <ns3:cad>59</ns3:cad>
          </ns3:TrackPointExtension>
        </extensions>
      </trkpt>
      <trkpt lat="23.17350679077208042144775390625" lon="113.2551492936909198760986328125">
        <ele>12.19999980926513671875</ele>
        <time>2023-03-01T13:25:38.000Z</time>
        <extensions>
          <ns3:TrackPointExtension>
            <ns3:hr>106</ns3:hr>
            <ns3:cad>58</ns3:cad>
          </ns3:TrackPointExtension>
        </extensions>
      </trkpt>
      <trkpt lat="23.173550628125667572021484375" lon="113.25515071861445903778076171875">
        <ele>12.19999980926513671875</ele>
        <time>2023-03-01T13:25:43.000Z</time>
        <extensions>
          <ns3:TrackPointExtension>
            <ns3:hr>106</ns3:hr>
            <ns3:cad>117</ns3:cad>
          </ns3:TrackPointExtension>
        </extensions>
      </trkpt>
      <trkpt lat="23.173587508499622344970703125" lon="113.25513831339776515960693359375">
        <ele>12.3999996185302734375</ele>
        <time>2023-03-01T13:25:46.000Z</time>
        <extensions>
          <ns3:TrackPointExtension>
            <ns3:hr>107</ns3:hr>
            <ns3:cad>117</ns3:cad>
          </ns3:TrackPointExtension>
        </extensions>
      </trkpt>
      <trkpt lat="23.17363838665187358856201171875" lon="113.2551067136228084564208984375">
        <ele>12.80000019073486328125</ele>
        <time>2023-03-01T13:25:51.000Z</time>
        <extensions>
          <ns3:TrackPointExtension>
            <ns3:hr>107</ns3:hr>
            <ns3:cad>57</ns3:cad>
          </ns3:TrackPointExtension>
        </extensions>
      </trkpt>
      <trkpt lat="23.1736664660274982452392578125" lon="113.25509958900511264801025390625">
        <ele>12.80000019073486328125</ele>
        <time>2023-03-01T13:25:55.000Z</time>
        <extensions>
          <ns3:TrackPointExtension>
            <ns3:hr>107</ns3:hr>
            <ns3:cad>61</ns3:cad>
          </ns3:TrackPointExtension>
        </extensions>
      </trkpt>
      <trkpt lat="23.17369186319410800933837890625" lon="113.2551021873950958251953125">
        <ele>12.6000003814697265625</ele>
        <time>2023-03-01T13:25:58.000Z</time>
        <extensions>
          <ns3:TrackPointExtension>
            <ns3:hr>106</ns3:hr>
            <ns3:cad>60</ns3:cad>
          </ns3:TrackPointExtension>
        </extensions>
      </trkpt>
      <trkpt lat="23.173728995025157928466796875" lon="113.2550995051860809326171875">
        <ele>12</ele>
        <time>2023-03-01T13:26:02.000Z</time>
        <extensions>
          <ns3:TrackPointExtension>
            <ns3:hr>106</ns3:hr>
            <ns3:cad>57</ns3:cad>
          </ns3:TrackPointExtension>
        </extensions>
      </trkpt>
      <trkpt lat="23.1737653724849224090576171875" lon="113.255095817148685455322265625">
        <ele>11.3999996185302734375</ele>
        <time>2023-03-01T13:26:05.000Z</time>
        <extensions>
          <ns3:TrackPointExtension>
            <ns3:hr>106</ns3:hr>
            <ns3:cad>56</ns3:cad>
          </ns3:TrackPointExtension>
        </extensions>
      </trkpt>
      <trkpt lat="23.173791356384754180908203125" lon="113.2550902850925922393798828125">
        <ele>11</ele>
        <time>2023-03-01T13:26:07.000Z</time>
        <extensions>
          <ns3:TrackPointExtension>
            <ns3:hr>106</ns3:hr>
            <ns3:cad>55</ns3:cad>
          </ns3:TrackPointExtension>
        </extensions>
      </trkpt>
      <trkpt lat="23.17382781766355037689208984375" lon="113.25507176108658313751220703125">
        <ele>10.6000003814697265625</ele>
        <time>2023-03-01T13:26:09.000Z</time>
        <extensions>
          <ns3:TrackPointExtension>
            <ns3:hr>106</ns3:hr>
            <ns3:cad>55</ns3:cad>
          </ns3:TrackPointExtension>
        </extensions>
      </trkpt>
      <trkpt lat="23.17387224175035953521728515625" lon="113.2550500519573688507080078125">
        <ele>10.3999996185302734375</ele>
        <time>2023-03-01T13:26:12.000Z</time>
        <extensions>
          <ns3:TrackPointExtension>
            <ns3:hr>106</ns3:hr>
            <ns3:cad>56</ns3:cad>
          </ns3:TrackPointExtension>
        </extensions>
      </trkpt>
      <trkpt lat="23.1738961301743984222412109375" lon="113.255058266222476959228515625">
        <ele>10</ele>
        <time>2023-03-01T13:26:14.000Z</time>
        <extensions>
          <ns3:TrackPointExtension>
            <ns3:hr>105</ns3:hr>
            <ns3:cad>56</ns3:cad>
          </ns3:TrackPointExtension>
        </extensions>
      </trkpt>
      <trkpt lat="23.17392907105386257171630859375" lon="113.25506555847823619842529296875">
        <ele>9.6000003814697265625</ele>
        <time>2023-03-01T13:26:18.000Z</time>
        <extensions>
          <ns3:TrackPointExtension>
            <ns3:hr>105</ns3:hr>
            <ns3:cad>56</ns3:cad>
          </ns3:TrackPointExtension>
        </extensions>
      </trkpt>
      <trkpt lat="23.1739953719079494476318359375" lon="113.25501878745853900909423828125">
        <ele>8.80000019073486328125</ele>
        <time>2023-03-01T13:26:24.000Z</time>
        <extensions>
          <ns3:TrackPointExtension>
            <ns3:hr>106</ns3:hr>
            <ns3:cad>57</ns3:cad>
          </ns3:TrackPointExtension>
        </extensions>
      </trkpt>
      <trkpt lat="23.174034766852855682373046875" lon="113.255009986460208892822265625">
        <ele>8.3999996185302734375</ele>
        <time>2023-03-01T13:26:27.000Z</time>
        <extensions>
          <ns3:TrackPointExtension>
            <ns3:hr>106</ns3:hr>
            <ns3:cad>57</ns3:cad>
          </ns3:TrackPointExtension>
        </extensions>
      </trkpt>
      <trkpt lat="23.1740806996822357177734375" lon="113.25500554405152797698974609375">
        <ele>7.80000019073486328125</ele>
        <time>2023-03-01T13:26:32.000Z</time>
        <extensions>
          <ns3:TrackPointExtension>
            <ns3:hr>106</ns3:hr>
            <ns3:cad>57</ns3:cad>
          </ns3:TrackPointExtension>
        </extensions>
      </trkpt>
      <trkpt lat="23.17412889562547206878662109375" lon="113.25498492456972599029541015625">
        <ele>7.80000019073486328125</ele>
        <time>2023-03-01T13:26:36.000Z</time>
        <extensions>
          <ns3:TrackPointExtension>
            <ns3:hr>107</ns3:hr>
            <ns3:cad>58</ns3:cad>
          </ns3:TrackPointExtension>
        </extensions>
      </trkpt>
      <trkpt lat="23.17428781650960445404052734375" lon="113.25501241721212863922119140625">
        <ele>7.19999980926513671875</ele>
        <time>2023-03-01T13:26:50.000Z</time>
        <extensions>
          <ns3:TrackPointExtension>
            <ns3:hr>106</ns3:hr>
            <ns3:cad>61</ns3:cad>
          </ns3:TrackPointExtension>
        </extensions>
      </trkpt>
      <trkpt lat="23.1743247807025909423828125" lon="113.25501543469727039337158203125">
        <ele>7.19999980926513671875</ele>
        <time>2023-03-01T13:26:55.000Z</time>
        <extensions>
          <ns3:TrackPointExtension>
            <ns3:hr>106</ns3:hr>
            <ns3:cad>61</ns3:cad>
          </ns3:TrackPointExtension>
        </extensions>
      </trkpt>
      <trkpt lat="23.174351267516613006591796875" lon="113.25501828454434871673583984375">
        <ele>7</ele>
        <time>2023-03-01T13:26:58.000Z</time>
        <extensions>
          <ns3:TrackPointExtension>
            <ns3:hr>105</ns3:hr>
            <ns3:cad>61</ns3:cad>
          </ns3:TrackPointExtension>
        </extensions>
      </trkpt>
      <trkpt lat="23.17438638769090175628662109375" lon="113.2550163567066192626953125">
        <ele>6.80000019073486328125</ele>
        <time>2023-03-01T13:27:02.000Z</time>
        <extensions>
          <ns3:TrackPointExtension>
            <ns3:hr>104</ns3:hr>
            <ns3:cad>70</ns3:cad>
          </ns3:TrackPointExtension>
        </extensions>
      </trkpt>
      <trkpt lat="23.17441488616168498992919921875" lon="113.25502012856304645538330078125">
        <ele>6.80000019073486328125</ele>
        <time>2023-03-01T13:27:06.000Z</time>
        <extensions>
          <ns3:TrackPointExtension>
            <ns3:hr>104</ns3:hr>
            <ns3:cad>61</ns3:cad>
          </ns3:TrackPointExtension>
        </extensions>
      </trkpt>
      <trkpt lat="23.17445243708789348602294921875" lon="113.25502105057239532470703125">
        <ele>6.599999904632568359375</ele>
        <time>2023-03-01T13:27:10.000Z</time>
        <extensions>
          <ns3:TrackPointExtension>
            <ns3:hr>104</ns3:hr>
            <ns3:cad>61</ns3:cad>
          </ns3:TrackPointExtension>
        </extensions>
      </trkpt>
      <trkpt lat="23.17447406239807605743408203125" lon="113.255020715296268463134765625">
        <ele>6.400000095367431640625</ele>
        <time>2023-03-01T13:27:11.000Z</time>
        <extensions>
          <ns3:TrackPointExtension>
            <ns3:hr>104</ns3:hr>
            <ns3:cad>61</ns3:cad>
          </ns3:TrackPointExtension>
        </extensions>
      </trkpt>
      <trkpt lat="23.17451228387653827667236328125" lon="113.25502431951463222503662109375">
        <ele>6.19999980926513671875</ele>
        <time>2023-03-01T13:27:18.000Z</time>
        <extensions>
          <ns3:TrackPointExtension>
            <ns3:hr>105</ns3:hr>
            <ns3:cad>0</ns3:cad>
          </ns3:TrackPointExtension>
        </extensions>
      </trkpt>
      <trkpt lat="23.17453307099640369415283203125" lon="113.2549645565450191497802734375">
        <ele>5.80000019073486328125</ele>
        <time>2023-03-01T13:27:26.000Z</time>
        <extensions>
          <ns3:TrackPointExtension>
            <ns3:hr>105</ns3:hr>
            <ns3:cad>0</ns3:cad>
          </ns3:TrackPointExtension>
        </extensions>
      </trkpt>
      <trkpt lat="23.17453893832862377166748046875" lon="113.254934884607791900634765625">
        <ele>5.599999904632568359375</ele>
        <time>2023-03-01T13:27:29.000Z</time>
        <extensions>
          <ns3:TrackPointExtension>
            <ns3:hr>105</ns3:hr>
            <ns3:cad>0</ns3:cad>
          </ns3:TrackPointExtension>
        </extensions>
      </trkpt>
      <trkpt lat="23.1745391897857189178466796875" lon="113.25484679080545902252197265625">
        <ele>5.599999904632568359375</ele>
        <time>2023-03-01T13:27:37.000Z</time>
        <extensions>
          <ns3:TrackPointExtension>
            <ns3:hr>107</ns3:hr>
            <ns3:cad>60</ns3:cad>
          </ns3:TrackPointExtension>
        </extensions>
      </trkpt>
      <trkpt lat="23.1745184026658535003662109375" lon="113.2546493969857692718505859375">
        <ele>5.19999980926513671875</ele>
        <time>2023-03-01T13:27:56.000Z</time>
        <extensions>
          <ns3:TrackPointExtension>
            <ns3:hr>106</ns3:hr>
            <ns3:cad>61</ns3:cad>
          </ns3:TrackPointExtension>
        </extensions>
      </trkpt>
      <trkpt lat="23.17451999522745609283447265625" lon="113.25461293570697307586669921875">
        <ele>5.400000095367431640625</ele>
        <time>2023-03-01T13:28:01.000Z</time>
        <extensions>
          <ns3:TrackPointExtension>
            <ns3:hr>106</ns3:hr>
            <ns3:cad>0</ns3:cad>
          </ns3:TrackPointExtension>
        </extensions>
      </trkpt>
      <trkpt lat="23.17458872683346271514892578125" lon="113.25460354797542095184326171875">
        <ele>4.599999904632568359375</ele>
        <time>2023-03-01T13:28:10.000Z</time>
        <extensions>
          <ns3:TrackPointExtension>
            <ns3:hr>105</ns3:hr>
            <ns3:cad>68</ns3:cad>
          </ns3:TrackPointExtension>
        </extensions>
      </trkpt>
      <trkpt lat="23.1746330671012401580810546875" lon="113.25460254214704036712646484375">
        <ele>4</ele>
        <time>2023-03-01T13:28:15.000Z</time>
        <extensions>
          <ns3:TrackPointExtension>
            <ns3:hr>108</ns3:hr>
            <ns3:cad>61</ns3:cad>
          </ns3:TrackPointExtension>
        </extensions>
      </trkpt>
      <trkpt lat="23.1746525131165981292724609375" lon="113.2546011172235012054443359375">
        <ele>4</ele>
        <time>2023-03-01T13:28:17.000Z</time>
        <extensions>
          <ns3:TrackPointExtension>
            <ns3:hr>111</ns3:hr>
            <ns3:cad>61</ns3:cad>
          </ns3:TrackPointExtension>
        </extensions>
      </trkpt>
      <trkpt lat="23.174809925258159637451171875" lon="113.25459600426256656646728515625">
        <ele>4.599999904632568359375</ele>
        <time>2023-03-01T13:28:32.000Z</time>
        <extensions>
          <ns3:TrackPointExtension>
            <ns3:hr>114</ns3:hr>
            <ns3:cad>61</ns3:cad>
          </ns3:TrackPointExtension>
        </extensions>
      </trkpt>
      <trkpt lat="23.17485460080206394195556640625" lon="113.25460840947926044464111328125">
        <ele>4.80000019073486328125</ele>
        <time>2023-03-01T13:28:36.000Z</time>
        <extensions>
          <ns3:TrackPointExtension>
            <ns3:hr>117</ns3:hr>
            <ns3:cad>61</ns3:cad>
          </ns3:TrackPointExtension>
        </extensions>
      </trkpt>
      <trkpt lat="23.17489466629922389984130859375" lon="113.254558704793453216552734375">
        <ele>4.400000095367431640625</ele>
        <time>2023-03-01T13:28:43.000Z</time>
        <extensions>
          <ns3:TrackPointExtension>
            <ns3:hr>117</ns3:hr>
            <ns3:cad>61</ns3:cad>
          </ns3:TrackPointExtension>
        </extensions>
      </trkpt>
      <trkpt lat="23.17490958608686923980712890625" lon="113.254524506628513336181640625">
        <ele>4</ele>
        <time>2023-03-01T13:28:46.000Z</time>
        <extensions>
          <ns3:TrackPointExtension>
            <ns3:hr>116</ns3:hr>
            <ns3:cad>59</ns3:cad>
          </ns3:TrackPointExtension>
        </extensions>
      </trkpt>
      <trkpt lat="23.175004385411739349365234375" lon="113.25434454716742038726806640625">
        <ele>5.80000019073486328125</ele>
        <time>2023-03-01T13:29:00.000Z</time>
        <extensions>
          <ns3:TrackPointExtension>
            <ns3:hr>113</ns3:hr>
            <ns3:cad>61</ns3:cad>
          </ns3:TrackPointExtension>
        </extensions>
      </trkpt>
      <trkpt lat="23.17508342675864696502685546875" lon="113.25425184331834316253662109375">
        <ele>9.3999996185302734375</ele>
        <time>2023-03-01T13:29:08.000Z</time>
        <extensions>
          <ns3:TrackPointExtension>
            <ns3:hr>110</ns3:hr>
            <ns3:cad>0</ns3:cad>
          </ns3:TrackPointExtension>
        </extensions>
      </trkpt>
      <trkpt lat="23.17507403902709484100341796875" lon="113.2541853748261928558349609375">
        <ele>10.6000003814697265625</ele>
        <time>2023-03-01T13:29:19.000Z</time>
        <extensions>
          <ns3:TrackPointExtension>
            <ns3:hr>109</ns3:hr>
            <ns3:cad>61</ns3:cad>
          </ns3:TrackPointExtension>
        </extensions>
      </trkpt>
      <trkpt lat="23.1750541739165782928466796875" lon="113.25415662489831447601318359375">
        <ele>10.80000019073486328125</ele>
        <time>2023-03-01T13:29:24.000Z</time>
        <extensions>
          <ns3:TrackPointExtension>
            <ns3:hr>109</ns3:hr>
            <ns3:cad>57</ns3:cad>
          </ns3:TrackPointExtension>
        </extensions>
      </trkpt>
      <trkpt lat="23.175036571919918060302734375" lon="113.254126869142055511474609375">
        <ele>11.19999980926513671875</ele>
        <time>2023-03-01T13:29:28.000Z</time>
        <extensions>
          <ns3:TrackPointExtension>
            <ns3:hr>109</ns3:hr>
            <ns3:cad>58</ns3:cad>
          </ns3:TrackPointExtension>
        </extensions>
      </trkpt>
      <trkpt lat="23.17502492107450962066650390625" lon="113.2541102729737758636474609375">
        <ele>11.19999980926513671875</ele>
        <time>2023-03-01T13:29:31.000Z</time>
        <extensions>
          <ns3:TrackPointExtension>
            <ns3:hr>108</ns3:hr>
            <ns3:cad>0</ns3:cad>
          </ns3:TrackPointExtension>
        </extensions>
      </trkpt>
      <trkpt lat="23.175010420382022857666015625" lon="113.25406509451568126678466796875">
        <ele>11.6000003814697265625</ele>
        <time>2023-03-01T13:29:35.000Z</time>
        <extensions>
          <ns3:TrackPointExtension>
            <ns3:hr>108</ns3:hr>
            <ns3:cad>61</ns3:cad>
          </ns3:TrackPointExtension>
        </extensions>
      </trkpt>
      <trkpt lat="23.17500933073461055755615234375" lon="113.25404204428195953369140625">
        <ele>12</ele>
        <time>2023-03-01T13:29:37.000Z</time>
        <extensions>
          <ns3:TrackPointExtension>
            <ns3:hr>108</ns3:hr>
            <ns3:cad>61</ns3:cad>
          </ns3:TrackPointExtension>
        </extensions>
      </trkpt>
      <trkpt lat="23.1750310398638248443603515625" lon="113.25400055386126041412353515625">
        <ele>13</ele>
        <time>2023-03-01T13:29:40.000Z</time>
        <extensions>
          <ns3:TrackPointExtension>
            <ns3:hr>108</ns3:hr>
            <ns3:cad>56</ns3:cad>
          </ns3:TrackPointExtension>
        </extensions>
      </trkpt>
      <trkpt lat="23.17506364546716213226318359375" lon="113.2538081891834735870361328125">
        <ele>13</ele>
        <time>2023-03-01T13:29:57.000Z</time>
        <extensions>
          <ns3:TrackPointExtension>
            <ns3:hr>109</ns3:hr>
            <ns3:cad>61</ns3:cad>
          </ns3:TrackPointExtension>
        </extensions>
      </trkpt>
      <trkpt lat="23.17508946172893047332763671875" lon="113.25360693968832492828369140625">
        <ele>12.80000019073486328125</ele>
        <time>2023-03-01T13:30:12.000Z</time>
        <extensions>
          <ns3:TrackPointExtension>
            <ns3:hr>109</ns3:hr>
            <ns3:cad>62</ns3:cad>
          </ns3:TrackPointExtension>
        </extensions>
      </trkpt>
      <trkpt lat="23.17519473843276500701904296875" lon="113.25341977179050445556640625">
        <ele>12.80000019073486328125</ele>
        <time>2023-03-01T13:30:24.000Z</time>
        <extensions>
          <ns3:TrackPointExtension>
            <ns3:hr>108</ns3:hr>
            <ns3:cad>61</ns3:cad>
          </ns3:TrackPointExtension>
        </extensions>
      </trkpt>
      <trkpt lat="23.1752764619886875152587890625" lon="113.25325640849769115447998046875">
        <ele>15.3999996185302734375</ele>
        <time>2023-03-01T13:30:35.000Z</time>
        <extensions>
          <ns3:TrackPointExtension>
            <ns3:hr>109</ns3:hr>
            <ns3:cad>63</ns3:cad>
          </ns3:TrackPointExtension>
        </extensions>
      </trkpt>
      <trkpt lat="23.1752286851406097412109375" lon="113.2530675642192363739013671875">
        <ele>18</ele>
        <time>2023-03-01T13:30:49.000Z</time>
        <extensions>
          <ns3:TrackPointExtension>
            <ns3:hr>106</ns3:hr>
            <ns3:cad>61</ns3:cad>
          </ns3:TrackPointExtension>
        </extensions>
      </trkpt>
      <trkpt lat="23.1753240711987018585205078125" lon="113.25294636189937591552734375">
        <ele>20.6000003814697265625</ele>
        <time>2023-03-01T13:30:57.000Z</time>
        <extensions>
          <ns3:TrackPointExtension>
            <ns3:hr>107</ns3:hr>
            <ns3:cad>60</ns3:cad>
          </ns3:TrackPointExtension>
        </extensions>
      </trkpt>
      <trkpt lat="23.17534527741372585296630859375" lon="113.25292146764695644378662109375">
        <ele>21</ele>
        <time>2023-03-01T13:30:59.000Z</time>
        <extensions>
          <ns3:TrackPointExtension>
            <ns3:hr>107</ns3:hr>
            <ns3:cad>59</ns3:cad>
          </ns3:TrackPointExtension>
        </extensions>
      </trkpt>
      <trkpt lat="23.17539271898567676544189453125" lon="113.25290679931640625">
        <ele>21.3999996185302734375</ele>
        <time>2023-03-01T13:31:05.000Z</time>
        <extensions>
          <ns3:TrackPointExtension>
            <ns3:hr>107</ns3:hr>
            <ns3:cad>59</ns3:cad>
          </ns3:TrackPointExtension>
        </extensions>
      </trkpt>
      <trkpt lat="23.1753441877663135528564453125" lon="113.2529215514659881591796875">
        <ele>21</ele>
        <time>2023-03-01T13:31:11.000Z</time>
        <extensions>
          <ns3:TrackPointExtension>
            <ns3:hr>107</ns3:hr>
            <ns3:cad>58</ns3:cad>
          </ns3:TrackPointExtension>
        </extensions>
      </trkpt>
      <trkpt lat="23.1753193773329257965087890625" lon="113.2529217191040515899658203125">
        <ele>20.6000003814697265625</ele>
        <time>2023-03-01T13:31:15.000Z</time>
        <extensions>
          <ns3:TrackPointExtension>
            <ns3:hr>109</ns3:hr>
            <ns3:cad>58</ns3:cad>
          </ns3:TrackPointExtension>
        </extensions>
      </trkpt>
      <trkpt lat="23.17530504427850246429443359375" lon="113.25291694141924381256103515625">
        <ele>20.6000003814697265625</ele>
        <time>2023-03-01T13:31:17.000Z</time>
        <extensions>
          <ns3:TrackPointExtension>
            <ns3:hr>109</ns3:hr>
            <ns3:cad>60</ns3:cad>
          </ns3:TrackPointExtension>
        </extensions>
      </trkpt>
      <trkpt lat="23.17529481835663318634033203125" lon="113.25290453620254993438720703125">
        <ele>20.3999996185302734375</ele>
        <time>2023-03-01T13:31:22.000Z</time>
        <extensions>
          <ns3:TrackPointExtension>
            <ns3:hr>108</ns3:hr>
            <ns3:cad>58</ns3:cad>
          </ns3:TrackPointExtension>
        </extensions>
      </trkpt>
      <trkpt lat="23.175265230238437652587890625" lon="113.25285382568836212158203125">
        <ele>20.3999996185302734375</ele>
        <time>2023-03-01T13:31:28.000Z</time>
        <extensions>
          <ns3:TrackPointExtension>
            <ns3:hr>108</ns3:hr>
            <ns3:cad>59</ns3:cad>
          </ns3:TrackPointExtension>
        </extensions>
      </trkpt>
      <trkpt lat="23.17521904595196247100830078125" lon="113.25279858894646167755126953125">
        <ele>20</ele>
        <time>2023-03-01T13:31:33.000Z</time>
        <extensions>
          <ns3:TrackPointExtension>
            <ns3:hr>107</ns3:hr>
            <ns3:cad>61</ns3:cad>
          </ns3:TrackPointExtension>
        </extensions>
      </trkpt>
      <trkpt lat="23.17521669901907444000244140625" lon="113.25274519622325897216796875">
        <ele>20.200000762939453125</ele>
        <time>2023-03-01T13:31:38.000Z</time>
        <extensions>
          <ns3:TrackPointExtension>
            <ns3:hr>106</ns3:hr>
            <ns3:cad>61</ns3:cad>
          </ns3:TrackPointExtension>
        </extensions>
      </trkpt>
      <trkpt lat="23.175218962132930755615234375" lon="113.25272566638886928558349609375">
        <ele>20.200000762939453125</ele>
        <time>2023-03-01T13:31:40.000Z</time>
        <extensions>
          <ns3:TrackPointExtension>
            <ns3:hr>106</ns3:hr>
            <ns3:cad>61</ns3:cad>
          </ns3:TrackPointExtension>
        </extensions>
      </trkpt>
      <trkpt lat="23.175195492804050445556640625" lon="113.25262910686433315277099609375">
        <ele>17.3999996185302734375</ele>
        <time>2023-03-01T13:31:48.000Z</time>
        <extensions>
          <ns3:TrackPointExtension>
            <ns3:hr>107</ns3:hr>
            <ns3:cad>61</ns3:cad>
          </ns3:TrackPointExtension>
        </extensions>
      </trkpt>
      <trkpt lat="23.17519943229854106903076171875" lon="113.25260630808770656585693359375">
        <ele>16.799999237060546875</ele>
        <time>2023-03-01T13:31:50.000Z</time>
        <extensions>
          <ns3:TrackPointExtension>
            <ns3:hr>107</ns3:hr>
            <ns3:cad>61</ns3:cad>
          </ns3:TrackPointExtension>
        </extensions>
      </trkpt>
      <trkpt lat="23.175201527774333953857421875" lon="113.25240346603095531463623046875">
        <ele>10</ele>
        <time>2023-03-01T13:32:02.000Z</time>
        <extensions>
          <ns3:TrackPointExtension>
            <ns3:hr>107</ns3:hr>
            <ns3:cad>61</ns3:cad>
          </ns3:TrackPointExtension>
        </extensions>
      </trkpt>
      <trkpt lat="23.17510857246816158294677734375" lon="113.2522308826446533203125">
        <ele>4</ele>
        <time>2023-03-01T13:32:10.000Z</time>
        <extensions>
          <ns3:TrackPointExtension>
            <ns3:hr>106</ns3:hr>
            <ns3:cad>61</ns3:cad>
          </ns3:TrackPointExtension>
        </extensions>
      </trkpt>
      <trkpt lat="23.17511309869587421417236328125" lon="113.25222996063530445098876953125">
        <ele>4</ele>
        <time>2023-03-01T13:32:13.000Z</time>
        <extensions>
          <ns3:TrackPointExtension>
            <ns3:hr>106</ns3:hr>
            <ns3:cad>0</ns3:cad>
          </ns3:TrackPointExtension>
        </extensions>
      </trkpt>
      <trkpt lat="23.17524234764277935028076171875" lon="113.2520627416670322418212890625">
        <ele>4.19999980926513671875</ele>
        <time>2023-03-01T13:32:30.000Z</time>
        <extensions>
          <ns3:TrackPointExtension>
            <ns3:hr>106</ns3:hr>
            <ns3:cad>60</ns3:cad>
          </ns3:TrackPointExtension>
        </extensions>
      </trkpt>
      <trkpt lat="23.17528107203543186187744140625" lon="113.2520526833832263946533203125">
        <ele>5.19999980926513671875</ele>
        <time>2023-03-01T13:32:32.000Z</time>
        <extensions>
          <ns3:TrackPointExtension>
            <ns3:hr>106</ns3:hr>
            <ns3:cad>60</ns3:cad>
          </ns3:TrackPointExtension>
        </extensions>
      </trkpt>
      <trkpt lat="23.17536941729485988616943359375" lon="113.25204513967037200927734375">
        <ele>7.19999980926513671875</ele>
        <time>2023-03-01T13:32:36.000Z</time>
        <extensions>
          <ns3:TrackPointExtension>
            <ns3:hr>106</ns3:hr>
            <ns3:cad>0</ns3:cad>
          </ns3:TrackPointExtension>
        </extensions>
      </trkpt>
      <trkpt lat="23.1754172779619693756103515625" lon="113.25204187072813510894775390625">
        <ele>8</ele>
        <time>2023-03-01T13:32:41.000Z</time>
        <extensions>
          <ns3:TrackPointExtension>
            <ns3:hr>107</ns3:hr>
            <ns3:cad>60</ns3:cad>
          </ns3:TrackPointExtension>
        </extensions>
      </trkpt>
      <trkpt lat="23.17544317804276943206787109375" lon="113.2520288787782192230224609375">
        <ele>8.3999996185302734375</ele>
        <time>2023-03-01T13:32:44.000Z</time>
        <extensions>
          <ns3:TrackPointExtension>
            <ns3:hr>107</ns3:hr>
            <ns3:cad>60</ns3:cad>
          </ns3:TrackPointExtension>
        </extensions>
      </trkpt>
      <trkpt lat="23.17546748556196689605712890625" lon="113.25199945829808712005615234375">
        <ele>9.19999980926513671875</ele>
        <time>2023-03-01T13:32:48.000Z</time>
        <extensions>
          <ns3:TrackPointExtension>
            <ns3:hr>106</ns3:hr>
            <ns3:cad>60</ns3:cad>
          </ns3:TrackPointExtension>
        </extensions>
      </trkpt>
      <trkpt lat="23.1754984147846698760986328125" lon="113.2519728876650333404541015625">
        <ele>9.6000003814697265625</ele>
        <time>2023-03-01T13:32:53.000Z</time>
        <extensions>
          <ns3:TrackPointExtension>
            <ns3:hr>107</ns3:hr>
            <ns3:cad>60</ns3:cad>
          </ns3:TrackPointExtension>
        </extensions>
      </trkpt>
      <trkpt lat="23.17553118802607059478759765625" lon="113.25189351104199886322021484375">
        <ele>10.80000019073486328125</ele>
        <time>2023-03-01T13:32:58.000Z</time>
        <extensions>
          <ns3:TrackPointExtension>
            <ns3:hr>108</ns3:hr>
            <ns3:cad>62</ns3:cad>
          </ns3:TrackPointExtension>
        </extensions>
      </trkpt>
      <trkpt lat="23.175490200519561767578125" lon="113.25178722850978374481201171875">
        <ele>13.80000019073486328125</ele>
        <time>2023-03-01T13:33:01.000Z</time>
        <extensions>
          <ns3:TrackPointExtension>
            <ns3:hr>107</ns3:hr>
            <ns3:cad>62</ns3:cad>
          </ns3:TrackPointExtension>
        </extensions>
      </trkpt>
      <trkpt lat="23.1755446828901767730712890625" lon="113.25176744721829891204833984375">
        <ele>14.6000003814697265625</ele>
        <time>2023-03-01T13:33:08.000Z</time>
        <extensions>
          <ns3:TrackPointExtension>
            <ns3:hr>107</ns3:hr>
            <ns3:cad>62</ns3:cad>
          </ns3:TrackPointExtension>
        </extensions>
      </trkpt>
      <trkpt lat="23.17551827989518642425537109375" lon="113.2517244480550289154052734375">
        <ele>15.80000019073486328125</ele>
        <time>2023-03-01T13:33:10.000Z</time>
        <extensions>
          <ns3:TrackPointExtension>
            <ns3:hr>107</ns3:hr>
            <ns3:cad>62</ns3:cad>
          </ns3:TrackPointExtension>
        </extensions>
      </trkpt>
      <trkpt lat="23.17554074339568614959716796875" lon="113.25167222879827022552490234375">
        <ele>17.6000003814697265625</ele>
        <time>2023-03-01T13:33:15.000Z</time>
        <extensions>
          <ns3:TrackPointExtension>
            <ns3:hr>110</ns3:hr>
            <ns3:cad>61</ns3:cad>
          </ns3:TrackPointExtension>
        </extensions>
      </trkpt>
      <trkpt lat="23.1755879335105419158935546875" lon="113.251626379787921905517578125">
        <ele>17.799999237060546875</ele>
        <time>2023-03-01T13:33:20.000Z</time>
        <extensions>
          <ns3:TrackPointExtension>
            <ns3:hr>109</ns3:hr>
            <ns3:cad>60</ns3:cad>
          </ns3:TrackPointExtension>
        </extensions>
      </trkpt>
      <trkpt lat="23.1755988299846649169921875" lon="113.2516151480376720428466796875">
        <ele>17.799999237060546875</ele>
        <time>2023-03-01T13:33:22.000Z</time>
        <extensions>
          <ns3:TrackPointExtension>
            <ns3:hr>107</ns3:hr>
            <ns3:cad>60</ns3:cad>
          </ns3:TrackPointExtension>
        </extensions>
      </trkpt>
      <trkpt lat="23.1756191141903400421142578125" lon="113.2515846379101276397705078125">
        <ele>17.6000003814697265625</ele>
        <time>2023-03-01T13:33:27.000Z</time>
        <extensions>
          <ns3:TrackPointExtension>
            <ns3:hr>106</ns3:hr>
            <ns3:cad>61</ns3:cad>
          </ns3:TrackPointExtension>
        </extensions>
      </trkpt>
      <trkpt lat="23.17562942393124103546142578125" lon="113.25157315470278263092041015625">
        <ele>17.200000762939453125</ele>
        <time>2023-03-01T13:33:29.000Z</time>
        <extensions>
          <ns3:TrackPointExtension>
            <ns3:hr>104</ns3:hr>
            <ns3:cad>61</ns3:cad>
          </ns3:TrackPointExtension>
        </extensions>
      </trkpt>
      <trkpt lat="23.17568390630185604095458984375" lon="113.251553960144519805908203125">
        <ele>16.200000762939453125</ele>
        <time>2023-03-01T13:33:33.000Z</time>
        <extensions>
          <ns3:TrackPointExtension>
            <ns3:hr>104</ns3:hr>
            <ns3:cad>58</ns3:cad>
          </ns3:TrackPointExtension>
        </extensions>
      </trkpt>
      <trkpt lat="23.175734616816043853759765625" lon="113.25152839533984661102294921875">
        <ele>16.3999996185302734375</ele>
        <time>2023-03-01T13:33:38.000Z</time>
        <extensions>
          <ns3:TrackPointExtension>
            <ns3:hr>104</ns3:hr>
            <ns3:cad>0</ns3:cad>
          </ns3:TrackPointExtension>
        </extensions>
      </trkpt>
      <trkpt lat="23.1757478602230548858642578125" lon="113.25152168981730937957763671875">
        <ele>16.6000003814697265625</ele>
        <time>2023-03-01T13:33:40.000Z</time>
        <extensions>
          <ns3:TrackPointExtension>
            <ns3:hr>103</ns3:hr>
            <ns3:cad>61</ns3:cad>
          </ns3:TrackPointExtension>
        </extensions>
      </trkpt>
      <trkpt lat="23.17577308975160121917724609375" lon="113.2515051774680614471435546875">
        <ele>16.799999237060546875</ele>
        <time>2023-03-01T13:33:44.000Z</time>
        <extensions>
          <ns3:TrackPointExtension>
            <ns3:hr>103</ns3:hr>
            <ns3:cad>0</ns3:cad>
          </ns3:TrackPointExtension>
        </extensions>
      </trkpt>
      <trkpt lat="23.1757911108434200286865234375" lon="113.2515058480203151702880859375">
        <ele>16.799999237060546875</ele>
        <time>2023-03-01T13:33:47.000Z</time>
        <extensions>
          <ns3:TrackPointExtension>
            <ns3:hr>102</ns3:hr>
            <ns3:cad>70</ns3:cad>
          </ns3:TrackPointExtension>
        </extensions>
      </trkpt>
      <trkpt lat="23.1758058629930019378662109375" lon="113.25149654410779476165771484375">
        <ele>17</ele>
        <time>2023-03-01T13:33:51.000Z</time>
        <extensions>
          <ns3:TrackPointExtension>
            <ns3:hr>103</ns3:hr>
            <ns3:cad>70</ns3:cad>
          </ns3:TrackPointExtension>
        </extensions>
      </trkpt>
      <trkpt lat="23.17586881108582019805908203125" lon="113.2514625973999500274658203125">
        <ele>17.3999996185302734375</ele>
        <time>2023-03-01T13:33:58.000Z</time>
        <extensions>
          <ns3:TrackPointExtension>
            <ns3:hr>104</ns3:hr>
            <ns3:cad>0</ns3:cad>
          </ns3:TrackPointExtension>
        </extensions>
      </trkpt>
      <trkpt lat="23.175907619297504425048828125" lon="113.25146402232348918914794921875">
        <ele>17.6000003814697265625</ele>
        <time>2023-03-01T13:34:02.000Z</time>
        <extensions>
          <ns3:TrackPointExtension>
            <ns3:hr>105</ns3:hr>
            <ns3:cad>61</ns3:cad>
          </ns3:TrackPointExtension>
        </extensions>
      </trkpt>
      <trkpt lat="23.17593083716928958892822265625" lon="113.25145195238292217254638671875">
        <ele>17.799999237060546875</ele>
        <time>2023-03-01T13:34:05.000Z</time>
        <extensions>
          <ns3:TrackPointExtension>
            <ns3:hr>105</ns3:hr>
            <ns3:cad>61</ns3:cad>
          </ns3:TrackPointExtension>
        </extensions>
      </trkpt>
      <trkpt lat="23.17595363594591617584228515625" lon="113.25143225491046905517578125">
        <ele>18</ele>
        <time>2023-03-01T13:34:09.000Z</time>
        <extensions>
          <ns3:TrackPointExtension>
            <ns3:hr>105</ns3:hr>
            <ns3:cad>61</ns3:cad>
          </ns3:TrackPointExtension>
        </extensions>
      </trkpt>
      <trkpt lat="23.17603477276861667633056640625" lon="113.25135237537324428558349609375">
        <ele>19</ele>
        <time>2023-03-01T13:34:19.000Z</time>
        <extensions>
          <ns3:TrackPointExtension>
            <ns3:hr>96</ns3:hr>
            <ns3:cad>52</ns3:cad>
          </ns3:TrackPointExtension>
        </extensions>
      </trkpt>
      <trkpt lat="23.1760479323565959930419921875" lon="113.25135371647775173187255859375">
        <ele>19</ele>
        <time>2023-03-01T13:34:20.000Z</time>
        <extensions>
          <ns3:TrackPointExtension>
            <ns3:hr>97</ns3:hr>
            <ns3:cad>52</ns3:cad>
          </ns3:TrackPointExtension>
        </extensions>
      </trkpt>
      <trkpt lat="23.1760737486183643341064453125" lon="113.2513459213078022003173828125">
        <ele>19.3999996185302734375</ele>
        <time>2023-03-01T13:34:24.000Z</time>
        <extensions>
          <ns3:TrackPointExtension>
            <ns3:hr>95</ns3:hr>
            <ns3:cad>52</ns3:cad>
          </ns3:TrackPointExtension>
        </extensions>
      </trkpt>
      <trkpt lat="23.17609059624373912811279296875" lon="113.2513278163969516754150390625">
        <ele>20</ele>
        <time>2023-03-01T13:34:29.000Z</time>
        <extensions>
          <ns3:TrackPointExtension>
            <ns3:hr>95</ns3:hr>
            <ns3:cad>58</ns3:cad>
          </ns3:TrackPointExtension>
        </extensions>
      </trkpt>
      <trkpt lat="23.17610065452754497528076171875" lon="113.2513090409338474273681640625">
        <ele>20</ele>
        <time>2023-03-01T13:34:31.000Z</time>
        <extensions>
          <ns3:TrackPointExtension>
            <ns3:hr>95</ns3:hr>
            <ns3:cad>58</ns3:cad>
          </ns3:TrackPointExtension>
        </extensions>
      </trkpt>
      <trkpt lat="23.17615195177495479583740234375" lon="113.25121541507542133331298828125">
        <ele>19.799999237060546875</ele>
        <time>2023-03-01T13:34:40.000Z</time>
        <extensions>
          <ns3:TrackPointExtension>
            <ns3:hr>97</ns3:hr>
            <ns3:cad>0</ns3:cad>
          </ns3:TrackPointExtension>
        </extensions>
      </trkpt>
      <trkpt lat="23.176172487437725067138671875" lon="113.25120200403034687042236328125">
        <ele>20</ele>
        <time>2023-03-01T13:34:43.000Z</time>
        <extensions>
          <ns3:TrackPointExtension>
            <ns3:hr>99</ns3:hr>
            <ns3:cad>0</ns3:cad>
          </ns3:TrackPointExtension>
        </extensions>
      </trkpt>
      <trkpt lat="23.176182210445404052734375" lon="113.25119446031749248504638671875">
        <ele>19.799999237060546875</ele>
        <time>2023-03-01T13:34:46.000Z</time>
        <extensions>
          <ns3:TrackPointExtension>
            <ns3:hr>100</ns3:hr>
            <ns3:cad>0</ns3:cad>
          </ns3:TrackPointExtension>
        </extensions>
      </trkpt>
      <trkpt lat="23.17630969919264316558837890625" lon="113.2510481961071491241455078125">
        <ele>17.200000762939453125</ele>
        <time>2023-03-01T13:35:12.000Z</time>
        <extensions>
          <ns3:TrackPointExtension>
            <ns3:hr>101</ns3:hr>
            <ns3:cad>56</ns3:cad>
          </ns3:TrackPointExtension>
        </extensions>
      </trkpt>
      <trkpt lat="23.17632964812219142913818359375" lon="113.2510210387408733367919921875">
        <ele>17</ele>
        <time>2023-03-01T13:35:16.000Z</time>
        <extensions>
          <ns3:TrackPointExtension>
            <ns3:hr>102</ns3:hr>
            <ns3:cad>56</ns3:cad>
          </ns3:TrackPointExtension>
        </extensions>
      </trkpt>
      <trkpt lat="23.17632897756993770599365234375" lon="113.25098541565239429473876953125">
        <ele>16.799999237060546875</ele>
        <time>2023-03-01T13:35:18.000Z</time>
        <extensions>
          <ns3:TrackPointExtension>
            <ns3:hr>102</ns3:hr>
            <ns3:cad>59</ns3:cad>
          </ns3:TrackPointExtension>
        </extensions>
      </trkpt>
      <trkpt lat="23.176327049732208251953125" lon="113.2509382255375385284423828125">
        <ele>16.3999996185302734375</ele>
        <time>2023-03-01T13:35:20.000Z</time>
        <extensions>
          <ns3:TrackPointExtension>
            <ns3:hr>102</ns3:hr>
            <ns3:cad>59</ns3:cad>
          </ns3:TrackPointExtension>
        </extensions>
      </trkpt>
      <trkpt lat="23.17641195841133594512939453125" lon="113.25083303265273571014404296875">
        <ele>16</ele>
        <time>2023-03-01T13:35:30.000Z</time>
        <extensions>
          <ns3:TrackPointExtension>
            <ns3:hr>103</ns3:hr>
            <ns3:cad>57</ns3:cad>
          </ns3:TrackPointExtension>
        </extensions>
      </trkpt>
      <trkpt lat="23.1764422170817852020263671875" lon="113.250838480889797210693359375">
        <ele>16</ele>
        <time>2023-03-01T13:35:32.000Z</time>
        <extensions>
          <ns3:TrackPointExtension>
            <ns3:hr>103</ns3:hr>
            <ns3:cad>57</ns3:cad>
          </ns3:TrackPointExtension>
        </extensions>
      </trkpt>
      <trkpt lat="23.1764858029782772064208984375" lon="113.25084158219397068023681640625">
        <ele>16.200000762939453125</ele>
        <time>2023-03-01T13:35:35.000Z</time>
        <extensions>
          <ns3:TrackPointExtension>
            <ns3:hr>103</ns3:hr>
            <ns3:cad>57</ns3:cad>
          </ns3:TrackPointExtension>
        </extensions>
      </trkpt>
      <trkpt lat="23.1765092723071575164794921875" lon="113.250842504203319549560546875">
        <ele>16.3999996185302734375</ele>
        <time>2023-03-01T13:35:37.000Z</time>
        <extensions>
          <ns3:TrackPointExtension>
            <ns3:hr>103</ns3:hr>
            <ns3:cad>57</ns3:cad>
          </ns3:TrackPointExtension>
        </extensions>
      </trkpt>
      <trkpt lat="23.17652394063770771026611328125" lon="113.25084158219397068023681640625">
        <ele>16.3999996185302734375</ele>
        <time>2023-03-01T13:35:39.000Z</time>
        <extensions>
          <ns3:TrackPointExtension>
            <ns3:hr>102</ns3:hr>
            <ns3:cad>57</ns3:cad>
          </ns3:TrackPointExtension>
        </extensions>
      </trkpt>
      <trkpt lat="23.176587559282779693603515625" lon="113.25080621056258678436279296875">
        <ele>16.3999996185302734375</ele>
        <time>2023-03-01T13:36:04.000Z</time>
        <extensions>
          <ns3:TrackPointExtension>
            <ns3:hr>101</ns3:hr>
            <ns3:cad>61</ns3:cad>
          </ns3:TrackPointExtension>
        </extensions>
      </trkpt>
      <trkpt lat="23.17678914405405521392822265625" lon="113.2507987506687641143798828125">
        <ele>19</ele>
        <time>2023-03-01T13:36:11.000Z</time>
        <extensions>
          <ns3:TrackPointExtension>
            <ns3:hr>101</ns3:hr>
            <ns3:cad>61</ns3:cad>
          </ns3:TrackPointExtension>
        </extensions>
      </trkpt>
      <trkpt lat="23.17698444239795207977294921875" lon="113.2508014328777790069580078125">
        <ele>20.799999237060546875</ele>
        <time>2023-03-01T13:36:22.000Z</time>
        <extensions>
          <ns3:TrackPointExtension>
            <ns3:hr>102</ns3:hr>
            <ns3:cad>61</ns3:cad>
          </ns3:TrackPointExtension>
        </extensions>
      </trkpt>
      <trkpt lat="23.17711838521063327789306640625" lon="113.2507387362420558929443359375">
        <ele>23</ele>
        <time>2023-03-01T13:36:37.000Z</time>
        <extensions>
          <ns3:TrackPointExtension>
            <ns3:hr>98</ns3:hr>
            <ns3:cad>61</ns3:cad>
          </ns3:TrackPointExtension>
        </extensions>
      </trkpt>
      <trkpt lat="23.17714269272983074188232421875" lon="113.25072339735925197601318359375">
        <ele>23.3999996185302734375</ele>
        <time>2023-03-01T13:36:41.000Z</time>
        <extensions>
          <ns3:TrackPointExtension>
            <ns3:hr>95</ns3:hr>
            <ns3:cad>61</ns3:cad>
          </ns3:TrackPointExtension>
        </extensions>
      </trkpt>
      <trkpt lat="23.17715627141296863555908203125" lon="113.25072540901601314544677734375">
        <ele>23.3999996185302734375</ele>
        <time>2023-03-01T13:36:44.000Z</time>
        <extensions>
          <ns3:TrackPointExtension>
            <ns3:hr>94</ns3:hr>
            <ns3:cad>0</ns3:cad>
          </ns3:TrackPointExtension>
        </extensions>
      </trkpt>
      <trkpt lat="23.1772787310183048248291015625" lon="113.25072281062602996826171875">
        <ele>23.3999996185302734375</ele>
        <time>2023-03-01T13:36:55.000Z</time>
        <extensions>
          <ns3:TrackPointExtension>
            <ns3:hr>97</ns3:hr>
            <ns3:cad>51</ns3:cad>
          </ns3:TrackPointExtension>
        </extensions>
      </trkpt>
      <trkpt lat="23.1773461215198040008544921875" lon="113.25075977481901645660400390625">
        <ele>23</ele>
        <time>2023-03-01T13:37:04.000Z</time>
        <extensions>
          <ns3:TrackPointExtension>
            <ns3:hr>102</ns3:hr>
            <ns3:cad>60</ns3:cad>
          </ns3:TrackPointExtension>
        </extensions>
      </trkpt>
      <trkpt lat="23.17735190503299236297607421875" lon="113.25076094828546047210693359375">
        <ele>23</ele>
        <time>2023-03-01T13:37:05.000Z</time>
        <extensions>
          <ns3:TrackPointExtension>
            <ns3:hr>106</ns3:hr>
            <ns3:cad>60</ns3:cad>
          </ns3:TrackPointExtension>
        </extensions>
      </trkpt>
      <trkpt lat="23.17736447788774967193603515625" lon="113.25075793080031871795654296875">
        <ele>23</ele>
        <time>2023-03-01T13:37:07.000Z</time>
        <extensions>
          <ns3:TrackPointExtension>
            <ns3:hr>110</ns3:hr>
            <ns3:cad>60</ns3:cad>
          </ns3:TrackPointExtension>
        </extensions>
      </trkpt>
      <trkpt lat="23.17739532329142093658447265625" lon="113.2507558353245258331298828125">
        <ele>23</ele>
        <time>2023-03-01T13:37:09.000Z</time>
        <extensions>
          <ns3:TrackPointExtension>
            <ns3:hr>114</ns3:hr>
            <ns3:cad>60</ns3:cad>
          </ns3:TrackPointExtension>
        </extensions>
      </trkpt>
      <trkpt lat="23.17743421532213687896728515625" lon="113.25075357221066951751708984375">
        <ele>23</ele>
        <time>2023-03-01T13:37:13.000Z</time>
        <extensions>
          <ns3:TrackPointExtension>
            <ns3:hr>119</ns3:hr>
            <ns3:cad>60</ns3:cad>
          </ns3:TrackPointExtension>
        </extensions>
      </trkpt>
      <trkpt lat="23.17744226194918155670166015625" lon="113.25075323693454265594482421875">
        <ele>23</ele>
        <time>2023-03-01T13:37:14.000Z</time>
        <extensions>
          <ns3:TrackPointExtension>
            <ns3:hr>125</ns3:hr>
            <ns3:cad>60</ns3:cad>
          </ns3:TrackPointExtension>
        </extensions>
      </trkpt>
      <trkpt lat="23.17744947038590908050537109375" lon="113.250750638544559478759765625">
        <ele>23</ele>
        <time>2023-03-01T13:37:15.000Z</time>
        <extensions>
          <ns3:TrackPointExtension>
            <ns3:hr>125</ns3:hr>
            <ns3:cad>60</ns3:cad>
          </ns3:TrackPointExtension>
        </extensions>
      </trkpt>
      <trkpt lat="23.17746095359325408935546875" lon="113.25074669905006885528564453125">
        <ele>23</ele>
        <time>2023-03-01T13:37:17.000Z</time>
        <extensions>
          <ns3:TrackPointExtension>
            <ns3:hr>128</ns3:hr>
            <ns3:cad>59</ns3:cad>
          </ns3:TrackPointExtension>
        </extensions>
      </trkpt>
      <trkpt lat="23.17749171517789363861083984375" lon="113.25074653141200542449951171875">
        <ele>23</ele>
        <time>2023-03-01T13:37:21.000Z</time>
        <extensions>
          <ns3:TrackPointExtension>
            <ns3:hr>133</ns3:hr>
            <ns3:cad>0</ns3:cad>
          </ns3:TrackPointExtension>
        </extensions>
      </trkpt>
      <trkpt lat="23.17750730551779270172119140625" lon="113.25074158608913421630859375">
        <ele>23</ele>
        <time>2023-03-01T13:37:23.000Z</time>
        <extensions>
          <ns3:TrackPointExtension>
            <ns3:hr>137</ns3:hr>
            <ns3:cad>0</ns3:cad>
          </ns3:TrackPointExtension>
        </extensions>
      </trkpt>
      <trkpt lat="23.17760101519525051116943359375" lon="113.25074150227010250091552734375">
        <ele>22.6000003814697265625</ele>
        <time>2023-03-01T13:37:34.000Z</time>
        <extensions>
          <ns3:TrackPointExtension>
            <ns3:hr>134</ns3:hr>
            <ns3:cad>61</ns3:cad>
          </ns3:TrackPointExtension>
        </extensions>
      </trkpt>
      <trkpt lat="23.17762331105768680572509765625" lon="113.25072272680699825286865234375">
        <ele>22.799999237060546875</ele>
        <time>2023-03-01T13:37:38.000Z</time>
        <extensions>
          <ns3:TrackPointExtension>
            <ns3:hr>137</ns3:hr>
            <ns3:cad>114</ns3:cad>
          </ns3:TrackPointExtension>
        </extensions>
      </trkpt>
      <trkpt lat="23.1776364706456661224365234375" lon="113.25073345564305782318115234375">
        <ele>22.6000003814697265625</ele>
        <time>2023-03-01T13:37:39.000Z</time>
        <extensions>
          <ns3:TrackPointExtension>
            <ns3:hr>141</ns3:hr>
            <ns3:cad>114</ns3:cad>
          </ns3:TrackPointExtension>
        </extensions>
      </trkpt>
      <trkpt lat="23.1776364706456661224365234375" lon="113.25073345564305782318115234375">
        <ele>22.6000003814697265625</ele>
        <time>2023-03-01T13:37:40.000Z</time>
        <extensions>
          <ns3:TrackPointExtension>
            <ns3:hr>147</ns3:hr>
            <ns3:cad>114</ns3:cad>
          </ns3:TrackPointExtension>
        </extensions>
      </trkpt>
      <trkpt lat="23.17759799771010875701904296875" lon="113.25080084614455699920654296875">
        <ele>22.3999996185302734375</ele>
        <time>2023-03-01T13:37:44.000Z</time>
        <extensions>
          <ns3:TrackPointExtension>
            <ns3:hr>146</ns3:hr>
            <ns3:cad>114</ns3:cad>
          </ns3:TrackPointExtension>
        </extensions>
      </trkpt>
      <trkpt lat="23.17761073820292949676513671875" lon="113.2507994212210178375244140625">
        <ele>22.200000762939453125</ele>
        <time>2023-03-01T13:37:46.000Z</time>
        <extensions>
          <ns3:TrackPointExtension>
            <ns3:hr>145</ns3:hr>
            <ns3:cad>114</ns3:cad>
          </ns3:TrackPointExtension>
        </extensions>
      </trkpt>
      <trkpt lat="23.17763269878923892974853515625" lon="113.250793553888797760009765625">
        <ele>22.200000762939453125</ele>
        <time>2023-03-01T13:37:49.000Z</time>
        <extensions>
          <ns3:TrackPointExtension>
            <ns3:hr>142</ns3:hr>
            <ns3:cad>114</ns3:cad>
          </ns3:TrackPointExtension>
        </extensions>
      </trkpt>
      <trkpt lat="23.1776399910449981689453125" lon="113.25078575871884822845458984375">
        <ele>22.200000762939453125</ele>
        <time>2023-03-01T13:37:51.000Z</time>
        <extensions>
          <ns3:TrackPointExtension>
            <ns3:hr>139</ns3:hr>
            <ns3:cad>60</ns3:cad>
          </ns3:TrackPointExtension>
        </extensions>
      </trkpt>
      <trkpt lat="23.1776555813848972320556640625" lon="113.25076363049447536468505859375">
        <ele>22.200000762939453125</ele>
        <time>2023-03-01T13:37:54.000Z</time>
        <extensions>
          <ns3:TrackPointExtension>
            <ns3:hr>136</ns3:hr>
            <ns3:cad>57</ns3:cad>
          </ns3:TrackPointExtension>
        </extensions>
      </trkpt>
      <trkpt lat="23.1776981614530086517333984375" lon="113.25076513923704624176025390625">
        <ele>22</ele>
        <time>2023-03-01T13:37:57.000Z</time>
        <extensions>
          <ns3:TrackPointExtension>
            <ns3:hr>133</ns3:hr>
            <ns3:cad>0</ns3:cad>
          </ns3:TrackPointExtension>
        </extensions>
      </trkpt>
      <trkpt lat="23.1776998378336429595947265625" lon="113.250764049589633941650390625">
        <ele>22</ele>
        <time>2023-03-01T13:38:01.000Z</time>
        <extensions>
          <ns3:TrackPointExtension>
            <ns3:hr>130</ns3:hr>
            <ns3:cad>0</ns3:cad>
          </ns3:TrackPointExtension>
        </extensions>
      </trkpt>
      <trkpt lat="23.17772892303764820098876953125" lon="113.25077938847243785858154296875">
        <ele>22.200000762939453125</ele>
        <time>2023-03-01T13:38:05.000Z</time>
        <extensions>
          <ns3:TrackPointExtension>
            <ns3:hr>127</ns3:hr>
            <ns3:cad>59</ns3:cad>
          </ns3:TrackPointExtension>
        </extensions>
      </trkpt>
      <trkpt lat="23.1777615286409854888916015625" lon="113.25080319307744503021240234375">
        <ele>22.200000762939453125</ele>
        <time>2023-03-01T13:38:12.000Z</time>
        <extensions>
          <ns3:TrackPointExtension>
            <ns3:hr>124</ns3:hr>
            <ns3:cad>55</ns3:cad>
          </ns3:TrackPointExtension>
        </extensions>
      </trkpt>
      <trkpt lat="23.1778406538069248199462890625" lon="113.2507945597171783447265625">
        <ele>22.799999237060546875</ele>
        <time>2023-03-01T13:38:18.000Z</time>
        <extensions>
          <ns3:TrackPointExtension>
            <ns3:hr>123</ns3:hr>
            <ns3:cad>0</ns3:cad>
          </ns3:TrackPointExtension>
        </extensions>
      </trkpt>
      <trkpt lat="23.177877366542816162109375" lon="113.25078072957694530487060546875">
        <ele>23.200000762939453125</ele>
        <time>2023-03-01T13:38:23.000Z</time>
        <extensions>
          <ns3:TrackPointExtension>
            <ns3:hr>121</ns3:hr>
            <ns3:cad>0</ns3:cad>
          </ns3:TrackPointExtension>
        </extensions>
      </trkpt>
    </trkseg>
  </trk>
</gpx>
