<gpx xmlns:ns3="http://www.garmin.com/xmlschemas/TrackPointExtension/v1" xmlns="http://www.topografix.com/GPX/1/1" xmlns:xsi="http://www.w3.org/2001/XMLSchema-instance" xmlns:ns2="http://www.garmin.com/xmlschemas/GpxExtensions/v3" creator="Garmin Connect" version="1.1" xsi:schemaLocation="http://www.topografix.com/GPX/1/1 http://www.topografix.com/GPX/11.xsd">
  <extensions>
<distance>5199.61</distance>
<average_hr>163.0</average_hr>
<average_speed>2.13100004196167</average_speed>
<start_time>2023-05-10T12:17:05+00:00</start_time>
<end_time>2023-05-10T12:57:44.635000+00:00</end_time>
<moving_time>2437.955</moving_time>
<elapsed_time>2439.635</elapsed_time>
</extensions>
<metadata>
    <link href="connect.garmin.com">
      <text>Garmin Connect</text>
    </link>
    <time>2023-05-10T12:17:05.000Z</time>
  </metadata>
  <trk>
    <name>广州市 跑步</name>
    <type>running</type>
    <trkseg>
      <trkpt lat="23.17842763848602771759033203125" lon="113.26429168693721294403076171875">
        <ele>9.80000019073486328125</ele>
        <time>2023-05-10T12:37:42.000Z</time>
        <extensions>
          <ns3:TrackPointExtension>
            <ns3:hr>162</ns3:hr>
            <ns3:cad>83</ns3:cad>
          </ns3:TrackPointExtension>
        </extensions>
      </trkpt>
      <trkpt lat="23.1784178316593170166015625" lon="113.264287412166595458984375">
        <ele>9.80000019073486328125</ele>
        <time>2023-05-10T12:37:44.000Z</time>
        <extensions>
          <ns3:TrackPointExtension>
            <ns3:hr>163</ns3:hr>
            <ns3:cad>83</ns3:cad>
          </ns3:TrackPointExtension>
        </extensions>
      </trkpt>
      <trkpt lat="23.17838287912309169769287109375" lon="113.26426520012319087982177734375">
        <ele>9.80000019073486328125</ele>
        <time>2023-05-10T12:37:46.000Z</time>
        <extensions>
          <ns3:TrackPointExtension>
            <ns3:hr>160</ns3:hr>
            <ns3:cad>83</ns3:cad>
          </ns3:TrackPointExtension>
        </extensions>
      </trkpt>
      <trkpt lat="23.178225718438625335693359375" lon="113.26415799558162689208984375">
        <ele>9.80000019073486328125</ele>
        <time>2023-05-10T12:37:56.000Z</time>
        <extensions>
          <ns3:TrackPointExtension>
            <ns3:hr>157</ns3:hr>
            <ns3:cad>61</ns3:cad>
          </ns3:TrackPointExtension>
        </extensions>
      </trkpt>
      <trkpt lat="23.17815086804330348968505859375" lon="113.2640894316136837005615234375">
        <ele>10.19999980926513671875</ele>
        <time>2023-05-10T12:38:01.000Z</time>
        <extensions>
          <ns3:TrackPointExtension>
            <ns3:hr>153</ns3:hr>
            <ns3:cad>61</ns3:cad>
          </ns3:TrackPointExtension>
        </extensions>
      </trkpt>
      <trkpt lat="23.1781450845301151275634765625" lon="113.26409094035625457763671875">
        <ele>10.3999996185302734375</ele>
        <time>2023-05-10T12:38:02.000Z</time>
        <extensions>
          <ns3:TrackPointExtension>
            <ns3:hr>153</ns3:hr>
            <ns3:cad>61</ns3:cad>
          </ns3:TrackPointExtension>
        </extensions>
      </trkpt>
      <trkpt lat="23.1781279854476451873779296875" lon="113.26409337110817432403564453125">
        <ele>10.6000003814697265625</ele>
        <time>2023-05-10T12:38:04.000Z</time>
        <extensions>
          <ns3:TrackPointExtension>
            <ns3:hr>149</ns3:hr>
            <ns3:cad>61</ns3:cad>
          </ns3:TrackPointExtension>
        </extensions>
      </trkpt>
      <trkpt lat="23.17809035070240497589111328125" lon="113.26407928951084613800048828125">
        <ele>11.19999980926513671875</ele>
        <time>2023-05-10T12:38:09.000Z</time>
        <extensions>
          <ns3:TrackPointExtension>
            <ns3:hr>149</ns3:hr>
            <ns3:cad>61</ns3:cad>
          </ns3:TrackPointExtension>
        </extensions>
      </trkpt>
      <trkpt lat="23.1780503690242767333984375" lon="113.26404592953622341156005859375">
        <ele>11.6000003814697265625</ele>
        <time>2023-05-10T12:38:13.000Z</time>
        <extensions>
          <ns3:TrackPointExtension>
            <ns3:hr>145</ns3:hr>
            <ns3:cad>61</ns3:cad>
          </ns3:TrackPointExtension>
        </extensions>
      </trkpt>
      <trkpt lat="23.178027234971523284912109375" lon="113.26402966864407062530517578125">
        <ele>11.80000019073486328125</ele>
        <time>2023-05-10T12:38:14.000Z</time>
        <extensions>
          <ns3:TrackPointExtension>
            <ns3:hr>145</ns3:hr>
            <ns3:cad>61</ns3:cad>
          </ns3:TrackPointExtension>
        </extensions>
      </trkpt>
      <trkpt lat="23.177958838641643524169921875" lon="113.263971917331218719482421875">
        <ele>12.6000003814697265625</ele>
        <time>2023-05-10T12:38:19.000Z</time>
        <extensions>
          <ns3:TrackPointExtension>
            <ns3:hr>142</ns3:hr>
            <ns3:cad>61</ns3:cad>
          </ns3:TrackPointExtension>
        </extensions>
      </trkpt>
      <trkpt lat="23.17785733379423618316650390625" lon="113.26386873610317707061767578125">
        <ele>13</ele>
        <time>2023-05-10T12:38:25.000Z</time>
        <extensions>
          <ns3:TrackPointExtension>
            <ns3:hr>139</ns3:hr>
            <ns3:cad>61</ns3:cad>
          </ns3:TrackPointExtension>
        </extensions>
      </trkpt>
      <trkpt lat="23.17783168517053127288818359375" lon="113.2638336159288883209228515625">
        <ele>13</ele>
        <time>2023-05-10T12:38:29.000Z</time>
        <extensions>
          <ns3:TrackPointExtension>
            <ns3:hr>137</ns3:hr>
            <ns3:cad>61</ns3:cad>
          </ns3:TrackPointExtension>
        </extensions>
      </trkpt>
      <trkpt lat="23.177803270518779754638671875" lon="113.26380318962037563323974609375">
        <ele>12.80000019073486328125</ele>
        <time>2023-05-10T12:38:31.000Z</time>
        <extensions>
          <ns3:TrackPointExtension>
            <ns3:hr>138</ns3:hr>
            <ns3:cad>61</ns3:cad>
          </ns3:TrackPointExtension>
        </extensions>
      </trkpt>
      <trkpt lat="23.1777672283351421356201171875" lon="113.263788521289825439453125">
        <ele>13</ele>
        <time>2023-05-10T12:38:35.000Z</time>
        <extensions>
          <ns3:TrackPointExtension>
            <ns3:hr>137</ns3:hr>
            <ns3:cad>61</ns3:cad>
          </ns3:TrackPointExtension>
        </extensions>
      </trkpt>
      <trkpt lat="23.17771308124065399169921875" lon="113.26377167366445064544677734375">
        <ele>13</ele>
        <time>2023-05-10T12:38:38.000Z</time>
        <extensions>
          <ns3:TrackPointExtension>
            <ns3:hr>137</ns3:hr>
            <ns3:cad>61</ns3:cad>
          </ns3:TrackPointExtension>
        </extensions>
      </trkpt>
      <trkpt lat="23.1776522286236286163330078125" lon="113.26365214772522449493408203125">
        <ele>12</ele>
        <time>2023-05-10T12:38:41.000Z</time>
        <extensions>
          <ns3:TrackPointExtension>
            <ns3:hr>138</ns3:hr>
            <ns3:cad>61</ns3:cad>
          </ns3:TrackPointExtension>
        </extensions>
      </trkpt>
      <trkpt lat="23.177496492862701416015625" lon="113.2634762115776538848876953125">
        <ele>11.6000003814697265625</ele>
        <time>2023-05-10T12:38:46.000Z</time>
        <extensions>
          <ns3:TrackPointExtension>
            <ns3:hr>138</ns3:hr>
            <ns3:cad>64</ns3:cad>
          </ns3:TrackPointExtension>
        </extensions>
      </trkpt>
      <trkpt lat="23.17733279429376125335693359375" lon="113.26336531899869441986083984375">
        <ele>11.3999996185302734375</ele>
        <time>2023-05-10T12:38:50.000Z</time>
        <extensions>
          <ns3:TrackPointExtension>
            <ns3:hr>138</ns3:hr>
            <ns3:cad>65</ns3:cad>
          </ns3:TrackPointExtension>
        </extensions>
      </trkpt>
      <trkpt lat="23.17716649733483791351318359375" lon="113.2632485590875148773193359375">
        <ele>10</ele>
        <time>2023-05-10T12:38:54.000Z</time>
        <extensions>
          <ns3:TrackPointExtension>
            <ns3:hr>138</ns3:hr>
            <ns3:cad>81</ns3:cad>
          </ns3:TrackPointExtension>
        </extensions>
      </trkpt>
      <trkpt lat="23.17699215374886989593505859375" lon="113.2631221599876880645751953125">
        <ele>9</ele>
        <time>2023-05-10T12:38:57.000Z</time>
        <extensions>
          <ns3:TrackPointExtension>
            <ns3:hr>139</ns3:hr>
            <ns3:cad>82</ns3:cad>
          </ns3:TrackPointExtension>
        </extensions>
      </trkpt>
      <trkpt lat="23.176804818212985992431640625" lon="113.262966088950634002685546875">
        <ele>8.6000003814697265625</ele>
        <time>2023-05-10T12:39:00.000Z</time>
        <extensions>
          <ns3:TrackPointExtension>
            <ns3:hr>138</ns3:hr>
            <ns3:cad>79</ns3:cad>
          </ns3:TrackPointExtension>
        </extensions>
      </trkpt>
      <trkpt lat="23.1766752339899539947509765625" lon="113.26287128962576389312744140625">
        <ele>10.3999996185302734375</ele>
        <time>2023-05-10T12:39:03.000Z</time>
        <extensions>
          <ns3:TrackPointExtension>
            <ns3:hr>142</ns3:hr>
            <ns3:cad>81</ns3:cad>
          </ns3:TrackPointExtension>
        </extensions>
      </trkpt>
      <trkpt lat="23.17663617432117462158203125" lon="113.26283943839371204376220703125">
        <ele>11</ele>
        <time>2023-05-10T12:39:04.000Z</time>
        <extensions>
          <ns3:TrackPointExtension>
            <ns3:hr>146</ns3:hr>
            <ns3:cad>81</ns3:cad>
          </ns3:TrackPointExtension>
        </extensions>
      </trkpt>
      <trkpt lat="23.17660055123269557952880859375" lon="113.26280943118035793304443359375">
        <ele>11.6000003814697265625</ele>
        <time>2023-05-10T12:39:05.000Z</time>
        <extensions>
          <ns3:TrackPointExtension>
            <ns3:hr>152</ns3:hr>
            <ns3:cad>79</ns3:cad>
          </ns3:TrackPointExtension>
        </extensions>
      </trkpt>
      <trkpt lat="23.17658361978828907012939453125" lon="113.26279920525848865509033203125">
        <ele>11.80000019073486328125</ele>
        <time>2023-05-10T12:39:06.000Z</time>
        <extensions>
          <ns3:TrackPointExtension>
            <ns3:hr>157</ns3:hr>
            <ns3:cad>79</ns3:cad>
          </ns3:TrackPointExtension>
        </extensions>
      </trkpt>
      <trkpt lat="23.17660130560398101806640625" lon="113.26282803900539875030517578125">
        <ele>11.19999980926513671875</ele>
        <time>2023-05-10T12:39:07.000Z</time>
        <extensions>
          <ns3:TrackPointExtension>
            <ns3:hr>157</ns3:hr>
            <ns3:cad>78</ns3:cad>
          </ns3:TrackPointExtension>
        </extensions>
      </trkpt>
      <trkpt lat="23.17660809494554996490478515625" lon="113.26285938732326030731201171875">
        <ele>10.80000019073486328125</ele>
        <time>2023-05-10T12:39:10.000Z</time>
        <extensions>
          <ns3:TrackPointExtension>
            <ns3:hr>162</ns3:hr>
            <ns3:cad>78</ns3:cad>
          </ns3:TrackPointExtension>
        </extensions>
      </trkpt>
      <trkpt lat="23.17650206387042999267578125" lon="113.2629932463169097900390625">
        <ele>8.80000019073486328125</ele>
        <time>2023-05-10T12:39:22.000Z</time>
        <extensions>
          <ns3:TrackPointExtension>
            <ns3:hr>165</ns3:hr>
            <ns3:cad>79</ns3:cad>
          </ns3:TrackPointExtension>
        </extensions>
      </trkpt>
      <trkpt lat="23.17642050795257091522216796875" lon="113.26307974755764007568359375">
        <ele>8.19999980926513671875</ele>
        <time>2023-05-10T12:39:30.000Z</time>
        <extensions>
          <ns3:TrackPointExtension>
            <ns3:hr>168</ns3:hr>
            <ns3:cad>80</ns3:cad>
          </ns3:TrackPointExtension>
        </extensions>
      </trkpt>
      <trkpt lat="23.17646208219230175018310546875" lon="113.26303825713694095611572265625">
        <ele>8.3999996185302734375</ele>
        <time>2023-05-10T12:39:36.000Z</time>
        <extensions>
          <ns3:TrackPointExtension>
            <ns3:hr>172</ns3:hr>
            <ns3:cad>80</ns3:cad>
          </ns3:TrackPointExtension>
        </extensions>
      </trkpt>
      <trkpt lat="23.17646610550582408905029296875" lon="113.26301814056932926177978515625">
        <ele>8.3999996185302734375</ele>
        <time>2023-05-10T12:39:37.000Z</time>
        <extensions>
          <ns3:TrackPointExtension>
            <ns3:hr>175</ns3:hr>
            <ns3:cad>80</ns3:cad>
          </ns3:TrackPointExtension>
        </extensions>
      </trkpt>
      <trkpt lat="23.17647817544639110565185546875" lon="113.26298763044178485870361328125">
        <ele>8.6000003814697265625</ele>
        <time>2023-05-10T12:39:39.000Z</time>
        <extensions>
          <ns3:TrackPointExtension>
            <ns3:hr>172</ns3:hr>
            <ns3:cad>80</ns3:cad>
          </ns3:TrackPointExtension>
        </extensions>
      </trkpt>
      <trkpt lat="23.17644146271049976348876953125" lon="113.2628993690013885498046875">
        <ele>9.3999996185302734375</ele>
        <time>2023-05-10T12:39:41.000Z</time>
        <extensions>
          <ns3:TrackPointExtension>
            <ns3:hr>175</ns3:hr>
            <ns3:cad>80</ns3:cad>
          </ns3:TrackPointExtension>
        </extensions>
      </trkpt>
      <trkpt lat="23.17643039859831333160400390625" lon="113.262867517769336700439453125">
        <ele>9.80000019073486328125</ele>
        <time>2023-05-10T12:39:42.000Z</time>
        <extensions>
          <ns3:TrackPointExtension>
            <ns3:hr>178</ns3:hr>
            <ns3:cad>80</ns3:cad>
          </ns3:TrackPointExtension>
        </extensions>
      </trkpt>
      <trkpt lat="23.176354207098484039306640625" lon="113.26274740509688854217529296875">
        <ele>10.80000019073486328125</ele>
        <time>2023-05-10T12:39:45.000Z</time>
        <extensions>
          <ns3:TrackPointExtension>
            <ns3:hr>175</ns3:hr>
            <ns3:cad>80</ns3:cad>
          </ns3:TrackPointExtension>
        </extensions>
      </trkpt>
      <trkpt lat="23.1763523630797863006591796875" lon="113.2627449743449687957763671875">
        <ele>11</ele>
        <time>2023-05-10T12:39:46.000Z</time>
        <extensions>
          <ns3:TrackPointExtension>
            <ns3:hr>170</ns3:hr>
            <ns3:cad>61</ns3:cad>
          </ns3:TrackPointExtension>
        </extensions>
      </trkpt>
      <trkpt lat="23.17630936391651630401611328125" lon="113.26269057579338550567626953125">
        <ele>11</ele>
        <time>2023-05-10T12:39:47.000Z</time>
        <extensions>
          <ns3:TrackPointExtension>
            <ns3:hr>169</ns3:hr>
            <ns3:cad>61</ns3:cad>
          </ns3:TrackPointExtension>
        </extensions>
      </trkpt>
      <trkpt lat="23.17630047909915447235107421875" lon="113.26268278062343597412109375">
        <ele>11</ele>
        <time>2023-05-10T12:39:50.000Z</time>
        <extensions>
          <ns3:TrackPointExtension>
            <ns3:hr>168</ns3:hr>
            <ns3:cad>61</ns3:cad>
          </ns3:TrackPointExtension>
        </extensions>
      </trkpt>
      <trkpt lat="23.17626468837261199951171875" lon="113.26263089664280414581298828125">
        <ele>10.80000019073486328125</ele>
        <time>2023-05-10T12:39:53.000Z</time>
        <extensions>
          <ns3:TrackPointExtension>
            <ns3:hr>167</ns3:hr>
            <ns3:cad>0</ns3:cad>
          </ns3:TrackPointExtension>
        </extensions>
      </trkpt>
      <trkpt lat="23.1761562265455722808837890625" lon="113.26252260245382785797119140625">
        <ele>10.3999996185302734375</ele>
        <time>2023-05-10T12:40:00.000Z</time>
        <extensions>
          <ns3:TrackPointExtension>
            <ns3:hr>164</ns3:hr>
            <ns3:cad>61</ns3:cad>
          </ns3:TrackPointExtension>
        </extensions>
      </trkpt>
      <trkpt lat="23.1760667078197002410888671875" lon="113.26250567100942134857177734375">
        <ele>10</ele>
        <time>2023-05-10T12:40:05.000Z</time>
        <extensions>
          <ns3:TrackPointExtension>
            <ns3:hr>161</ns3:hr>
            <ns3:cad>61</ns3:cad>
          </ns3:TrackPointExtension>
        </extensions>
      </trkpt>
      <trkpt lat="23.17605019547045230865478515625" lon="113.26250097714364528656005859375">
        <ele>10</ele>
        <time>2023-05-10T12:40:06.000Z</time>
        <extensions>
          <ns3:TrackPointExtension>
            <ns3:hr>160</ns3:hr>
            <ns3:cad>61</ns3:cad>
          </ns3:TrackPointExtension>
        </extensions>
      </trkpt>
      <trkpt lat="23.1760030053555965423583984375" lon="113.26249628327786922454833984375">
        <ele>10</ele>
        <time>2023-05-10T12:40:09.000Z</time>
        <extensions>
          <ns3:TrackPointExtension>
            <ns3:hr>160</ns3:hr>
            <ns3:cad>61</ns3:cad>
          </ns3:TrackPointExtension>
        </extensions>
      </trkpt>
      <trkpt lat="23.175938464701175689697265625" lon="113.2625052519142627716064453125">
        <ele>10.3999996185302734375</ele>
        <time>2023-05-10T12:40:14.000Z</time>
        <extensions>
          <ns3:TrackPointExtension>
            <ns3:hr>157</ns3:hr>
            <ns3:cad>61</ns3:cad>
          </ns3:TrackPointExtension>
        </extensions>
      </trkpt>
      <trkpt lat="23.17592538893222808837890625" lon="113.26251036487519741058349609375">
        <ele>10.3999996185302734375</ele>
        <time>2023-05-10T12:40:16.000Z</time>
        <extensions>
          <ns3:TrackPointExtension>
            <ns3:hr>156</ns3:hr>
            <ns3:cad>61</ns3:cad>
          </ns3:TrackPointExtension>
        </extensions>
      </trkpt>
      <trkpt lat="23.17591021768748760223388671875" lon="113.26253249309957027435302734375">
        <ele>10.3999996185302734375</ele>
        <time>2023-05-10T12:40:19.000Z</time>
        <extensions>
          <ns3:TrackPointExtension>
            <ns3:hr>155</ns3:hr>
            <ns3:cad>61</ns3:cad>
          </ns3:TrackPointExtension>
        </extensions>
      </trkpt>
      <trkpt lat="23.17588607780635356903076171875" lon="113.26254665851593017578125">
        <ele>10.6000003814697265625</ele>
        <time>2023-05-10T12:40:22.000Z</time>
        <extensions>
          <ns3:TrackPointExtension>
            <ns3:hr>154</ns3:hr>
            <ns3:cad>61</ns3:cad>
          </ns3:TrackPointExtension>
        </extensions>
      </trkpt>
      <trkpt lat="23.1758390553295612335205078125" lon="113.2625555433332920074462890625">
        <ele>10.6000003814697265625</ele>
        <time>2023-05-10T12:40:27.000Z</time>
        <extensions>
          <ns3:TrackPointExtension>
            <ns3:hr>151</ns3:hr>
            <ns3:cad>61</ns3:cad>
          </ns3:TrackPointExtension>
        </extensions>
      </trkpt>
      <trkpt lat="23.175813741981983184814453125" lon="113.26255763880908489227294921875">
        <ele>10.6000003814697265625</ele>
        <time>2023-05-10T12:40:31.000Z</time>
        <extensions>
          <ns3:TrackPointExtension>
            <ns3:hr>149</ns3:hr>
            <ns3:cad>58</ns3:cad>
          </ns3:TrackPointExtension>
        </extensions>
      </trkpt>
      <trkpt lat="23.175800330936908721923828125" lon="113.26255009509623050689697265625">
        <ele>10.80000019073486328125</ele>
        <time>2023-05-10T12:40:32.000Z</time>
        <extensions>
          <ns3:TrackPointExtension>
            <ns3:hr>145</ns3:hr>
            <ns3:cad>58</ns3:cad>
          </ns3:TrackPointExtension>
        </extensions>
      </trkpt>
      <trkpt lat="23.17577728070318698883056640625" lon="113.26256216503679752349853515625">
        <ele>10.6000003814697265625</ele>
        <time>2023-05-10T12:40:35.000Z</time>
        <extensions>
          <ns3:TrackPointExtension>
            <ns3:hr>143</ns3:hr>
            <ns3:cad>58</ns3:cad>
          </ns3:TrackPointExtension>
        </extensions>
      </trkpt>
      <trkpt lat="23.1757049448788166046142578125" lon="113.26262251473963260650634765625">
        <ele>9.3999996185302734375</ele>
        <time>2023-05-10T12:40:44.000Z</time>
        <extensions>
          <ns3:TrackPointExtension>
            <ns3:hr>143</ns3:hr>
            <ns3:cad>61</ns3:cad>
          </ns3:TrackPointExtension>
        </extensions>
      </trkpt>
      <trkpt lat="23.17568776197731494903564453125" lon="113.26262938790023326873779296875">
        <ele>9</ele>
        <time>2023-05-10T12:40:48.000Z</time>
        <extensions>
          <ns3:TrackPointExtension>
            <ns3:hr>142</ns3:hr>
            <ns3:cad>61</ns3:cad>
          </ns3:TrackPointExtension>
        </extensions>
      </trkpt>
      <trkpt lat="23.17567468620836734771728515625" lon="113.2626336626708507537841796875">
        <ele>8.80000019073486328125</ele>
        <time>2023-05-10T12:40:51.000Z</time>
        <extensions>
          <ns3:TrackPointExtension>
            <ns3:hr>138</ns3:hr>
            <ns3:cad>61</ns3:cad>
          </ns3:TrackPointExtension>
        </extensions>
      </trkpt>
      <trkpt lat="23.17567988298833370208740234375" lon="113.26263592578470706939697265625">
        <ele>9</ele>
        <time>2023-05-10T12:40:54.000Z</time>
        <extensions>
          <ns3:TrackPointExtension>
            <ns3:hr>138</ns3:hr>
            <ns3:cad>61</ns3:cad>
          </ns3:TrackPointExtension>
        </extensions>
      </trkpt>
      <trkpt lat="23.17566362209618091583251953125" lon="113.262620754539966583251953125">
        <ele>8.80000019073486328125</ele>
        <time>2023-05-10T12:40:57.000Z</time>
        <extensions>
          <ns3:TrackPointExtension>
            <ns3:hr>138</ns3:hr>
            <ns3:cad>61</ns3:cad>
          </ns3:TrackPointExtension>
        </extensions>
      </trkpt>
      <trkpt lat="23.175640068948268890380859375" lon="113.2626195810735225677490234375">
        <ele>8.80000019073486328125</ele>
        <time>2023-05-10T12:41:02.000Z</time>
        <extensions>
          <ns3:TrackPointExtension>
            <ns3:hr>138</ns3:hr>
            <ns3:cad>61</ns3:cad>
          </ns3:TrackPointExtension>
        </extensions>
      </trkpt>
      <trkpt lat="23.17563897930085659027099609375" lon="113.26262033544480800628662109375">
        <ele>8.80000019073486328125</ele>
        <time>2023-05-10T12:41:03.000Z</time>
        <extensions>
          <ns3:TrackPointExtension>
            <ns3:hr>138</ns3:hr>
            <ns3:cad>61</ns3:cad>
          </ns3:TrackPointExtension>
        </extensions>
      </trkpt>
      <trkpt lat="23.17555583082139492034912109375" lon="113.262587897479534149169921875">
        <ele>8.80000019073486328125</ele>
        <time>2023-05-10T12:41:10.000Z</time>
        <extensions>
          <ns3:TrackPointExtension>
            <ns3:hr>136</ns3:hr>
            <ns3:cad>61</ns3:cad>
          </ns3:TrackPointExtension>
        </extensions>
      </trkpt>
      <trkpt lat="23.17552180029451847076416015625" lon="113.26255897991359233856201171875">
        <ele>8.6000003814697265625</ele>
        <time>2023-05-10T12:41:14.000Z</time>
        <extensions>
          <ns3:TrackPointExtension>
            <ns3:hr>134</ns3:hr>
            <ns3:cad>61</ns3:cad>
          </ns3:TrackPointExtension>
        </extensions>
      </trkpt>
      <trkpt lat="23.17551760934293270111083984375" lon="113.2625552080571651458740234375">
        <ele>8.6000003814697265625</ele>
        <time>2023-05-10T12:41:15.000Z</time>
        <extensions>
          <ns3:TrackPointExtension>
            <ns3:hr>134</ns3:hr>
            <ns3:cad>61</ns3:cad>
          </ns3:TrackPointExtension>
        </extensions>
      </trkpt>
      <trkpt lat="23.17550159990787506103515625" lon="113.2625292241573333740234375">
        <ele>8.6000003814697265625</ele>
        <time>2023-05-10T12:41:19.000Z</time>
        <extensions>
          <ns3:TrackPointExtension>
            <ns3:hr>133</ns3:hr>
            <ns3:cad>60</ns3:cad>
          </ns3:TrackPointExtension>
        </extensions>
      </trkpt>
      <trkpt lat="23.1754957325756549835205078125" lon="113.2625243626534938812255859375">
        <ele>8.6000003814697265625</ele>
        <time>2023-05-10T12:41:20.000Z</time>
        <extensions>
          <ns3:TrackPointExtension>
            <ns3:hr>132</ns3:hr>
            <ns3:cad>60</ns3:cad>
          </ns3:TrackPointExtension>
        </extensions>
      </trkpt>
      <trkpt lat="23.1754689104855060577392578125" lon="113.26250097714364528656005859375">
        <ele>8.3999996185302734375</ele>
        <time>2023-05-10T12:41:23.000Z</time>
        <extensions>
          <ns3:TrackPointExtension>
            <ns3:hr>132</ns3:hr>
            <ns3:cad>60</ns3:cad>
          </ns3:TrackPointExtension>
        </extensions>
      </trkpt>
      <trkpt lat="23.17542113363742828369140625" lon="113.2624690420925617218017578125">
        <ele>8</ele>
        <time>2023-05-10T12:41:28.000Z</time>
        <extensions>
          <ns3:TrackPointExtension>
            <ns3:hr>132</ns3:hr>
            <ns3:cad>61</ns3:cad>
          </ns3:TrackPointExtension>
        </extensions>
      </trkpt>
      <trkpt lat="23.1753746978938579559326171875" lon="113.26245957054197788238525390625">
        <ele>7.80000019073486328125</ele>
        <time>2023-05-10T12:41:33.000Z</time>
        <extensions>
          <ns3:TrackPointExtension>
            <ns3:hr>133</ns3:hr>
            <ns3:cad>61</ns3:cad>
          </ns3:TrackPointExtension>
        </extensions>
      </trkpt>
      <trkpt lat="23.175345361232757568359375" lon="113.2624526135623455047607421875">
        <ele>7.80000019073486328125</ele>
        <time>2023-05-10T12:41:37.000Z</time>
        <extensions>
          <ns3:TrackPointExtension>
            <ns3:hr>132</ns3:hr>
            <ns3:cad>61</ns3:cad>
          </ns3:TrackPointExtension>
        </extensions>
      </trkpt>
      <trkpt lat="23.17534326575696468353271484375" lon="113.26245269738137722015380859375">
        <ele>7.599999904632568359375</ele>
        <time>2023-05-10T12:41:38.000Z</time>
        <extensions>
          <ns3:TrackPointExtension>
            <ns3:hr>134</ns3:hr>
            <ns3:cad>61</ns3:cad>
          </ns3:TrackPointExtension>
        </extensions>
      </trkpt>
      <trkpt lat="23.175318203866481781005859375" lon="113.262445740401744842529296875">
        <ele>7.599999904632568359375</ele>
        <time>2023-05-10T12:41:40.000Z</time>
        <extensions>
          <ns3:TrackPointExtension>
            <ns3:hr>135</ns3:hr>
            <ns3:cad>61</ns3:cad>
          </ns3:TrackPointExtension>
        </extensions>
      </trkpt>
      <trkpt lat="23.17527436651289463043212890625" lon="113.262429647147655487060546875">
        <ele>7.19999980926513671875</ele>
        <time>2023-05-10T12:41:44.000Z</time>
        <extensions>
          <ns3:TrackPointExtension>
            <ns3:hr>132</ns3:hr>
            <ns3:cad>61</ns3:cad>
          </ns3:TrackPointExtension>
        </extensions>
      </trkpt>
      <trkpt lat="23.1752643920481204986572265625" lon="113.26242738403379917144775390625">
        <ele>7.19999980926513671875</ele>
        <time>2023-05-10T12:41:45.000Z</time>
        <extensions>
          <ns3:TrackPointExtension>
            <ns3:hr>132</ns3:hr>
            <ns3:cad>61</ns3:cad>
          </ns3:TrackPointExtension>
        </extensions>
      </trkpt>
      <trkpt lat="23.175237067043781280517578125" lon="113.262405507266521453857421875">
        <ele>6.400000095367431640625</ele>
        <time>2023-05-10T12:41:50.000Z</time>
        <extensions>
          <ns3:TrackPointExtension>
            <ns3:hr>133</ns3:hr>
            <ns3:cad>61</ns3:cad>
          </ns3:TrackPointExtension>
        </extensions>
      </trkpt>
      <trkpt lat="23.17523312754929065704345703125" lon="113.26240743510425090789794921875">
        <ele>6.400000095367431640625</ele>
        <time>2023-05-10T12:41:55.000Z</time>
        <extensions>
          <ns3:TrackPointExtension>
            <ns3:hr>132</ns3:hr>
            <ns3:cad>61</ns3:cad>
          </ns3:TrackPointExtension>
        </extensions>
      </trkpt>
      <trkpt lat="23.1752260029315948486328125" lon="113.26240114867687225341796875">
        <ele>6.400000095367431640625</ele>
        <time>2023-05-10T12:41:56.000Z</time>
        <extensions>
          <ns3:TrackPointExtension>
            <ns3:hr>132</ns3:hr>
            <ns3:cad>61</ns3:cad>
          </ns3:TrackPointExtension>
        </extensions>
      </trkpt>
      <trkpt lat="23.1751294434070587158203125" lon="113.262353204190731048583984375">
        <ele>6.599999904632568359375</ele>
        <time>2023-05-10T12:41:59.000Z</time>
        <extensions>
          <ns3:TrackPointExtension>
            <ns3:hr>132</ns3:hr>
            <ns3:cad>61</ns3:cad>
          </ns3:TrackPointExtension>
        </extensions>
      </trkpt>
      <trkpt lat="23.17502626217901706695556640625" lon="113.262330405414104461669921875">
        <ele>7.80000019073486328125</ele>
        <time>2023-05-10T12:42:04.000Z</time>
        <extensions>
          <ns3:TrackPointExtension>
            <ns3:hr>131</ns3:hr>
            <ns3:cad>61</ns3:cad>
          </ns3:TrackPointExtension>
        </extensions>
      </trkpt>
      <trkpt lat="23.17497362382709980010986328125" lon="113.26231590472161769866943359375">
        <ele>8.19999980926513671875</ele>
        <time>2023-05-10T12:42:07.000Z</time>
        <extensions>
          <ns3:TrackPointExtension>
            <ns3:hr>131</ns3:hr>
            <ns3:cad>61</ns3:cad>
          </ns3:TrackPointExtension>
        </extensions>
      </trkpt>
      <trkpt lat="23.1747983582317829132080078125" lon="113.26221071183681488037109375">
        <ele>9.3999996185302734375</ele>
        <time>2023-05-10T12:42:19.000Z</time>
        <extensions>
          <ns3:TrackPointExtension>
            <ns3:hr>131</ns3:hr>
            <ns3:cad>61</ns3:cad>
          </ns3:TrackPointExtension>
        </extensions>
      </trkpt>
      <trkpt lat="23.1747544370591640472412109375" lon="113.26218598522245883941650390625">
        <ele>9.80000019073486328125</ele>
        <time>2023-05-10T12:42:23.000Z</time>
        <extensions>
          <ns3:TrackPointExtension>
            <ns3:hr>131</ns3:hr>
            <ns3:cad>61</ns3:cad>
          </ns3:TrackPointExtension>
        </extensions>
      </trkpt>
      <trkpt lat="23.17473893053829669952392578125" lon="113.2621803693473339080810546875">
        <ele>10</ele>
        <time>2023-05-10T12:42:26.000Z</time>
        <extensions>
          <ns3:TrackPointExtension>
            <ns3:hr>131</ns3:hr>
            <ns3:cad>61</ns3:cad>
          </ns3:TrackPointExtension>
        </extensions>
      </trkpt>
      <trkpt lat="23.1747105158865451812744140625" lon="113.26216033659875392913818359375">
        <ele>10.19999980926513671875</ele>
        <time>2023-05-10T12:42:30.000Z</time>
        <extensions>
          <ns3:TrackPointExtension>
            <ns3:hr>130</ns3:hr>
            <ns3:cad>61</ns3:cad>
          </ns3:TrackPointExtension>
        </extensions>
      </trkpt>
      <trkpt lat="23.17471210844814777374267578125" lon="113.2621595822274684906005859375">
        <ele>10.19999980926513671875</ele>
        <time>2023-05-10T12:42:31.000Z</time>
        <extensions>
          <ns3:TrackPointExtension>
            <ns3:hr>130</ns3:hr>
            <ns3:cad>61</ns3:cad>
          </ns3:TrackPointExtension>
        </extensions>
      </trkpt>
      <trkpt lat="23.17470758222043514251708984375" lon="113.26213963329792022705078125">
        <ele>10.19999980926513671875</ele>
        <time>2023-05-10T12:42:34.000Z</time>
        <extensions>
          <ns3:TrackPointExtension>
            <ns3:hr>130</ns3:hr>
            <ns3:cad>61</ns3:cad>
          </ns3:TrackPointExtension>
        </extensions>
      </trkpt>
      <trkpt lat="23.17468226887285709381103515625" lon="113.26211088337004184722900390625">
        <ele>10.6000003814697265625</ele>
        <time>2023-05-10T12:42:38.000Z</time>
        <extensions>
          <ns3:TrackPointExtension>
            <ns3:hr>131</ns3:hr>
            <ns3:cad>61</ns3:cad>
          </ns3:TrackPointExtension>
        </extensions>
      </trkpt>
      <trkpt lat="23.1746528483927249908447265625" lon="113.26208607293665409088134765625">
        <ele>11</ele>
        <time>2023-05-10T12:42:40.000Z</time>
        <extensions>
          <ns3:TrackPointExtension>
            <ns3:hr>135</ns3:hr>
            <ns3:cad>61</ns3:cad>
          </ns3:TrackPointExtension>
        </extensions>
      </trkpt>
      <trkpt lat="23.1746330671012401580810546875" lon="113.262082971632480621337890625">
        <ele>11.19999980926513671875</ele>
        <time>2023-05-10T12:42:41.000Z</time>
        <extensions>
          <ns3:TrackPointExtension>
            <ns3:hr>134</ns3:hr>
            <ns3:cad>61</ns3:cad>
          </ns3:TrackPointExtension>
        </extensions>
      </trkpt>
      <trkpt lat="23.174431063234806060791015625" lon="113.262034356594085693359375">
        <ele>12.3999996185302734375</ele>
        <time>2023-05-10T12:42:50.000Z</time>
        <extensions>
          <ns3:TrackPointExtension>
            <ns3:hr>136</ns3:hr>
            <ns3:cad>80</ns3:cad>
          </ns3:TrackPointExtension>
        </extensions>
      </trkpt>
      <trkpt lat="23.17441002465784549713134765625" lon="113.2620164193212985992431640625">
        <ele>12.6000003814697265625</ele>
        <time>2023-05-10T12:42:51.000Z</time>
        <extensions>
          <ns3:TrackPointExtension>
            <ns3:hr>140</ns3:hr>
            <ns3:cad>80</ns3:cad>
          </ns3:TrackPointExtension>
        </extensions>
      </trkpt>
      <trkpt lat="23.17438957281410694122314453125" lon="113.26200376264750957489013671875">
        <ele>12.6000003814697265625</ele>
        <time>2023-05-10T12:42:52.000Z</time>
        <extensions>
          <ns3:TrackPointExtension>
            <ns3:hr>140</ns3:hr>
            <ns3:cad>80</ns3:cad>
          </ns3:TrackPointExtension>
        </extensions>
      </trkpt>
      <trkpt lat="23.1743650138378143310546875" lon="113.261980377137660980224609375">
        <ele>12.80000019073486328125</ele>
        <time>2023-05-10T12:42:53.000Z</time>
        <extensions>
          <ns3:TrackPointExtension>
            <ns3:hr>143</ns3:hr>
            <ns3:cad>81</ns3:cad>
          </ns3:TrackPointExtension>
        </extensions>
      </trkpt>
      <trkpt lat="23.1742602400481700897216796875" lon="113.26185473240911960601806640625">
        <ele>13.80000019073486328125</ele>
        <time>2023-05-10T12:42:58.000Z</time>
        <extensions>
          <ns3:TrackPointExtension>
            <ns3:hr>139</ns3:hr>
            <ns3:cad>80</ns3:cad>
          </ns3:TrackPointExtension>
        </extensions>
      </trkpt>
      <trkpt lat="23.17418807186186313629150390625" lon="113.26169765554368495941162109375">
        <ele>14</ele>
        <time>2023-05-10T12:43:01.000Z</time>
        <extensions>
          <ns3:TrackPointExtension>
            <ns3:hr>147</ns3:hr>
            <ns3:cad>80</ns3:cad>
          </ns3:TrackPointExtension>
        </extensions>
      </trkpt>
      <trkpt lat="23.17417524755001068115234375" lon="113.261669240891933441162109375">
        <ele>14.19999980926513671875</ele>
        <time>2023-05-10T12:43:02.000Z</time>
        <extensions>
          <ns3:TrackPointExtension>
            <ns3:hr>150</ns3:hr>
            <ns3:cad>81</ns3:cad>
          </ns3:TrackPointExtension>
        </extensions>
      </trkpt>
      <trkpt lat="23.1741606630384922027587890625" lon="113.261641077697277069091796875">
        <ele>14.19999980926513671875</ele>
        <time>2023-05-10T12:43:03.000Z</time>
        <extensions>
          <ns3:TrackPointExtension>
            <ns3:hr>153</ns3:hr>
            <ns3:cad>82</ns3:cad>
          </ns3:TrackPointExtension>
        </extensions>
      </trkpt>
      <trkpt lat="23.17405144684016704559326171875" lon="113.2615178637206554412841796875">
        <ele>14.6000003814697265625</ele>
        <time>2023-05-10T12:43:08.000Z</time>
        <extensions>
          <ns3:TrackPointExtension>
            <ns3:hr>156</ns3:hr>
            <ns3:cad>82</ns3:cad>
          </ns3:TrackPointExtension>
        </extensions>
      </trkpt>
      <trkpt lat="23.1739792786538600921630859375" lon="113.26146178878843784332275390625">
        <ele>15.3999996185302734375</ele>
        <time>2023-05-10T12:43:11.000Z</time>
        <extensions>
          <ns3:TrackPointExtension>
            <ns3:hr>160</ns3:hr>
            <ns3:cad>82</ns3:cad>
          </ns3:TrackPointExtension>
        </extensions>
      </trkpt>
      <trkpt lat="23.17389487288892269134521484375" lon="113.2613807357847690582275390625">
        <ele>16.200000762939453125</ele>
        <time>2023-05-10T12:43:15.000Z</time>
        <extensions>
          <ns3:TrackPointExtension>
            <ns3:hr>163</ns3:hr>
            <ns3:cad>82</ns3:cad>
          </ns3:TrackPointExtension>
        </extensions>
      </trkpt>
      <trkpt lat="23.17387408576905727386474609375" lon="113.26136707328259944915771484375">
        <ele>16.3999996185302734375</ele>
        <time>2023-05-10T12:43:16.000Z</time>
        <extensions>
          <ns3:TrackPointExtension>
            <ns3:hr>166</ns3:hr>
            <ns3:cad>82</ns3:cad>
          </ns3:TrackPointExtension>
        </extensions>
      </trkpt>
      <trkpt lat="23.17381985485553741455078125" lon="113.2613250799477100372314453125">
        <ele>17</ele>
        <time>2023-05-10T12:43:19.000Z</time>
        <extensions>
          <ns3:TrackPointExtension>
            <ns3:hr>170</ns3:hr>
            <ns3:cad>82</ns3:cad>
          </ns3:TrackPointExtension>
        </extensions>
      </trkpt>
      <trkpt lat="23.173778615891933441162109375" lon="113.2612949050962924957275390625">
        <ele>17</ele>
        <time>2023-05-10T12:43:22.000Z</time>
        <extensions>
          <ns3:TrackPointExtension>
            <ns3:hr>165</ns3:hr>
            <ns3:cad>82</ns3:cad>
          </ns3:TrackPointExtension>
        </extensions>
      </trkpt>
      <trkpt lat="23.17376277409493923187255859375" lon="113.26128744520246982574462890625">
        <ele>16.799999237060546875</ele>
        <time>2023-05-10T12:43:23.000Z</time>
        <extensions>
          <ns3:TrackPointExtension>
            <ns3:hr>162</ns3:hr>
            <ns3:cad>82</ns3:cad>
          </ns3:TrackPointExtension>
        </extensions>
      </trkpt>
      <trkpt lat="23.1737231276929378509521484375" lon="113.26128141023218631744384765625">
        <ele>17</ele>
        <time>2023-05-10T12:43:26.000Z</time>
        <extensions>
          <ns3:TrackPointExtension>
            <ns3:hr>166</ns3:hr>
            <ns3:cad>68</ns3:cad>
          </ns3:TrackPointExtension>
        </extensions>
      </trkpt>
      <trkpt lat="23.17371147684752941131591796875" lon="113.261272609233856201171875">
        <ele>17</ele>
        <time>2023-05-10T12:43:27.000Z</time>
        <extensions>
          <ns3:TrackPointExtension>
            <ns3:hr>170</ns3:hr>
            <ns3:cad>68</ns3:cad>
          </ns3:TrackPointExtension>
        </extensions>
      </trkpt>
      <trkpt lat="23.17370812408626079559326171875" lon="113.26126866973936557769775390625">
        <ele>17</ele>
        <time>2023-05-10T12:43:28.000Z</time>
        <extensions>
          <ns3:TrackPointExtension>
            <ns3:hr>173</ns3:hr>
            <ns3:cad>68</ns3:cad>
          </ns3:TrackPointExtension>
        </extensions>
      </trkpt>
      <trkpt lat="23.17370510660111904144287109375" lon="113.261262886226177215576171875">
        <ele>17</ele>
        <time>2023-05-10T12:43:29.000Z</time>
        <extensions>
          <ns3:TrackPointExtension>
            <ns3:hr>180</ns3:hr>
            <ns3:cad>68</ns3:cad>
          </ns3:TrackPointExtension>
        </extensions>
      </trkpt>
      <trkpt lat="23.17370393313467502593994140625" lon="113.2612576894462108612060546875">
        <ele>17</ele>
        <time>2023-05-10T12:43:30.000Z</time>
        <extensions>
          <ns3:TrackPointExtension>
            <ns3:hr>176</ns3:hr>
            <ns3:cad>61</ns3:cad>
          </ns3:TrackPointExtension>
        </extensions>
      </trkpt>
      <trkpt lat="23.17369488067924976348876953125" lon="113.26124235056340694427490234375">
        <ele>16.799999237060546875</ele>
        <time>2023-05-10T12:43:33.000Z</time>
        <extensions>
          <ns3:TrackPointExtension>
            <ns3:hr>171</ns3:hr>
            <ns3:cad>61</ns3:cad>
          </ns3:TrackPointExtension>
        </extensions>
      </trkpt>
      <trkpt lat="23.17369102500379085540771484375" lon="113.26123681850731372833251953125">
        <ele>16.799999237060546875</ele>
        <time>2023-05-10T12:43:34.000Z</time>
        <extensions>
          <ns3:TrackPointExtension>
            <ns3:hr>167</ns3:hr>
            <ns3:cad>61</ns3:cad>
          </ns3:TrackPointExtension>
        </extensions>
      </trkpt>
      <trkpt lat="23.17368934862315654754638671875" lon="113.261215947568416595458984375">
        <ele>16.6000003814697265625</ele>
        <time>2023-05-10T12:43:36.000Z</time>
        <extensions>
          <ns3:TrackPointExtension>
            <ns3:hr>164</ns3:hr>
            <ns3:cad>61</ns3:cad>
          </ns3:TrackPointExtension>
        </extensions>
      </trkpt>
      <trkpt lat="23.17369035445153713226318359375" lon="113.2612134329974651336669921875">
        <ele>16.6000003814697265625</ele>
        <time>2023-05-10T12:43:37.000Z</time>
        <extensions>
          <ns3:TrackPointExtension>
            <ns3:hr>164</ns3:hr>
            <ns3:cad>61</ns3:cad>
          </ns3:TrackPointExtension>
        </extensions>
      </trkpt>
      <trkpt lat="23.1736691482365131378173828125" lon="113.26120127923786640167236328125">
        <ele>16.6000003814697265625</ele>
        <time>2023-05-10T12:43:40.000Z</time>
        <extensions>
          <ns3:TrackPointExtension>
            <ns3:hr>161</ns3:hr>
            <ns3:cad>61</ns3:cad>
          </ns3:TrackPointExtension>
        </extensions>
      </trkpt>
      <trkpt lat="23.17363075911998748779296875" lon="113.2611973397433757781982421875">
        <ele>16.799999237060546875</ele>
        <time>2023-05-10T12:43:44.000Z</time>
        <extensions>
          <ns3:TrackPointExtension>
            <ns3:hr>158</ns3:hr>
            <ns3:cad>61</ns3:cad>
          </ns3:TrackPointExtension>
        </extensions>
      </trkpt>
      <trkpt lat="23.173596225678920745849609375" lon="113.26119373552501201629638671875">
        <ele>17</ele>
        <time>2023-05-10T12:43:46.000Z</time>
        <extensions>
          <ns3:TrackPointExtension>
            <ns3:hr>151</ns3:hr>
            <ns3:cad>60</ns3:cad>
          </ns3:TrackPointExtension>
        </extensions>
      </trkpt>
      <trkpt lat="23.173407129943370819091796875" lon="113.261195160448551177978515625">
        <ele>14.3999996185302734375</ele>
        <time>2023-05-10T12:43:56.000Z</time>
        <extensions>
          <ns3:TrackPointExtension>
            <ns3:hr>152</ns3:hr>
            <ns3:cad>79</ns3:cad>
          </ns3:TrackPointExtension>
        </extensions>
      </trkpt>
      <trkpt lat="23.1733486242592334747314453125" lon="113.26119306497275829315185546875">
        <ele>13.19999980926513671875</ele>
        <time>2023-05-10T12:43:59.000Z</time>
        <extensions>
          <ns3:TrackPointExtension>
            <ns3:hr>158</ns3:hr>
            <ns3:cad>80</ns3:cad>
          </ns3:TrackPointExtension>
        </extensions>
      </trkpt>
      <trkpt lat="23.17333110608160495758056640625" lon="113.26119272969663143157958984375">
        <ele>13</ele>
        <time>2023-05-10T12:44:00.000Z</time>
        <extensions>
          <ns3:TrackPointExtension>
            <ns3:hr>157</ns3:hr>
            <ns3:cad>79</ns3:cad>
          </ns3:TrackPointExtension>
        </extensions>
      </trkpt>
      <trkpt lat="23.17329606972634792327880859375" lon="113.2611899636685848236083984375">
        <ele>12.3999996185302734375</ele>
        <time>2023-05-10T12:44:02.000Z</time>
        <extensions>
          <ns3:TrackPointExtension>
            <ns3:hr>160</ns3:hr>
            <ns3:cad>80</ns3:cad>
          </ns3:TrackPointExtension>
        </extensions>
      </trkpt>
      <trkpt lat="23.173283748328685760498046875" lon="113.26119281351566314697265625">
        <ele>12.3999996185302734375</ele>
        <time>2023-05-10T12:44:03.000Z</time>
        <extensions>
          <ns3:TrackPointExtension>
            <ns3:hr>163</ns3:hr>
            <ns3:cad>81</ns3:cad>
          </ns3:TrackPointExtension>
        </extensions>
      </trkpt>
      <trkpt lat="23.17326555959880352020263671875" lon="113.26119189150631427764892578125">
        <ele>12</ele>
        <time>2023-05-10T12:44:04.000Z</time>
        <extensions>
          <ns3:TrackPointExtension>
            <ns3:hr>163</ns3:hr>
            <ns3:cad>81</ns3:cad>
          </ns3:TrackPointExtension>
        </extensions>
      </trkpt>
      <trkpt lat="23.173227421939373016357421875" lon="113.26118468306958675384521484375">
        <ele>11.3999996185302734375</ele>
        <time>2023-05-10T12:44:07.000Z</time>
        <extensions>
          <ns3:TrackPointExtension>
            <ns3:hr>159</ns3:hr>
            <ns3:cad>80</ns3:cad>
          </ns3:TrackPointExtension>
        </extensions>
      </trkpt>
      <trkpt lat="23.1732192076742649078369140625" lon="113.2611872814595699310302734375">
        <ele>11.19999980926513671875</ele>
        <time>2023-05-10T12:44:08.000Z</time>
        <extensions>
          <ns3:TrackPointExtension>
            <ns3:hr>159</ns3:hr>
            <ns3:cad>79</ns3:cad>
          </ns3:TrackPointExtension>
        </extensions>
      </trkpt>
      <trkpt lat="23.1731498055160045623779296875" lon="113.261199183762073516845703125">
        <ele>10.6000003814697265625</ele>
        <time>2023-05-10T12:44:13.000Z</time>
        <extensions>
          <ns3:TrackPointExtension>
            <ns3:hr>164</ns3:hr>
            <ns3:cad>61</ns3:cad>
          </ns3:TrackPointExtension>
        </extensions>
      </trkpt>
      <trkpt lat="23.173134215176105499267578125" lon="113.261202536523342132568359375">
        <ele>10.3999996185302734375</ele>
        <time>2023-05-10T12:44:14.000Z</time>
        <extensions>
          <ns3:TrackPointExtension>
            <ns3:hr>160</ns3:hr>
            <ns3:cad>61</ns3:cad>
          </ns3:TrackPointExtension>
        </extensions>
      </trkpt>
      <trkpt lat="23.17299306392669677734375" lon="113.26113355346024036407470703125">
        <ele>6</ele>
        <time>2023-05-10T12:44:22.000Z</time>
        <extensions>
          <ns3:TrackPointExtension>
            <ns3:hr>164</ns3:hr>
            <ns3:cad>77</ns3:cad>
          </ns3:TrackPointExtension>
        </extensions>
      </trkpt>
      <trkpt lat="23.17284596152603626251220703125" lon="113.261012770235538482666015625">
        <ele>4.80000019073486328125</ele>
        <time>2023-05-10T12:44:30.000Z</time>
        <extensions>
          <ns3:TrackPointExtension>
            <ns3:hr>167</ns3:hr>
            <ns3:cad>81</ns3:cad>
          </ns3:TrackPointExtension>
        </extensions>
      </trkpt>
      <trkpt lat="23.17281712777912616729736328125" lon="113.2609800808131694793701171875">
        <ele>4.80000019073486328125</ele>
        <time>2023-05-10T12:44:32.000Z</time>
        <extensions>
          <ns3:TrackPointExtension>
            <ns3:hr>170</ns3:hr>
            <ns3:cad>80</ns3:cad>
          </ns3:TrackPointExtension>
        </extensions>
      </trkpt>
      <trkpt lat="23.17278712056577205657958984375" lon="113.26094529591500759124755859375">
        <ele>5</ele>
        <time>2023-05-10T12:44:34.000Z</time>
        <extensions>
          <ns3:TrackPointExtension>
            <ns3:hr>167</ns3:hr>
            <ns3:cad>81</ns3:cad>
          </ns3:TrackPointExtension>
        </extensions>
      </trkpt>
      <trkpt lat="23.172743953764438629150390625" lon="113.26093004085123538970947265625">
        <ele>5.19999980926513671875</ele>
        <time>2023-05-10T12:44:36.000Z</time>
        <extensions>
          <ns3:TrackPointExtension>
            <ns3:hr>164</ns3:hr>
            <ns3:cad>79</ns3:cad>
          </ns3:TrackPointExtension>
        </extensions>
      </trkpt>
      <trkpt lat="23.17258075810968875885009765625" lon="113.26074848882853984832763671875">
        <ele>5.80000019073486328125</ele>
        <time>2023-05-10T12:44:42.000Z</time>
        <extensions>
          <ns3:TrackPointExtension>
            <ns3:hr>164</ns3:hr>
            <ns3:cad>81</ns3:cad>
          </ns3:TrackPointExtension>
        </extensions>
      </trkpt>
      <trkpt lat="23.17243717610836029052734375" lon="113.2606491632759571075439453125">
        <ele>7.19999980926513671875</ele>
        <time>2023-05-10T12:44:48.000Z</time>
        <extensions>
          <ns3:TrackPointExtension>
            <ns3:hr>167</ns3:hr>
            <ns3:cad>82</ns3:cad>
          </ns3:TrackPointExtension>
        </extensions>
      </trkpt>
      <trkpt lat="23.17227758467197418212890625" lon="113.26051781885325908660888671875">
        <ele>8.3999996185302734375</ele>
        <time>2023-05-10T12:44:55.000Z</time>
        <extensions>
          <ns3:TrackPointExtension>
            <ns3:hr>169</ns3:hr>
            <ns3:cad>81</ns3:cad>
          </ns3:TrackPointExtension>
        </extensions>
      </trkpt>
      <trkpt lat="23.17210449837148189544677734375" lon="113.26040851883590221405029296875">
        <ele>8.80000019073486328125</ele>
        <time>2023-05-10T12:45:02.000Z</time>
        <extensions>
          <ns3:TrackPointExtension>
            <ns3:hr>168</ns3:hr>
            <ns3:cad>80</ns3:cad>
          </ns3:TrackPointExtension>
        </extensions>
      </trkpt>
      <trkpt lat="23.17207901738584041595458984375" lon="113.2603916712105274200439453125">
        <ele>8.6000003814697265625</ele>
        <time>2023-05-10T12:45:03.000Z</time>
        <extensions>
          <ns3:TrackPointExtension>
            <ns3:hr>165</ns3:hr>
            <ns3:cad>80</ns3:cad>
          </ns3:TrackPointExtension>
        </extensions>
      </trkpt>
      <trkpt lat="23.17203056998550891876220703125" lon="113.26034448109567165374755859375">
        <ele>8.19999980926513671875</ele>
        <time>2023-05-10T12:45:05.000Z</time>
        <extensions>
          <ns3:TrackPointExtension>
            <ns3:hr>168</ns3:hr>
            <ns3:cad>80</ns3:cad>
          </ns3:TrackPointExtension>
        </extensions>
      </trkpt>
      <trkpt lat="23.17200358025729656219482421875" lon="113.26032084412872791290283203125">
        <ele>8</ele>
        <time>2023-05-10T12:45:06.000Z</time>
        <extensions>
          <ns3:TrackPointExtension>
            <ns3:hr>173</ns3:hr>
            <ns3:cad>79</ns3:cad>
          </ns3:TrackPointExtension>
        </extensions>
      </trkpt>
      <trkpt lat="23.1718330085277557373046875" lon="113.26020710170269012451171875">
        <ele>6.80000019073486328125</ele>
        <time>2023-05-10T12:45:12.000Z</time>
        <extensions>
          <ns3:TrackPointExtension>
            <ns3:hr>172</ns3:hr>
            <ns3:cad>81</ns3:cad>
          </ns3:TrackPointExtension>
        </extensions>
      </trkpt>
      <trkpt lat="23.1717605888843536376953125" lon="113.260151110589504241943359375">
        <ele>5.80000019073486328125</ele>
        <time>2023-05-10T12:45:15.000Z</time>
        <extensions>
          <ns3:TrackPointExtension>
            <ns3:hr>175</ns3:hr>
            <ns3:cad>82</ns3:cad>
          </ns3:TrackPointExtension>
        </extensions>
      </trkpt>
      <trkpt lat="23.17161130718886852264404296875" lon="113.2600201852619647979736328125">
        <ele>4.19999980926513671875</ele>
        <time>2023-05-10T12:45:22.000Z</time>
        <extensions>
          <ns3:TrackPointExtension>
            <ns3:hr>176</ns3:hr>
            <ns3:cad>81</ns3:cad>
          </ns3:TrackPointExtension>
        </extensions>
      </trkpt>
      <trkpt lat="23.17155716009438037872314453125" lon="113.25997316278517246246337890625">
        <ele>3.7999999523162841796875</ele>
        <time>2023-05-10T12:45:25.000Z</time>
        <extensions>
          <ns3:TrackPointExtension>
            <ns3:hr>180</ns3:hr>
            <ns3:cad>81</ns3:cad>
          </ns3:TrackPointExtension>
        </extensions>
      </trkpt>
      <trkpt lat="23.1715116463601589202880859375" lon="113.25994432903826236724853515625">
        <ele>3.599999904632568359375</ele>
        <time>2023-05-10T12:45:27.000Z</time>
        <extensions>
          <ns3:TrackPointExtension>
            <ns3:hr>177</ns3:hr>
            <ns3:cad>81</ns3:cad>
          </ns3:TrackPointExtension>
        </extensions>
      </trkpt>
      <trkpt lat="23.1715146638453006744384765625" lon="113.25975741259753704071044921875">
        <ele>4</ele>
        <time>2023-05-10T12:45:36.000Z</time>
        <extensions>
          <ns3:TrackPointExtension>
            <ns3:hr>179</ns3:hr>
            <ns3:cad>82</ns3:cad>
          </ns3:TrackPointExtension>
        </extensions>
      </trkpt>
      <trkpt lat="23.1716883368790149688720703125" lon="113.2596486993134021759033203125">
        <ele>5.80000019073486328125</ele>
        <time>2023-05-10T12:45:47.000Z</time>
        <extensions>
          <ns3:TrackPointExtension>
            <ns3:hr>181</ns3:hr>
            <ns3:cad>83</ns3:cad>
          </ns3:TrackPointExtension>
        </extensions>
      </trkpt>
      <trkpt lat="23.1717765145003795623779296875" lon="113.25965196825563907623291015625">
        <ele>7</ele>
        <time>2023-05-10T12:45:52.000Z</time>
        <extensions>
          <ns3:TrackPointExtension>
            <ns3:hr>178</ns3:hr>
            <ns3:cad>81</ns3:cad>
          </ns3:TrackPointExtension>
        </extensions>
      </trkpt>
      <trkpt lat="23.17184918560087680816650390625" lon="113.25963101349771022796630859375">
        <ele>8.19999980926513671875</ele>
        <time>2023-05-10T12:45:56.000Z</time>
        <extensions>
          <ns3:TrackPointExtension>
            <ns3:hr>182</ns3:hr>
            <ns3:cad>82</ns3:cad>
          </ns3:TrackPointExtension>
        </extensions>
      </trkpt>
      <trkpt lat="23.17192177288234233856201171875" lon="113.25947946868836879730224609375">
        <ele>10.6000003814697265625</ele>
        <time>2023-05-10T12:46:02.000Z</time>
        <extensions>
          <ns3:TrackPointExtension>
            <ns3:hr>185</ns3:hr>
            <ns3:cad>82</ns3:cad>
          </ns3:TrackPointExtension>
        </extensions>
      </trkpt>
      <trkpt lat="23.1719646044075489044189453125" lon="113.25940889306366443634033203125">
        <ele>11.19999980926513671875</ele>
        <time>2023-05-10T12:46:05.000Z</time>
        <extensions>
          <ns3:TrackPointExtension>
            <ns3:hr>182</ns3:hr>
            <ns3:cad>82</ns3:cad>
          </ns3:TrackPointExtension>
        </extensions>
      </trkpt>
      <trkpt lat="23.17208723165094852447509765625" lon="113.25924058444797992706298828125">
        <ele>14.19999980926513671875</ele>
        <time>2023-05-10T12:46:13.000Z</time>
        <extensions>
          <ns3:TrackPointExtension>
            <ns3:hr>183</ns3:hr>
            <ns3:cad>83</ns3:cad>
          </ns3:TrackPointExtension>
        </extensions>
      </trkpt>
      <trkpt lat="23.1721736490726470947265625" lon="113.25906808488070964813232421875">
        <ele>15</ele>
        <time>2023-05-10T12:46:20.000Z</time>
        <extensions>
          <ns3:TrackPointExtension>
            <ns3:hr>182</ns3:hr>
            <ns3:cad>83</ns3:cad>
          </ns3:TrackPointExtension>
        </extensions>
      </trkpt>
      <trkpt lat="23.1722529418766498565673828125" lon="113.2588782347738742828369140625">
        <ele>13.6000003814697265625</ele>
        <time>2023-05-10T12:46:27.000Z</time>
        <extensions>
          <ns3:TrackPointExtension>
            <ns3:hr>183</ns3:hr>
            <ns3:cad>82</ns3:cad>
          </ns3:TrackPointExtension>
        </extensions>
      </trkpt>
      <trkpt lat="23.17232494242489337921142578125" lon="113.25868628919124603271484375">
        <ele>13</ele>
        <time>2023-05-10T12:46:34.000Z</time>
        <extensions>
          <ns3:TrackPointExtension>
            <ns3:hr>184</ns3:hr>
            <ns3:cad>81</ns3:cad>
          </ns3:TrackPointExtension>
        </extensions>
      </trkpt>
      <trkpt lat="23.17241144366562366485595703125" lon="113.2584832794964313507080078125">
        <ele>14.19999980926513671875</ele>
        <time>2023-05-10T12:46:40.000Z</time>
        <extensions>
          <ns3:TrackPointExtension>
            <ns3:hr>186</ns3:hr>
            <ns3:cad>80</ns3:cad>
          </ns3:TrackPointExtension>
        </extensions>
      </trkpt>
      <trkpt lat="23.1725017167627811431884765625" lon="113.2582837902009487152099609375">
        <ele>14.3999996185302734375</ele>
        <time>2023-05-10T12:46:46.000Z</time>
        <extensions>
          <ns3:TrackPointExtension>
            <ns3:hr>187</ns3:hr>
            <ns3:cad>80</ns3:cad>
          </ns3:TrackPointExtension>
        </extensions>
      </trkpt>
      <trkpt lat="23.17253884859383106231689453125" lon="113.25819586403667926788330078125">
        <ele>12.80000019073486328125</ele>
        <time>2023-05-10T12:46:49.000Z</time>
        <extensions>
          <ns3:TrackPointExtension>
            <ns3:hr>188</ns3:hr>
            <ns3:cad>79</ns3:cad>
          </ns3:TrackPointExtension>
        </extensions>
      </trkpt>
      <trkpt lat="23.172620236873626708984375" lon="113.25800358317792415618896484375">
        <ele>11.19999980926513671875</ele>
        <time>2023-05-10T12:46:55.000Z</time>
        <extensions>
          <ns3:TrackPointExtension>
            <ns3:hr>189</ns3:hr>
            <ns3:cad>81</ns3:cad>
          </ns3:TrackPointExtension>
        </extensions>
      </trkpt>
      <trkpt lat="23.1727154552936553955078125" lon="113.25783602893352508544921875">
        <ele>7.599999904632568359375</ele>
        <time>2023-05-10T12:47:00.000Z</time>
        <extensions>
          <ns3:TrackPointExtension>
            <ns3:hr>189</ns3:hr>
            <ns3:cad>78</ns3:cad>
          </ns3:TrackPointExtension>
        </extensions>
      </trkpt>
      <trkpt lat="23.17283053882420063018798828125" lon="113.25765095651149749755859375">
        <ele>4.19999980926513671875</ele>
        <time>2023-05-10T12:47:06.000Z</time>
        <extensions>
          <ns3:TrackPointExtension>
            <ns3:hr>189</ns3:hr>
            <ns3:cad>78</ns3:cad>
          </ns3:TrackPointExtension>
        </extensions>
      </trkpt>
      <trkpt lat="23.17291796207427978515625" lon="113.25749807059764862060546875">
        <ele>1.39999997615814208984375</ele>
        <time>2023-05-10T12:47:12.000Z</time>
        <extensions>
          <ns3:TrackPointExtension>
            <ns3:hr>192</ns3:hr>
            <ns3:cad>78</ns3:cad>
          </ns3:TrackPointExtension>
        </extensions>
      </trkpt>
      <trkpt lat="23.1730026192963123321533203125" lon="113.25743679888546466827392578125">
        <ele>0</ele>
        <time>2023-05-10T12:47:16.000Z</time>
        <extensions>
          <ns3:TrackPointExtension>
            <ns3:hr>189</ns3:hr>
            <ns3:cad>80</ns3:cad>
          </ns3:TrackPointExtension>
        </extensions>
      </trkpt>
      <trkpt lat="23.17302592098712921142578125" lon="113.25743143446743488311767578125">
        <ele>0.20000000298023223876953125</ele>
        <time>2023-05-10T12:47:17.000Z</time>
        <extensions>
          <ns3:TrackPointExtension>
            <ns3:hr>192</ns3:hr>
            <ns3:cad>80</ns3:cad>
          </ns3:TrackPointExtension>
        </extensions>
      </trkpt>
      <trkpt lat="23.17321342416107654571533203125" lon="113.2574652135372161865234375">
        <ele>0</ele>
        <time>2023-05-10T12:47:25.000Z</time>
        <extensions>
          <ns3:TrackPointExtension>
            <ns3:hr>192</ns3:hr>
            <ns3:cad>81</ns3:cad>
          </ns3:TrackPointExtension>
        </extensions>
      </trkpt>
      <trkpt lat="23.17330579273402690887451171875" lon="113.25756437145173549652099609375">
        <ele>-0.800000011920928955078125</ele>
        <time>2023-05-10T12:47:36.000Z</time>
        <extensions>
          <ns3:TrackPointExtension>
            <ns3:hr>189</ns3:hr>
            <ns3:cad>0</ns3:cad>
          </ns3:TrackPointExtension>
        </extensions>
      </trkpt>
      <trkpt lat="23.173335380852222442626953125" lon="113.2576239667832851409912109375">
        <ele>-1.39999997615814208984375</ele>
        <time>2023-05-10T12:47:42.000Z</time>
        <extensions>
          <ns3:TrackPointExtension>
            <ns3:hr>192</ns3:hr>
            <ns3:cad>61</ns3:cad>
          </ns3:TrackPointExtension>
        </extensions>
      </trkpt>
      <trkpt lat="23.17337351851165294647216796875" lon="113.257685489952564239501953125">
        <ele>-2</ele>
        <time>2023-05-10T12:47:48.000Z</time>
        <extensions>
          <ns3:TrackPointExtension>
            <ns3:hr>189</ns3:hr>
            <ns3:cad>61</ns3:cad>
          </ns3:TrackPointExtension>
        </extensions>
      </trkpt>
      <trkpt lat="23.17339715547859668731689453125" lon="113.2577084563672542572021484375">
        <ele>-2</ele>
        <time>2023-05-10T12:47:51.000Z</time>
        <extensions>
          <ns3:TrackPointExtension>
            <ns3:hr>181</ns3:hr>
            <ns3:cad>0</ns3:cad>
          </ns3:TrackPointExtension>
        </extensions>
      </trkpt>
      <trkpt lat="23.17340604029595851898193359375" lon="113.2577141560614109039306640625">
        <ele>-2</ele>
        <time>2023-05-10T12:47:52.000Z</time>
        <extensions>
          <ns3:TrackPointExtension>
            <ns3:hr>181</ns3:hr>
            <ns3:cad>61</ns3:cad>
          </ns3:TrackPointExtension>
        </extensions>
      </trkpt>
      <trkpt lat="23.17342288792133331298828125" lon="113.25774013996124267578125">
        <ele>-2.2000000476837158203125</ele>
        <time>2023-05-10T12:47:54.000Z</time>
        <extensions>
          <ns3:TrackPointExtension>
            <ns3:hr>186</ns3:hr>
            <ns3:cad>61</ns3:cad>
          </ns3:TrackPointExtension>
        </extensions>
      </trkpt>
      <trkpt lat="23.17343303002417087554931640625" lon="113.2577470131218433380126953125">
        <ele>-2.2000000476837158203125</ele>
        <time>2023-05-10T12:47:55.000Z</time>
        <extensions>
          <ns3:TrackPointExtension>
            <ns3:hr>186</ns3:hr>
            <ns3:cad>61</ns3:cad>
          </ns3:TrackPointExtension>
        </extensions>
      </trkpt>
      <trkpt lat="23.173452056944370269775390625" lon="113.25775623321533203125">
        <ele>-1.7999999523162841796875</ele>
        <time>2023-05-10T12:47:57.000Z</time>
        <extensions>
          <ns3:TrackPointExtension>
            <ns3:hr>182</ns3:hr>
            <ns3:cad>61</ns3:cad>
          </ns3:TrackPointExtension>
        </extensions>
      </trkpt>
      <trkpt lat="23.1734683178365230560302734375" lon="113.25777073390781879425048828125">
        <ele>-1.7999999523162841796875</ele>
        <time>2023-05-10T12:47:59.000Z</time>
        <extensions>
          <ns3:TrackPointExtension>
            <ns3:hr>179</ns3:hr>
            <ns3:cad>0</ns3:cad>
          </ns3:TrackPointExtension>
        </extensions>
      </trkpt>
      <trkpt lat="23.17359077744185924530029296875" lon="113.25783091597259044647216796875">
        <ele>-0.20000000298023223876953125</ele>
        <time>2023-05-10T12:48:10.000Z</time>
        <extensions>
          <ns3:TrackPointExtension>
            <ns3:hr>176</ns3:hr>
            <ns3:cad>65</ns3:cad>
          </ns3:TrackPointExtension>
        </extensions>
      </trkpt>
      <trkpt lat="23.1735984049737453460693359375" lon="113.2578351907432079315185546875">
        <ele>-0.20000000298023223876953125</ele>
        <time>2023-05-10T12:48:11.000Z</time>
        <extensions>
          <ns3:TrackPointExtension>
            <ns3:hr>173</ns3:hr>
            <ns3:cad>65</ns3:cad>
          </ns3:TrackPointExtension>
        </extensions>
      </trkpt>
      <trkpt lat="23.17367308773100376129150390625" lon="113.2578807882964611053466796875">
        <ele>0.60000002384185791015625</ele>
        <time>2023-05-10T12:48:18.000Z</time>
        <extensions>
          <ns3:TrackPointExtension>
            <ns3:hr>170</ns3:hr>
            <ns3:cad>61</ns3:cad>
          </ns3:TrackPointExtension>
        </extensions>
      </trkpt>
      <trkpt lat="23.17375992424786090850830078125" lon="113.2579139806330204010009765625">
        <ele>1.60000002384185791015625</ele>
        <time>2023-05-10T12:48:22.000Z</time>
        <extensions>
          <ns3:TrackPointExtension>
            <ns3:hr>167</ns3:hr>
            <ns3:cad>81</ns3:cad>
          </ns3:TrackPointExtension>
        </extensions>
      </trkpt>
      <trkpt lat="23.173910044133663177490234375" lon="113.25794868171215057373046875">
        <ele>2</ele>
        <time>2023-05-10T12:48:28.000Z</time>
        <extensions>
          <ns3:TrackPointExtension>
            <ns3:hr>170</ns3:hr>
            <ns3:cad>82</ns3:cad>
          </ns3:TrackPointExtension>
        </extensions>
      </trkpt>
      <trkpt lat="23.17402194254100322723388671875" lon="113.25798464007675647735595703125">
        <ele>1.7999999523162841796875</ele>
        <time>2023-05-10T12:48:33.000Z</time>
        <extensions>
          <ns3:TrackPointExtension>
            <ns3:hr>174</ns3:hr>
            <ns3:cad>82</ns3:cad>
          </ns3:TrackPointExtension>
        </extensions>
      </trkpt>
      <trkpt lat="23.17407525144517421722412109375" lon="113.25800961814820766448974609375">
        <ele>1.60000002384185791015625</ele>
        <time>2023-05-10T12:48:36.000Z</time>
        <extensions>
          <ns3:TrackPointExtension>
            <ns3:hr>177</ns3:hr>
            <ns3:cad>82</ns3:cad>
          </ns3:TrackPointExtension>
        </extensions>
      </trkpt>
      <trkpt lat="23.17416745238006114959716796875" lon="113.25809896923601627349853515625">
        <ele>0.800000011920928955078125</ele>
        <time>2023-05-10T12:48:43.000Z</time>
        <extensions>
          <ns3:TrackPointExtension>
            <ns3:hr>180</ns3:hr>
            <ns3:cad>82</ns3:cad>
          </ns3:TrackPointExtension>
        </extensions>
      </trkpt>
      <trkpt lat="23.17418002523481845855712890625" lon="113.2581325806677341461181640625">
        <ele>0.20000000298023223876953125</ele>
        <time>2023-05-10T12:48:45.000Z</time>
        <extensions>
          <ns3:TrackPointExtension>
            <ns3:hr>177</ns3:hr>
            <ns3:cad>82</ns3:cad>
          </ns3:TrackPointExtension>
        </extensions>
      </trkpt>
      <trkpt lat="23.174188993871212005615234375" lon="113.25816853903234004974365234375">
        <ele>-0.20000000298023223876953125</ele>
        <time>2023-05-10T12:48:47.000Z</time>
        <extensions>
          <ns3:TrackPointExtension>
            <ns3:hr>173</ns3:hr>
            <ns3:cad>81</ns3:cad>
          </ns3:TrackPointExtension>
        </extensions>
      </trkpt>
      <trkpt lat="23.17417499609291553497314453125" lon="113.25826006941497325897216796875">
        <ele>-1.60000002384185791015625</ele>
        <time>2023-05-10T12:48:54.000Z</time>
        <extensions>
          <ns3:TrackPointExtension>
            <ns3:hr>176</ns3:hr>
            <ns3:cad>82</ns3:cad>
          </ns3:TrackPointExtension>
        </extensions>
      </trkpt>
      <trkpt lat="23.1741288118064403533935546875" lon="113.2583637535572052001953125">
        <ele>-2.2000000476837158203125</ele>
        <time>2023-05-10T12:49:00.000Z</time>
        <extensions>
          <ns3:TrackPointExtension>
            <ns3:hr>183</ns3:hr>
            <ns3:cad>81</ns3:cad>
          </ns3:TrackPointExtension>
        </extensions>
      </trkpt>
      <trkpt lat="23.17411615513265132904052734375" lon="113.25838185846805572509765625">
        <ele>-2.2000000476837158203125</ele>
        <time>2023-05-10T12:49:01.000Z</time>
        <extensions>
          <ns3:TrackPointExtension>
            <ns3:hr>187</ns3:hr>
            <ns3:cad>81</ns3:cad>
          </ns3:TrackPointExtension>
        </extensions>
      </trkpt>
      <trkpt lat="23.17410224117338657379150390625" lon="113.258399628102779388427734375">
        <ele>-2</ele>
        <time>2023-05-10T12:49:02.000Z</time>
        <extensions>
          <ns3:TrackPointExtension>
            <ns3:hr>187</ns3:hr>
            <ns3:cad>81</ns3:cad>
          </ns3:TrackPointExtension>
        </extensions>
      </trkpt>
      <trkpt lat="23.1740141473710536956787109375" lon="113.25849409215152263641357421875">
        <ele>-1.7999999523162841796875</ele>
        <time>2023-05-10T12:49:07.000Z</time>
        <extensions>
          <ns3:TrackPointExtension>
            <ns3:hr>183</ns3:hr>
            <ns3:cad>81</ns3:cad>
          </ns3:TrackPointExtension>
        </extensions>
      </trkpt>
      <trkpt lat="23.1739814579486846923828125" lon="113.2585312239825725555419921875">
        <ele>-2</ele>
        <time>2023-05-10T12:49:09.000Z</time>
        <extensions>
          <ns3:TrackPointExtension>
            <ns3:hr>179</ns3:hr>
            <ns3:cad>81</ns3:cad>
          </ns3:TrackPointExtension>
        </extensions>
      </trkpt>
      <trkpt lat="23.173832595348358154296875" lon="113.25867413543164730072021484375">
        <ele>-3.2000000476837158203125</ele>
        <time>2023-05-10T12:49:18.000Z</time>
        <extensions>
          <ns3:TrackPointExtension>
            <ns3:hr>180</ns3:hr>
            <ns3:cad>82</ns3:cad>
          </ns3:TrackPointExtension>
        </extensions>
      </trkpt>
      <trkpt lat="23.173775933682918548583984375" lon="113.2587253488600254058837890625">
        <ele>-5.19999980926513671875</ele>
        <time>2023-05-10T12:49:21.000Z</time>
        <extensions>
          <ns3:TrackPointExtension>
            <ns3:hr>184</ns3:hr>
            <ns3:cad>83</ns3:cad>
          </ns3:TrackPointExtension>
        </extensions>
      </trkpt>
      <trkpt lat="23.173685409128665924072265625" lon="113.25887127779424190521240234375">
        <ele>-11.80000019073486328125</ele>
        <time>2023-05-10T12:49:28.000Z</time>
        <extensions>
          <ns3:TrackPointExtension>
            <ns3:hr>181</ns3:hr>
            <ns3:cad>83</ns3:cad>
          </ns3:TrackPointExtension>
        </extensions>
      </trkpt>
      <trkpt lat="23.17360016517341136932373046875" lon="113.25905148871243000030517578125">
        <ele>-16</ele>
        <time>2023-05-10T12:49:35.000Z</time>
        <extensions>
          <ns3:TrackPointExtension>
            <ns3:hr>181</ns3:hr>
            <ns3:cad>83</ns3:cad>
          </ns3:TrackPointExtension>
        </extensions>
      </trkpt>
      <trkpt lat="23.17352422513067722320556640625" lon="113.25925625860691070556640625">
        <ele>-3.400000095367431640625</ele>
        <time>2023-05-10T12:49:45.000Z</time>
        <extensions>
          <ns3:TrackPointExtension>
            <ns3:hr>182</ns3:hr>
            <ns3:cad>83</ns3:cad>
          </ns3:TrackPointExtension>
        </extensions>
      </trkpt>
      <trkpt lat="23.17351433448493480682373046875" lon="113.25939648784697055816650390625">
        <ele>8.6000003814697265625</ele>
        <time>2023-05-10T12:49:53.000Z</time>
        <extensions>
          <ns3:TrackPointExtension>
            <ns3:hr>177</ns3:hr>
            <ns3:cad>61</ns3:cad>
          </ns3:TrackPointExtension>
        </extensions>
      </trkpt>
      <trkpt lat="23.17350410856306552886962890625" lon="113.25942666269838809967041015625">
        <ele>9.80000019073486328125</ele>
        <time>2023-05-10T12:49:56.000Z</time>
        <extensions>
          <ns3:TrackPointExtension>
            <ns3:hr>180</ns3:hr>
            <ns3:cad>61</ns3:cad>
          </ns3:TrackPointExtension>
        </extensions>
      </trkpt>
      <trkpt lat="23.173495642840862274169921875" lon="113.2594539038836956024169921875">
        <ele>10.80000019073486328125</ele>
        <time>2023-05-10T12:50:00.000Z</time>
        <extensions>
          <ns3:TrackPointExtension>
            <ns3:hr>180</ns3:hr>
            <ns3:cad>61</ns3:cad>
          </ns3:TrackPointExtension>
        </extensions>
      </trkpt>
      <trkpt lat="23.17348868586122989654541015625" lon="113.25946639291942119598388671875">
        <ele>11.19999980926513671875</ele>
        <time>2023-05-10T12:50:02.000Z</time>
        <extensions>
          <ns3:TrackPointExtension>
            <ns3:hr>177</ns3:hr>
            <ns3:cad>61</ns3:cad>
          </ns3:TrackPointExtension>
        </extensions>
      </trkpt>
      <trkpt lat="23.173484914004802703857421875" lon="113.25947443954646587371826171875">
        <ele>11.6000003814697265625</ele>
        <time>2023-05-10T12:50:03.000Z</time>
        <extensions>
          <ns3:TrackPointExtension>
            <ns3:hr>176</ns3:hr>
            <ns3:cad>61</ns3:cad>
          </ns3:TrackPointExtension>
        </extensions>
      </trkpt>
      <trkpt lat="23.173470161855220794677734375" lon="113.2595144212245941162109375">
        <ele>13</ele>
        <time>2023-05-10T12:50:07.000Z</time>
        <extensions>
          <ns3:TrackPointExtension>
            <ns3:hr>178</ns3:hr>
            <ns3:cad>61</ns3:cad>
          </ns3:TrackPointExtension>
        </extensions>
      </trkpt>
      <trkpt lat="23.17346177995204925537109375" lon="113.25954183004796504974365234375">
        <ele>14</ele>
        <time>2023-05-10T12:50:10.000Z</time>
        <extensions>
          <ns3:TrackPointExtension>
            <ns3:hr>178</ns3:hr>
            <ns3:cad>58</ns3:cad>
          </ns3:TrackPointExtension>
        </extensions>
      </trkpt>
      <trkpt lat="23.17344778217375278472900390625" lon="113.2595823146402835845947265625">
        <ele>15.3999996185302734375</ele>
        <time>2023-05-10T12:50:15.000Z</time>
        <extensions>
          <ns3:TrackPointExtension>
            <ns3:hr>173</ns3:hr>
            <ns3:cad>58</ns3:cad>
          </ns3:TrackPointExtension>
        </extensions>
      </trkpt>
      <trkpt lat="23.17344442941248416900634765625" lon="113.25959245674312114715576171875">
        <ele>15.3999996185302734375</ele>
        <time>2023-05-10T12:50:16.000Z</time>
        <extensions>
          <ns3:TrackPointExtension>
            <ns3:hr>171</ns3:hr>
            <ns3:cad>61</ns3:cad>
          </ns3:TrackPointExtension>
        </extensions>
      </trkpt>
      <trkpt lat="23.17341961897909641265869140625" lon="113.25963336043059825897216796875">
        <ele>15</ele>
        <time>2023-05-10T12:50:20.000Z</time>
        <extensions>
          <ns3:TrackPointExtension>
            <ns3:hr>168</ns3:hr>
            <ns3:cad>61</ns3:cad>
          </ns3:TrackPointExtension>
        </extensions>
      </trkpt>
      <trkpt lat="23.173413835465908050537109375" lon="113.25964543037116527557373046875">
        <ele>14.80000019073486328125</ele>
        <time>2023-05-10T12:50:21.000Z</time>
        <extensions>
          <ns3:TrackPointExtension>
            <ns3:hr>165</ns3:hr>
            <ns3:cad>61</ns3:cad>
          </ns3:TrackPointExtension>
        </extensions>
      </trkpt>
      <trkpt lat="23.1734074652194976806640625" lon="113.25965565629303455352783203125">
        <ele>14.80000019073486328125</ele>
        <time>2023-05-10T12:50:22.000Z</time>
        <extensions>
          <ns3:TrackPointExtension>
            <ns3:hr>161</ns3:hr>
            <ns3:cad>61</ns3:cad>
          </ns3:TrackPointExtension>
        </extensions>
      </trkpt>
      <trkpt lat="23.17340218462049961090087890625" lon="113.259664289653301239013671875">
        <ele>14.80000019073486328125</ele>
        <time>2023-05-10T12:50:23.000Z</time>
        <extensions>
          <ns3:TrackPointExtension>
            <ns3:hr>161</ns3:hr>
            <ns3:cad>61</ns3:cad>
          </ns3:TrackPointExtension>
        </extensions>
      </trkpt>
      <trkpt lat="23.17339044995605945587158203125" lon="113.25968381948769092559814453125">
        <ele>14.6000003814697265625</ele>
        <time>2023-05-10T12:50:25.000Z</time>
        <extensions>
          <ns3:TrackPointExtension>
            <ns3:hr>158</ns3:hr>
            <ns3:cad>61</ns3:cad>
          </ns3:TrackPointExtension>
        </extensions>
      </trkpt>
      <trkpt lat="23.1733834929764270782470703125" lon="113.25969521887600421905517578125">
        <ele>14.6000003814697265625</ele>
        <time>2023-05-10T12:50:26.000Z</time>
        <extensions>
          <ns3:TrackPointExtension>
            <ns3:hr>155</ns3:hr>
            <ns3:cad>61</ns3:cad>
          </ns3:TrackPointExtension>
        </extensions>
      </trkpt>
      <trkpt lat="23.17337469197809696197509765625" lon="113.259708546102046966552734375">
        <ele>14.6000003814697265625</ele>
        <time>2023-05-10T12:50:27.000Z</time>
        <extensions>
          <ns3:TrackPointExtension>
            <ns3:hr>155</ns3:hr>
            <ns3:cad>61</ns3:cad>
          </ns3:TrackPointExtension>
        </extensions>
      </trkpt>
      <trkpt lat="23.17330847494304180145263671875" lon="113.25980535708367824554443359375">
        <ele>14</ele>
        <time>2023-05-10T12:50:35.000Z</time>
        <extensions>
          <ns3:TrackPointExtension>
            <ns3:hr>151</ns3:hr>
            <ns3:cad>61</ns3:cad>
          </ns3:TrackPointExtension>
        </extensions>
      </trkpt>
      <trkpt lat="23.17319246940314769744873046875" lon="113.2599685527384281158447265625">
        <ele>11.80000019073486328125</ele>
        <time>2023-05-10T12:50:51.000Z</time>
        <extensions>
          <ns3:TrackPointExtension>
            <ns3:hr>151</ns3:hr>
            <ns3:cad>61</ns3:cad>
          </ns3:TrackPointExtension>
        </extensions>
      </trkpt>
      <trkpt lat="23.17313446663320064544677734375" lon="113.26010425575077533721923828125">
        <ele>9.6000003814697265625</ele>
        <time>2023-05-10T12:50:57.000Z</time>
        <extensions>
          <ns3:TrackPointExtension>
            <ns3:hr>154</ns3:hr>
            <ns3:cad>82</ns3:cad>
          </ns3:TrackPointExtension>
        </extensions>
      </trkpt>
      <trkpt lat="23.1731055490672588348388671875" lon="113.2601566426455974578857421875">
        <ele>9.6000003814697265625</ele>
        <time>2023-05-10T12:50:59.000Z</time>
        <extensions>
          <ns3:TrackPointExtension>
            <ns3:hr>157</ns3:hr>
            <ns3:cad>81</ns3:cad>
          </ns3:TrackPointExtension>
        </extensions>
      </trkpt>
      <trkpt lat="23.1730800680816173553466796875" lon="113.26020735315978527069091796875">
        <ele>9.3999996185302734375</ele>
        <time>2023-05-10T12:51:01.000Z</time>
        <extensions>
          <ns3:TrackPointExtension>
            <ns3:hr>160</ns3:hr>
            <ns3:cad>81</ns3:cad>
          </ns3:TrackPointExtension>
        </extensions>
      </trkpt>
      <trkpt lat="23.1730669923126697540283203125" lon="113.2602314092218875885009765625">
        <ele>9</ele>
        <time>2023-05-10T12:51:02.000Z</time>
        <extensions>
          <ns3:TrackPointExtension>
            <ns3:hr>165</ns3:hr>
            <ns3:cad>81</ns3:cad>
          </ns3:TrackPointExtension>
        </extensions>
      </trkpt>
      <trkpt lat="23.1730545870959758758544921875" lon="113.26025144197046756744384765625">
        <ele>8.80000019073486328125</ele>
        <time>2023-05-10T12:51:03.000Z</time>
        <extensions>
          <ns3:TrackPointExtension>
            <ns3:hr>165</ns3:hr>
            <ns3:cad>81</ns3:cad>
          </ns3:TrackPointExtension>
        </extensions>
      </trkpt>
      <trkpt lat="23.17302550189197063446044921875" lon="113.26028279028832912445068359375">
        <ele>8.19999980926513671875</ele>
        <time>2023-05-10T12:51:05.000Z</time>
        <extensions>
          <ns3:TrackPointExtension>
            <ns3:hr>162</ns3:hr>
            <ns3:cad>81</ns3:cad>
          </ns3:TrackPointExtension>
        </extensions>
      </trkpt>
      <trkpt lat="23.1730244122445583343505859375" lon="113.2603215985000133514404296875">
        <ele>7.400000095367431640625</ele>
        <time>2023-05-10T12:51:06.000Z</time>
        <extensions>
          <ns3:TrackPointExtension>
            <ns3:hr>158</ns3:hr>
            <ns3:cad>82</ns3:cad>
          </ns3:TrackPointExtension>
        </extensions>
      </trkpt>
      <trkpt lat="23.17302030511200428009033203125" lon="113.26035789214074611663818359375">
        <ele>6.80000019073486328125</ele>
        <time>2023-05-10T12:51:07.000Z</time>
        <extensions>
          <ns3:TrackPointExtension>
            <ns3:hr>158</ns3:hr>
            <ns3:cad>82</ns3:cad>
          </ns3:TrackPointExtension>
        </extensions>
      </trkpt>
      <trkpt lat="23.1730073131620883941650390625" lon="113.26042578555643558502197265625">
        <ele>5.400000095367431640625</ele>
        <time>2023-05-10T12:51:09.000Z</time>
        <extensions>
          <ns3:TrackPointExtension>
            <ns3:hr>163</ns3:hr>
            <ns3:cad>81</ns3:cad>
          </ns3:TrackPointExtension>
        </extensions>
      </trkpt>
      <trkpt lat="23.17299851216375827789306640625" lon="113.2604523561894893646240234375">
        <ele>5</ele>
        <time>2023-05-10T12:51:10.000Z</time>
        <extensions>
          <ns3:TrackPointExtension>
            <ns3:hr>168</ns3:hr>
            <ns3:cad>81</ns3:cad>
          </ns3:TrackPointExtension>
        </extensions>
      </trkpt>
      <trkpt lat="23.1729885376989841461181640625" lon="113.260476328432559967041015625">
        <ele>4.400000095367431640625</ele>
        <time>2023-05-10T12:51:11.000Z</time>
        <extensions>
          <ns3:TrackPointExtension>
            <ns3:hr>172</ns3:hr>
            <ns3:cad>81</ns3:cad>
          </ns3:TrackPointExtension>
        </extensions>
      </trkpt>
      <trkpt lat="23.17297923378646373748779296875" lon="113.2604996301233768463134765625">
        <ele>4.19999980926513671875</ele>
        <time>2023-05-10T12:51:12.000Z</time>
        <extensions>
          <ns3:TrackPointExtension>
            <ns3:hr>171</ns3:hr>
            <ns3:cad>81</ns3:cad>
          </ns3:TrackPointExtension>
        </extensions>
      </trkpt>
      <trkpt lat="23.17296800203621387481689453125" lon="113.26051932759582996368408203125">
        <ele>4</ele>
        <time>2023-05-10T12:51:13.000Z</time>
        <extensions>
          <ns3:TrackPointExtension>
            <ns3:hr>165</ns3:hr>
            <ns3:cad>81</ns3:cad>
          </ns3:TrackPointExtension>
        </extensions>
      </trkpt>
      <trkpt lat="23.1729553453624248504638671875" lon="113.2605341635644435882568359375">
        <ele>4</ele>
        <time>2023-05-10T12:51:14.000Z</time>
        <extensions>
          <ns3:TrackPointExtension>
            <ns3:hr>159</ns3:hr>
            <ns3:cad>81</ns3:cad>
          </ns3:TrackPointExtension>
        </extensions>
      </trkpt>
      <trkpt lat="23.172861635684967041015625" lon="113.2606060802936553955078125">
        <ele>4.80000019073486328125</ele>
        <time>2023-05-10T12:51:23.000Z</time>
        <extensions>
          <ns3:TrackPointExtension>
            <ns3:hr>166</ns3:hr>
            <ns3:cad>67</ns3:cad>
          </ns3:TrackPointExtension>
        </extensions>
      </trkpt>
      <trkpt lat="23.17284612916409969329833984375" lon="113.2606153003871440887451171875">
        <ele>4.80000019073486328125</ele>
        <time>2023-05-10T12:51:25.000Z</time>
        <extensions>
          <ns3:TrackPointExtension>
            <ns3:hr>174</ns3:hr>
            <ns3:cad>67</ns3:cad>
          </ns3:TrackPointExtension>
        </extensions>
      </trkpt>
      <trkpt lat="23.172839842736721038818359375" lon="113.26061957515776157379150390625">
        <ele>4.80000019073486328125</ele>
        <time>2023-05-10T12:51:26.000Z</time>
        <extensions>
          <ns3:TrackPointExtension>
            <ns3:hr>173</ns3:hr>
            <ns3:cad>61</ns3:cad>
          </ns3:TrackPointExtension>
        </extensions>
      </trkpt>
      <trkpt lat="23.17282919771969318389892578125" lon="113.2606394402682781219482421875">
        <ele>5</ele>
        <time>2023-05-10T12:51:28.000Z</time>
        <extensions>
          <ns3:TrackPointExtension>
            <ns3:hr>170</ns3:hr>
            <ns3:cad>61</ns3:cad>
          </ns3:TrackPointExtension>
        </extensions>
      </trkpt>
      <trkpt lat="23.17281310446560382843017578125" lon="113.26065109111368656158447265625">
        <ele>5</ele>
        <time>2023-05-10T12:51:30.000Z</time>
        <extensions>
          <ns3:TrackPointExtension>
            <ns3:hr>159</ns3:hr>
            <ns3:cad>61</ns3:cad>
          </ns3:TrackPointExtension>
        </extensions>
      </trkpt>
      <trkpt lat="23.172802627086639404296875" lon="113.26065444387495517730712890625">
        <ele>5</ele>
        <time>2023-05-10T12:51:31.000Z</time>
        <extensions>
          <ns3:TrackPointExtension>
            <ns3:hr>156</ns3:hr>
            <ns3:cad>61</ns3:cad>
          </ns3:TrackPointExtension>
        </extensions>
      </trkpt>
      <trkpt lat="23.172792904078960418701171875" lon="113.26066039502620697021484375">
        <ele>5</ele>
        <time>2023-05-10T12:51:32.000Z</time>
        <extensions>
          <ns3:TrackPointExtension>
            <ns3:hr>156</ns3:hr>
            <ns3:cad>61</ns3:cad>
          </ns3:TrackPointExtension>
        </extensions>
      </trkpt>
      <trkpt lat="23.1727622263133525848388671875" lon="113.26070289127528667449951171875">
        <ele>5</ele>
        <time>2023-05-10T12:51:36.000Z</time>
        <extensions>
          <ns3:TrackPointExtension>
            <ns3:hr>153</ns3:hr>
            <ns3:cad>61</ns3:cad>
          </ns3:TrackPointExtension>
        </extensions>
      </trkpt>
      <trkpt lat="23.172714449465274810791015625" lon="113.260825015604496002197265625">
        <ele>5</ele>
        <time>2023-05-10T12:51:47.000Z</time>
        <extensions>
          <ns3:TrackPointExtension>
            <ns3:hr>150</ns3:hr>
            <ns3:cad>58</ns3:cad>
          </ns3:TrackPointExtension>
        </extensions>
      </trkpt>
      <trkpt lat="23.17271235398948192596435546875" lon="113.26087371446192264556884765625">
        <ele>5.19999980926513671875</ele>
        <time>2023-05-10T12:51:50.000Z</time>
        <extensions>
          <ns3:TrackPointExtension>
            <ns3:hr>146</ns3:hr>
            <ns3:cad>61</ns3:cad>
          </ns3:TrackPointExtension>
        </extensions>
      </trkpt>
      <trkpt lat="23.17267714999616146087646484375" lon="113.26090791262686252593994140625">
        <ele>5.599999904632568359375</ele>
        <time>2023-05-10T12:51:56.000Z</time>
        <extensions>
          <ns3:TrackPointExtension>
            <ns3:hr>143</ns3:hr>
            <ns3:cad>61</ns3:cad>
          </ns3:TrackPointExtension>
        </extensions>
      </trkpt>
      <trkpt lat="23.17261026240885257720947265625" lon="113.2609354890882968902587890625">
        <ele>6.19999980926513671875</ele>
        <time>2023-05-10T12:52:07.000Z</time>
        <extensions>
          <ns3:TrackPointExtension>
            <ns3:hr>140</ns3:hr>
            <ns3:cad>61</ns3:cad>
          </ns3:TrackPointExtension>
        </extensions>
      </trkpt>
      <trkpt lat="23.17258075810968875885009765625" lon="113.260930962860584259033203125">
        <ele>6.400000095367431640625</ele>
        <time>2023-05-10T12:52:12.000Z</time>
        <extensions>
          <ns3:TrackPointExtension>
            <ns3:hr>137</ns3:hr>
            <ns3:cad>61</ns3:cad>
          </ns3:TrackPointExtension>
        </extensions>
      </trkpt>
      <trkpt lat="23.1724125333130359649658203125" lon="113.26084471307694911956787109375">
        <ele>7</ele>
        <time>2023-05-10T12:52:35.000Z</time>
        <extensions>
          <ns3:TrackPointExtension>
            <ns3:hr>135</ns3:hr>
            <ns3:cad>61</ns3:cad>
          </ns3:TrackPointExtension>
        </extensions>
      </trkpt>
      <trkpt lat="23.1723870523273944854736328125" lon="113.2608295418322086334228515625">
        <ele>7</ele>
        <time>2023-05-10T12:52:38.000Z</time>
        <extensions>
          <ns3:TrackPointExtension>
            <ns3:hr>135</ns3:hr>
            <ns3:cad>61</ns3:cad>
          </ns3:TrackPointExtension>
        </extensions>
      </trkpt>
      <trkpt lat="23.1722257845103740692138671875" lon="113.260726444423198699951171875">
        <ele>7.80000019073486328125</ele>
        <time>2023-05-10T12:52:56.000Z</time>
        <extensions>
          <ns3:TrackPointExtension>
            <ns3:hr>134</ns3:hr>
            <ns3:cad>59</ns3:cad>
          </ns3:TrackPointExtension>
        </extensions>
      </trkpt>
      <trkpt lat="23.17209946922957897186279296875" lon="113.26057297177612781524658203125">
        <ele>8.3999996185302734375</ele>
        <time>2023-05-10T12:53:12.000Z</time>
        <extensions>
          <ns3:TrackPointExtension>
            <ns3:hr>134</ns3:hr>
            <ns3:cad>59</ns3:cad>
          </ns3:TrackPointExtension>
        </extensions>
      </trkpt>
      <trkpt lat="23.171923868358135223388671875" lon="113.2604751549661159515380859375">
        <ele>7.599999904632568359375</ele>
        <time>2023-05-10T12:53:23.000Z</time>
        <extensions>
          <ns3:TrackPointExtension>
            <ns3:hr>137</ns3:hr>
            <ns3:cad>78</ns3:cad>
          </ns3:TrackPointExtension>
        </extensions>
      </trkpt>
      <trkpt lat="23.171876929700374603271484375" lon="113.260447494685649871826171875">
        <ele>7.19999980926513671875</ele>
        <time>2023-05-10T12:53:25.000Z</time>
        <extensions>
          <ns3:TrackPointExtension>
            <ns3:hr>140</ns3:hr>
            <ns3:cad>79</ns3:cad>
          </ns3:TrackPointExtension>
        </extensions>
      </trkpt>
      <trkpt lat="23.1718569807708263397216796875" lon="113.26042913831770420074462890625">
        <ele>7</ele>
        <time>2023-05-10T12:53:26.000Z</time>
        <extensions>
          <ns3:TrackPointExtension>
            <ns3:hr>144</ns3:hr>
            <ns3:cad>80</ns3:cad>
          </ns3:TrackPointExtension>
        </extensions>
      </trkpt>
      <trkpt lat="23.17183644510805606842041015625" lon="113.2604191638529300689697265625">
        <ele>6.80000019073486328125</ele>
        <time>2023-05-10T12:53:27.000Z</time>
        <extensions>
          <ns3:TrackPointExtension>
            <ns3:hr>144</ns3:hr>
            <ns3:cad>81</ns3:cad>
          </ns3:TrackPointExtension>
        </extensions>
      </trkpt>
      <trkpt lat="23.17172882147133350372314453125" lon="113.26036158017814159393310546875">
        <ele>5.19999980926513671875</ele>
        <time>2023-05-10T12:53:32.000Z</time>
        <extensions>
          <ns3:TrackPointExtension>
            <ns3:hr>147</ns3:hr>
            <ns3:cad>81</ns3:cad>
          </ns3:TrackPointExtension>
        </extensions>
      </trkpt>
      <trkpt lat="23.17170619033277034759521484375" lon="113.26035051606595516204833984375">
        <ele>5</ele>
        <time>2023-05-10T12:53:33.000Z</time>
        <extensions>
          <ns3:TrackPointExtension>
            <ns3:hr>150</ns3:hr>
            <ns3:cad>81</ns3:cad>
          </ns3:TrackPointExtension>
        </extensions>
      </trkpt>
      <trkpt lat="23.1716219522058963775634765625" lon="113.26030340977013111114501953125">
        <ele>3.7999999523162841796875</ele>
        <time>2023-05-10T12:53:37.000Z</time>
        <extensions>
          <ns3:TrackPointExtension>
            <ns3:hr>154</ns3:hr>
            <ns3:cad>82</ns3:cad>
          </ns3:TrackPointExtension>
        </extensions>
      </trkpt>
      <trkpt lat="23.1716078706085681915283203125" lon="113.26028932817280292510986328125">
        <ele>3.599999904632568359375</ele>
        <time>2023-05-10T12:53:38.000Z</time>
        <extensions>
          <ns3:TrackPointExtension>
            <ns3:hr>157</ns3:hr>
            <ns3:cad>82</ns3:cad>
          </ns3:TrackPointExtension>
        </extensions>
      </trkpt>
      <trkpt lat="23.17154760472476482391357421875" lon="113.26019159518182277679443359375">
        <ele>2.7999999523162841796875</ele>
        <time>2023-05-10T12:53:44.000Z</time>
        <extensions>
          <ns3:TrackPointExtension>
            <ns3:hr>162</ns3:hr>
            <ns3:cad>81</ns3:cad>
          </ns3:TrackPointExtension>
        </extensions>
      </trkpt>
      <trkpt lat="23.17154274322092533111572265625" lon="113.2600768469274044036865234375">
        <ele>3.2000000476837158203125</ele>
        <time>2023-05-10T12:53:51.000Z</time>
        <extensions>
          <ns3:TrackPointExtension>
            <ns3:hr>165</ns3:hr>
            <ns3:cad>82</ns3:cad>
          </ns3:TrackPointExtension>
        </extensions>
      </trkpt>
      <trkpt lat="23.17157140932977199554443359375" lon="113.259994201362133026123046875">
        <ele>3.7999999523162841796875</ele>
        <time>2023-05-10T12:53:55.000Z</time>
        <extensions>
          <ns3:TrackPointExtension>
            <ns3:hr>169</ns3:hr>
            <ns3:cad>81</ns3:cad>
          </ns3:TrackPointExtension>
        </extensions>
      </trkpt>
      <trkpt lat="23.171632178127765655517578125" lon="113.2598964683711528778076171875">
        <ele>4.599999904632568359375</ele>
        <time>2023-05-10T12:54:00.000Z</time>
        <extensions>
          <ns3:TrackPointExtension>
            <ns3:hr>166</ns3:hr>
            <ns3:cad>81</ns3:cad>
          </ns3:TrackPointExtension>
        </extensions>
      </trkpt>
      <trkpt lat="23.1716425716876983642578125" lon="113.25987911783158779144287109375">
        <ele>4.80000019073486328125</ele>
        <time>2023-05-10T12:54:01.000Z</time>
        <extensions>
          <ns3:TrackPointExtension>
            <ns3:hr>169</ns3:hr>
            <ns3:cad>81</ns3:cad>
          </ns3:TrackPointExtension>
        </extensions>
      </trkpt>
      <trkpt lat="23.17171591334044933319091796875" lon="113.2597945444285869598388671875">
        <ele>5.599999904632568359375</ele>
        <time>2023-05-10T12:54:06.000Z</time>
        <extensions>
          <ns3:TrackPointExtension>
            <ns3:hr>166</ns3:hr>
            <ns3:cad>82</ns3:cad>
          </ns3:TrackPointExtension>
        </extensions>
      </trkpt>
      <trkpt lat="23.171750865876674652099609375" lon="113.25972966849803924560546875">
        <ele>6.19999980926513671875</ele>
        <time>2023-05-10T12:54:09.000Z</time>
        <extensions>
          <ns3:TrackPointExtension>
            <ns3:hr>170</ns3:hr>
            <ns3:cad>81</ns3:cad>
          </ns3:TrackPointExtension>
        </extensions>
      </trkpt>
      <trkpt lat="23.171837367117404937744140625" lon="113.2595467753708362579345703125">
        <ele>9</ele>
        <time>2023-05-10T12:54:16.000Z</time>
        <extensions>
          <ns3:TrackPointExtension>
            <ns3:hr>170</ns3:hr>
            <ns3:cad>80</ns3:cad>
          </ns3:TrackPointExtension>
        </extensions>
      </trkpt>
      <trkpt lat="23.17190651781857013702392578125" lon="113.2593707554042339324951171875">
        <ele>11.3999996185302734375</ele>
        <time>2023-05-10T12:54:22.000Z</time>
        <extensions>
          <ns3:TrackPointExtension>
            <ns3:hr>174</ns3:hr>
            <ns3:cad>81</ns3:cad>
          </ns3:TrackPointExtension>
        </extensions>
      </trkpt>
      <trkpt lat="23.1719471700489521026611328125" lon="113.259296827018260955810546875">
        <ele>13</ele>
        <time>2023-05-10T12:54:25.000Z</time>
        <extensions>
          <ns3:TrackPointExtension>
            <ns3:hr>171</ns3:hr>
            <ns3:cad>82</ns3:cad>
          </ns3:TrackPointExtension>
        </extensions>
      </trkpt>
      <trkpt lat="23.17203694023191928863525390625" lon="113.2591243274509906768798828125">
        <ele>16</ele>
        <time>2023-05-10T12:54:32.000Z</time>
        <extensions>
          <ns3:TrackPointExtension>
            <ns3:hr>171</ns3:hr>
            <ns3:cad>83</ns3:cad>
          </ns3:TrackPointExtension>
        </extensions>
      </trkpt>
      <trkpt lat="23.172156549990177154541015625" lon="113.25897353701293468475341796875">
        <ele>15.3999996185302734375</ele>
        <time>2023-05-10T12:54:40.000Z</time>
        <extensions>
          <ns3:TrackPointExtension>
            <ns3:hr>169</ns3:hr>
            <ns3:cad>82</ns3:cad>
          </ns3:TrackPointExtension>
        </extensions>
      </trkpt>
      <trkpt lat="23.17223877646028995513916015625" lon="113.25878863222897052764892578125">
        <ele>14</ele>
        <time>2023-05-10T12:54:48.000Z</time>
        <extensions>
          <ns3:TrackPointExtension>
            <ns3:hr>170</ns3:hr>
            <ns3:cad>82</ns3:cad>
          </ns3:TrackPointExtension>
        </extensions>
      </trkpt>
      <trkpt lat="23.17231069318950176239013671875" lon="113.258591406047344207763671875">
        <ele>14.19999980926513671875</ele>
        <time>2023-05-10T12:54:57.000Z</time>
        <extensions>
          <ns3:TrackPointExtension>
            <ns3:hr>169</ns3:hr>
            <ns3:cad>81</ns3:cad>
          </ns3:TrackPointExtension>
        </extensions>
      </trkpt>
      <trkpt lat="23.17232728935778141021728515625" lon="113.25852460227906703948974609375">
        <ele>14.6000003814697265625</ele>
        <time>2023-05-10T12:55:00.000Z</time>
        <extensions>
          <ns3:TrackPointExtension>
            <ns3:hr>174</ns3:hr>
            <ns3:cad>82</ns3:cad>
          </ns3:TrackPointExtension>
        </extensions>
      </trkpt>
      <trkpt lat="23.17233650945127010345458984375" lon="113.2585040666162967681884765625">
        <ele>14.6000003814697265625</ele>
        <time>2023-05-10T12:55:01.000Z</time>
        <extensions>
          <ns3:TrackPointExtension>
            <ns3:hr>178</ns3:hr>
            <ns3:cad>81</ns3:cad>
          </ns3:TrackPointExtension>
        </extensions>
      </trkpt>
      <trkpt lat="23.17234489135444164276123046875" lon="113.2584852911531925201416015625">
        <ele>14.3999996185302734375</ele>
        <time>2023-05-10T12:55:02.000Z</time>
        <extensions>
          <ns3:TrackPointExtension>
            <ns3:hr>178</ns3:hr>
            <ns3:cad>81</ns3:cad>
          </ns3:TrackPointExtension>
        </extensions>
      </trkpt>
      <trkpt lat="23.1724356673657894134521484375" lon="113.25830549933016300201416015625">
        <ele>15.19999980926513671875</ele>
        <time>2023-05-10T12:55:10.000Z</time>
        <extensions>
          <ns3:TrackPointExtension>
            <ns3:hr>178</ns3:hr>
            <ns3:cad>80</ns3:cad>
          </ns3:TrackPointExtension>
        </extensions>
      </trkpt>
      <trkpt lat="23.17252107895910739898681640625" lon="113.2581309042870998382568359375">
        <ele>12.3999996185302734375</ele>
        <time>2023-05-10T12:55:18.000Z</time>
        <extensions>
          <ns3:TrackPointExtension>
            <ns3:hr>180</ns3:hr>
            <ns3:cad>82</ns3:cad>
          </ns3:TrackPointExtension>
        </extensions>
      </trkpt>
      <trkpt lat="23.17262752912938594818115234375" lon="113.25797106139361858367919921875">
        <ele>11</ele>
        <time>2023-05-10T12:55:26.000Z</time>
        <extensions>
          <ns3:TrackPointExtension>
            <ns3:hr>178</ns3:hr>
            <ns3:cad>82</ns3:cad>
          </ns3:TrackPointExtension>
        </extensions>
      </trkpt>
      <trkpt lat="23.17265803925693035125732421875" lon="113.2578831352293491363525390625">
        <ele>9.6000003814697265625</ele>
        <time>2023-05-10T12:55:30.000Z</time>
        <extensions>
          <ns3:TrackPointExtension>
            <ns3:hr>178</ns3:hr>
            <ns3:cad>82</ns3:cad>
          </ns3:TrackPointExtension>
        </extensions>
      </trkpt>
      <trkpt lat="23.17277974449098110198974609375" lon="113.257716335356235504150390625">
        <ele>5.599999904632568359375</ele>
        <time>2023-05-10T12:55:40.000Z</time>
        <extensions>
          <ns3:TrackPointExtension>
            <ns3:hr>178</ns3:hr>
            <ns3:cad>82</ns3:cad>
          </ns3:TrackPointExtension>
        </extensions>
      </trkpt>
      <trkpt lat="23.1728383339941501617431640625" lon="113.2575106434524059295654296875">
        <ele>2.599999904632568359375</ele>
        <time>2023-05-10T12:55:54.000Z</time>
        <extensions>
          <ns3:TrackPointExtension>
            <ns3:hr>178</ns3:hr>
            <ns3:cad>82</ns3:cad>
          </ns3:TrackPointExtension>
        </extensions>
      </trkpt>
      <trkpt lat="23.1728618033230304718017578125" lon="113.25745322741568088531494140625">
        <ele>1.7999999523162841796875</ele>
        <time>2023-05-10T12:55:58.000Z</time>
        <extensions>
          <ns3:TrackPointExtension>
            <ns3:hr>175</ns3:hr>
            <ns3:cad>61</ns3:cad>
          </ns3:TrackPointExtension>
        </extensions>
      </trkpt>
      <trkpt lat="23.1728842668235301971435546875" lon="113.257380388677120208740234375">
        <ele>-0.4000000059604644775390625</ele>
        <time>2023-05-10T12:56:03.000Z</time>
        <extensions>
          <ns3:TrackPointExtension>
            <ns3:hr>172</ns3:hr>
            <ns3:cad>61</ns3:cad>
          </ns3:TrackPointExtension>
        </extensions>
      </trkpt>
      <trkpt lat="23.172882087528705596923828125" lon="113.2573587633669376373291015625">
        <ele>-1</ele>
        <time>2023-05-10T12:56:04.000Z</time>
        <extensions>
          <ns3:TrackPointExtension>
            <ns3:hr>168</ns3:hr>
            <ns3:cad>61</ns3:cad>
          </ns3:TrackPointExtension>
        </extensions>
      </trkpt>
      <trkpt lat="23.1728802435100078582763671875" lon="113.2573383115231990814208984375">
        <ele>-1.39999997615814208984375</ele>
        <time>2023-05-10T12:56:05.000Z</time>
        <extensions>
          <ns3:TrackPointExtension>
            <ns3:hr>168</ns3:hr>
            <ns3:cad>119</ns3:cad>
          </ns3:TrackPointExtension>
        </extensions>
      </trkpt>
      <trkpt lat="23.1728735379874706268310546875" lon="113.2572886906564235687255859375">
        <ele>-2</ele>
        <time>2023-05-10T12:56:08.000Z</time>
        <extensions>
          <ns3:TrackPointExtension>
            <ns3:hr>169</ns3:hr>
            <ns3:cad>119</ns3:cad>
          </ns3:TrackPointExtension>
        </extensions>
      </trkpt>
      <trkpt lat="23.17283707670867443084716796875" lon="113.257232867181301116943359375">
        <ele>-2.7999999523162841796875</ele>
        <time>2023-05-10T12:56:12.000Z</time>
        <extensions>
          <ns3:TrackPointExtension>
            <ns3:hr>170</ns3:hr>
            <ns3:cad>61</ns3:cad>
          </ns3:TrackPointExtension>
        </extensions>
      </trkpt>
      <trkpt lat="23.17275501787662506103515625" lon="113.25717545114457607269287109375">
        <ele>-3.7999999523162841796875</ele>
        <time>2023-05-10T12:56:18.000Z</time>
        <extensions>
          <ns3:TrackPointExtension>
            <ns3:hr>167</ns3:hr>
            <ns3:cad>61</ns3:cad>
          </ns3:TrackPointExtension>
        </extensions>
      </trkpt>
      <trkpt lat="23.1726777367293834686279296875" lon="113.25714376755058765411376953125">
        <ele>-4.400000095367431640625</ele>
        <time>2023-05-10T12:56:24.000Z</time>
        <extensions>
          <ns3:TrackPointExtension>
            <ns3:hr>163</ns3:hr>
            <ns3:cad>61</ns3:cad>
          </ns3:TrackPointExtension>
        </extensions>
      </trkpt>
      <trkpt lat="23.1726551055908203125" lon="113.2571267522871494293212890625">
        <ele>-5.400000095367431640625</ele>
        <time>2023-05-10T12:56:26.000Z</time>
        <extensions>
          <ns3:TrackPointExtension>
            <ns3:hr>162</ns3:hr>
            <ns3:cad>61</ns3:cad>
          </ns3:TrackPointExtension>
        </extensions>
      </trkpt>
      <trkpt lat="23.17260992713272571563720703125" lon="113.257073946297168731689453125">
        <ele>-7.599999904632568359375</ele>
        <time>2023-05-10T12:56:31.000Z</time>
        <extensions>
          <ns3:TrackPointExtension>
            <ns3:hr>159</ns3:hr>
            <ns3:cad>61</ns3:cad>
          </ns3:TrackPointExtension>
        </extensions>
      </trkpt>
      <trkpt lat="23.172561228275299072265625" lon="113.25701451860368251800537109375">
        <ele>-10</ele>
        <time>2023-05-10T12:56:37.000Z</time>
        <extensions>
          <ns3:TrackPointExtension>
            <ns3:hr>156</ns3:hr>
            <ns3:cad>63</ns3:cad>
          </ns3:TrackPointExtension>
        </extensions>
      </trkpt>
      <trkpt lat="23.17250984720885753631591796875" lon="113.2569524087011814117431640625">
        <ele>-12.6000003814697265625</ele>
        <time>2023-05-10T12:56:44.000Z</time>
        <extensions>
          <ns3:TrackPointExtension>
            <ns3:hr>153</ns3:hr>
            <ns3:cad>59</ns3:cad>
          </ns3:TrackPointExtension>
        </extensions>
      </trkpt>
      <trkpt lat="23.1724735535681247711181640625" lon="113.25691494159400463104248046875">
        <ele>-14.19999980926513671875</ele>
        <time>2023-05-10T12:56:50.000Z</time>
        <extensions>
          <ns3:TrackPointExtension>
            <ns3:hr>149</ns3:hr>
            <ns3:cad>60</ns3:cad>
          </ns3:TrackPointExtension>
        </extensions>
      </trkpt>
      <trkpt lat="23.1724447198212146759033203125" lon="113.25689189136028289794921875">
        <ele>-15.6000003814697265625</ele>
        <time>2023-05-10T12:56:53.000Z</time>
        <extensions>
          <ns3:TrackPointExtension>
            <ns3:hr>152</ns3:hr>
            <ns3:cad>61</ns3:cad>
          </ns3:TrackPointExtension>
        </extensions>
      </trkpt>
      <trkpt lat="23.17240498960018157958984375" lon="113.25686565600335597991943359375">
        <ele>-17</ele>
        <time>2023-05-10T12:56:57.000Z</time>
        <extensions>
          <ns3:TrackPointExtension>
            <ns3:hr>155</ns3:hr>
            <ns3:cad>61</ns3:cad>
          </ns3:TrackPointExtension>
        </extensions>
      </trkpt>
      <trkpt lat="23.1723816879093647003173828125" lon="113.25685291551053524017333984375">
        <ele>-18</ele>
        <time>2023-05-10T12:56:59.000Z</time>
        <extensions>
          <ns3:TrackPointExtension>
            <ns3:hr>158</ns3:hr>
            <ns3:cad>61</ns3:cad>
          </ns3:TrackPointExtension>
        </extensions>
      </trkpt>
      <trkpt lat="23.17236165516078472137451171875" lon="113.2568384148180484771728515625">
        <ele>-18.6000003814697265625</ele>
        <time>2023-05-10T12:57:01.000Z</time>
        <extensions>
          <ns3:TrackPointExtension>
            <ns3:hr>161</ns3:hr>
            <ns3:cad>61</ns3:cad>
          </ns3:TrackPointExtension>
        </extensions>
      </trkpt>
      <trkpt lat="23.17234103567898273468017578125" lon="113.2568280212581157684326171875">
        <ele>-19.200000762939453125</ele>
        <time>2023-05-10T12:57:03.000Z</time>
        <extensions>
          <ns3:TrackPointExtension>
            <ns3:hr>164</ns3:hr>
            <ns3:cad>61</ns3:cad>
          </ns3:TrackPointExtension>
        </extensions>
      </trkpt>
      <trkpt lat="23.17221027798950672149658203125" lon="113.256734311580657958984375">
        <ele>-23.6000003814697265625</ele>
        <time>2023-05-10T12:57:16.000Z</time>
        <extensions>
          <ns3:TrackPointExtension>
            <ns3:hr>160</ns3:hr>
            <ns3:cad>60</ns3:cad>
          </ns3:TrackPointExtension>
        </extensions>
      </trkpt>
      <trkpt lat="23.17217926494777202606201171875" lon="113.25670723803341388702392578125">
        <ele>-24.799999237060546875</ele>
        <time>2023-05-10T12:57:19.000Z</time>
        <extensions>
          <ns3:TrackPointExtension>
            <ns3:hr>157</ns3:hr>
            <ns3:cad>57</ns3:cad>
          </ns3:TrackPointExtension>
        </extensions>
      </trkpt>
      <trkpt lat="23.17215177230536937713623046875" lon="113.25668427161872386932373046875">
        <ele>-25.799999237060546875</ele>
        <time>2023-05-10T12:57:22.000Z</time>
        <extensions>
          <ns3:TrackPointExtension>
            <ns3:hr>154</ns3:hr>
            <ns3:cad>58</ns3:cad>
          </ns3:TrackPointExtension>
        </extensions>
      </trkpt>
      <trkpt lat="23.17208069376647472381591796875" lon="113.2566473074257373809814453125">
        <ele>-27.200000762939453125</ele>
        <time>2023-05-10T12:57:29.000Z</time>
        <extensions>
          <ns3:TrackPointExtension>
            <ns3:hr>151</ns3:hr>
            <ns3:cad>60</ns3:cad>
          </ns3:TrackPointExtension>
        </extensions>
      </trkpt>
      <trkpt lat="23.172011040151119232177734375" lon="113.25658335350453853607177734375">
        <ele>-28.6000003814697265625</ele>
        <time>2023-05-10T12:57:37.000Z</time>
        <extensions>
          <ns3:TrackPointExtension>
            <ns3:hr>148</ns3:hr>
            <ns3:cad>61</ns3:cad>
          </ns3:TrackPointExtension>
        </extensions>
      </trkpt>
      <trkpt lat="23.17192411981523036956787109375" lon="113.2565064914524555206298828125">
        <ele>-29.3999996185302734375</ele>
        <time>2023-05-10T12:57:46.000Z</time>
        <extensions>
          <ns3:TrackPointExtension>
            <ns3:hr>145</ns3:hr>
            <ns3:cad>61</ns3:cad>
          </ns3:TrackPointExtension>
        </extensions>
      </trkpt>
    </trkseg>
  </trk>
</gpx>
