<gpx xmlns:ns3="http://www.garmin.com/xmlschemas/TrackPointExtension/v1" xmlns="http://www.topografix.com/GPX/1/1" xmlns:xsi="http://www.w3.org/2001/XMLSchema-instance" xmlns:ns2="http://www.garmin.com/xmlschemas/GpxExtensions/v3" creator="Garmin Connect" version="1.1" xsi:schemaLocation="http://www.topografix.com/GPX/1/1 http://www.topografix.com/GPX/11.xsd">
  <extensions>
<distance>5006.77</distance>
<average_hr>133.0</average_hr>
<average_speed>1.63100004196167</average_speed>
<start_time>2023-07-31T10:37:55+00:00</start_time>
<end_time>2023-07-31T11:29:04.783000+00:00</end_time>
<moving_time>3049.079</moving_time>
<elapsed_time>3069.783</elapsed_time>
</extensions>
<metadata>
    <link href="connect.garmin.com">
      <text>Garmin Connect</text>
    </link>
    <time>2023-07-31T10:37:55.000Z</time>
  </metadata>
  <trk>
    <name>广州市 跑步</name>
    <type>running</type>
    <trkseg>
      <trkpt lat="23.17897564731538295745849609375" lon="113.25226617045700550079345703125">
        <ele>20.200000762939453125</ele>
        <time>2023-07-31T10:38:45.000Z</time>
        <extensions>
          <ns3:TrackPointExtension>
            <ns3:hr>191</ns3:hr>
            <ns3:cad>85</ns3:cad>
          </ns3:TrackPointExtension>
        </extensions>
      </trkpt>
      <trkpt lat="23.17901671864092350006103515625" lon="113.252233564853668212890625">
        <ele>19.6000003814697265625</ele>
        <time>2023-07-31T10:38:46.000Z</time>
        <extensions>
          <ns3:TrackPointExtension>
            <ns3:hr>197</ns3:hr>
            <ns3:cad>85</ns3:cad>
          </ns3:TrackPointExtension>
        </extensions>
      </trkpt>
      <trkpt lat="23.17904622294008731842041015625" lon="113.252239264547824859619140625">
        <ele>19.3999996185302734375</ele>
        <time>2023-07-31T10:38:47.000Z</time>
        <extensions>
          <ns3:TrackPointExtension>
            <ns3:hr>194</ns3:hr>
            <ns3:cad>84</ns3:cad>
          </ns3:TrackPointExtension>
        </extensions>
      </trkpt>
      <trkpt lat="23.1790670938789844512939453125" lon="113.25225192122161388397216796875">
        <ele>19.200000762939453125</ele>
        <time>2023-07-31T10:38:49.000Z</time>
        <extensions>
          <ns3:TrackPointExtension>
            <ns3:hr>191</ns3:hr>
            <ns3:cad>84</ns3:cad>
          </ns3:TrackPointExtension>
        </extensions>
      </trkpt>
      <trkpt lat="23.17916172556579113006591796875" lon="113.25231813825666904449462890625">
        <ele>19.3999996185302734375</ele>
        <time>2023-07-31T10:38:55.000Z</time>
        <extensions>
          <ns3:TrackPointExtension>
            <ns3:hr>188</ns3:hr>
            <ns3:cad>83</ns3:cad>
          </ns3:TrackPointExtension>
        </extensions>
      </trkpt>
      <trkpt lat="23.17918988876044750213623046875" lon="113.25236038304865360260009765625">
        <ele>19.3999996185302734375</ele>
        <time>2023-07-31T10:38:58.000Z</time>
        <extensions>
          <ns3:TrackPointExtension>
            <ns3:hr>183</ns3:hr>
            <ns3:cad>83</ns3:cad>
          </ns3:TrackPointExtension>
        </extensions>
      </trkpt>
      <trkpt lat="23.1791918165981769561767578125" lon="113.252372704446315765380859375">
        <ele>19.3999996185302734375</ele>
        <time>2023-07-31T10:38:59.000Z</time>
        <extensions>
          <ns3:TrackPointExtension>
            <ns3:hr>188</ns3:hr>
            <ns3:cad>83</ns3:cad>
          </ns3:TrackPointExtension>
        </extensions>
      </trkpt>
      <trkpt lat="23.1792092509567737579345703125" lon="113.252399526536464691162109375">
        <ele>19.3999996185302734375</ele>
        <time>2023-07-31T10:39:01.000Z</time>
        <extensions>
          <ns3:TrackPointExtension>
            <ns3:hr>185</ns3:hr>
            <ns3:cad>83</ns3:cad>
          </ns3:TrackPointExtension>
        </extensions>
      </trkpt>
      <trkpt lat="23.17925375886261463165283203125" lon="113.2524965889751911163330078125">
        <ele>19.6000003814697265625</ele>
        <time>2023-07-31T10:39:05.000Z</time>
        <extensions>
          <ns3:TrackPointExtension>
            <ns3:hr>181</ns3:hr>
            <ns3:cad>83</ns3:cad>
          </ns3:TrackPointExtension>
        </extensions>
      </trkpt>
      <trkpt lat="23.17933313548564910888671875" lon="113.25264872051775455474853515625">
        <ele>20</ele>
        <time>2023-07-31T10:39:10.000Z</time>
        <extensions>
          <ns3:TrackPointExtension>
            <ns3:hr>175</ns3:hr>
            <ns3:cad>82</ns3:cad>
          </ns3:TrackPointExtension>
        </extensions>
      </trkpt>
      <trkpt lat="23.1793574430048465728759765625" lon="113.25270638801157474517822265625">
        <ele>20</ele>
        <time>2023-07-31T10:39:12.000Z</time>
        <extensions>
          <ns3:TrackPointExtension>
            <ns3:hr>179</ns3:hr>
            <ns3:cad>82</ns3:cad>
          </ns3:TrackPointExtension>
        </extensions>
      </trkpt>
      <trkpt lat="23.179369010031223297119140625" lon="113.252735137939453125">
        <ele>20.200000762939453125</ele>
        <time>2023-07-31T10:39:13.000Z</time>
        <extensions>
          <ns3:TrackPointExtension>
            <ns3:hr>182</ns3:hr>
            <ns3:cad>81</ns3:cad>
          </ns3:TrackPointExtension>
        </extensions>
      </trkpt>
      <trkpt lat="23.1793834269046783447265625" lon="113.25276707299053668975830078125">
        <ele>20.6000003814697265625</ele>
        <time>2023-07-31T10:39:14.000Z</time>
        <extensions>
          <ns3:TrackPointExtension>
            <ns3:hr>186</ns3:hr>
            <ns3:cad>81</ns3:cad>
          </ns3:TrackPointExtension>
        </extensions>
      </trkpt>
      <trkpt lat="23.17943380214273929595947265625" lon="113.2528895325958728790283203125">
        <ele>21.3999996185302734375</ele>
        <time>2023-07-31T10:39:18.000Z</time>
        <extensions>
          <ns3:TrackPointExtension>
            <ns3:hr>183</ns3:hr>
            <ns3:cad>79</ns3:cad>
          </ns3:TrackPointExtension>
        </extensions>
      </trkpt>
      <trkpt lat="23.17944654263556003570556640625" lon="113.2529230602085590362548828125">
        <ele>21.799999237060546875</ele>
        <time>2023-07-31T10:39:19.000Z</time>
        <extensions>
          <ns3:TrackPointExtension>
            <ns3:hr>180</ns3:hr>
            <ns3:cad>81</ns3:cad>
          </ns3:TrackPointExtension>
        </extensions>
      </trkpt>
      <trkpt lat="23.17946112714707851409912109375" lon="113.25298852287232875823974609375">
        <ele>22.200000762939453125</ele>
        <time>2023-07-31T10:39:21.000Z</time>
        <extensions>
          <ns3:TrackPointExtension>
            <ns3:hr>177</ns3:hr>
            <ns3:cad>81</ns3:cad>
          </ns3:TrackPointExtension>
        </extensions>
      </trkpt>
      <trkpt lat="23.1794898770749568939208984375" lon="113.25315532274544239044189453125">
        <ele>22.3999996185302734375</ele>
        <time>2023-07-31T10:39:27.000Z</time>
        <extensions>
          <ns3:TrackPointExtension>
            <ns3:hr>180</ns3:hr>
            <ns3:cad>81</ns3:cad>
          </ns3:TrackPointExtension>
        </extensions>
      </trkpt>
      <trkpt lat="23.1795148551464080810546875" lon="113.25335699133574962615966796875">
        <ele>22.200000762939453125</ele>
        <time>2023-07-31T10:39:35.000Z</time>
        <extensions>
          <ns3:TrackPointExtension>
            <ns3:hr>181</ns3:hr>
            <ns3:cad>82</ns3:cad>
          </ns3:TrackPointExtension>
        </extensions>
      </trkpt>
      <trkpt lat="23.1795646436512470245361328125" lon="113.2535594142973423004150390625">
        <ele>22.3999996185302734375</ele>
        <time>2023-07-31T10:39:44.000Z</time>
        <extensions>
          <ns3:TrackPointExtension>
            <ns3:hr>178</ns3:hr>
            <ns3:cad>79</ns3:cad>
          </ns3:TrackPointExtension>
        </extensions>
      </trkpt>
      <trkpt lat="23.179578892886638641357421875" lon="113.25360945425927639007568359375">
        <ele>22.3999996185302734375</ele>
        <time>2023-07-31T10:39:46.000Z</time>
        <extensions>
          <ns3:TrackPointExtension>
            <ns3:hr>158</ns3:hr>
            <ns3:cad>79</ns3:cad>
          </ns3:TrackPointExtension>
        </extensions>
      </trkpt>
      <trkpt lat="23.17958367057144641876220703125" lon="113.25363392941653728485107421875">
        <ele>22.200000762939453125</ele>
        <time>2023-07-31T10:39:47.000Z</time>
        <extensions>
          <ns3:TrackPointExtension>
            <ns3:hr>150</ns3:hr>
            <ns3:cad>80</ns3:cad>
          </ns3:TrackPointExtension>
        </extensions>
      </trkpt>
      <trkpt lat="23.1796129234135150909423828125" lon="113.25378782115876674652099609375">
        <ele>21.799999237060546875</ele>
        <time>2023-07-31T10:39:56.000Z</time>
        <extensions>
          <ns3:TrackPointExtension>
            <ns3:hr>149</ns3:hr>
            <ns3:cad>80</ns3:cad>
          </ns3:TrackPointExtension>
        </extensions>
      </trkpt>
      <trkpt lat="23.17959875799715518951416015625" lon="113.2538195885717868804931640625">
        <ele>21.200000762939453125</ele>
        <time>2023-07-31T10:39:59.000Z</time>
        <extensions>
          <ns3:TrackPointExtension>
            <ns3:hr>151</ns3:hr>
            <ns3:cad>80</ns3:cad>
          </ns3:TrackPointExtension>
        </extensions>
      </trkpt>
      <trkpt lat="23.17960814572870731353759765625" lon="113.2538561336696147918701171875">
        <ele>20.799999237060546875</ele>
        <time>2023-07-31T10:40:04.000Z</time>
        <extensions>
          <ns3:TrackPointExtension>
            <ns3:hr>158</ns3:hr>
            <ns3:cad>61</ns3:cad>
          </ns3:TrackPointExtension>
        </extensions>
      </trkpt>
      <trkpt lat="23.179610408842563629150390625" lon="113.2538544572889804840087890625">
        <ele>21</ele>
        <time>2023-07-31T10:40:05.000Z</time>
        <extensions>
          <ns3:TrackPointExtension>
            <ns3:hr>158</ns3:hr>
            <ns3:cad>61</ns3:cad>
          </ns3:TrackPointExtension>
        </extensions>
      </trkpt>
      <trkpt lat="23.179617114365100860595703125" lon="113.25385035015642642974853515625">
        <ele>21.200000762939453125</ele>
        <time>2023-07-31T10:40:06.000Z</time>
        <extensions>
          <ns3:TrackPointExtension>
            <ns3:hr>154</ns3:hr>
            <ns3:cad>61</ns3:cad>
          </ns3:TrackPointExtension>
        </extensions>
      </trkpt>
      <trkpt lat="23.17962356843054294586181640625" lon="113.2538509368896484375">
        <ele>21.3999996185302734375</ele>
        <time>2023-07-31T10:40:07.000Z</time>
        <extensions>
          <ns3:TrackPointExtension>
            <ns3:hr>146</ns3:hr>
            <ns3:cad>61</ns3:cad>
          </ns3:TrackPointExtension>
        </extensions>
      </trkpt>
      <trkpt lat="23.17963027395308017730712890625" lon="113.2538507692515850067138671875">
        <ele>21.3999996185302734375</ele>
        <time>2023-07-31T10:40:08.000Z</time>
        <extensions>
          <ns3:TrackPointExtension>
            <ns3:hr>143</ns3:hr>
            <ns3:cad>61</ns3:cad>
          </ns3:TrackPointExtension>
        </extensions>
      </trkpt>
      <trkpt lat="23.17966816015541553497314453125" lon="113.25385454110801219940185546875">
        <ele>22.6000003814697265625</ele>
        <time>2023-07-31T10:40:12.000Z</time>
        <extensions>
          <ns3:TrackPointExtension>
            <ns3:hr>140</ns3:hr>
            <ns3:cad>61</ns3:cad>
          </ns3:TrackPointExtension>
        </extensions>
      </trkpt>
      <trkpt lat="23.1798630394041538238525390625" lon="113.25388035736978054046630859375">
        <ele>26.6000003814697265625</ele>
        <time>2023-07-31T10:40:23.000Z</time>
        <extensions>
          <ns3:TrackPointExtension>
            <ns3:hr>141</ns3:hr>
            <ns3:cad>83</ns3:cad>
          </ns3:TrackPointExtension>
        </extensions>
      </trkpt>
      <trkpt lat="23.17996823228895664215087890625" lon="113.25388136319816112518310546875">
        <ele>28</ele>
        <time>2023-07-31T10:40:28.000Z</time>
        <extensions>
          <ns3:TrackPointExtension>
            <ns3:hr>146</ns3:hr>
            <ns3:cad>83</ns3:cad>
          </ns3:TrackPointExtension>
        </extensions>
      </trkpt>
      <trkpt lat="23.180016763508319854736328125" lon="113.2538987137377262115478515625">
        <ele>27.799999237060546875</ele>
        <time>2023-07-31T10:40:30.000Z</time>
        <extensions>
          <ns3:TrackPointExtension>
            <ns3:hr>138</ns3:hr>
            <ns3:cad>83</ns3:cad>
          </ns3:TrackPointExtension>
        </extensions>
      </trkpt>
      <trkpt lat="23.18004568107426166534423828125" lon="113.25390265323221683502197265625">
        <ele>27.6000003814697265625</ele>
        <time>2023-07-31T10:40:31.000Z</time>
        <extensions>
          <ns3:TrackPointExtension>
            <ns3:hr>139</ns3:hr>
            <ns3:cad>82</ns3:cad>
          </ns3:TrackPointExtension>
        </extensions>
      </trkpt>
      <trkpt lat="23.18022362887859344482421875" lon="113.25392729602754116058349609375">
        <ele>26.6000003814697265625</ele>
        <time>2023-07-31T10:40:39.000Z</time>
        <extensions>
          <ns3:TrackPointExtension>
            <ns3:hr>142</ns3:hr>
            <ns3:cad>82</ns3:cad>
          </ns3:TrackPointExtension>
        </extensions>
      </trkpt>
      <trkpt lat="23.18041297607123851776123046875" lon="113.25393500737845897674560546875">
        <ele>26</ele>
        <time>2023-07-31T10:40:49.000Z</time>
        <extensions>
          <ns3:TrackPointExtension>
            <ns3:hr>144</ns3:hr>
            <ns3:cad>83</ns3:cad>
          </ns3:TrackPointExtension>
        </extensions>
      </trkpt>
      <trkpt lat="23.180565945804119110107421875" lon="113.2539412938058376312255859375">
        <ele>25</ele>
        <time>2023-07-31T10:40:59.000Z</time>
        <extensions>
          <ns3:TrackPointExtension>
            <ns3:hr>146</ns3:hr>
            <ns3:cad>83</ns3:cad>
          </ns3:TrackPointExtension>
        </extensions>
      </trkpt>
      <trkpt lat="23.18059268407523632049560546875" lon="113.25394154526293277740478515625">
        <ele>24.6000003814697265625</ele>
        <time>2023-07-31T10:41:01.000Z</time>
        <extensions>
          <ns3:TrackPointExtension>
            <ns3:hr>146</ns3:hr>
            <ns3:cad>74</ns3:cad>
          </ns3:TrackPointExtension>
        </extensions>
      </trkpt>
      <trkpt lat="23.18061657249927520751953125" lon="113.2539634220302104949951171875">
        <ele>24.3999996185302734375</ele>
        <time>2023-07-31T10:41:05.000Z</time>
        <extensions>
          <ns3:TrackPointExtension>
            <ns3:hr>146</ns3:hr>
            <ns3:cad>72</ns3:cad>
          </ns3:TrackPointExtension>
        </extensions>
      </trkpt>
      <trkpt lat="23.18062034435570240020751953125" lon="113.2539694570004940032958984375">
        <ele>24.3999996185302734375</ele>
        <time>2023-07-31T10:41:06.000Z</time>
        <extensions>
          <ns3:TrackPointExtension>
            <ns3:hr>145</ns3:hr>
            <ns3:cad>72</ns3:cad>
          </ns3:TrackPointExtension>
        </extensions>
      </trkpt>
      <trkpt lat="23.1806279718875885009765625" lon="113.2539838738739490509033203125">
        <ele>24.200000762939453125</ele>
        <time>2023-07-31T10:41:08.000Z</time>
        <extensions>
          <ns3:TrackPointExtension>
            <ns3:hr>143</ns3:hr>
            <ns3:cad>72</ns3:cad>
          </ns3:TrackPointExtension>
        </extensions>
      </trkpt>
      <trkpt lat="23.18064666353166103363037109375" lon="113.25402167625725269317626953125">
        <ele>24</ele>
        <time>2023-07-31T10:41:12.000Z</time>
        <extensions>
          <ns3:TrackPointExtension>
            <ns3:hr>144</ns3:hr>
            <ns3:cad>72</ns3:cad>
          </ns3:TrackPointExtension>
        </extensions>
      </trkpt>
      <trkpt lat="23.180662505328655242919921875" lon="113.25404078699648380279541015625">
        <ele>23.799999237060546875</ele>
        <time>2023-07-31T10:41:14.000Z</time>
        <extensions>
          <ns3:TrackPointExtension>
            <ns3:hr>145</ns3:hr>
            <ns3:cad>56</ns3:cad>
          </ns3:TrackPointExtension>
        </extensions>
      </trkpt>
      <trkpt lat="23.1806760840117931365966796875" lon="113.254123516380786895751953125">
        <ele>23.799999237060546875</ele>
        <time>2023-07-31T10:41:20.000Z</time>
        <extensions>
          <ns3:TrackPointExtension>
            <ns3:hr>149</ns3:hr>
            <ns3:cad>61</ns3:cad>
          </ns3:TrackPointExtension>
        </extensions>
      </trkpt>
      <trkpt lat="23.18072847090661525726318359375" lon="113.25431764125823974609375">
        <ele>24</ele>
        <time>2023-07-31T10:41:34.000Z</time>
        <extensions>
          <ns3:TrackPointExtension>
            <ns3:hr>149</ns3:hr>
            <ns3:cad>81</ns3:cad>
          </ns3:TrackPointExtension>
        </extensions>
      </trkpt>
      <trkpt lat="23.180753700435161590576171875" lon="113.2543687708675861358642578125">
        <ele>23.799999237060546875</ele>
        <time>2023-07-31T10:41:40.000Z</time>
        <extensions>
          <ns3:TrackPointExtension>
            <ns3:hr>149</ns3:hr>
            <ns3:cad>77</ns3:cad>
          </ns3:TrackPointExtension>
        </extensions>
      </trkpt>
      <trkpt lat="23.18079133518040180206298828125" lon="113.25438628904521465301513671875">
        <ele>23</ele>
        <time>2023-07-31T10:41:46.000Z</time>
        <extensions>
          <ns3:TrackPointExtension>
            <ns3:hr>149</ns3:hr>
            <ns3:cad>77</ns3:cad>
          </ns3:TrackPointExtension>
        </extensions>
      </trkpt>
      <trkpt lat="23.18086442537605762481689453125" lon="113.254398442804813385009765625">
        <ele>21.3999996185302734375</ele>
        <time>2023-07-31T10:41:52.000Z</time>
        <extensions>
          <ns3:TrackPointExtension>
            <ns3:hr>149</ns3:hr>
            <ns3:cad>78</ns3:cad>
          </ns3:TrackPointExtension>
        </extensions>
      </trkpt>
      <trkpt lat="23.18097154609858989715576171875" lon="113.2544039748609066009521484375">
        <ele>18.6000003814697265625</ele>
        <time>2023-07-31T10:41:58.000Z</time>
        <extensions>
          <ns3:TrackPointExtension>
            <ns3:hr>146</ns3:hr>
            <ns3:cad>81</ns3:cad>
          </ns3:TrackPointExtension>
        </extensions>
      </trkpt>
      <trkpt lat="23.1810106895864009857177734375" lon="113.2544160448014736175537109375">
        <ele>17.799999237060546875</ele>
        <time>2023-07-31T10:42:00.000Z</time>
        <extensions>
          <ns3:TrackPointExtension>
            <ns3:hr>142</ns3:hr>
            <ns3:cad>81</ns3:cad>
          </ns3:TrackPointExtension>
        </extensions>
      </trkpt>
      <trkpt lat="23.18118059076368808746337890625" lon="113.25451168231666088104248046875">
        <ele>16.799999237060546875</ele>
        <time>2023-07-31T10:42:08.000Z</time>
        <extensions>
          <ns3:TrackPointExtension>
            <ns3:hr>144</ns3:hr>
            <ns3:cad>80</ns3:cad>
          </ns3:TrackPointExtension>
        </extensions>
      </trkpt>
      <trkpt lat="23.1813597120344638824462890625" lon="113.254588544368743896484375">
        <ele>15.3999996185302734375</ele>
        <time>2023-07-31T10:42:16.000Z</time>
        <extensions>
          <ns3:TrackPointExtension>
            <ns3:hr>145</ns3:hr>
            <ns3:cad>81</ns3:cad>
          </ns3:TrackPointExtension>
        </extensions>
      </trkpt>
      <trkpt lat="23.181552998721599578857421875" lon="113.2546061463654041290283203125">
        <ele>13</ele>
        <time>2023-07-31T10:42:24.000Z</time>
        <extensions>
          <ns3:TrackPointExtension>
            <ns3:hr>146</ns3:hr>
            <ns3:cad>82</ns3:cad>
          </ns3:TrackPointExtension>
        </extensions>
      </trkpt>
      <trkpt lat="23.18173748441040515899658203125" lon="113.25461410917341709136962890625">
        <ele>12.3999996185302734375</ele>
        <time>2023-07-31T10:42:32.000Z</time>
        <extensions>
          <ns3:TrackPointExtension>
            <ns3:hr>148</ns3:hr>
            <ns3:cad>82</ns3:cad>
          </ns3:TrackPointExtension>
        </extensions>
      </trkpt>
      <trkpt lat="23.18181443028151988983154296875" lon="113.25458661653101444244384765625">
        <ele>12.19999980926513671875</ele>
        <time>2023-07-31T10:42:36.000Z</time>
        <extensions>
          <ns3:TrackPointExtension>
            <ns3:hr>151</ns3:hr>
            <ns3:cad>82</ns3:cad>
          </ns3:TrackPointExtension>
        </extensions>
      </trkpt>
      <trkpt lat="23.18199212662875652313232421875" lon="113.2546383328735828399658203125">
        <ele>13</ele>
        <time>2023-07-31T10:42:48.000Z</time>
        <extensions>
          <ns3:TrackPointExtension>
            <ns3:hr>150</ns3:hr>
            <ns3:cad>82</ns3:cad>
          </ns3:TrackPointExtension>
        </extensions>
      </trkpt>
      <trkpt lat="23.18218189291656017303466796875" lon="113.254679739475250244140625">
        <ele>14.80000019073486328125</ele>
        <time>2023-07-31T10:42:59.000Z</time>
        <extensions>
          <ns3:TrackPointExtension>
            <ns3:hr>150</ns3:hr>
            <ns3:cad>81</ns3:cad>
          </ns3:TrackPointExtension>
        </extensions>
      </trkpt>
      <trkpt lat="23.18238674663007259368896484375" lon="113.25470731593668460845947265625">
        <ele>17.3999996185302734375</ele>
        <time>2023-07-31T10:43:10.000Z</time>
        <extensions>
          <ns3:TrackPointExtension>
            <ns3:hr>152</ns3:hr>
            <ns3:cad>83</ns3:cad>
          </ns3:TrackPointExtension>
        </extensions>
      </trkpt>
      <trkpt lat="23.1825858168303966522216796875" lon="113.25469256378710269927978515625">
        <ele>17.3999996185302734375</ele>
        <time>2023-07-31T10:43:19.000Z</time>
        <extensions>
          <ns3:TrackPointExtension>
            <ns3:hr>154</ns3:hr>
            <ns3:cad>83</ns3:cad>
          </ns3:TrackPointExtension>
        </extensions>
      </trkpt>
      <trkpt lat="23.18276644684374332427978515625" lon="113.254720307886600494384765625">
        <ele>17.6000003814697265625</ele>
        <time>2023-07-31T10:43:27.000Z</time>
        <extensions>
          <ns3:TrackPointExtension>
            <ns3:hr>155</ns3:hr>
            <ns3:cad>83</ns3:cad>
          </ns3:TrackPointExtension>
        </extensions>
      </trkpt>
      <trkpt lat="23.18293794058263301849365234375" lon="113.25485073029994964599609375">
        <ele>16.3999996185302734375</ele>
        <time>2023-07-31T10:43:34.000Z</time>
        <extensions>
          <ns3:TrackPointExtension>
            <ns3:hr>155</ns3:hr>
            <ns3:cad>85</ns3:cad>
          </ns3:TrackPointExtension>
        </extensions>
      </trkpt>
      <trkpt lat="23.18310222588479518890380859375" lon="113.2549548335373401641845703125">
        <ele>17.6000003814697265625</ele>
        <time>2023-07-31T10:43:41.000Z</time>
        <extensions>
          <ns3:TrackPointExtension>
            <ns3:hr>156</ns3:hr>
            <ns3:cad>84</ns3:cad>
          </ns3:TrackPointExtension>
        </extensions>
      </trkpt>
      <trkpt lat="23.18325578235089778900146484375" lon="113.2550914585590362548828125">
        <ele>19</ele>
        <time>2023-07-31T10:43:49.000Z</time>
        <extensions>
          <ns3:TrackPointExtension>
            <ns3:hr>157</ns3:hr>
            <ns3:cad>83</ns3:cad>
          </ns3:TrackPointExtension>
        </extensions>
      </trkpt>
      <trkpt lat="23.18339458666741847991943359375" lon="113.25523839332163333892822265625">
        <ele>17.799999237060546875</ele>
        <time>2023-07-31T10:44:01.000Z</time>
        <extensions>
          <ns3:TrackPointExtension>
            <ns3:hr>155</ns3:hr>
            <ns3:cad>66</ns3:cad>
          </ns3:TrackPointExtension>
        </extensions>
      </trkpt>
      <trkpt lat="23.18343431688845157623291015625" lon="113.255312405526638031005859375">
        <ele>18</ele>
        <time>2023-07-31T10:44:07.000Z</time>
        <extensions>
          <ns3:TrackPointExtension>
            <ns3:hr>151</ns3:hr>
            <ns3:cad>61</ns3:cad>
          </ns3:TrackPointExtension>
        </extensions>
      </trkpt>
      <trkpt lat="23.18345845676958560943603515625" lon="113.2553390599787235260009765625">
        <ele>18</ele>
        <time>2023-07-31T10:44:10.000Z</time>
        <extensions>
          <ns3:TrackPointExtension>
            <ns3:hr>148</ns3:hr>
            <ns3:cad>61</ns3:cad>
          </ns3:TrackPointExtension>
        </extensions>
      </trkpt>
      <trkpt lat="23.1834950856864452362060546875" lon="113.255366384983062744140625">
        <ele>17.799999237060546875</ele>
        <time>2023-07-31T10:44:13.000Z</time>
        <extensions>
          <ns3:TrackPointExtension>
            <ns3:hr>145</ns3:hr>
            <ns3:cad>61</ns3:cad>
          </ns3:TrackPointExtension>
        </extensions>
      </trkpt>
      <trkpt lat="23.1835386715829372406005859375" lon="113.2553940452635288238525390625">
        <ele>17</ele>
        <time>2023-07-31T10:44:17.000Z</time>
        <extensions>
          <ns3:TrackPointExtension>
            <ns3:hr>142</ns3:hr>
            <ns3:cad>61</ns3:cad>
          </ns3:TrackPointExtension>
        </extensions>
      </trkpt>
      <trkpt lat="23.18354546092450618743896484375" lon="113.255400247871875762939453125">
        <ele>17</ele>
        <time>2023-07-31T10:44:18.000Z</time>
        <extensions>
          <ns3:TrackPointExtension>
            <ns3:hr>142</ns3:hr>
            <ns3:cad>61</ns3:cad>
          </ns3:TrackPointExtension>
        </extensions>
      </trkpt>
      <trkpt lat="23.1835698522627353668212890625" lon="113.2554201968014240264892578125">
        <ele>16.3999996185302734375</ele>
        <time>2023-07-31T10:44:22.000Z</time>
        <extensions>
          <ns3:TrackPointExtension>
            <ns3:hr>140</ns3:hr>
            <ns3:cad>61</ns3:cad>
          </ns3:TrackPointExtension>
        </extensions>
      </trkpt>
      <trkpt lat="23.18357898853719234466552734375" lon="113.2554280757904052734375">
        <ele>16.200000762939453125</ele>
        <time>2023-07-31T10:44:23.000Z</time>
        <extensions>
          <ns3:TrackPointExtension>
            <ns3:hr>139</ns3:hr>
            <ns3:cad>61</ns3:cad>
          </ns3:TrackPointExtension>
        </extensions>
      </trkpt>
      <trkpt lat="23.1835980154573917388916015625" lon="113.25546353124082088470458984375">
        <ele>16</ele>
        <time>2023-07-31T10:44:26.000Z</time>
        <extensions>
          <ns3:TrackPointExtension>
            <ns3:hr>136</ns3:hr>
            <ns3:cad>61</ns3:cad>
          </ns3:TrackPointExtension>
        </extensions>
      </trkpt>
      <trkpt lat="23.1836255080997943878173828125" lon="113.25548163615167140960693359375">
        <ele>15.19999980926513671875</ele>
        <time>2023-07-31T10:44:28.000Z</time>
        <extensions>
          <ns3:TrackPointExtension>
            <ns3:hr>133</ns3:hr>
            <ns3:cad>61</ns3:cad>
          </ns3:TrackPointExtension>
        </extensions>
      </trkpt>
      <trkpt lat="23.183669932186603546142578125" lon="113.25550359673798084259033203125">
        <ele>13.80000019073486328125</ele>
        <time>2023-07-31T10:44:32.000Z</time>
        <extensions>
          <ns3:TrackPointExtension>
            <ns3:hr>135</ns3:hr>
            <ns3:cad>61</ns3:cad>
          </ns3:TrackPointExtension>
        </extensions>
      </trkpt>
      <trkpt lat="23.18369599990546703338623046875" lon="113.25551818124949932098388671875">
        <ele>12.80000019073486328125</ele>
        <time>2023-07-31T10:44:34.000Z</time>
        <extensions>
          <ns3:TrackPointExtension>
            <ns3:hr>135</ns3:hr>
            <ns3:cad>61</ns3:cad>
          </ns3:TrackPointExtension>
        </extensions>
      </trkpt>
      <trkpt lat="23.18370706401765346527099609375" lon="113.25552723370492458343505859375">
        <ele>12.6000003814697265625</ele>
        <time>2023-07-31T10:44:35.000Z</time>
        <extensions>
          <ns3:TrackPointExtension>
            <ns3:hr>132</ns3:hr>
            <ns3:cad>61</ns3:cad>
          </ns3:TrackPointExtension>
        </extensions>
      </trkpt>
      <trkpt lat="23.183764480054378509521484375" lon="113.25557618401944637298583984375">
        <ele>10.6000003814697265625</ele>
        <time>2023-07-31T10:44:41.000Z</time>
        <extensions>
          <ns3:TrackPointExtension>
            <ns3:hr>129</ns3:hr>
            <ns3:cad>61</ns3:cad>
          </ns3:TrackPointExtension>
        </extensions>
      </trkpt>
      <trkpt lat="23.18386648781597614288330078125" lon="113.25569034554064273834228515625">
        <ele>9.3999996185302734375</ele>
        <time>2023-07-31T10:44:53.000Z</time>
        <extensions>
          <ns3:TrackPointExtension>
            <ns3:hr>126</ns3:hr>
            <ns3:cad>57</ns3:cad>
          </ns3:TrackPointExtension>
        </extensions>
      </trkpt>
      <trkpt lat="23.18395131267607212066650390625" lon="113.25586653314530849456787109375">
        <ele>9</ele>
        <time>2023-07-31T10:45:06.000Z</time>
        <extensions>
          <ns3:TrackPointExtension>
            <ns3:hr>125</ns3:hr>
            <ns3:cad>61</ns3:cad>
          </ns3:TrackPointExtension>
        </extensions>
      </trkpt>
      <trkpt lat="23.18406463600695133209228515625" lon="113.2560364343225955963134765625">
        <ele>8</ele>
        <time>2023-07-31T10:45:19.000Z</time>
        <extensions>
          <ns3:TrackPointExtension>
            <ns3:hr>124</ns3:hr>
            <ns3:cad>61</ns3:cad>
          </ns3:TrackPointExtension>
        </extensions>
      </trkpt>
      <trkpt lat="23.18411341868340969085693359375" lon="113.25612821616232395172119140625">
        <ele>9</ele>
        <time>2023-07-31T10:45:25.000Z</time>
        <extensions>
          <ns3:TrackPointExtension>
            <ns3:hr>128</ns3:hr>
            <ns3:cad>83</ns3:cad>
          </ns3:TrackPointExtension>
        </extensions>
      </trkpt>
      <trkpt lat="23.1841240637004375457763671875" lon="113.25622578151524066925048828125">
        <ele>9.3999996185302734375</ele>
        <time>2023-07-31T10:45:30.000Z</time>
        <extensions>
          <ns3:TrackPointExtension>
            <ns3:hr>131</ns3:hr>
            <ns3:cad>83</ns3:cad>
          </ns3:TrackPointExtension>
        </extensions>
      </trkpt>
      <trkpt lat="23.1841455213725566864013671875" lon="113.25628076680004596710205078125">
        <ele>10</ele>
        <time>2023-07-31T10:45:33.000Z</time>
        <extensions>
          <ns3:TrackPointExtension>
            <ns3:hr>135</ns3:hr>
            <ns3:cad>83</ns3:cad>
          </ns3:TrackPointExtension>
        </extensions>
      </trkpt>
      <trkpt lat="23.1842382252216339111328125" lon="113.256425522267818450927734375">
        <ele>12.19999980926513671875</ele>
        <time>2023-07-31T10:45:40.000Z</time>
        <extensions>
          <ns3:TrackPointExtension>
            <ns3:hr>138</ns3:hr>
            <ns3:cad>83</ns3:cad>
          </ns3:TrackPointExtension>
        </extensions>
      </trkpt>
      <trkpt lat="23.18429513834416866302490234375" lon="113.25655820779502391815185546875">
        <ele>13.80000019073486328125</ele>
        <time>2023-07-31T10:45:46.000Z</time>
        <extensions>
          <ns3:TrackPointExtension>
            <ns3:hr>141</ns3:hr>
            <ns3:cad>84</ns3:cad>
          </ns3:TrackPointExtension>
        </extensions>
      </trkpt>
      <trkpt lat="23.18434341810643672943115234375" lon="113.25665828771889209747314453125">
        <ele>14.80000019073486328125</ele>
        <time>2023-07-31T10:45:51.000Z</time>
        <extensions>
          <ns3:TrackPointExtension>
            <ns3:hr>144</ns3:hr>
            <ns3:cad>83</ns3:cad>
          </ns3:TrackPointExtension>
        </extensions>
      </trkpt>
      <trkpt lat="23.18438105285167694091796875" lon="113.2567141950130462646484375">
        <ele>15</ele>
        <time>2023-07-31T10:45:55.000Z</time>
        <extensions>
          <ns3:TrackPointExtension>
            <ns3:hr>145</ns3:hr>
            <ns3:cad>83</ns3:cad>
          </ns3:TrackPointExtension>
        </extensions>
      </trkpt>
      <trkpt lat="23.18439605645835399627685546875" lon="113.256738670170307159423828125">
        <ele>15</ele>
        <time>2023-07-31T10:45:57.000Z</time>
        <extensions>
          <ns3:TrackPointExtension>
            <ns3:hr>146</ns3:hr>
            <ns3:cad>83</ns3:cad>
          </ns3:TrackPointExtension>
        </extensions>
      </trkpt>
      <trkpt lat="23.18443528376519680023193359375" lon="113.256788961589336395263671875">
        <ele>15</ele>
        <time>2023-07-31T10:46:01.000Z</time>
        <extensions>
          <ns3:TrackPointExtension>
            <ns3:hr>144</ns3:hr>
            <ns3:cad>64</ns3:cad>
          </ns3:TrackPointExtension>
        </extensions>
      </trkpt>
      <trkpt lat="23.1844989024102687835693359375" lon="113.25687085278332233428955078125">
        <ele>15</ele>
        <time>2023-07-31T10:46:09.000Z</time>
        <extensions>
          <ns3:TrackPointExtension>
            <ns3:hr>142</ns3:hr>
            <ns3:cad>61</ns3:cad>
          </ns3:TrackPointExtension>
        </extensions>
      </trkpt>
      <trkpt lat="23.18454056046903133392333984375" lon="113.256925754249095916748046875">
        <ele>15.6000003814697265625</ele>
        <time>2023-07-31T10:46:15.000Z</time>
        <extensions>
          <ns3:TrackPointExtension>
            <ns3:hr>140</ns3:hr>
            <ns3:cad>61</ns3:cad>
          </ns3:TrackPointExtension>
        </extensions>
      </trkpt>
      <trkpt lat="23.18454709835350513458251953125" lon="113.2569430209696292877197265625">
        <ele>15.80000019073486328125</ele>
        <time>2023-07-31T10:46:17.000Z</time>
        <extensions>
          <ns3:TrackPointExtension>
            <ns3:hr>137</ns3:hr>
            <ns3:cad>61</ns3:cad>
          </ns3:TrackPointExtension>
        </extensions>
      </trkpt>
      <trkpt lat="23.18456880748271942138671875" lon="113.25698015280067920684814453125">
        <ele>16.200000762939453125</ele>
        <time>2023-07-31T10:46:21.000Z</time>
        <extensions>
          <ns3:TrackPointExtension>
            <ns3:hr>134</ns3:hr>
            <ns3:cad>61</ns3:cad>
          </ns3:TrackPointExtension>
        </extensions>
      </trkpt>
      <trkpt lat="23.184585236012935638427734375" lon="113.25699247419834136962890625">
        <ele>16.200000762939453125</ele>
        <time>2023-07-31T10:46:22.000Z</time>
        <extensions>
          <ns3:TrackPointExtension>
            <ns3:hr>135</ns3:hr>
            <ns3:cad>61</ns3:cad>
          </ns3:TrackPointExtension>
        </extensions>
      </trkpt>
      <trkpt lat="23.18469478748738765716552734375" lon="113.25715072453022003173828125">
        <ele>17.799999237060546875</ele>
        <time>2023-07-31T10:46:31.000Z</time>
        <extensions>
          <ns3:TrackPointExtension>
            <ns3:hr>135</ns3:hr>
            <ns3:cad>82</ns3:cad>
          </ns3:TrackPointExtension>
        </extensions>
      </trkpt>
      <trkpt lat="23.1846970506012439727783203125" lon="113.25717662461102008819580078125">
        <ele>17.799999237060546875</ele>
        <time>2023-07-31T10:46:32.000Z</time>
        <extensions>
          <ns3:TrackPointExtension>
            <ns3:hr>137</ns3:hr>
            <ns3:cad>83</ns3:cad>
          </ns3:TrackPointExtension>
        </extensions>
      </trkpt>
      <trkpt lat="23.1847704760730266571044921875" lon="113.25732280500233173370361328125">
        <ele>18.3999996185302734375</ele>
        <time>2023-07-31T10:46:39.000Z</time>
        <extensions>
          <ns3:TrackPointExtension>
            <ns3:hr>138</ns3:hr>
            <ns3:cad>83</ns3:cad>
          </ns3:TrackPointExtension>
        </extensions>
      </trkpt>
      <trkpt lat="23.18476167507469654083251953125" lon="113.25746630318462848663330078125">
        <ele>20.200000762939453125</ele>
        <time>2023-07-31T10:46:46.000Z</time>
        <extensions>
          <ns3:TrackPointExtension>
            <ns3:hr>141</ns3:hr>
            <ns3:cad>83</ns3:cad>
          </ns3:TrackPointExtension>
        </extensions>
      </trkpt>
      <trkpt lat="23.18478874862194061279296875" lon="113.25758649967610836029052734375">
        <ele>19.799999237060546875</ele>
        <time>2023-07-31T10:46:51.000Z</time>
        <extensions>
          <ns3:TrackPointExtension>
            <ns3:hr>144</ns3:hr>
            <ns3:cad>83</ns3:cad>
          </ns3:TrackPointExtension>
        </extensions>
      </trkpt>
      <trkpt lat="23.184867203235626220703125" lon="113.25778833590447902679443359375">
        <ele>17.799999237060546875</ele>
        <time>2023-07-31T10:46:59.000Z</time>
        <extensions>
          <ns3:TrackPointExtension>
            <ns3:hr>145</ns3:hr>
            <ns3:cad>84</ns3:cad>
          </ns3:TrackPointExtension>
        </extensions>
      </trkpt>
      <trkpt lat="23.1848962046205997467041015625" lon="113.25788221322000026702880859375">
        <ele>17.3999996185302734375</ele>
        <time>2023-07-31T10:47:04.000Z</time>
        <extensions>
          <ns3:TrackPointExtension>
            <ns3:hr>141</ns3:hr>
            <ns3:cad>61</ns3:cad>
          </ns3:TrackPointExtension>
        </extensions>
      </trkpt>
      <trkpt lat="23.18490114994347095489501953125" lon="113.2578992284834384918212890625">
        <ele>17.3999996185302734375</ele>
        <time>2023-07-31T10:47:05.000Z</time>
        <extensions>
          <ns3:TrackPointExtension>
            <ns3:hr>144</ns3:hr>
            <ns3:cad>61</ns3:cad>
          </ns3:TrackPointExtension>
        </extensions>
      </trkpt>
      <trkpt lat="23.1849065981805324554443359375" lon="113.2579159922897815704345703125">
        <ele>17.200000762939453125</ele>
        <time>2023-07-31T10:47:06.000Z</time>
        <extensions>
          <ns3:TrackPointExtension>
            <ns3:hr>141</ns3:hr>
            <ns3:cad>61</ns3:cad>
          </ns3:TrackPointExtension>
        </extensions>
      </trkpt>
      <trkpt lat="23.1849277205765247344970703125" lon="113.2579988054931163787841796875">
        <ele>17.200000762939453125</ele>
        <time>2023-07-31T10:47:12.000Z</time>
        <extensions>
          <ns3:TrackPointExtension>
            <ns3:hr>144</ns3:hr>
            <ns3:cad>61</ns3:cad>
          </ns3:TrackPointExtension>
        </extensions>
      </trkpt>
      <trkpt lat="23.18494775332510471343994140625" lon="113.2580812834203243255615234375">
        <ele>17.3999996185302734375</ele>
        <time>2023-07-31T10:47:18.000Z</time>
        <extensions>
          <ns3:TrackPointExtension>
            <ns3:hr>141</ns3:hr>
            <ns3:cad>61</ns3:cad>
          </ns3:TrackPointExtension>
        </extensions>
      </trkpt>
      <trkpt lat="23.1849729828536510467529296875" lon="113.25814976356923580169677734375">
        <ele>17.799999237060546875</ele>
        <time>2023-07-31T10:47:23.000Z</time>
        <extensions>
          <ns3:TrackPointExtension>
            <ns3:hr>138</ns3:hr>
            <ns3:cad>61</ns3:cad>
          </ns3:TrackPointExtension>
        </extensions>
      </trkpt>
      <trkpt lat="23.18498077802360057830810546875" lon="113.25817356817424297332763671875">
        <ele>17.799999237060546875</ele>
        <time>2023-07-31T10:47:25.000Z</time>
        <extensions>
          <ns3:TrackPointExtension>
            <ns3:hr>132</ns3:hr>
            <ns3:cad>61</ns3:cad>
          </ns3:TrackPointExtension>
        </extensions>
      </trkpt>
      <trkpt lat="23.18499393761157989501953125" lon="113.2581976242363452911376953125">
        <ele>18</ele>
        <time>2023-07-31T10:47:27.000Z</time>
        <extensions>
          <ns3:TrackPointExtension>
            <ns3:hr>129</ns3:hr>
            <ns3:cad>61</ns3:cad>
          </ns3:TrackPointExtension>
        </extensions>
      </trkpt>
      <trkpt lat="23.185032494366168975830078125" lon="113.2583719678223133087158203125">
        <ele>19.799999237060546875</ele>
        <time>2023-07-31T10:47:35.000Z</time>
        <extensions>
          <ns3:TrackPointExtension>
            <ns3:hr>128</ns3:hr>
            <ns3:cad>81</ns3:cad>
          </ns3:TrackPointExtension>
        </extensions>
      </trkpt>
      <trkpt lat="23.1849907524883747100830078125" lon="113.258423097431659698486328125">
        <ele>19.3999996185302734375</ele>
        <time>2023-07-31T10:47:38.000Z</time>
        <extensions>
          <ns3:TrackPointExtension>
            <ns3:hr>135</ns3:hr>
            <ns3:cad>81</ns3:cad>
          </ns3:TrackPointExtension>
        </extensions>
      </trkpt>
      <trkpt lat="23.184907771646976470947265625" lon="113.258608169853687286376953125">
        <ele>19.200000762939453125</ele>
        <time>2023-07-31T10:47:46.000Z</time>
        <extensions>
          <ns3:TrackPointExtension>
            <ns3:hr>136</ns3:hr>
            <ns3:cad>82</ns3:cad>
          </ns3:TrackPointExtension>
        </extensions>
      </trkpt>
      <trkpt lat="23.18496099673211574554443359375" lon="113.25870933942496776580810546875">
        <ele>20.200000762939453125</ele>
        <time>2023-07-31T10:47:51.000Z</time>
        <extensions>
          <ns3:TrackPointExtension>
            <ns3:hr>139</ns3:hr>
            <ns3:cad>82</ns3:cad>
          </ns3:TrackPointExtension>
        </extensions>
      </trkpt>
      <trkpt lat="23.185001648962497711181640625" lon="113.25881025753915309906005859375">
        <ele>21</ele>
        <time>2023-07-31T10:48:02.000Z</time>
        <extensions>
          <ns3:TrackPointExtension>
            <ns3:hr>136</ns3:hr>
            <ns3:cad>56</ns3:cad>
          </ns3:TrackPointExtension>
        </extensions>
      </trkpt>
      <trkpt lat="23.18500198423862457275390625" lon="113.25881813652813434600830078125">
        <ele>21</ele>
        <time>2023-07-31T10:48:03.000Z</time>
        <extensions>
          <ns3:TrackPointExtension>
            <ns3:hr>139</ns3:hr>
            <ns3:cad>56</ns3:cad>
          </ns3:TrackPointExtension>
        </extensions>
      </trkpt>
      <trkpt lat="23.1850039958953857421875" lon="113.258833475410938262939453125">
        <ele>20.6000003814697265625</ele>
        <time>2023-07-31T10:48:05.000Z</time>
        <extensions>
          <ns3:TrackPointExtension>
            <ns3:hr>143</ns3:hr>
            <ns3:cad>58</ns3:cad>
          </ns3:TrackPointExtension>
        </extensions>
      </trkpt>
      <trkpt lat="23.18500332534313201904296875" lon="113.2588410191237926483154296875">
        <ele>20.3999996185302734375</ele>
        <time>2023-07-31T10:48:06.000Z</time>
        <extensions>
          <ns3:TrackPointExtension>
            <ns3:hr>144</ns3:hr>
            <ns3:cad>58</ns3:cad>
          </ns3:TrackPointExtension>
        </extensions>
      </trkpt>
      <trkpt lat="23.1850014813244342803955078125" lon="113.2588584534823894500732421875">
        <ele>20</ele>
        <time>2023-07-31T10:48:08.000Z</time>
        <extensions>
          <ns3:TrackPointExtension>
            <ns3:hr>140</ns3:hr>
            <ns3:cad>59</ns3:cad>
          </ns3:TrackPointExtension>
        </extensions>
      </trkpt>
      <trkpt lat="23.18502721376717090606689453125" lon="113.2589127682149410247802734375">
        <ele>18.6000003814697265625</ele>
        <time>2023-07-31T10:48:13.000Z</time>
        <extensions>
          <ns3:TrackPointExtension>
            <ns3:hr>137</ns3:hr>
            <ns3:cad>58</ns3:cad>
          </ns3:TrackPointExtension>
        </extensions>
      </trkpt>
      <trkpt lat="23.185053952038288116455078125" lon="113.25894570909440517425537109375">
        <ele>18</ele>
        <time>2023-07-31T10:48:16.000Z</time>
        <extensions>
          <ns3:TrackPointExtension>
            <ns3:hr>134</ns3:hr>
            <ns3:cad>58</ns3:cad>
          </ns3:TrackPointExtension>
        </extensions>
      </trkpt>
      <trkpt lat="23.18511153571307659149169921875" lon="113.25899298302829265594482421875">
        <ele>17.200000762939453125</ele>
        <time>2023-07-31T10:48:23.000Z</time>
        <extensions>
          <ns3:TrackPointExtension>
            <ns3:hr>132</ns3:hr>
            <ns3:cad>58</ns3:cad>
          </ns3:TrackPointExtension>
        </extensions>
      </trkpt>
      <trkpt lat="23.1851345859467983245849609375" lon="113.25902097858488559722900390625">
        <ele>16.6000003814697265625</ele>
        <time>2023-07-31T10:48:27.000Z</time>
        <extensions>
          <ns3:TrackPointExtension>
            <ns3:hr>131</ns3:hr>
            <ns3:cad>61</ns3:cad>
          </ns3:TrackPointExtension>
        </extensions>
      </trkpt>
      <trkpt lat="23.1851694546639919281005859375" lon="113.25905978679656982421875">
        <ele>16</ele>
        <time>2023-07-31T10:48:31.000Z</time>
        <extensions>
          <ns3:TrackPointExtension>
            <ns3:hr>130</ns3:hr>
            <ns3:cad>61</ns3:cad>
          </ns3:TrackPointExtension>
        </extensions>
      </trkpt>
      <trkpt lat="23.185196109116077423095703125" lon="113.25913824141025543212890625">
        <ele>14.3999996185302734375</ele>
        <time>2023-07-31T10:48:38.000Z</time>
        <extensions>
          <ns3:TrackPointExtension>
            <ns3:hr>129</ns3:hr>
            <ns3:cad>58</ns3:cad>
          </ns3:TrackPointExtension>
        </extensions>
      </trkpt>
      <trkpt lat="23.18523810245096683502197265625" lon="113.25924058444797992706298828125">
        <ele>12.6000003814697265625</ele>
        <time>2023-07-31T10:48:46.000Z</time>
        <extensions>
          <ns3:TrackPointExtension>
            <ns3:hr>126</ns3:hr>
            <ns3:cad>60</ns3:cad>
          </ns3:TrackPointExtension>
        </extensions>
      </trkpt>
      <trkpt lat="23.1852928362786769866943359375" lon="113.259316273033618927001953125">
        <ele>11.19999980926513671875</ele>
        <time>2023-07-31T10:48:52.000Z</time>
        <extensions>
          <ns3:TrackPointExtension>
            <ns3:hr>123</ns3:hr>
            <ns3:cad>60</ns3:cad>
          </ns3:TrackPointExtension>
        </extensions>
      </trkpt>
      <trkpt lat="23.185318149626255035400390625" lon="113.25936312787234783172607421875">
        <ele>10.19999980926513671875</ele>
        <time>2023-07-31T10:48:56.000Z</time>
        <extensions>
          <ns3:TrackPointExtension>
            <ns3:hr>120</ns3:hr>
            <ns3:cad>60</ns3:cad>
          </ns3:TrackPointExtension>
        </extensions>
      </trkpt>
      <trkpt lat="23.18535360507667064666748046875" lon="113.25941241346299648284912109375">
        <ele>10</ele>
        <time>2023-07-31T10:49:02.000Z</time>
        <extensions>
          <ns3:TrackPointExtension>
            <ns3:hr>117</ns3:hr>
            <ns3:cad>59</ns3:cad>
          </ns3:TrackPointExtension>
        </extensions>
      </trkpt>
      <trkpt lat="23.185370452702045440673828125" lon="113.2594688236713409423828125">
        <ele>10</ele>
        <time>2023-07-31T10:49:09.000Z</time>
        <extensions>
          <ns3:TrackPointExtension>
            <ns3:hr>114</ns3:hr>
            <ns3:cad>61</ns3:cad>
          </ns3:TrackPointExtension>
        </extensions>
      </trkpt>
      <trkpt lat="23.18545066751539707183837890625" lon="113.2596123218536376953125">
        <ele>10</ele>
        <time>2023-07-31T10:49:24.000Z</time>
        <extensions>
          <ns3:TrackPointExtension>
            <ns3:hr>111</ns3:hr>
            <ns3:cad>61</ns3:cad>
          </ns3:TrackPointExtension>
        </extensions>
      </trkpt>
      <trkpt lat="23.18556147627532482147216796875" lon="113.25978222303092479705810546875">
        <ele>9</ele>
        <time>2023-07-31T10:49:42.000Z</time>
        <extensions>
          <ns3:TrackPointExtension>
            <ns3:hr>109</ns3:hr>
            <ns3:cad>61</ns3:cad>
          </ns3:TrackPointExtension>
        </extensions>
      </trkpt>
      <trkpt lat="23.1856797449290752410888671875" lon="113.2599491067230701446533203125">
        <ele>8</ele>
        <time>2023-07-31T10:49:50.000Z</time>
        <extensions>
          <ns3:TrackPointExtension>
            <ns3:hr>114</ns3:hr>
            <ns3:cad>80</ns3:cad>
          </ns3:TrackPointExtension>
        </extensions>
      </trkpt>
      <trkpt lat="23.18571704439818859100341796875" lon="113.2600017450749874114990234375">
        <ele>7.80000019073486328125</ele>
        <time>2023-07-31T10:49:51.000Z</time>
        <extensions>
          <ns3:TrackPointExtension>
            <ns3:hr>118</ns3:hr>
            <ns3:cad>81</ns3:cad>
          </ns3:TrackPointExtension>
        </extensions>
      </trkpt>
      <trkpt lat="23.18571704439818859100341796875" lon="113.2600017450749874114990234375">
        <ele>7.80000019073486328125</ele>
        <time>2023-07-31T10:49:52.000Z</time>
        <extensions>
          <ns3:TrackPointExtension>
            <ns3:hr>122</ns3:hr>
            <ns3:cad>81</ns3:cad>
          </ns3:TrackPointExtension>
        </extensions>
      </trkpt>
      <trkpt lat="23.18573112599551677703857421875" lon="113.2600255496799945831298828125">
        <ele>7.599999904632568359375</ele>
        <time>2023-07-31T10:49:53.000Z</time>
        <extensions>
          <ns3:TrackPointExtension>
            <ns3:hr>127</ns3:hr>
            <ns3:cad>81</ns3:cad>
          </ns3:TrackPointExtension>
        </extensions>
      </trkpt>
      <trkpt lat="23.18574839271605014801025390625" lon="113.2600470073521137237548828125">
        <ele>7.599999904632568359375</ele>
        <time>2023-07-31T10:49:54.000Z</time>
        <extensions>
          <ns3:TrackPointExtension>
            <ns3:hr>130</ns3:hr>
            <ns3:cad>79</ns3:cad>
          </ns3:TrackPointExtension>
        </extensions>
      </trkpt>
      <trkpt lat="23.1857669167220592498779296875" lon="113.26008983887732028961181640625">
        <ele>7.400000095367431640625</ele>
        <time>2023-07-31T10:49:56.000Z</time>
        <extensions>
          <ns3:TrackPointExtension>
            <ns3:hr>133</ns3:hr>
            <ns3:cad>79</ns3:cad>
          </ns3:TrackPointExtension>
        </extensions>
      </trkpt>
      <trkpt lat="23.18581460975110530853271484375" lon="113.2601542957127094268798828125">
        <ele>7.19999980926513671875</ele>
        <time>2023-07-31T10:50:00.000Z</time>
        <extensions>
          <ns3:TrackPointExtension>
            <ns3:hr>137</ns3:hr>
            <ns3:cad>80</ns3:cad>
          </ns3:TrackPointExtension>
        </extensions>
      </trkpt>
      <trkpt lat="23.1859241612255573272705078125" lon="113.26030525378882884979248046875">
        <ele>7</ele>
        <time>2023-07-31T10:50:07.000Z</time>
        <extensions>
          <ns3:TrackPointExtension>
            <ns3:hr>140</ns3:hr>
            <ns3:cad>81</ns3:cad>
          </ns3:TrackPointExtension>
        </extensions>
      </trkpt>
      <trkpt lat="23.1860294379293918609619140625" lon="113.260466270148754119873046875">
        <ele>7</ele>
        <time>2023-07-31T10:50:13.000Z</time>
        <extensions>
          <ns3:TrackPointExtension>
            <ns3:hr>143</ns3:hr>
            <ns3:cad>82</ns3:cad>
          </ns3:TrackPointExtension>
        </extensions>
      </trkpt>
      <trkpt lat="23.18613010458648204803466796875" lon="113.2606273703277111053466796875">
        <ele>8.6000003814697265625</ele>
        <time>2023-07-31T10:50:19.000Z</time>
        <extensions>
          <ns3:TrackPointExtension>
            <ns3:hr>147</ns3:hr>
            <ns3:cad>82</ns3:cad>
          </ns3:TrackPointExtension>
        </extensions>
      </trkpt>
      <trkpt lat="23.1861870177090167999267578125" lon="113.2608268596231937408447265625">
        <ele>9</ele>
        <time>2023-07-31T10:50:26.000Z</time>
        <extensions>
          <ns3:TrackPointExtension>
            <ns3:hr>150</ns3:hr>
            <ns3:cad>83</ns3:cad>
          </ns3:TrackPointExtension>
        </extensions>
      </trkpt>
      <trkpt lat="23.18618173711001873016357421875" lon="113.2610298693180084228515625">
        <ele>8.19999980926513671875</ele>
        <time>2023-07-31T10:50:33.000Z</time>
        <extensions>
          <ns3:TrackPointExtension>
            <ns3:hr>152</ns3:hr>
            <ns3:cad>83</ns3:cad>
          </ns3:TrackPointExtension>
        </extensions>
      </trkpt>
      <trkpt lat="23.1861135922372341156005859375" lon="113.26122173108160495758056640625">
        <ele>7.599999904632568359375</ele>
        <time>2023-07-31T10:50:41.000Z</time>
        <extensions>
          <ns3:TrackPointExtension>
            <ns3:hr>153</ns3:hr>
            <ns3:cad>83</ns3:cad>
          </ns3:TrackPointExtension>
        </extensions>
      </trkpt>
      <trkpt lat="23.18609054200351238250732421875" lon="113.2612922228872776031494140625">
        <ele>7.80000019073486328125</ele>
        <time>2023-07-31T10:50:44.000Z</time>
        <extensions>
          <ns3:TrackPointExtension>
            <ns3:hr>156</ns3:hr>
            <ns3:cad>83</ns3:cad>
          </ns3:TrackPointExtension>
        </extensions>
      </trkpt>
      <trkpt lat="23.18601694889366626739501953125" lon="113.26149380765855312347412109375">
        <ele>9.19999980926513671875</ele>
        <time>2023-07-31T10:50:53.000Z</time>
        <extensions>
          <ns3:TrackPointExtension>
            <ns3:hr>157</ns3:hr>
            <ns3:cad>83</ns3:cad>
          </ns3:TrackPointExtension>
        </extensions>
      </trkpt>
      <trkpt lat="23.1859385780990123748779296875" lon="113.261675275862216949462890625">
        <ele>10.6000003814697265625</ele>
        <time>2023-07-31T10:51:01.000Z</time>
        <extensions>
          <ns3:TrackPointExtension>
            <ns3:hr>158</ns3:hr>
            <ns3:cad>84</ns3:cad>
          </ns3:TrackPointExtension>
        </extensions>
      </trkpt>
      <trkpt lat="23.1859134323894977569580078125" lon="113.2618678919970989227294921875">
        <ele>10.80000019073486328125</ele>
        <time>2023-07-31T10:51:10.000Z</time>
        <extensions>
          <ns3:TrackPointExtension>
            <ns3:hr>159</ns3:hr>
            <ns3:cad>83</ns3:cad>
          </ns3:TrackPointExtension>
        </extensions>
      </trkpt>
      <trkpt lat="23.1858564354479312896728515625" lon="113.262064866721630096435546875">
        <ele>10.6000003814697265625</ele>
        <time>2023-07-31T10:51:18.000Z</time>
        <extensions>
          <ns3:TrackPointExtension>
            <ns3:hr>159</ns3:hr>
            <ns3:cad>82</ns3:cad>
          </ns3:TrackPointExtension>
        </extensions>
      </trkpt>
      <trkpt lat="23.18571603856980800628662109375" lon="113.2622001506388187408447265625">
        <ele>10.19999980926513671875</ele>
        <time>2023-07-31T10:51:29.000Z</time>
        <extensions>
          <ns3:TrackPointExtension>
            <ns3:hr>161</ns3:hr>
            <ns3:cad>81</ns3:cad>
          </ns3:TrackPointExtension>
        </extensions>
      </trkpt>
      <trkpt lat="23.1856998614966869354248046875" lon="113.26222479343414306640625">
        <ele>9.6000003814697265625</ele>
        <time>2023-07-31T10:51:30.000Z</time>
        <extensions>
          <ns3:TrackPointExtension>
            <ns3:hr>160</ns3:hr>
            <ns3:cad>56</ns3:cad>
          </ns3:TrackPointExtension>
        </extensions>
      </trkpt>
      <trkpt lat="23.18565652705729007720947265625" lon="113.2622675411403179168701171875">
        <ele>8.6000003814697265625</ele>
        <time>2023-07-31T10:51:36.000Z</time>
        <extensions>
          <ns3:TrackPointExtension>
            <ns3:hr>156</ns3:hr>
            <ns3:cad>60</ns3:cad>
          </ns3:TrackPointExtension>
        </extensions>
      </trkpt>
      <trkpt lat="23.18564076907932758331298828125" lon="113.2623003982007503509521484375">
        <ele>8</ele>
        <time>2023-07-31T10:51:39.000Z</time>
        <extensions>
          <ns3:TrackPointExtension>
            <ns3:hr>153</ns3:hr>
            <ns3:cad>59</ns3:cad>
          </ns3:TrackPointExtension>
        </extensions>
      </trkpt>
      <trkpt lat="23.1855846941471099853515625" lon="113.26236871071159839630126953125">
        <ele>8.3999996185302734375</ele>
        <time>2023-07-31T10:51:46.000Z</time>
        <extensions>
          <ns3:TrackPointExtension>
            <ns3:hr>148</ns3:hr>
            <ns3:cad>60</ns3:cad>
          </ns3:TrackPointExtension>
        </extensions>
      </trkpt>
      <trkpt lat="23.18552878685295581817626953125" lon="113.26243258081376552581787109375">
        <ele>9.19999980926513671875</ele>
        <time>2023-07-31T10:51:53.000Z</time>
        <extensions>
          <ns3:TrackPointExtension>
            <ns3:hr>143</ns3:hr>
            <ns3:cad>61</ns3:cad>
          </ns3:TrackPointExtension>
        </extensions>
      </trkpt>
      <trkpt lat="23.185477070510387420654296875" lon="113.26253333128988742828369140625">
        <ele>9.80000019073486328125</ele>
        <time>2023-07-31T10:52:02.000Z</time>
        <extensions>
          <ns3:TrackPointExtension>
            <ns3:hr>139</ns3:hr>
            <ns3:cad>58</ns3:cad>
          </ns3:TrackPointExtension>
        </extensions>
      </trkpt>
      <trkpt lat="23.185450248420238494873046875" lon="113.26256987638771533966064453125">
        <ele>10</ele>
        <time>2023-07-31T10:52:06.000Z</time>
        <extensions>
          <ns3:TrackPointExtension>
            <ns3:hr>138</ns3:hr>
            <ns3:cad>61</ns3:cad>
          </ns3:TrackPointExtension>
        </extensions>
      </trkpt>
      <trkpt lat="23.18543725647032260894775390625" lon="113.2625977881252765655517578125">
        <ele>9.80000019073486328125</ele>
        <time>2023-07-31T10:52:09.000Z</time>
        <extensions>
          <ns3:TrackPointExtension>
            <ns3:hr>137</ns3:hr>
            <ns3:cad>61</ns3:cad>
          </ns3:TrackPointExtension>
        </extensions>
      </trkpt>
      <trkpt lat="23.18541848100721836090087890625" lon="113.2626370154321193695068359375">
        <ele>9.80000019073486328125</ele>
        <time>2023-07-31T10:52:12.000Z</time>
        <extensions>
          <ns3:TrackPointExtension>
            <ns3:hr>134</ns3:hr>
            <ns3:cad>61</ns3:cad>
          </ns3:TrackPointExtension>
        </extensions>
      </trkpt>
      <trkpt lat="23.185387216508388519287109375" lon="113.26268822886049747467041015625">
        <ele>8.80000019073486328125</ele>
        <time>2023-07-31T10:52:17.000Z</time>
        <extensions>
          <ns3:TrackPointExtension>
            <ns3:hr>132</ns3:hr>
            <ns3:cad>61</ns3:cad>
          </ns3:TrackPointExtension>
        </extensions>
      </trkpt>
      <trkpt lat="23.18536533974111080169677734375" lon="113.2627035677433013916015625">
        <ele>8.19999980926513671875</ele>
        <time>2023-07-31T10:52:19.000Z</time>
        <extensions>
          <ns3:TrackPointExtension>
            <ns3:hr>132</ns3:hr>
            <ns3:cad>61</ns3:cad>
          </ns3:TrackPointExtension>
        </extensions>
      </trkpt>
      <trkpt lat="23.1852526031434535980224609375" lon="113.262862153351306915283203125">
        <ele>3.599999904632568359375</ele>
        <time>2023-07-31T10:52:37.000Z</time>
        <extensions>
          <ns3:TrackPointExtension>
            <ns3:hr>129</ns3:hr>
            <ns3:cad>61</ns3:cad>
          </ns3:TrackPointExtension>
        </extensions>
      </trkpt>
      <trkpt lat="23.18522066809237003326416015625" lon="113.26288570649921894073486328125">
        <ele>2.2000000476837158203125</ele>
        <time>2023-07-31T10:52:42.000Z</time>
        <extensions>
          <ns3:TrackPointExtension>
            <ns3:hr>127</ns3:hr>
            <ns3:cad>0</ns3:cad>
          </ns3:TrackPointExtension>
        </extensions>
      </trkpt>
      <trkpt lat="23.1852227635681629180908203125" lon="113.2629012130200862884521484375">
        <ele>1.7999999523162841796875</ele>
        <time>2023-07-31T10:52:44.000Z</time>
        <extensions>
          <ns3:TrackPointExtension>
            <ns3:hr>127</ns3:hr>
            <ns3:cad>0</ns3:cad>
          </ns3:TrackPointExtension>
        </extensions>
      </trkpt>
      <trkpt lat="23.18524044938385486602783203125" lon="113.26296282000839710235595703125">
        <ele>1</ele>
        <time>2023-07-31T10:52:49.000Z</time>
        <extensions>
          <ns3:TrackPointExtension>
            <ns3:hr>126</ns3:hr>
            <ns3:cad>61</ns3:cad>
          </ns3:TrackPointExtension>
        </extensions>
      </trkpt>
      <trkpt lat="23.18521530367434024810791015625" lon="113.26315912418067455291748046875">
        <ele>-11</ele>
        <time>2023-07-31T10:52:57.000Z</time>
        <extensions>
          <ns3:TrackPointExtension>
            <ns3:hr>126</ns3:hr>
            <ns3:cad>79</ns3:cad>
          </ns3:TrackPointExtension>
        </extensions>
      </trkpt>
      <trkpt lat="23.1852039881050586700439453125" lon="113.2631858624517917633056640625">
        <ele>-12.3999996185302734375</ele>
        <time>2023-07-31T10:52:58.000Z</time>
        <extensions>
          <ns3:TrackPointExtension>
            <ns3:hr>129</ns3:hr>
            <ns3:cad>80</ns3:cad>
          </ns3:TrackPointExtension>
        </extensions>
      </trkpt>
      <trkpt lat="23.18519175052642822265625" lon="113.26321209780871868133544921875">
        <ele>-13.80000019073486328125</ele>
        <time>2023-07-31T10:52:59.000Z</time>
        <extensions>
          <ns3:TrackPointExtension>
            <ns3:hr>132</ns3:hr>
            <ns3:cad>80</ns3:cad>
          </ns3:TrackPointExtension>
        </extensions>
      </trkpt>
      <trkpt lat="23.1851647607982158660888671875" lon="113.26326079666614532470703125">
        <ele>-16.200000762939453125</ele>
        <time>2023-07-31T10:53:01.000Z</time>
        <extensions>
          <ns3:TrackPointExtension>
            <ns3:hr>136</ns3:hr>
            <ns3:cad>80</ns3:cad>
          </ns3:TrackPointExtension>
        </extensions>
      </trkpt>
      <trkpt lat="23.18513684906065464019775390625" lon="113.26331083662807941436767578125">
        <ele>-14</ele>
        <time>2023-07-31T10:53:03.000Z</time>
        <extensions>
          <ns3:TrackPointExtension>
            <ns3:hr>140</ns3:hr>
            <ns3:cad>81</ns3:cad>
          </ns3:TrackPointExtension>
        </extensions>
      </trkpt>
      <trkpt lat="23.18506233394145965576171875" lon="113.26346573419868946075439453125">
        <ele>-5</ele>
        <time>2023-07-31T10:53:09.000Z</time>
        <extensions>
          <ns3:TrackPointExtension>
            <ns3:hr>143</ns3:hr>
            <ns3:cad>82</ns3:cad>
          </ns3:TrackPointExtension>
        </extensions>
      </trkpt>
      <trkpt lat="23.1849994696676731109619140625" lon="113.26358106918632984161376953125">
        <ele>3.2000000476837158203125</ele>
        <time>2023-07-31T10:53:14.000Z</time>
        <extensions>
          <ns3:TrackPointExtension>
            <ns3:hr>146</ns3:hr>
            <ns3:cad>82</ns3:cad>
          </ns3:TrackPointExtension>
        </extensions>
      </trkpt>
      <trkpt lat="23.18495370447635650634765625" lon="113.263701014220714569091796875">
        <ele>4</ele>
        <time>2023-07-31T10:53:20.000Z</time>
        <extensions>
          <ns3:TrackPointExtension>
            <ns3:hr>147</ns3:hr>
            <ns3:cad>81</ns3:cad>
          </ns3:TrackPointExtension>
        </extensions>
      </trkpt>
      <trkpt lat="23.18492830730974674224853515625" lon="113.2637622021138668060302734375">
        <ele>3.599999904632568359375</ele>
        <time>2023-07-31T10:53:28.000Z</time>
        <extensions>
          <ns3:TrackPointExtension>
            <ns3:hr>147</ns3:hr>
            <ns3:cad>63</ns3:cad>
          </ns3:TrackPointExtension>
        </extensions>
      </trkpt>
      <trkpt lat="23.1849112920463085174560546875" lon="113.2637737691402435302734375">
        <ele>3.599999904632568359375</ele>
        <time>2023-07-31T10:53:34.000Z</time>
        <extensions>
          <ns3:TrackPointExtension>
            <ns3:hr>144</ns3:hr>
            <ns3:cad>61</ns3:cad>
          </ns3:TrackPointExtension>
        </extensions>
      </trkpt>
      <trkpt lat="23.1849045865237712860107421875" lon="113.26377787627279758453369140625">
        <ele>3.7999999523162841796875</ele>
        <time>2023-07-31T10:53:39.000Z</time>
        <extensions>
          <ns3:TrackPointExtension>
            <ns3:hr>141</ns3:hr>
            <ns3:cad>0</ns3:cad>
          </ns3:TrackPointExtension>
        </extensions>
      </trkpt>
      <trkpt lat="23.1848180852830410003662109375" lon="113.26381777413189411163330078125">
        <ele>6.19999980926513671875</ele>
        <time>2023-07-31T10:53:46.000Z</time>
        <extensions>
          <ns3:TrackPointExtension>
            <ns3:hr>141</ns3:hr>
            <ns3:cad>79</ns3:cad>
          </ns3:TrackPointExtension>
        </extensions>
      </trkpt>
      <trkpt lat="23.184708617627620697021484375" lon="113.26397837139666080474853515625">
        <ele>8.3999996185302734375</ele>
        <time>2023-07-31T10:53:54.000Z</time>
        <extensions>
          <ns3:TrackPointExtension>
            <ns3:hr>141</ns3:hr>
            <ns3:cad>80</ns3:cad>
          </ns3:TrackPointExtension>
        </extensions>
      </trkpt>
      <trkpt lat="23.18465757183730602264404296875" lon="113.2641051895916461944580078125">
        <ele>6</ele>
        <time>2023-07-31T10:53:59.000Z</time>
        <extensions>
          <ns3:TrackPointExtension>
            <ns3:hr>144</ns3:hr>
            <ns3:cad>80</ns3:cad>
          </ns3:TrackPointExtension>
        </extensions>
      </trkpt>
      <trkpt lat="23.1846232898533344268798828125" lon="113.26417635194957256317138671875">
        <ele>4.400000095367431640625</ele>
        <time>2023-07-31T10:54:02.000Z</time>
        <extensions>
          <ns3:TrackPointExtension>
            <ns3:hr>147</ns3:hr>
            <ns3:cad>81</ns3:cad>
          </ns3:TrackPointExtension>
        </extensions>
      </trkpt>
      <trkpt lat="23.18454441614449024200439453125" lon="113.26435354538261890411376953125">
        <ele>1.7999999523162841796875</ele>
        <time>2023-07-31T10:54:09.000Z</time>
        <extensions>
          <ns3:TrackPointExtension>
            <ns3:hr>148</ns3:hr>
            <ns3:cad>82</ns3:cad>
          </ns3:TrackPointExtension>
        </extensions>
      </trkpt>
      <trkpt lat="23.1844608485698699951171875" lon="113.26454683206975460052490234375">
        <ele>1</ele>
        <time>2023-07-31T10:54:17.000Z</time>
        <extensions>
          <ns3:TrackPointExtension>
            <ns3:hr>150</ns3:hr>
            <ns3:cad>83</ns3:cad>
          </ns3:TrackPointExtension>
        </extensions>
      </trkpt>
      <trkpt lat="23.18438884802162647247314453125" lon="113.2647428847849369049072265625">
        <ele>2</ele>
        <time>2023-07-31T10:54:26.000Z</time>
        <extensions>
          <ns3:TrackPointExtension>
            <ns3:hr>152</ns3:hr>
            <ns3:cad>82</ns3:cad>
          </ns3:TrackPointExtension>
        </extensions>
      </trkpt>
      <trkpt lat="23.1843191944062709808349609375" lon="113.26489283703267574310302734375">
        <ele>1.2000000476837158203125</ele>
        <time>2023-07-31T10:54:32.000Z</time>
        <extensions>
          <ns3:TrackPointExtension>
            <ns3:hr>155</ns3:hr>
            <ns3:cad>82</ns3:cad>
          </ns3:TrackPointExtension>
        </extensions>
      </trkpt>
      <trkpt lat="23.18420243449509143829345703125" lon="113.2650707848370075225830078125">
        <ele>-1.7999999523162841796875</ele>
        <time>2023-07-31T10:54:40.000Z</time>
        <extensions>
          <ns3:TrackPointExtension>
            <ns3:hr>156</ns3:hr>
            <ns3:cad>81</ns3:cad>
          </ns3:TrackPointExtension>
        </extensions>
      </trkpt>
      <trkpt lat="23.18416052497923374176025390625" lon="113.265227861702442169189453125">
        <ele>-5.400000095367431640625</ele>
        <time>2023-07-31T10:54:48.000Z</time>
        <extensions>
          <ns3:TrackPointExtension>
            <ns3:hr>160</ns3:hr>
            <ns3:cad>71</ns3:cad>
          </ns3:TrackPointExtension>
        </extensions>
      </trkpt>
      <trkpt lat="23.18414828740060329437255859375" lon="113.265285193920135498046875">
        <ele>-7.599999904632568359375</ele>
        <time>2023-07-31T10:54:52.000Z</time>
        <extensions>
          <ns3:TrackPointExtension>
            <ns3:hr>160</ns3:hr>
            <ns3:cad>71</ns3:cad>
          </ns3:TrackPointExtension>
        </extensions>
      </trkpt>
      <trkpt lat="23.18410805426537990570068359375" lon="113.265352584421634674072265625">
        <ele>-11.3999996185302734375</ele>
        <time>2023-07-31T10:54:58.000Z</time>
        <extensions>
          <ns3:TrackPointExtension>
            <ns3:hr>157</ns3:hr>
            <ns3:cad>61</ns3:cad>
          </ns3:TrackPointExtension>
        </extensions>
      </trkpt>
      <trkpt lat="23.18408190272748470306396484375" lon="113.2654074020683765411376953125">
        <ele>-14.6000003814697265625</ele>
        <time>2023-07-31T10:55:03.000Z</time>
        <extensions>
          <ns3:TrackPointExtension>
            <ns3:hr>154</ns3:hr>
            <ns3:cad>61</ns3:cad>
          </ns3:TrackPointExtension>
        </extensions>
      </trkpt>
      <trkpt lat="23.18400378338992595672607421875" lon="113.265596330165863037109375">
        <ele>-9.3999996185302734375</ele>
        <time>2023-07-31T10:55:13.000Z</time>
        <extensions>
          <ns3:TrackPointExtension>
            <ns3:hr>157</ns3:hr>
            <ns3:cad>80</ns3:cad>
          </ns3:TrackPointExtension>
        </extensions>
      </trkpt>
      <trkpt lat="23.18396790884435176849365234375" lon="113.2656323723495006561279296875">
        <ele>-5.80000019073486328125</ele>
        <time>2023-07-31T10:55:17.000Z</time>
        <extensions>
          <ns3:TrackPointExtension>
            <ns3:hr>158</ns3:hr>
            <ns3:cad>81</ns3:cad>
          </ns3:TrackPointExtension>
        </extensions>
      </trkpt>
      <trkpt lat="23.18394921720027923583984375" lon="113.26566648669540882110595703125">
        <ele>-4.19999980926513671875</ele>
        <time>2023-07-31T10:55:20.000Z</time>
        <extensions>
          <ns3:TrackPointExtension>
            <ns3:hr>162</ns3:hr>
            <ns3:cad>75</ns3:cad>
          </ns3:TrackPointExtension>
        </extensions>
      </trkpt>
      <trkpt lat="23.18394645117223262786865234375" lon="113.26568827964365482330322265625">
        <ele>-4</ele>
        <time>2023-07-31T10:55:22.000Z</time>
        <extensions>
          <ns3:TrackPointExtension>
            <ns3:hr>162</ns3:hr>
            <ns3:cad>75</ns3:cad>
          </ns3:TrackPointExtension>
        </extensions>
      </trkpt>
      <trkpt lat="23.18392918445169925689697265625" lon="113.2657349668443202972412109375">
        <ele>-3.2000000476837158203125</ele>
        <time>2023-07-31T10:55:26.000Z</time>
        <extensions>
          <ns3:TrackPointExtension>
            <ns3:hr>158</ns3:hr>
            <ns3:cad>61</ns3:cad>
          </ns3:TrackPointExtension>
        </extensions>
      </trkpt>
      <trkpt lat="23.18391845561563968658447265625" lon="113.26575349085032939910888671875">
        <ele>-3</ele>
        <time>2023-07-31T10:55:28.000Z</time>
        <extensions>
          <ns3:TrackPointExtension>
            <ns3:hr>154</ns3:hr>
            <ns3:cad>61</ns3:cad>
          </ns3:TrackPointExtension>
        </extensions>
      </trkpt>
      <trkpt lat="23.18391074426472187042236328125" lon="113.2657735235989093780517578125">
        <ele>-2.599999904632568359375</ele>
        <time>2023-07-31T10:55:30.000Z</time>
        <extensions>
          <ns3:TrackPointExtension>
            <ns3:hr>147</ns3:hr>
            <ns3:cad>61</ns3:cad>
          </ns3:TrackPointExtension>
        </extensions>
      </trkpt>
      <trkpt lat="23.18390722386538982391357421875" lon="113.2657839171588420867919921875">
        <ele>-2.2000000476837158203125</ele>
        <time>2023-07-31T10:55:31.000Z</time>
        <extensions>
          <ns3:TrackPointExtension>
            <ns3:hr>145</ns3:hr>
            <ns3:cad>61</ns3:cad>
          </ns3:TrackPointExtension>
        </extensions>
      </trkpt>
      <trkpt lat="23.18386313505470752716064453125" lon="113.26585859991610050201416015625">
        <ele>0.4000000059604644775390625</ele>
        <time>2023-07-31T10:55:36.000Z</time>
        <extensions>
          <ns3:TrackPointExtension>
            <ns3:hr>148</ns3:hr>
            <ns3:cad>77</ns3:cad>
          </ns3:TrackPointExtension>
        </extensions>
      </trkpt>
      <trkpt lat="23.18380773067474365234375" lon="113.26595046557486057281494140625">
        <ele>3.7999999523162841796875</ele>
        <time>2023-07-31T10:55:41.000Z</time>
        <extensions>
          <ns3:TrackPointExtension>
            <ns3:hr>143</ns3:hr>
            <ns3:cad>81</ns3:cad>
          </ns3:TrackPointExtension>
        </extensions>
      </trkpt>
      <trkpt lat="23.18371452391147613525390625" lon="113.26612405478954315185546875">
        <ele>9.6000003814697265625</ele>
        <time>2023-07-31T10:55:50.000Z</time>
        <extensions>
          <ns3:TrackPointExtension>
            <ns3:hr>145</ns3:hr>
            <ns3:cad>81</ns3:cad>
          </ns3:TrackPointExtension>
        </extensions>
      </trkpt>
      <trkpt lat="23.18364889360964298248291015625" lon="113.266313485801219940185546875">
        <ele>12.80000019073486328125</ele>
        <time>2023-07-31T10:55:57.000Z</time>
        <extensions>
          <ns3:TrackPointExtension>
            <ns3:hr>147</ns3:hr>
            <ns3:cad>81</ns3:cad>
          </ns3:TrackPointExtension>
        </extensions>
      </trkpt>
      <trkpt lat="23.1835748814046382904052734375" lon="113.26650224626064300537109375">
        <ele>14.19999980926513671875</ele>
        <time>2023-07-31T10:56:05.000Z</time>
        <extensions>
          <ns3:TrackPointExtension>
            <ns3:hr>150</ns3:hr>
            <ns3:cad>81</ns3:cad>
          </ns3:TrackPointExtension>
        </extensions>
      </trkpt>
      <trkpt lat="23.18352702073752880096435546875" lon="113.2665972970426082611083984375">
        <ele>15</ele>
        <time>2023-07-31T10:56:09.000Z</time>
        <extensions>
          <ns3:TrackPointExtension>
            <ns3:hr>153</ns3:hr>
            <ns3:cad>81</ns3:cad>
          </ns3:TrackPointExtension>
        </extensions>
      </trkpt>
      <trkpt lat="23.18345191888511180877685546875" lon="113.2667337544262409210205078125">
        <ele>12.6000003814697265625</ele>
        <time>2023-07-31T10:56:15.000Z</time>
        <extensions>
          <ns3:TrackPointExtension>
            <ns3:hr>156</ns3:hr>
            <ns3:cad>82</ns3:cad>
          </ns3:TrackPointExtension>
        </extensions>
      </trkpt>
      <trkpt lat="23.18338201381266117095947265625" lon="113.26692611910402774810791015625">
        <ele>10.3999996185302734375</ele>
        <time>2023-07-31T10:56:23.000Z</time>
        <extensions>
          <ns3:TrackPointExtension>
            <ns3:hr>157</ns3:hr>
            <ns3:cad>82</ns3:cad>
          </ns3:TrackPointExtension>
        </extensions>
      </trkpt>
      <trkpt lat="23.18332904018461704254150390625" lon="113.26704329811036586761474609375">
        <ele>8.3999996185302734375</ele>
        <time>2023-07-31T10:56:29.000Z</time>
        <extensions>
          <ns3:TrackPointExtension>
            <ns3:hr>160</ns3:hr>
            <ns3:cad>82</ns3:cad>
          </ns3:TrackPointExtension>
        </extensions>
      </trkpt>
      <trkpt lat="23.18326969631016254425048828125" lon="113.26712745241820812225341796875">
        <ele>7.400000095367431640625</ele>
        <time>2023-07-31T10:56:40.000Z</time>
        <extensions>
          <ns3:TrackPointExtension>
            <ns3:hr>159</ns3:hr>
            <ns3:cad>60</ns3:cad>
          </ns3:TrackPointExtension>
        </extensions>
      </trkpt>
      <trkpt lat="23.18322099745273590087890625" lon="113.26713751070201396942138671875">
        <ele>7.19999980926513671875</ele>
        <time>2023-07-31T10:56:44.000Z</time>
        <extensions>
          <ns3:TrackPointExtension>
            <ns3:hr>157</ns3:hr>
            <ns3:cad>60</ns3:cad>
          </ns3:TrackPointExtension>
        </extensions>
      </trkpt>
      <trkpt lat="23.1831417046487331390380859375" lon="113.26713080517947673797607421875">
        <ele>7.19999980926513671875</ele>
        <time>2023-07-31T10:56:49.000Z</time>
        <extensions>
          <ns3:TrackPointExtension>
            <ns3:hr>154</ns3:hr>
            <ns3:cad>79</ns3:cad>
          </ns3:TrackPointExtension>
        </extensions>
      </trkpt>
      <trkpt lat="23.18297482095658779144287109375" lon="113.267049081623554229736328125">
        <ele>7.80000019073486328125</ele>
        <time>2023-07-31T10:56:59.000Z</time>
        <extensions>
          <ns3:TrackPointExtension>
            <ns3:hr>152</ns3:hr>
            <ns3:cad>82</ns3:cad>
          </ns3:TrackPointExtension>
        </extensions>
      </trkpt>
      <trkpt lat="23.1828355975449085235595703125" lon="113.266982026398181915283203125">
        <ele>6.80000019073486328125</ele>
        <time>2023-07-31T10:57:06.000Z</time>
        <extensions>
          <ns3:TrackPointExtension>
            <ns3:hr>158</ns3:hr>
            <ns3:cad>81</ns3:cad>
          </ns3:TrackPointExtension>
        </extensions>
      </trkpt>
      <trkpt lat="23.18281464278697967529296875" lon="113.26697523705661296844482421875">
        <ele>6.599999904632568359375</ele>
        <time>2023-07-31T10:57:07.000Z</time>
        <extensions>
          <ns3:TrackPointExtension>
            <ns3:hr>155</ns3:hr>
            <ns3:cad>81</ns3:cad>
          </ns3:TrackPointExtension>
        </extensions>
      </trkpt>
      <trkpt lat="23.182621859014034271240234375" lon="113.2669097743928432464599609375">
        <ele>5.80000019073486328125</ele>
        <time>2023-07-31T10:57:17.000Z</time>
        <extensions>
          <ns3:TrackPointExtension>
            <ns3:hr>157</ns3:hr>
            <ns3:cad>82</ns3:cad>
          </ns3:TrackPointExtension>
        </extensions>
      </trkpt>
      <trkpt lat="23.182472325861454010009765625" lon="113.26670869253575801849365234375">
        <ele>5.80000019073486328125</ele>
        <time>2023-07-31T10:57:21.000Z</time>
        <extensions>
          <ns3:TrackPointExtension>
            <ns3:hr>155</ns3:hr>
            <ns3:cad>82</ns3:cad>
          </ns3:TrackPointExtension>
        </extensions>
      </trkpt>
      <trkpt lat="23.18231365643441677093505859375" lon="113.2665356062352657318115234375">
        <ele>7.19999980926513671875</ele>
        <time>2023-07-31T10:57:27.000Z</time>
        <extensions>
          <ns3:TrackPointExtension>
            <ns3:hr>156</ns3:hr>
            <ns3:cad>80</ns3:cad>
          </ns3:TrackPointExtension>
        </extensions>
      </trkpt>
      <trkpt lat="23.18215959705412387847900390625" lon="113.26640007086098194122314453125">
        <ele>9</ele>
        <time>2023-07-31T10:57:35.000Z</time>
        <extensions>
          <ns3:TrackPointExtension>
            <ns3:hr>158</ns3:hr>
            <ns3:cad>82</ns3:cad>
          </ns3:TrackPointExtension>
        </extensions>
      </trkpt>
      <trkpt lat="23.18196346051990985870361328125" lon="113.2663287408649921417236328125">
        <ele>10.19999980926513671875</ele>
        <time>2023-07-31T10:57:43.000Z</time>
        <extensions>
          <ns3:TrackPointExtension>
            <ns3:hr>158</ns3:hr>
            <ns3:cad>81</ns3:cad>
          </ns3:TrackPointExtension>
        </extensions>
      </trkpt>
      <trkpt lat="23.18179112859070301055908203125" lon="113.26622455380856990814208984375">
        <ele>10.80000019073486328125</ele>
        <time>2023-07-31T10:57:51.000Z</time>
        <extensions>
          <ns3:TrackPointExtension>
            <ns3:hr>156</ns3:hr>
            <ns3:cad>80</ns3:cad>
          </ns3:TrackPointExtension>
        </extensions>
      </trkpt>
      <trkpt lat="23.1816540844738483428955078125" lon="113.266076110303401947021484375">
        <ele>10.19999980926513671875</ele>
        <time>2023-07-31T10:57:58.000Z</time>
        <extensions>
          <ns3:TrackPointExtension>
            <ns3:hr>156</ns3:hr>
            <ns3:cad>82</ns3:cad>
          </ns3:TrackPointExtension>
        </extensions>
      </trkpt>
      <trkpt lat="23.1815317086875438690185546875" lon="113.26591358520090579986572265625">
        <ele>9.3999996185302734375</ele>
        <time>2023-07-31T10:58:04.000Z</time>
        <extensions>
          <ns3:TrackPointExtension>
            <ns3:hr>156</ns3:hr>
            <ns3:cad>83</ns3:cad>
          </ns3:TrackPointExtension>
        </extensions>
      </trkpt>
      <trkpt lat="23.18140271119773387908935546875" lon="113.26577779836952686309814453125">
        <ele>9.3999996185302734375</ele>
        <time>2023-07-31T10:58:15.000Z</time>
        <extensions>
          <ns3:TrackPointExtension>
            <ns3:hr>156</ns3:hr>
            <ns3:cad>0</ns3:cad>
          </ns3:TrackPointExtension>
        </extensions>
      </trkpt>
      <trkpt lat="23.18135526962578296661376953125" lon="113.2657688297331333160400390625">
        <ele>9.6000003814697265625</ele>
        <time>2023-07-31T10:58:23.000Z</time>
        <extensions>
          <ns3:TrackPointExtension>
            <ns3:hr>157</ns3:hr>
            <ns3:cad>0</ns3:cad>
          </ns3:TrackPointExtension>
        </extensions>
      </trkpt>
      <trkpt lat="23.181302882730960845947265625" lon="113.26576287858188152313232421875">
        <ele>10</ele>
        <time>2023-07-31T10:58:26.000Z</time>
        <extensions>
          <ns3:TrackPointExtension>
            <ns3:hr>156</ns3:hr>
            <ns3:cad>62</ns3:cad>
          </ns3:TrackPointExtension>
        </extensions>
      </trkpt>
      <trkpt lat="23.1812527589499950408935546875" lon="113.2657560892403125762939453125">
        <ele>10.19999980926513671875</ele>
        <time>2023-07-31T10:58:29.000Z</time>
        <extensions>
          <ns3:TrackPointExtension>
            <ns3:hr>160</ns3:hr>
            <ns3:cad>65</ns3:cad>
          </ns3:TrackPointExtension>
        </extensions>
      </trkpt>
      <trkpt lat="23.18122853524982929229736328125" lon="113.26575013808906078338623046875">
        <ele>10.3999996185302734375</ele>
        <time>2023-07-31T10:58:30.000Z</time>
        <extensions>
          <ns3:TrackPointExtension>
            <ns3:hr>160</ns3:hr>
            <ns3:cad>65</ns3:cad>
          </ns3:TrackPointExtension>
        </extensions>
      </trkpt>
      <trkpt lat="23.18106927908957004547119140625" lon="113.26578986831009387969970703125">
        <ele>10.6000003814697265625</ele>
        <time>2023-07-31T10:58:44.000Z</time>
        <extensions>
          <ns3:TrackPointExtension>
            <ns3:hr>160</ns3:hr>
            <ns3:cad>61</ns3:cad>
          </ns3:TrackPointExtension>
        </extensions>
      </trkpt>
      <trkpt lat="23.18104815669357776641845703125" lon="113.26578567735850811004638671875">
        <ele>10.80000019073486328125</ele>
        <time>2023-07-31T10:58:46.000Z</time>
        <extensions>
          <ns3:TrackPointExtension>
            <ns3:hr>159</ns3:hr>
            <ns3:cad>63</ns3:cad>
          </ns3:TrackPointExtension>
        </extensions>
      </trkpt>
      <trkpt lat="23.18095645867288112640380859375" lon="113.26578014530241489410400390625">
        <ele>11.3999996185302734375</ele>
        <time>2023-07-31T10:58:56.000Z</time>
        <extensions>
          <ns3:TrackPointExtension>
            <ns3:hr>156</ns3:hr>
            <ns3:cad>61</ns3:cad>
          </ns3:TrackPointExtension>
        </extensions>
      </trkpt>
      <trkpt lat="23.1809201650321483612060546875" lon="113.26579749584197998046875">
        <ele>11.6000003814697265625</ele>
        <time>2023-07-31T10:59:00.000Z</time>
        <extensions>
          <ns3:TrackPointExtension>
            <ns3:hr>153</ns3:hr>
            <ns3:cad>61</ns3:cad>
          </ns3:TrackPointExtension>
        </extensions>
      </trkpt>
      <trkpt lat="23.18091505207121372222900390625" lon="113.2658023573458194732666015625">
        <ele>11.6000003814697265625</ele>
        <time>2023-07-31T10:59:01.000Z</time>
        <extensions>
          <ns3:TrackPointExtension>
            <ns3:hr>146</ns3:hr>
            <ns3:cad>61</ns3:cad>
          </ns3:TrackPointExtension>
        </extensions>
      </trkpt>
      <trkpt lat="23.1809868849813938140869140625" lon="113.26581467874348163604736328125">
        <ele>11</ele>
        <time>2023-07-31T10:59:04.000Z</time>
        <extensions>
          <ns3:TrackPointExtension>
            <ns3:hr>146</ns3:hr>
            <ns3:cad>61</ns3:cad>
          </ns3:TrackPointExtension>
        </extensions>
      </trkpt>
      <trkpt lat="23.18099585361778736114501953125" lon="113.2658301852643489837646484375">
        <ele>11</ele>
        <time>2023-07-31T10:59:08.000Z</time>
        <extensions>
          <ns3:TrackPointExtension>
            <ns3:hr>143</ns3:hr>
            <ns3:cad>61</ns3:cad>
          </ns3:TrackPointExtension>
        </extensions>
      </trkpt>
      <trkpt lat="23.1809855438768863677978515625" lon="113.2658469490706920623779296875">
        <ele>11</ele>
        <time>2023-07-31T10:59:10.000Z</time>
        <extensions>
          <ns3:TrackPointExtension>
            <ns3:hr>143</ns3:hr>
            <ns3:cad>62</ns3:cad>
          </ns3:TrackPointExtension>
        </extensions>
      </trkpt>
      <trkpt lat="23.18080164492130279541015625" lon="113.2658097334206104278564453125">
        <ele>12.3999996185302734375</ele>
        <time>2023-07-31T10:59:18.000Z</time>
        <extensions>
          <ns3:TrackPointExtension>
            <ns3:hr>143</ns3:hr>
            <ns3:cad>82</ns3:cad>
          </ns3:TrackPointExtension>
        </extensions>
      </trkpt>
      <trkpt lat="23.18071271292865276336669921875" lon="113.2657513953745365142822265625">
        <ele>13</ele>
        <time>2023-07-31T10:59:21.000Z</time>
        <extensions>
          <ns3:TrackPointExtension>
            <ns3:hr>146</ns3:hr>
            <ns3:cad>82</ns3:cad>
          </ns3:TrackPointExtension>
        </extensions>
      </trkpt>
      <trkpt lat="23.1805553846061229705810546875" lon="113.2656176201999187469482421875">
        <ele>13.6000003814697265625</ele>
        <time>2023-07-31T10:59:27.000Z</time>
        <extensions>
          <ns3:TrackPointExtension>
            <ns3:hr>146</ns3:hr>
            <ns3:cad>81</ns3:cad>
          </ns3:TrackPointExtension>
        </extensions>
      </trkpt>
      <trkpt lat="23.1804960407316684722900390625" lon="113.26558585278689861297607421875">
        <ele>13.6000003814697265625</ele>
        <time>2023-07-31T10:59:30.000Z</time>
        <extensions>
          <ns3:TrackPointExtension>
            <ns3:hr>150</ns3:hr>
            <ns3:cad>81</ns3:cad>
          </ns3:TrackPointExtension>
        </extensions>
      </trkpt>
      <trkpt lat="23.1803937815129756927490234375" lon="113.2654442824423313140869140625">
        <ele>13.80000019073486328125</ele>
        <time>2023-07-31T10:59:36.000Z</time>
        <extensions>
          <ns3:TrackPointExtension>
            <ns3:hr>153</ns3:hr>
            <ns3:cad>81</ns3:cad>
          </ns3:TrackPointExtension>
        </extensions>
      </trkpt>
      <trkpt lat="23.18026830442249774932861328125" lon="113.265293575823307037353515625">
        <ele>13.19999980926513671875</ele>
        <time>2023-07-31T10:59:41.000Z</time>
        <extensions>
          <ns3:TrackPointExtension>
            <ns3:hr>154</ns3:hr>
            <ns3:cad>82</ns3:cad>
          </ns3:TrackPointExtension>
        </extensions>
      </trkpt>
      <trkpt lat="23.1801755167543888092041015625" lon="113.26520740985870361328125">
        <ele>13</ele>
        <time>2023-07-31T10:59:48.000Z</time>
        <extensions>
          <ns3:TrackPointExtension>
            <ns3:hr>155</ns3:hr>
            <ns3:cad>82</ns3:cad>
          </ns3:TrackPointExtension>
        </extensions>
      </trkpt>
      <trkpt lat="23.18013922311365604400634765625" lon="113.26516910456120967864990234375">
        <ele>12.6000003814697265625</ele>
        <time>2023-07-31T10:59:53.000Z</time>
        <extensions>
          <ns3:TrackPointExtension>
            <ns3:hr>154</ns3:hr>
            <ns3:cad>78</ns3:cad>
          </ns3:TrackPointExtension>
        </extensions>
      </trkpt>
      <trkpt lat="23.18011977709829807281494140625" lon="113.265157453715801239013671875">
        <ele>12.3999996185302734375</ele>
        <time>2023-07-31T10:59:55.000Z</time>
        <extensions>
          <ns3:TrackPointExtension>
            <ns3:hr>157</ns3:hr>
            <ns3:cad>78</ns3:cad>
          </ns3:TrackPointExtension>
        </extensions>
      </trkpt>
      <trkpt lat="23.18010334856808185577392578125" lon="113.265156783163547515869140625">
        <ele>12.6000003814697265625</ele>
        <time>2023-07-31T10:59:56.000Z</time>
        <extensions>
          <ns3:TrackPointExtension>
            <ns3:hr>157</ns3:hr>
            <ns3:cad>78</ns3:cad>
          </ns3:TrackPointExtension>
        </extensions>
      </trkpt>
      <trkpt lat="23.18005624227225780487060546875" lon="113.2651344873011112213134765625">
        <ele>12.3999996185302734375</ele>
        <time>2023-07-31T11:00:02.000Z</time>
        <extensions>
          <ns3:TrackPointExtension>
            <ns3:hr>157</ns3:hr>
            <ns3:cad>61</ns3:cad>
          </ns3:TrackPointExtension>
        </extensions>
      </trkpt>
      <trkpt lat="23.1800122372806072235107421875" lon="113.26513071544468402862548828125">
        <ele>12.3999996185302734375</ele>
        <time>2023-07-31T11:00:04.000Z</time>
        <extensions>
          <ns3:TrackPointExtension>
            <ns3:hr>155</ns3:hr>
            <ns3:cad>61</ns3:cad>
          </ns3:TrackPointExtension>
        </extensions>
      </trkpt>
      <trkpt lat="23.1799709983170032501220703125" lon="113.265121914446353912353515625">
        <ele>12.3999996185302734375</ele>
        <time>2023-07-31T11:00:06.000Z</time>
        <extensions>
          <ns3:TrackPointExtension>
            <ns3:hr>152</ns3:hr>
            <ns3:cad>61</ns3:cad>
          </ns3:TrackPointExtension>
        </extensions>
      </trkpt>
      <trkpt lat="23.1798053719103336334228515625" lon="113.26509802602231502532958984375">
        <ele>12.80000019073486328125</ele>
        <time>2023-07-31T11:00:12.000Z</time>
        <extensions>
          <ns3:TrackPointExtension>
            <ns3:hr>149</ns3:hr>
            <ns3:cad>61</ns3:cad>
          </ns3:TrackPointExtension>
        </extensions>
      </trkpt>
      <trkpt lat="23.17973320372402667999267578125" lon="113.265057541429996490478515625">
        <ele>12.3999996185302734375</ele>
        <time>2023-07-31T11:00:18.000Z</time>
        <extensions>
          <ns3:TrackPointExtension>
            <ns3:hr>146</ns3:hr>
            <ns3:cad>61</ns3:cad>
          </ns3:TrackPointExtension>
        </extensions>
      </trkpt>
      <trkpt lat="23.17958635278046131134033203125" lon="113.26492804102599620819091796875">
        <ele>11.6000003814697265625</ele>
        <time>2023-07-31T11:00:29.000Z</time>
        <extensions>
          <ns3:TrackPointExtension>
            <ns3:hr>144</ns3:hr>
            <ns3:cad>82</ns3:cad>
          </ns3:TrackPointExtension>
        </extensions>
      </trkpt>
      <trkpt lat="23.17944436334073543548583984375" lon="113.26477297581732273101806640625">
        <ele>13</ele>
        <time>2023-07-31T11:00:36.000Z</time>
        <extensions>
          <ns3:TrackPointExtension>
            <ns3:hr>144</ns3:hr>
            <ns3:cad>82</ns3:cad>
          </ns3:TrackPointExtension>
        </extensions>
      </trkpt>
      <trkpt lat="23.17930086515843868255615234375" lon="113.2646429724991321563720703125">
        <ele>14.6000003814697265625</ele>
        <time>2023-07-31T11:00:45.000Z</time>
        <extensions>
          <ns3:TrackPointExtension>
            <ns3:hr>146</ns3:hr>
            <ns3:cad>83</ns3:cad>
          </ns3:TrackPointExtension>
        </extensions>
      </trkpt>
      <trkpt lat="23.17914596758782863616943359375" lon="113.26452411711215972900390625">
        <ele>15.6000003814697265625</ele>
        <time>2023-07-31T11:00:55.000Z</time>
        <extensions>
          <ns3:TrackPointExtension>
            <ns3:hr>147</ns3:hr>
            <ns3:cad>81</ns3:cad>
          </ns3:TrackPointExtension>
        </extensions>
      </trkpt>
      <trkpt lat="23.1789688579738140106201171875" lon="113.2644039206206798553466796875">
        <ele>14</ele>
        <time>2023-07-31T11:01:02.000Z</time>
        <extensions>
          <ns3:TrackPointExtension>
            <ns3:hr>148</ns3:hr>
            <ns3:cad>81</ns3:cad>
          </ns3:TrackPointExtension>
        </extensions>
      </trkpt>
      <trkpt lat="23.1789517588913440704345703125" lon="113.26436595059931278228759765625">
        <ele>13.3999996185302734375</ele>
        <time>2023-07-31T11:01:06.000Z</time>
        <extensions>
          <ns3:TrackPointExtension>
            <ns3:hr>150</ns3:hr>
            <ns3:cad>82</ns3:cad>
          </ns3:TrackPointExtension>
        </extensions>
      </trkpt>
      <trkpt lat="23.1789551116526126861572265625" lon="113.2643542997539043426513671875">
        <ele>13.3999996185302734375</ele>
        <time>2023-07-31T11:01:08.000Z</time>
        <extensions>
          <ns3:TrackPointExtension>
            <ns3:hr>152</ns3:hr>
            <ns3:cad>75</ns3:cad>
          </ns3:TrackPointExtension>
        </extensions>
      </trkpt>
      <trkpt lat="23.1789856217801570892333984375" lon="113.26431448571383953094482421875">
        <ele>13</ele>
        <time>2023-07-31T11:01:16.000Z</time>
        <extensions>
          <ns3:TrackPointExtension>
            <ns3:hr>150</ns3:hr>
            <ns3:cad>57</ns3:cad>
          </ns3:TrackPointExtension>
        </extensions>
      </trkpt>
      <trkpt lat="23.17903633229434490203857421875" lon="113.26422505080699920654296875">
        <ele>12.3999996185302734375</ele>
        <time>2023-07-31T11:01:26.000Z</time>
        <extensions>
          <ns3:TrackPointExtension>
            <ns3:hr>147</ns3:hr>
            <ns3:cad>81</ns3:cad>
          </ns3:TrackPointExtension>
        </extensions>
      </trkpt>
      <trkpt lat="23.179028034210205078125" lon="113.264304511249065399169921875">
        <ele>13.3999996185302734375</ele>
        <time>2023-07-31T11:01:31.000Z</time>
        <extensions>
          <ns3:TrackPointExtension>
            <ns3:hr>143</ns3:hr>
            <ns3:cad>78</ns3:cad>
          </ns3:TrackPointExtension>
        </extensions>
      </trkpt>
      <trkpt lat="23.17900699563324451446533203125" lon="113.26439176686108112335205078125">
        <ele>14.3999996185302734375</ele>
        <time>2023-07-31T11:01:36.000Z</time>
        <extensions>
          <ns3:TrackPointExtension>
            <ns3:hr>145</ns3:hr>
            <ns3:cad>81</ns3:cad>
          </ns3:TrackPointExtension>
        </extensions>
      </trkpt>
      <trkpt lat="23.17897011525928974151611328125" lon="113.26440635137259960174560546875">
        <ele>14.19999980926513671875</ele>
        <time>2023-07-31T11:01:40.000Z</time>
        <extensions>
          <ns3:TrackPointExtension>
            <ns3:hr>145</ns3:hr>
            <ns3:cad>81</ns3:cad>
          </ns3:TrackPointExtension>
        </extensions>
      </trkpt>
      <trkpt lat="23.17878571338951587677001953125" lon="113.2644136436283588409423828125">
        <ele>12.6000003814697265625</ele>
        <time>2023-07-31T11:01:49.000Z</time>
        <extensions>
          <ns3:TrackPointExtension>
            <ns3:hr>145</ns3:hr>
            <ns3:cad>82</ns3:cad>
          </ns3:TrackPointExtension>
        </extensions>
      </trkpt>
      <trkpt lat="23.178723268210887908935546875" lon="113.26438221149146556854248046875">
        <ele>11.6000003814697265625</ele>
        <time>2023-07-31T11:01:51.000Z</time>
        <extensions>
          <ns3:TrackPointExtension>
            <ns3:hr>148</ns3:hr>
            <ns3:cad>82</ns3:cad>
          </ns3:TrackPointExtension>
        </extensions>
      </trkpt>
      <trkpt lat="23.17855931818485260009765625" lon="113.26429755426943302154541015625">
        <ele>9.3999996185302734375</ele>
        <time>2023-07-31T11:01:58.000Z</time>
        <extensions>
          <ns3:TrackPointExtension>
            <ns3:hr>149</ns3:hr>
            <ns3:cad>81</ns3:cad>
          </ns3:TrackPointExtension>
        </extensions>
      </trkpt>
      <trkpt lat="23.178483210504055023193359375" lon="113.264249525964260101318359375">
        <ele>8.80000019073486328125</ele>
        <time>2023-07-31T11:02:01.000Z</time>
        <extensions>
          <ns3:TrackPointExtension>
            <ns3:hr>152</ns3:hr>
            <ns3:cad>81</ns3:cad>
          </ns3:TrackPointExtension>
        </extensions>
      </trkpt>
      <trkpt lat="23.17840500734746456146240234375" lon="113.2642082870006561279296875">
        <ele>9</ele>
        <time>2023-07-31T11:02:05.000Z</time>
        <extensions>
          <ns3:TrackPointExtension>
            <ns3:hr>155</ns3:hr>
            <ns3:cad>81</ns3:cad>
          </ns3:TrackPointExtension>
        </extensions>
      </trkpt>
      <trkpt lat="23.17834784276783466339111328125" lon="113.26416679657995700836181640625">
        <ele>9</ele>
        <time>2023-07-31T11:02:12.000Z</time>
        <extensions>
          <ns3:TrackPointExtension>
            <ns3:hr>156</ns3:hr>
            <ns3:cad>73</ns3:cad>
          </ns3:TrackPointExtension>
        </extensions>
      </trkpt>
      <trkpt lat="23.17831414751708507537841796875" lon="113.26411717571318149566650390625">
        <ele>8.6000003814697265625</ele>
        <time>2023-07-31T11:02:17.000Z</time>
        <extensions>
          <ns3:TrackPointExtension>
            <ns3:hr>153</ns3:hr>
            <ns3:cad>57</ns3:cad>
          </ns3:TrackPointExtension>
        </extensions>
      </trkpt>
      <trkpt lat="23.178304173052310943603515625" lon="113.26409923844039440155029296875">
        <ele>8.6000003814697265625</ele>
        <time>2023-07-31T11:02:18.000Z</time>
        <extensions>
          <ns3:TrackPointExtension>
            <ns3:hr>152</ns3:hr>
            <ns3:cad>57</ns3:cad>
          </ns3:TrackPointExtension>
        </extensions>
      </trkpt>
      <trkpt lat="23.17814349196851253509521484375" lon="113.26401944272220134735107421875">
        <ele>10.19999980926513671875</ele>
        <time>2023-07-31T11:02:25.000Z</time>
        <extensions>
          <ns3:TrackPointExtension>
            <ns3:hr>152</ns3:hr>
            <ns3:cad>82</ns3:cad>
          </ns3:TrackPointExtension>
        </extensions>
      </trkpt>
      <trkpt lat="23.17798071540892124176025390625" lon="113.26395590789616107940673828125">
        <ele>12.19999980926513671875</ele>
        <time>2023-07-31T11:02:33.000Z</time>
        <extensions>
          <ns3:TrackPointExtension>
            <ns3:hr>155</ns3:hr>
            <ns3:cad>83</ns3:cad>
          </ns3:TrackPointExtension>
        </extensions>
      </trkpt>
      <trkpt lat="23.1779580004513263702392578125" lon="113.26393897645175457000732421875">
        <ele>12.3999996185302734375</ele>
        <time>2023-07-31T11:02:36.000Z</time>
        <extensions>
          <ns3:TrackPointExtension>
            <ns3:hr>156</ns3:hr>
            <ns3:cad>81</ns3:cad>
          </ns3:TrackPointExtension>
        </extensions>
      </trkpt>
      <trkpt lat="23.17794232629239559173583984375" lon="113.2639221288263797760009765625">
        <ele>12.6000003814697265625</ele>
        <time>2023-07-31T11:02:40.000Z</time>
        <extensions>
          <ns3:TrackPointExtension>
            <ns3:hr>154</ns3:hr>
            <ns3:cad>58</ns3:cad>
          </ns3:TrackPointExtension>
        </extensions>
      </trkpt>
      <trkpt lat="23.1779241375625133514404296875" lon="113.26390159316360950469970703125">
        <ele>12.6000003814697265625</ele>
        <time>2023-07-31T11:02:43.000Z</time>
        <extensions>
          <ns3:TrackPointExtension>
            <ns3:hr>147</ns3:hr>
            <ns3:cad>58</ns3:cad>
          </ns3:TrackPointExtension>
        </extensions>
      </trkpt>
      <trkpt lat="23.1779124028980731964111328125" lon="113.263886086642742156982421875">
        <ele>12.6000003814697265625</ele>
        <time>2023-07-31T11:02:44.000Z</time>
        <extensions>
          <ns3:TrackPointExtension>
            <ns3:hr>150</ns3:hr>
            <ns3:cad>58</ns3:cad>
          </ns3:TrackPointExtension>
        </extensions>
      </trkpt>
      <trkpt lat="23.17790712229907512664794921875" lon="113.26387946493923664093017578125">
        <ele>12.6000003814697265625</ele>
        <time>2023-07-31T11:02:45.000Z</time>
        <extensions>
          <ns3:TrackPointExtension>
            <ns3:hr>150</ns3:hr>
            <ns3:cad>58</ns3:cad>
          </ns3:TrackPointExtension>
        </extensions>
      </trkpt>
      <trkpt lat="23.177861273288726806640625" lon="113.26383772306144237518310546875">
        <ele>12.80000019073486328125</ele>
        <time>2023-07-31T11:02:51.000Z</time>
        <extensions>
          <ns3:TrackPointExtension>
            <ns3:hr>147</ns3:hr>
            <ns3:cad>55</ns3:cad>
          </ns3:TrackPointExtension>
        </extensions>
      </trkpt>
      <trkpt lat="23.17784375511109828948974609375" lon="113.26382749713957309722900390625">
        <ele>12.80000019073486328125</ele>
        <time>2023-07-31T11:02:53.000Z</time>
        <extensions>
          <ns3:TrackPointExtension>
            <ns3:hr>144</ns3:hr>
            <ns3:cad>55</ns3:cad>
          </ns3:TrackPointExtension>
        </extensions>
      </trkpt>
      <trkpt lat="23.17779614590108394622802734375" lon="113.2638145051896572113037109375">
        <ele>13</ele>
        <time>2023-07-31T11:02:58.000Z</time>
        <extensions>
          <ns3:TrackPointExtension>
            <ns3:hr>142</ns3:hr>
            <ns3:cad>55</ns3:cad>
          </ns3:TrackPointExtension>
        </extensions>
      </trkpt>
      <trkpt lat="23.1777875125408172607421875" lon="113.26381391845643520355224609375">
        <ele>13.19999980926513671875</ele>
        <time>2023-07-31T11:02:59.000Z</time>
        <extensions>
          <ns3:TrackPointExtension>
            <ns3:hr>142</ns3:hr>
            <ns3:cad>59</ns3:cad>
          </ns3:TrackPointExtension>
        </extensions>
      </trkpt>
      <trkpt lat="23.17774887196719646453857421875" lon="113.2638010941445827484130859375">
        <ele>13.19999980926513671875</ele>
        <time>2023-07-31T11:03:03.000Z</time>
        <extensions>
          <ns3:TrackPointExtension>
            <ns3:hr>137</ns3:hr>
            <ns3:cad>59</ns3:cad>
          </ns3:TrackPointExtension>
        </extensions>
      </trkpt>
      <trkpt lat="23.177691288292407989501953125" lon="113.2637417502701282501220703125">
        <ele>12.80000019073486328125</ele>
        <time>2023-07-31T11:03:08.000Z</time>
        <extensions>
          <ns3:TrackPointExtension>
            <ns3:hr>136</ns3:hr>
            <ns3:cad>61</ns3:cad>
          </ns3:TrackPointExtension>
        </extensions>
      </trkpt>
      <trkpt lat="23.1776626221835613250732421875" lon="113.263730518519878387451171875">
        <ele>13</ele>
        <time>2023-07-31T11:03:10.000Z</time>
        <extensions>
          <ns3:TrackPointExtension>
            <ns3:hr>140</ns3:hr>
            <ns3:cad>61</ns3:cad>
          </ns3:TrackPointExtension>
        </extensions>
      </trkpt>
      <trkpt lat="23.1776200421154499053955078125" lon="113.2637005113065242767333984375">
        <ele>13</ele>
        <time>2023-07-31T11:03:15.000Z</time>
        <extensions>
          <ns3:TrackPointExtension>
            <ns3:hr>138</ns3:hr>
            <ns3:cad>61</ns3:cad>
          </ns3:TrackPointExtension>
        </extensions>
      </trkpt>
      <trkpt lat="23.1775603629648685455322265625" lon="113.263672180473804473876953125">
        <ele>13.19999980926513671875</ele>
        <time>2023-07-31T11:03:19.000Z</time>
        <extensions>
          <ns3:TrackPointExtension>
            <ns3:hr>135</ns3:hr>
            <ns3:cad>60</ns3:cad>
          </ns3:TrackPointExtension>
        </extensions>
      </trkpt>
      <trkpt lat="23.1775352172553539276123046875" lon="113.26365776360034942626953125">
        <ele>13.19999980926513671875</ele>
        <time>2023-07-31T11:03:21.000Z</time>
        <extensions>
          <ns3:TrackPointExtension>
            <ns3:hr>132</ns3:hr>
            <ns3:cad>56</ns3:cad>
          </ns3:TrackPointExtension>
        </extensions>
      </trkpt>
      <trkpt lat="23.177526332437992095947265625" lon="113.2636495493352413177490234375">
        <ele>13.19999980926513671875</ele>
        <time>2023-07-31T11:03:22.000Z</time>
        <extensions>
          <ns3:TrackPointExtension>
            <ns3:hr>129</ns3:hr>
            <ns3:cad>56</ns3:cad>
          </ns3:TrackPointExtension>
        </extensions>
      </trkpt>
      <trkpt lat="23.1775167770683765411376953125" lon="113.26364032924175262451171875">
        <ele>13.19999980926513671875</ele>
        <time>2023-07-31T11:03:23.000Z</time>
        <extensions>
          <ns3:TrackPointExtension>
            <ns3:hr>129</ns3:hr>
            <ns3:cad>56</ns3:cad>
          </ns3:TrackPointExtension>
        </extensions>
      </trkpt>
      <trkpt lat="23.1774802319705486297607421875" lon="113.263625241816043853759765625">
        <ele>13.19999980926513671875</ele>
        <time>2023-07-31T11:03:26.000Z</time>
        <extensions>
          <ns3:TrackPointExtension>
            <ns3:hr>128</ns3:hr>
            <ns3:cad>58</ns3:cad>
          </ns3:TrackPointExtension>
        </extensions>
      </trkpt>
      <trkpt lat="23.17731569521129131317138671875" lon="113.2635191269218921661376953125">
        <ele>12.19999980926513671875</ele>
        <time>2023-07-31T11:03:40.000Z</time>
        <extensions>
          <ns3:TrackPointExtension>
            <ns3:hr>127</ns3:hr>
            <ns3:cad>61</ns3:cad>
          </ns3:TrackPointExtension>
        </extensions>
      </trkpt>
      <trkpt lat="23.1771731190383434295654296875" lon="113.26341074891388416290283203125">
        <ele>10.80000019073486328125</ele>
        <time>2023-07-31T11:03:47.000Z</time>
        <extensions>
          <ns3:TrackPointExtension>
            <ns3:hr>131</ns3:hr>
            <ns3:cad>79</ns3:cad>
          </ns3:TrackPointExtension>
        </extensions>
      </trkpt>
      <trkpt lat="23.17712559364736080169677734375" lon="113.26337319798767566680908203125">
        <ele>10.3999996185302734375</ele>
        <time>2023-07-31T11:03:49.000Z</time>
        <extensions>
          <ns3:TrackPointExtension>
            <ns3:hr>134</ns3:hr>
            <ns3:cad>80</ns3:cad>
          </ns3:TrackPointExtension>
        </extensions>
      </trkpt>
      <trkpt lat="23.176971115171909332275390625" lon="113.263278901576995849609375">
        <ele>8.19999980926513671875</ele>
        <time>2023-07-31T11:03:56.000Z</time>
        <extensions>
          <ns3:TrackPointExtension>
            <ns3:hr>137</ns3:hr>
            <ns3:cad>81</ns3:cad>
          </ns3:TrackPointExtension>
        </extensions>
      </trkpt>
      <trkpt lat="23.17680389620363712310791015625" lon="113.2631945796310901641845703125">
        <ele>7.400000095367431640625</ele>
        <time>2023-07-31T11:04:03.000Z</time>
        <extensions>
          <ns3:TrackPointExtension>
            <ns3:hr>139</ns3:hr>
            <ns3:cad>82</ns3:cad>
          </ns3:TrackPointExtension>
        </extensions>
      </trkpt>
      <trkpt lat="23.1767067499458789825439453125" lon="113.26313431374728679656982421875">
        <ele>8</ele>
        <time>2023-07-31T11:04:08.000Z</time>
        <extensions>
          <ns3:TrackPointExtension>
            <ns3:hr>142</ns3:hr>
            <ns3:cad>82</ns3:cad>
          </ns3:TrackPointExtension>
        </extensions>
      </trkpt>
      <trkpt lat="23.1766497530043125152587890625" lon="113.263117633759975433349609375">
        <ele>8.19999980926513671875</ele>
        <time>2023-07-31T11:04:14.000Z</time>
        <extensions>
          <ns3:TrackPointExtension>
            <ns3:hr>145</ns3:hr>
            <ns3:cad>59</ns3:cad>
          </ns3:TrackPointExtension>
        </extensions>
      </trkpt>
      <trkpt lat="23.17648571915924549102783203125" lon="113.26303255744278430938720703125">
        <ele>8.6000003814697265625</ele>
        <time>2023-07-31T11:04:31.000Z</time>
        <extensions>
          <ns3:TrackPointExtension>
            <ns3:hr>143</ns3:hr>
            <ns3:cad>121</ns3:cad>
          </ns3:TrackPointExtension>
        </extensions>
      </trkpt>
      <trkpt lat="23.17645403556525707244873046875" lon="113.263016380369663238525390625">
        <ele>8.3999996185302734375</ele>
        <time>2023-07-31T11:04:33.000Z</time>
        <extensions>
          <ns3:TrackPointExtension>
            <ns3:hr>140</ns3:hr>
            <ns3:cad>82</ns3:cad>
          </ns3:TrackPointExtension>
        </extensions>
      </trkpt>
      <trkpt lat="23.17634440027177333831787109375" lon="113.262846060097217559814453125">
        <ele>9.80000019073486328125</ele>
        <time>2023-07-31T11:04:42.000Z</time>
        <extensions>
          <ns3:TrackPointExtension>
            <ns3:hr>139</ns3:hr>
            <ns3:cad>81</ns3:cad>
          </ns3:TrackPointExtension>
        </extensions>
      </trkpt>
      <trkpt lat="23.17630986683070659637451171875" lon="113.26277473010122776031494140625">
        <ele>10.3999996185302734375</ele>
        <time>2023-07-31T11:04:46.000Z</time>
        <extensions>
          <ns3:TrackPointExtension>
            <ns3:hr>142</ns3:hr>
            <ns3:cad>81</ns3:cad>
          </ns3:TrackPointExtension>
        </extensions>
      </trkpt>
      <trkpt lat="23.1762903369963169097900390625" lon="113.262741453945636749267578125">
        <ele>10.6000003814697265625</ele>
        <time>2023-07-31T11:04:48.000Z</time>
        <extensions>
          <ns3:TrackPointExtension>
            <ns3:hr>146</ns3:hr>
            <ns3:cad>81</ns3:cad>
          </ns3:TrackPointExtension>
        </extensions>
      </trkpt>
      <trkpt lat="23.17626980133354663848876953125" lon="113.26272460632026195526123046875">
        <ele>10.6000003814697265625</ele>
        <time>2023-07-31T11:04:49.000Z</time>
        <extensions>
          <ns3:TrackPointExtension>
            <ns3:hr>146</ns3:hr>
            <ns3:cad>81</ns3:cad>
          </ns3:TrackPointExtension>
        </extensions>
      </trkpt>
      <trkpt lat="23.17613166756927967071533203125" lon="113.26260072179138660430908203125">
        <ele>10.19999980926513671875</ele>
        <time>2023-07-31T11:05:00.000Z</time>
        <extensions>
          <ns3:TrackPointExtension>
            <ns3:hr>149</ns3:hr>
            <ns3:cad>82</ns3:cad>
          </ns3:TrackPointExtension>
        </extensions>
      </trkpt>
      <trkpt lat="23.1759584136307239532470703125" lon="113.2625091075897216796875">
        <ele>10.19999980926513671875</ele>
        <time>2023-07-31T11:05:08.000Z</time>
        <extensions>
          <ns3:TrackPointExtension>
            <ns3:hr>150</ns3:hr>
            <ns3:cad>83</ns3:cad>
          </ns3:TrackPointExtension>
        </extensions>
      </trkpt>
      <trkpt lat="23.17586679942905902862548828125" lon="113.26244582422077655792236328125">
        <ele>11</ele>
        <time>2023-07-31T11:05:13.000Z</time>
        <extensions>
          <ns3:TrackPointExtension>
            <ns3:hr>153</ns3:hr>
            <ns3:cad>82</ns3:cad>
          </ns3:TrackPointExtension>
        </extensions>
      </trkpt>
      <trkpt lat="23.1757022626698017120361328125" lon="113.26236502267420291900634765625">
        <ele>9.80000019073486328125</ele>
        <time>2023-07-31T11:05:21.000Z</time>
        <extensions>
          <ns3:TrackPointExtension>
            <ns3:hr>154</ns3:hr>
            <ns3:cad>83</ns3:cad>
          </ns3:TrackPointExtension>
        </extensions>
      </trkpt>
      <trkpt lat="23.175499252974987030029296875" lon="113.2624058425426483154296875">
        <ele>7.80000019073486328125</ele>
        <time>2023-07-31T11:05:27.000Z</time>
        <extensions>
          <ns3:TrackPointExtension>
            <ns3:hr>154</ns3:hr>
            <ns3:cad>82</ns3:cad>
          </ns3:TrackPointExtension>
        </extensions>
      </trkpt>
      <trkpt lat="23.17533840425312519073486328125" lon="113.26248622499406337738037109375">
        <ele>8</ele>
        <time>2023-07-31T11:05:33.000Z</time>
        <extensions>
          <ns3:TrackPointExtension>
            <ns3:hr>155</ns3:hr>
            <ns3:cad>84</ns3:cad>
          </ns3:TrackPointExtension>
        </extensions>
      </trkpt>
      <trkpt lat="23.17523530684411525726318359375" lon="113.26247717253863811492919921875">
        <ele>7.400000095367431640625</ele>
        <time>2023-07-31T11:05:39.000Z</time>
        <extensions>
          <ns3:TrackPointExtension>
            <ns3:hr>151</ns3:hr>
            <ns3:cad>61</ns3:cad>
          </ns3:TrackPointExtension>
        </extensions>
      </trkpt>
      <trkpt lat="23.1750843487679958343505859375" lon="113.26240559108555316925048828125">
        <ele>7.599999904632568359375</ele>
        <time>2023-07-31T11:05:49.000Z</time>
        <extensions>
          <ns3:TrackPointExtension>
            <ns3:hr>148</ns3:hr>
            <ns3:cad>61</ns3:cad>
          </ns3:TrackPointExtension>
        </extensions>
      </trkpt>
      <trkpt lat="23.1749458797276020050048828125" lon="113.26237793080508708953857421875">
        <ele>8.6000003814697265625</ele>
        <time>2023-07-31T11:05:57.000Z</time>
        <extensions>
          <ns3:TrackPointExtension>
            <ns3:hr>145</ns3:hr>
            <ns3:cad>61</ns3:cad>
          </ns3:TrackPointExtension>
        </extensions>
      </trkpt>
      <trkpt lat="23.174874968826770782470703125" lon="113.2623379491269588470458984375">
        <ele>9</ele>
        <time>2023-07-31T11:06:01.000Z</time>
        <extensions>
          <ns3:TrackPointExtension>
            <ns3:hr>142</ns3:hr>
            <ns3:cad>61</ns3:cad>
          </ns3:TrackPointExtension>
        </extensions>
      </trkpt>
      <trkpt lat="23.1748305447399616241455078125" lon="113.26222370378673076629638671875">
        <ele>9</ele>
        <time>2023-07-31T11:06:08.000Z</time>
        <extensions>
          <ns3:TrackPointExtension>
            <ns3:hr>139</ns3:hr>
            <ns3:cad>61</ns3:cad>
          </ns3:TrackPointExtension>
        </extensions>
      </trkpt>
      <trkpt lat="23.1748290359973907470703125" lon="113.26214633882045745849609375">
        <ele>9</ele>
        <time>2023-07-31T11:06:11.000Z</time>
        <extensions>
          <ns3:TrackPointExtension>
            <ns3:hr>138</ns3:hr>
            <ns3:cad>61</ns3:cad>
          </ns3:TrackPointExtension>
        </extensions>
      </trkpt>
      <trkpt lat="23.17482165992259979248046875" lon="113.26212345622479915618896484375">
        <ele>9</ele>
        <time>2023-07-31T11:06:13.000Z</time>
        <extensions>
          <ns3:TrackPointExtension>
            <ns3:hr>136</ns3:hr>
            <ns3:cad>61</ns3:cad>
          </ns3:TrackPointExtension>
        </extensions>
      </trkpt>
      <trkpt lat="23.1747941672801971435546875" lon="113.26205782592296600341796875">
        <ele>9.6000003814697265625</ele>
        <time>2023-07-31T11:06:20.000Z</time>
        <extensions>
          <ns3:TrackPointExtension>
            <ns3:hr>132</ns3:hr>
            <ns3:cad>61</ns3:cad>
          </ns3:TrackPointExtension>
        </extensions>
      </trkpt>
      <trkpt lat="23.17476474680006504058837890625" lon="113.26203142292797565460205078125">
        <ele>10</ele>
        <time>2023-07-31T11:06:25.000Z</time>
        <extensions>
          <ns3:TrackPointExtension>
            <ns3:hr>129</ns3:hr>
            <ns3:cad>61</ns3:cad>
          </ns3:TrackPointExtension>
        </extensions>
      </trkpt>
      <trkpt lat="23.17478938959538936614990234375" lon="113.261975683271884918212890625">
        <ele>9.6000003814697265625</ele>
        <time>2023-07-31T11:06:27.000Z</time>
        <extensions>
          <ns3:TrackPointExtension>
            <ns3:hr>132</ns3:hr>
            <ns3:cad>61</ns3:cad>
          </ns3:TrackPointExtension>
        </extensions>
      </trkpt>
      <trkpt lat="23.1748017109930515289306640625" lon="113.26194408349692821502685546875">
        <ele>9.19999980926513671875</ele>
        <time>2023-07-31T11:06:28.000Z</time>
        <extensions>
          <ns3:TrackPointExtension>
            <ns3:hr>129</ns3:hr>
            <ns3:cad>61</ns3:cad>
          </ns3:TrackPointExtension>
        </extensions>
      </trkpt>
      <trkpt lat="23.17480782978236675262451171875" lon="113.26190904714167118072509765625">
        <ele>9</ele>
        <time>2023-07-31T11:06:30.000Z</time>
        <extensions>
          <ns3:TrackPointExtension>
            <ns3:hr>129</ns3:hr>
            <ns3:cad>61</ns3:cad>
          </ns3:TrackPointExtension>
        </extensions>
      </trkpt>
      <trkpt lat="23.17480414174497127532958984375" lon="113.26188121922314167022705078125">
        <ele>9</ele>
        <time>2023-07-31T11:06:34.000Z</time>
        <extensions>
          <ns3:TrackPointExtension>
            <ns3:hr>128</ns3:hr>
            <ns3:cad>0</ns3:cad>
          </ns3:TrackPointExtension>
        </extensions>
      </trkpt>
      <trkpt lat="23.17478218115866184234619140625" lon="113.2618692331016063690185546875">
        <ele>9.19999980926513671875</ele>
        <time>2023-07-31T11:06:37.000Z</time>
        <extensions>
          <ns3:TrackPointExtension>
            <ns3:hr>127</ns3:hr>
            <ns3:cad>0</ns3:cad>
          </ns3:TrackPointExtension>
        </extensions>
      </trkpt>
      <trkpt lat="23.174740187823772430419921875" lon="113.26186127029359340667724609375">
        <ele>10</ele>
        <time>2023-07-31T11:06:40.000Z</time>
        <extensions>
          <ns3:TrackPointExtension>
            <ns3:hr>127</ns3:hr>
            <ns3:cad>0</ns3:cad>
          </ns3:TrackPointExtension>
        </extensions>
      </trkpt>
      <trkpt lat="23.1746283732354640960693359375" lon="113.2618705742061138153076171875">
        <ele>12</ele>
        <time>2023-07-31T11:06:46.000Z</time>
        <extensions>
          <ns3:TrackPointExtension>
            <ns3:hr>124</ns3:hr>
            <ns3:cad>61</ns3:cad>
          </ns3:TrackPointExtension>
        </extensions>
      </trkpt>
      <trkpt lat="23.17443542182445526123046875" lon="113.26190083287656307220458984375">
        <ele>13.3999996185302734375</ele>
        <time>2023-07-31T11:06:53.000Z</time>
        <extensions>
          <ns3:TrackPointExtension>
            <ns3:hr>123</ns3:hr>
            <ns3:cad>61</ns3:cad>
          </ns3:TrackPointExtension>
        </extensions>
      </trkpt>
      <trkpt lat="23.17424775101244449615478515625" lon="113.26196285896003246307373046875">
        <ele>12.80000019073486328125</ele>
        <time>2023-07-31T11:07:04.000Z</time>
        <extensions>
          <ns3:TrackPointExtension>
            <ns3:hr>123</ns3:hr>
            <ns3:cad>61</ns3:cad>
          </ns3:TrackPointExtension>
        </extensions>
      </trkpt>
      <trkpt lat="23.17415923811495304107666015625" lon="113.2619798742234706878662109375">
        <ele>12.19999980926513671875</ele>
        <time>2023-07-31T11:07:11.000Z</time>
        <extensions>
          <ns3:TrackPointExtension>
            <ns3:hr>120</ns3:hr>
            <ns3:cad>61</ns3:cad>
          </ns3:TrackPointExtension>
        </extensions>
      </trkpt>
      <trkpt lat="23.17399076186120510101318359375" lon="113.26190686784684658050537109375">
        <ele>12</ele>
        <time>2023-07-31T11:07:24.000Z</time>
        <extensions>
          <ns3:TrackPointExtension>
            <ns3:hr>118</ns3:hr>
            <ns3:cad>62</ns3:cad>
          </ns3:TrackPointExtension>
        </extensions>
      </trkpt>
      <trkpt lat="23.17387844435870647430419921875" lon="113.26183528639376163482666015625">
        <ele>12</ele>
        <time>2023-07-31T11:07:36.000Z</time>
        <extensions>
          <ns3:TrackPointExtension>
            <ns3:hr>118</ns3:hr>
            <ns3:cad>59</ns3:cad>
          </ns3:TrackPointExtension>
        </extensions>
      </trkpt>
      <trkpt lat="23.17384743131697177886962890625" lon="113.261770494282245635986328125">
        <ele>12.6000003814697265625</ele>
        <time>2023-07-31T11:07:42.000Z</time>
        <extensions>
          <ns3:TrackPointExtension>
            <ns3:hr>118</ns3:hr>
            <ns3:cad>61</ns3:cad>
          </ns3:TrackPointExtension>
        </extensions>
      </trkpt>
      <trkpt lat="23.17384357564151287078857421875" lon="113.261540494859218597412109375">
        <ele>14.6000003814697265625</ele>
        <time>2023-07-31T11:07:55.000Z</time>
        <extensions>
          <ns3:TrackPointExtension>
            <ns3:hr>117</ns3:hr>
            <ns3:cad>61</ns3:cad>
          </ns3:TrackPointExtension>
        </extensions>
      </trkpt>
      <trkpt lat="23.17378825508058071136474609375" lon="113.26130957342684268951416015625">
        <ele>17</ele>
        <time>2023-07-31T11:08:09.000Z</time>
        <extensions>
          <ns3:TrackPointExtension>
            <ns3:hr>114</ns3:hr>
            <ns3:cad>61</ns3:cad>
          </ns3:TrackPointExtension>
        </extensions>
      </trkpt>
      <trkpt lat="23.17377467639744281768798828125" lon="113.26129096560180187225341796875">
        <ele>17</ele>
        <time>2023-07-31T11:08:11.000Z</time>
        <extensions>
          <ns3:TrackPointExtension>
            <ns3:hr>109</ns3:hr>
            <ns3:cad>61</ns3:cad>
          </ns3:TrackPointExtension>
        </extensions>
      </trkpt>
      <trkpt lat="23.17376277409493923187255859375" lon="113.26127051375806331634521484375">
        <ele>17.200000762939453125</ele>
        <time>2023-07-31T11:08:13.000Z</time>
        <extensions>
          <ns3:TrackPointExtension>
            <ns3:hr>105</ns3:hr>
            <ns3:cad>61</ns3:cad>
          </ns3:TrackPointExtension>
        </extensions>
      </trkpt>
      <trkpt lat="23.17371281795203685760498046875" lon="113.26121301390230655670166015625">
        <ele>17</ele>
        <time>2023-07-31T11:08:19.000Z</time>
        <extensions>
          <ns3:TrackPointExtension>
            <ns3:hr>108</ns3:hr>
            <ns3:cad>61</ns3:cad>
          </ns3:TrackPointExtension>
        </extensions>
      </trkpt>
      <trkpt lat="23.1736916117370128631591796875" lon="113.2611946575343608856201171875">
        <ele>17</ele>
        <time>2023-07-31T11:08:21.000Z</time>
        <extensions>
          <ns3:TrackPointExtension>
            <ns3:hr>111</ns3:hr>
            <ns3:cad>61</ns3:cad>
          </ns3:TrackPointExtension>
        </extensions>
      </trkpt>
      <trkpt lat="23.17356596700847148895263671875" lon="113.2611326314508914947509765625">
        <ele>16.6000003814697265625</ele>
        <time>2023-07-31T11:08:32.000Z</time>
        <extensions>
          <ns3:TrackPointExtension>
            <ns3:hr>114</ns3:hr>
            <ns3:cad>61</ns3:cad>
          </ns3:TrackPointExtension>
        </extensions>
      </trkpt>
      <trkpt lat="23.17347628064453601837158203125" lon="113.2610960863530635833740234375">
        <ele>15.19999980926513671875</ele>
        <time>2023-07-31T11:08:39.000Z</time>
        <extensions>
          <ns3:TrackPointExtension>
            <ns3:hr>117</ns3:hr>
            <ns3:cad>61</ns3:cad>
          </ns3:TrackPointExtension>
        </extensions>
      </trkpt>
      <trkpt lat="23.1733352132141590118408203125" lon="113.260989300906658172607421875">
        <ele>10.19999980926513671875</ele>
        <time>2023-07-31T11:08:59.000Z</time>
        <extensions>
          <ns3:TrackPointExtension>
            <ns3:hr>116</ns3:hr>
            <ns3:cad>59</ns3:cad>
          </ns3:TrackPointExtension>
        </extensions>
      </trkpt>
      <trkpt lat="23.1733281724154949188232421875" lon="113.2609307952225208282470703125">
        <ele>9.6000003814697265625</ele>
        <time>2023-07-31T11:09:06.000Z</time>
        <extensions>
          <ns3:TrackPointExtension>
            <ns3:hr>119</ns3:hr>
            <ns3:cad>59</ns3:cad>
          </ns3:TrackPointExtension>
        </extensions>
      </trkpt>
      <trkpt lat="23.17334217019379138946533203125" lon="113.26090707443654537200927734375">
        <ele>9.80000019073486328125</ele>
        <time>2023-07-31T11:09:09.000Z</time>
        <extensions>
          <ns3:TrackPointExtension>
            <ns3:hr>119</ns3:hr>
            <ns3:cad>61</ns3:cad>
          </ns3:TrackPointExtension>
        </extensions>
      </trkpt>
      <trkpt lat="23.17344124428927898406982421875" lon="113.2607386820018291473388671875">
        <ele>8.80000019073486328125</ele>
        <time>2023-07-31T11:09:27.000Z</time>
        <extensions>
          <ns3:TrackPointExtension>
            <ns3:hr>119</ns3:hr>
            <ns3:cad>61</ns3:cad>
          </ns3:TrackPointExtension>
        </extensions>
      </trkpt>
      <trkpt lat="23.17352891899645328521728515625" lon="113.26064354740083217620849609375">
        <ele>8.80000019073486328125</ele>
        <time>2023-07-31T11:09:39.000Z</time>
        <extensions>
          <ns3:TrackPointExtension>
            <ns3:hr>116</ns3:hr>
            <ns3:cad>61</ns3:cad>
          </ns3:TrackPointExtension>
        </extensions>
      </trkpt>
      <trkpt lat="23.17356931976974010467529296875" lon="113.2606146298348903656005859375">
        <ele>9.19999980926513671875</ele>
        <time>2023-07-31T11:09:43.000Z</time>
        <extensions>
          <ns3:TrackPointExtension>
            <ns3:hr>113</ns3:hr>
            <ns3:cad>61</ns3:cad>
          </ns3:TrackPointExtension>
        </extensions>
      </trkpt>
      <trkpt lat="23.1737274862825870513916015625" lon="113.26049904339015483856201171875">
        <ele>12.19999980926513671875</ele>
        <time>2023-07-31T11:10:01.000Z</time>
        <extensions>
          <ns3:TrackPointExtension>
            <ns3:hr>112</ns3:hr>
            <ns3:cad>61</ns3:cad>
          </ns3:TrackPointExtension>
        </extensions>
      </trkpt>
      <trkpt lat="23.173732347786426544189453125" lon="113.2604862190783023834228515625">
        <ele>12.3999996185302734375</ele>
        <time>2023-07-31T11:10:02.000Z</time>
        <extensions>
          <ns3:TrackPointExtension>
            <ns3:hr>118</ns3:hr>
            <ns3:cad>61</ns3:cad>
          </ns3:TrackPointExtension>
        </extensions>
      </trkpt>
      <trkpt lat="23.1737402267754077911376953125" lon="113.260479010641574859619140625">
        <ele>12.6000003814697265625</ele>
        <time>2023-07-31T11:10:03.000Z</time>
        <extensions>
          <ns3:TrackPointExtension>
            <ns3:hr>118</ns3:hr>
            <ns3:cad>61</ns3:cad>
          </ns3:TrackPointExtension>
        </extensions>
      </trkpt>
      <trkpt lat="23.17378490231931209564208984375" lon="113.26035805977880954742431640625">
        <ele>14.19999980926513671875</ele>
        <time>2023-07-31T11:10:12.000Z</time>
        <extensions>
          <ns3:TrackPointExtension>
            <ns3:hr>115</ns3:hr>
            <ns3:cad>61</ns3:cad>
          </ns3:TrackPointExtension>
        </extensions>
      </trkpt>
      <trkpt lat="23.1738327629864215850830078125" lon="113.260241635143756866455078125">
        <ele>15.3999996185302734375</ele>
        <time>2023-07-31T11:10:23.000Z</time>
        <extensions>
          <ns3:TrackPointExtension>
            <ns3:hr>118</ns3:hr>
            <ns3:cad>61</ns3:cad>
          </ns3:TrackPointExtension>
        </extensions>
      </trkpt>
      <trkpt lat="23.17387475632131099700927734375" lon="113.26012152247130870819091796875">
        <ele>16.799999237060546875</ele>
        <time>2023-07-31T11:10:33.000Z</time>
        <extensions>
          <ns3:TrackPointExtension>
            <ns3:hr>121</ns3:hr>
            <ns3:cad>61</ns3:cad>
          </ns3:TrackPointExtension>
        </extensions>
      </trkpt>
      <trkpt lat="23.17392672412097454071044921875" lon="113.25993577949702739715576171875">
        <ele>17</ele>
        <time>2023-07-31T11:10:49.000Z</time>
        <extensions>
          <ns3:TrackPointExtension>
            <ns3:hr>119</ns3:hr>
            <ns3:cad>61</ns3:cad>
          </ns3:TrackPointExtension>
        </extensions>
      </trkpt>
      <trkpt lat="23.17400333471596240997314453125" lon="113.25975875370204448699951171875">
        <ele>13.19999980926513671875</ele>
        <time>2023-07-31T11:11:06.000Z</time>
        <extensions>
          <ns3:TrackPointExtension>
            <ns3:hr>119</ns3:hr>
            <ns3:cad>61</ns3:cad>
          </ns3:TrackPointExtension>
        </extensions>
      </trkpt>
      <trkpt lat="23.17400719039142131805419921875" lon="113.2595772854983806610107421875">
        <ele>7.599999904632568359375</ele>
        <time>2023-07-31T11:11:21.000Z</time>
        <extensions>
          <ns3:TrackPointExtension>
            <ns3:hr>115</ns3:hr>
            <ns3:cad>61</ns3:cad>
          </ns3:TrackPointExtension>
        </extensions>
      </trkpt>
      <trkpt lat="23.1740619242191314697265625" lon="113.25954191386699676513671875">
        <ele>7</ele>
        <time>2023-07-31T11:11:26.000Z</time>
        <extensions>
          <ns3:TrackPointExtension>
            <ns3:hr>118</ns3:hr>
            <ns3:cad>59</ns3:cad>
          </ns3:TrackPointExtension>
        </extensions>
      </trkpt>
      <trkpt lat="23.1742059253156185150146484375" lon="113.25940512120723724365234375">
        <ele>5.599999904632568359375</ele>
        <time>2023-07-31T11:11:44.000Z</time>
        <extensions>
          <ns3:TrackPointExtension>
            <ns3:hr>117</ns3:hr>
            <ns3:cad>57</ns3:cad>
          </ns3:TrackPointExtension>
        </extensions>
      </trkpt>
      <trkpt lat="23.17429334856569766998291015625" lon="113.25922046788036823272705078125">
        <ele>5.400000095367431640625</ele>
        <time>2023-07-31T11:12:01.000Z</time>
        <extensions>
          <ns3:TrackPointExtension>
            <ns3:hr>118</ns3:hr>
            <ns3:cad>61</ns3:cad>
          </ns3:TrackPointExtension>
        </extensions>
      </trkpt>
      <trkpt lat="23.174404241144657135009765625" lon="113.259060792624950408935546875">
        <ele>3.400000095367431640625</ele>
        <time>2023-07-31T11:12:17.000Z</time>
        <extensions>
          <ns3:TrackPointExtension>
            <ns3:hr>118</ns3:hr>
            <ns3:cad>59</ns3:cad>
          </ns3:TrackPointExtension>
        </extensions>
      </trkpt>
      <trkpt lat="23.1744966097176074981689453125" lon="113.25888418592512607574462890625">
        <ele>1.39999997615814208984375</ele>
        <time>2023-07-31T11:12:35.000Z</time>
        <extensions>
          <ns3:TrackPointExtension>
            <ns3:hr>118</ns3:hr>
            <ns3:cad>57</ns3:cad>
          </ns3:TrackPointExtension>
        </extensions>
      </trkpt>
      <trkpt lat="23.17459828220307826995849609375" lon="113.25871604494750499725341796875">
        <ele>2.2000000476837158203125</ele>
        <time>2023-07-31T11:12:51.000Z</time>
        <extensions>
          <ns3:TrackPointExtension>
            <ns3:hr>118</ns3:hr>
            <ns3:cad>61</ns3:cad>
          </ns3:TrackPointExtension>
        </extensions>
      </trkpt>
      <trkpt lat="23.17466198466718196868896484375" lon="113.2585255242884159088134765625">
        <ele>5.599999904632568359375</ele>
        <time>2023-07-31T11:13:08.000Z</time>
        <extensions>
          <ns3:TrackPointExtension>
            <ns3:hr>117</ns3:hr>
            <ns3:cad>57</ns3:cad>
          </ns3:TrackPointExtension>
        </extensions>
      </trkpt>
      <trkpt lat="23.174728788435459136962890625" lon="113.2583357580006122589111328125">
        <ele>7</ele>
        <time>2023-07-31T11:13:27.000Z</time>
        <extensions>
          <ns3:TrackPointExtension>
            <ns3:hr>117</ns3:hr>
            <ns3:cad>61</ns3:cad>
          </ns3:TrackPointExtension>
        </extensions>
      </trkpt>
      <trkpt lat="23.17473272792994976043701171875" lon="113.25828705914318561553955078125">
        <ele>6.80000019073486328125</ele>
        <time>2023-07-31T11:13:31.000Z</time>
        <extensions>
          <ns3:TrackPointExtension>
            <ns3:hr>118</ns3:hr>
            <ns3:cad>61</ns3:cad>
          </ns3:TrackPointExtension>
        </extensions>
      </trkpt>
      <trkpt lat="23.17474387586116790771484375" lon="113.25823291204869747161865234375">
        <ele>6.19999980926513671875</ele>
        <time>2023-07-31T11:13:35.000Z</time>
        <extensions>
          <ns3:TrackPointExtension>
            <ns3:hr>125</ns3:hr>
            <ns3:cad>56</ns3:cad>
          </ns3:TrackPointExtension>
        </extensions>
      </trkpt>
      <trkpt lat="23.1747601367533206939697265625" lon="113.25820927508175373077392578125">
        <ele>6</ele>
        <time>2023-07-31T11:13:36.000Z</time>
        <extensions>
          <ns3:TrackPointExtension>
            <ns3:hr>125</ns3:hr>
            <ns3:cad>57</ns3:cad>
          </ns3:TrackPointExtension>
        </extensions>
      </trkpt>
      <trkpt lat="23.17479089833796024322509765625" lon="113.2580142281949520111083984375">
        <ele>2</ele>
        <time>2023-07-31T11:13:51.000Z</time>
        <extensions>
          <ns3:TrackPointExtension>
            <ns3:hr>124</ns3:hr>
            <ns3:cad>61</ns3:cad>
          </ns3:TrackPointExtension>
        </extensions>
      </trkpt>
      <trkpt lat="23.17484320141375064849853515625" lon="113.25782421045005321502685546875">
        <ele>0.20000000298023223876953125</ele>
        <time>2023-07-31T11:14:08.000Z</time>
        <extensions>
          <ns3:TrackPointExtension>
            <ns3:hr>124</ns3:hr>
            <ns3:cad>61</ns3:cad>
          </ns3:TrackPointExtension>
        </extensions>
      </trkpt>
      <trkpt lat="23.17485493607819080352783203125" lon="113.25767652131617069244384765625">
        <ele>-1</ele>
        <time>2023-07-31T11:14:18.000Z</time>
        <extensions>
          <ns3:TrackPointExtension>
            <ns3:hr>121</ns3:hr>
            <ns3:cad>61</ns3:cad>
          </ns3:TrackPointExtension>
        </extensions>
      </trkpt>
      <trkpt lat="23.1747638247907161712646484375" lon="113.25749916024506092071533203125">
        <ele>0.60000002384185791015625</ele>
        <time>2023-07-31T11:14:31.000Z</time>
        <extensions>
          <ns3:TrackPointExtension>
            <ns3:hr>119</ns3:hr>
            <ns3:cad>61</ns3:cad>
          </ns3:TrackPointExtension>
        </extensions>
      </trkpt>
      <trkpt lat="23.17458721809089183807373046875" lon="113.25741936452686786651611328125">
        <ele>1</ele>
        <time>2023-07-31T11:14:46.000Z</time>
        <extensions>
          <ns3:TrackPointExtension>
            <ns3:hr>120</ns3:hr>
            <ns3:cad>61</ns3:cad>
          </ns3:TrackPointExtension>
        </extensions>
      </trkpt>
      <trkpt lat="23.1744332425296306610107421875" lon="113.25730956159532070159912109375">
        <ele>1.7999999523162841796875</ele>
        <time>2023-07-31T11:15:05.000Z</time>
        <extensions>
          <ns3:TrackPointExtension>
            <ns3:hr>119</ns3:hr>
            <ns3:cad>56</ns3:cad>
          </ns3:TrackPointExtension>
        </extensions>
      </trkpt>
      <trkpt lat="23.17438119091093540191650390625" lon="113.257299251854419708251953125">
        <ele>2</ele>
        <time>2023-07-31T11:15:10.000Z</time>
        <extensions>
          <ns3:TrackPointExtension>
            <ns3:hr>120</ns3:hr>
            <ns3:cad>56</ns3:cad>
          </ns3:TrackPointExtension>
        </extensions>
      </trkpt>
      <trkpt lat="23.17435705102980136871337890625" lon="113.257303275167942047119140625">
        <ele>2</ele>
        <time>2023-07-31T11:15:14.000Z</time>
        <extensions>
          <ns3:TrackPointExtension>
            <ns3:hr>120</ns3:hr>
            <ns3:cad>56</ns3:cad>
          </ns3:TrackPointExtension>
        </extensions>
      </trkpt>
      <trkpt lat="23.1743460707366466522216796875" lon="113.25729732401669025421142578125">
        <ele>2</ele>
        <time>2023-07-31T11:15:16.000Z</time>
        <extensions>
          <ns3:TrackPointExtension>
            <ns3:hr>119</ns3:hr>
            <ns3:cad>61</ns3:cad>
          </ns3:TrackPointExtension>
        </extensions>
      </trkpt>
      <trkpt lat="23.17430533468723297119140625" lon="113.257285170257091522216796875">
        <ele>2</ele>
        <time>2023-07-31T11:15:20.000Z</time>
        <extensions>
          <ns3:TrackPointExtension>
            <ns3:hr>119</ns3:hr>
            <ns3:cad>61</ns3:cad>
          </ns3:TrackPointExtension>
        </extensions>
      </trkpt>
      <trkpt lat="23.1741271354258060455322265625" lon="113.2572145946323871612548828125">
        <ele>2.599999904632568359375</ele>
        <time>2023-07-31T11:15:36.000Z</time>
        <extensions>
          <ns3:TrackPointExtension>
            <ns3:hr>116</ns3:hr>
            <ns3:cad>61</ns3:cad>
          </ns3:TrackPointExtension>
        </extensions>
      </trkpt>
      <trkpt lat="23.1739497743546962738037109375" lon="113.25715265236794948577880859375">
        <ele>3.7999999523162841796875</ele>
        <time>2023-07-31T11:15:51.000Z</time>
        <extensions>
          <ns3:TrackPointExtension>
            <ns3:hr>118</ns3:hr>
            <ns3:cad>59</ns3:cad>
          </ns3:TrackPointExtension>
        </extensions>
      </trkpt>
      <trkpt lat="23.17382144741714000701904296875" lon="113.257103450596332550048828125">
        <ele>4.400000095367431640625</ele>
        <time>2023-07-31T11:16:08.000Z</time>
        <extensions>
          <ns3:TrackPointExtension>
            <ns3:hr>119</ns3:hr>
            <ns3:cad>58</ns3:cad>
          </ns3:TrackPointExtension>
        </extensions>
      </trkpt>
      <trkpt lat="23.17377953790128231048583984375" lon="113.25707972981035709381103515625">
        <ele>3.7999999523162841796875</ele>
        <time>2023-07-31T11:16:13.000Z</time>
        <extensions>
          <ns3:TrackPointExtension>
            <ns3:hr>118</ns3:hr>
            <ns3:cad>57</ns3:cad>
          </ns3:TrackPointExtension>
        </extensions>
      </trkpt>
      <trkpt lat="23.17376830615103244781494140625" lon="113.25707294046878814697265625">
        <ele>3.400000095367431640625</ele>
        <time>2023-07-31T11:16:14.000Z</time>
        <extensions>
          <ns3:TrackPointExtension>
            <ns3:hr>118</ns3:hr>
            <ns3:cad>57</ns3:cad>
          </ns3:TrackPointExtension>
        </extensions>
      </trkpt>
      <trkpt lat="23.17359982989728450775146484375" lon="113.25697931461036205291748046875">
        <ele>-2</ele>
        <time>2023-07-31T11:16:29.000Z</time>
        <extensions>
          <ns3:TrackPointExtension>
            <ns3:hr>115</ns3:hr>
            <ns3:cad>56</ns3:cad>
          </ns3:TrackPointExtension>
        </extensions>
      </trkpt>
      <trkpt lat="23.17343269474804401397705078125" lon="113.25690169818699359893798828125">
        <ele>-7</ele>
        <time>2023-07-31T11:16:46.000Z</time>
        <extensions>
          <ns3:TrackPointExtension>
            <ns3:hr>116</ns3:hr>
            <ns3:cad>57</ns3:cad>
          </ns3:TrackPointExtension>
        </extensions>
      </trkpt>
      <trkpt lat="23.17328534089028835296630859375" lon="113.25678250752389430999755859375">
        <ele>-14.19999980926513671875</ele>
        <time>2023-07-31T11:17:01.000Z</time>
        <extensions>
          <ns3:TrackPointExtension>
            <ns3:hr>115</ns3:hr>
            <ns3:cad>58</ns3:cad>
          </ns3:TrackPointExtension>
        </extensions>
      </trkpt>
      <trkpt lat="23.1731172837316989898681640625" lon="113.256720565259456634521484375">
        <ele>-9</ele>
        <time>2023-07-31T11:17:18.000Z</time>
        <extensions>
          <ns3:TrackPointExtension>
            <ns3:hr>116</ns3:hr>
            <ns3:cad>55</ns3:cad>
          </ns3:TrackPointExtension>
        </extensions>
      </trkpt>
      <trkpt lat="23.17307244054973125457763671875" lon="113.25672157108783721923828125">
        <ele>-6.599999904632568359375</ele>
        <time>2023-07-31T11:17:23.000Z</time>
        <extensions>
          <ns3:TrackPointExtension>
            <ns3:hr>116</ns3:hr>
            <ns3:cad>56</ns3:cad>
          </ns3:TrackPointExtension>
        </extensions>
      </trkpt>
      <trkpt lat="23.17304243333637714385986328125" lon="113.256694413721561431884765625">
        <ele>-5.80000019073486328125</ele>
        <time>2023-07-31T11:17:27.000Z</time>
        <extensions>
          <ns3:TrackPointExtension>
            <ns3:hr>116</ns3:hr>
            <ns3:cad>58</ns3:cad>
          </ns3:TrackPointExtension>
        </extensions>
      </trkpt>
      <trkpt lat="23.17286121658980846405029296875" lon="113.25662174262106418609619140625">
        <ele>-2.2000000476837158203125</ele>
        <time>2023-07-31T11:17:42.000Z</time>
        <extensions>
          <ns3:TrackPointExtension>
            <ns3:hr>116</ns3:hr>
            <ns3:cad>55</ns3:cad>
          </ns3:TrackPointExtension>
        </extensions>
      </trkpt>
      <trkpt lat="23.1727038882672786712646484375" lon="113.25651076622307300567626953125">
        <ele>1</ele>
        <time>2023-07-31T11:18:03.000Z</time>
        <extensions>
          <ns3:TrackPointExtension>
            <ns3:hr>116</ns3:hr>
            <ns3:cad>55</ns3:cad>
          </ns3:TrackPointExtension>
        </extensions>
      </trkpt>
      <trkpt lat="23.172575645148754119873046875" lon="113.25641906820237636566162109375">
        <ele>-0.60000002384185791015625</ele>
        <time>2023-07-31T11:18:21.000Z</time>
        <extensions>
          <ns3:TrackPointExtension>
            <ns3:hr>119</ns3:hr>
            <ns3:cad>58</ns3:cad>
          </ns3:TrackPointExtension>
        </extensions>
      </trkpt>
      <trkpt lat="23.17256835289299488067626953125" lon="113.25641470961272716522216796875">
        <ele>-0.800000011920928955078125</ele>
        <time>2023-07-31T11:18:23.000Z</time>
        <extensions>
          <ns3:TrackPointExtension>
            <ns3:hr>119</ns3:hr>
            <ns3:cad>58</ns3:cad>
          </ns3:TrackPointExtension>
        </extensions>
      </trkpt>
      <trkpt lat="23.17253331653773784637451171875" lon="113.256395347416400909423828125">
        <ele>-1.39999997615814208984375</ele>
        <time>2023-07-31T11:18:27.000Z</time>
        <extensions>
          <ns3:TrackPointExtension>
            <ns3:hr>116</ns3:hr>
            <ns3:cad>57</ns3:cad>
          </ns3:TrackPointExtension>
        </extensions>
      </trkpt>
      <trkpt lat="23.1725111044943332672119140625" lon="113.2563928328454494476318359375">
        <ele>-2</ele>
        <time>2023-07-31T11:18:29.000Z</time>
        <extensions>
          <ns3:TrackPointExtension>
            <ns3:hr>115</ns3:hr>
            <ns3:cad>54</ns3:cad>
          </ns3:TrackPointExtension>
        </extensions>
      </trkpt>
      <trkpt lat="23.172470033168792724609375" lon="113.25637078844010829925537109375">
        <ele>-3</ele>
        <time>2023-07-31T11:18:33.000Z</time>
        <extensions>
          <ns3:TrackPointExtension>
            <ns3:hr>113</ns3:hr>
            <ns3:cad>57</ns3:cad>
          </ns3:TrackPointExtension>
        </extensions>
      </trkpt>
      <trkpt lat="23.17231320776045322418212890625" lon="113.25627095997333526611328125">
        <ele>-6.19999980926513671875</ele>
        <time>2023-07-31T11:18:47.000Z</time>
        <extensions>
          <ns3:TrackPointExtension>
            <ns3:hr>112</ns3:hr>
            <ns3:cad>59</ns3:cad>
          </ns3:TrackPointExtension>
        </extensions>
      </trkpt>
      <trkpt lat="23.1721580587327480316162109375" lon="113.25616543181240558624267578125">
        <ele>-8.6000003814697265625</ele>
        <time>2023-07-31T11:19:02.000Z</time>
        <extensions>
          <ns3:TrackPointExtension>
            <ns3:hr>114</ns3:hr>
            <ns3:cad>59</ns3:cad>
          </ns3:TrackPointExtension>
        </extensions>
      </trkpt>
      <trkpt lat="23.172015063464641571044921875" lon="113.25604003854095935821533203125">
        <ele>-5.80000019073486328125</ele>
        <time>2023-07-31T11:19:21.000Z</time>
        <extensions>
          <ns3:TrackPointExtension>
            <ns3:hr>112</ns3:hr>
            <ns3:cad>58</ns3:cad>
          </ns3:TrackPointExtension>
        </extensions>
      </trkpt>
      <trkpt lat="23.17201070487499237060546875" lon="113.2560364343225955963134765625">
        <ele>-5.80000019073486328125</ele>
        <time>2023-07-31T11:19:22.000Z</time>
        <extensions>
          <ns3:TrackPointExtension>
            <ns3:hr>116</ns3:hr>
            <ns3:cad>58</ns3:cad>
          </ns3:TrackPointExtension>
        </extensions>
      </trkpt>
      <trkpt lat="23.1720051728188991546630859375" lon="113.25603115372359752655029296875">
        <ele>-5.80000019073486328125</ele>
        <time>2023-07-31T11:19:23.000Z</time>
        <extensions>
          <ns3:TrackPointExtension>
            <ns3:hr>114</ns3:hr>
            <ns3:cad>58</ns3:cad>
          </ns3:TrackPointExtension>
        </extensions>
      </trkpt>
      <trkpt lat="23.17198522388935089111328125" lon="113.25598773546516895294189453125">
        <ele>-5</ele>
        <time>2023-07-31T11:19:28.000Z</time>
        <extensions>
          <ns3:TrackPointExtension>
            <ns3:hr>116</ns3:hr>
            <ns3:cad>56</ns3:cad>
          </ns3:TrackPointExtension>
        </extensions>
      </trkpt>
      <trkpt lat="23.17197441123425960540771484375" lon="113.25595001690089702606201171875">
        <ele>-4.19999980926513671875</ele>
        <time>2023-07-31T11:19:31.000Z</time>
        <extensions>
          <ns3:TrackPointExtension>
            <ns3:hr>119</ns3:hr>
            <ns3:cad>59</ns3:cad>
          </ns3:TrackPointExtension>
        </extensions>
      </trkpt>
      <trkpt lat="23.17196452058851718902587890625" lon="113.25592688284814357757568359375">
        <ele>-3.7999999523162841796875</ele>
        <time>2023-07-31T11:19:33.000Z</time>
        <extensions>
          <ns3:TrackPointExtension>
            <ns3:hr>120</ns3:hr>
            <ns3:cad>59</ns3:cad>
          </ns3:TrackPointExtension>
        </extensions>
      </trkpt>
      <trkpt lat="23.17190081812441349029541015625" lon="113.25573359616100788116455078125">
        <ele>-0.60000002384185791015625</ele>
        <time>2023-07-31T11:19:51.000Z</time>
        <extensions>
          <ns3:TrackPointExtension>
            <ns3:hr>120</ns3:hr>
            <ns3:cad>56</ns3:cad>
          </ns3:TrackPointExtension>
        </extensions>
      </trkpt>
      <trkpt lat="23.1719116307795047760009765625" lon="113.2556840591132640838623046875">
        <ele>0.60000002384185791015625</ele>
        <time>2023-07-31T11:19:57.000Z</time>
        <extensions>
          <ns3:TrackPointExtension>
            <ns3:hr>119</ns3:hr>
            <ns3:cad>54</ns3:cad>
          </ns3:TrackPointExtension>
        </extensions>
      </trkpt>
      <trkpt lat="23.17192361690104007720947265625" lon="113.25564592145383358001708984375">
        <ele>1.39999997615814208984375</ele>
        <time>2023-07-31T11:20:02.000Z</time>
        <extensions>
          <ns3:TrackPointExtension>
            <ns3:hr>119</ns3:hr>
            <ns3:cad>55</ns3:cad>
          </ns3:TrackPointExtension>
        </extensions>
      </trkpt>
      <trkpt lat="23.17193292081356048583984375" lon="113.2555945403873920440673828125">
        <ele>2.599999904632568359375</ele>
        <time>2023-07-31T11:20:06.000Z</time>
        <extensions>
          <ns3:TrackPointExtension>
            <ns3:hr>120</ns3:hr>
            <ns3:cad>55</ns3:cad>
          </ns3:TrackPointExtension>
        </extensions>
      </trkpt>
      <trkpt lat="23.1719555519521236419677734375" lon="113.255526311695575714111328125">
        <ele>3.400000095367431640625</ele>
        <time>2023-07-31T11:20:11.000Z</time>
        <extensions>
          <ns3:TrackPointExtension>
            <ns3:hr>120</ns3:hr>
            <ns3:cad>53</ns3:cad>
          </ns3:TrackPointExtension>
        </extensions>
      </trkpt>
      <trkpt lat="23.1719786860048770904541015625" lon="113.25545397587120532989501953125">
        <ele>4</ele>
        <time>2023-07-31T11:20:19.000Z</time>
        <extensions>
          <ns3:TrackPointExtension>
            <ns3:hr>119</ns3:hr>
            <ns3:cad>57</ns3:cad>
          </ns3:TrackPointExtension>
        </extensions>
      </trkpt>
      <trkpt lat="23.172025792300701141357421875" lon="113.25543235056102275848388671875">
        <ele>4.400000095367431640625</ele>
        <time>2023-07-31T11:20:23.000Z</time>
        <extensions>
          <ns3:TrackPointExtension>
            <ns3:hr>119</ns3:hr>
            <ns3:cad>56</ns3:cad>
          </ns3:TrackPointExtension>
        </extensions>
      </trkpt>
      <trkpt lat="23.17210935987532138824462890625" lon="113.25539446435868740081787109375">
        <ele>5.19999980926513671875</ele>
        <time>2023-07-31T11:20:34.000Z</time>
        <extensions>
          <ns3:TrackPointExtension>
            <ns3:hr>118</ns3:hr>
            <ns3:cad>58</ns3:cad>
          </ns3:TrackPointExtension>
        </extensions>
      </trkpt>
      <trkpt lat="23.17212092690169811248779296875" lon="113.25538708828389644622802734375">
        <ele>5.19999980926513671875</ele>
        <time>2023-07-31T11:20:36.000Z</time>
        <extensions>
          <ns3:TrackPointExtension>
            <ns3:hr>118</ns3:hr>
            <ns3:cad>58</ns3:cad>
          </ns3:TrackPointExtension>
        </extensions>
      </trkpt>
      <trkpt lat="23.17212662659585475921630859375" lon="113.25536496005952358245849609375">
        <ele>5.400000095367431640625</ele>
        <time>2023-07-31T11:20:38.000Z</time>
        <extensions>
          <ns3:TrackPointExtension>
            <ns3:hr>118</ns3:hr>
            <ns3:cad>57</ns3:cad>
          </ns3:TrackPointExtension>
        </extensions>
      </trkpt>
      <trkpt lat="23.1721436418592929840087890625" lon="113.2553608529269695281982421875">
        <ele>5.599999904632568359375</ele>
        <time>2023-07-31T11:20:40.000Z</time>
        <extensions>
          <ns3:TrackPointExtension>
            <ns3:hr>118</ns3:hr>
            <ns3:cad>57</ns3:cad>
          </ns3:TrackPointExtension>
        </extensions>
      </trkpt>
      <trkpt lat="23.1723149679601192474365234375" lon="113.255267478525638580322265625">
        <ele>7.80000019073486328125</ele>
        <time>2023-07-31T11:20:59.000Z</time>
        <extensions>
          <ns3:TrackPointExtension>
            <ns3:hr>118</ns3:hr>
            <ns3:cad>60</ns3:cad>
          </ns3:TrackPointExtension>
        </extensions>
      </trkpt>
      <trkpt lat="23.17242686636745929718017578125" lon="113.25527359731495380401611328125">
        <ele>8.6000003814697265625</ele>
        <time>2023-07-31T11:21:09.000Z</time>
        <extensions>
          <ns3:TrackPointExtension>
            <ns3:hr>115</ns3:hr>
            <ns3:cad>61</ns3:cad>
          </ns3:TrackPointExtension>
        </extensions>
      </trkpt>
      <trkpt lat="23.17243675701320171356201171875" lon="113.2552736811339855194091796875">
        <ele>8.6000003814697265625</ele>
        <time>2023-07-31T11:21:10.000Z</time>
        <extensions>
          <ns3:TrackPointExtension>
            <ns3:hr>115</ns3:hr>
            <ns3:cad>61</ns3:cad>
          </ns3:TrackPointExtension>
        </extensions>
      </trkpt>
      <trkpt lat="23.17246802151203155517578125" lon="113.2552689872682094573974609375">
        <ele>8.3999996185302734375</ele>
        <time>2023-07-31T11:21:13.000Z</time>
        <extensions>
          <ns3:TrackPointExtension>
            <ns3:hr>116</ns3:hr>
            <ns3:cad>61</ns3:cad>
          </ns3:TrackPointExtension>
        </extensions>
      </trkpt>
      <trkpt lat="23.172631300985813140869140625" lon="113.25523822568356990814208984375">
        <ele>8</ele>
        <time>2023-07-31T11:21:29.000Z</time>
        <extensions>
          <ns3:TrackPointExtension>
            <ns3:hr>119</ns3:hr>
            <ns3:cad>61</ns3:cad>
          </ns3:TrackPointExtension>
        </extensions>
      </trkpt>
      <trkpt lat="23.17266776226460933685302734375" lon="113.25522758066654205322265625">
        <ele>8</ele>
        <time>2023-07-31T11:21:32.000Z</time>
        <extensions>
          <ns3:TrackPointExtension>
            <ns3:hr>119</ns3:hr>
            <ns3:cad>61</ns3:cad>
          </ns3:TrackPointExtension>
        </extensions>
      </trkpt>
      <trkpt lat="23.17281796596944332122802734375" lon="113.25519011355936527252197265625">
        <ele>6.599999904632568359375</ele>
        <time>2023-07-31T11:21:46.000Z</time>
        <extensions>
          <ns3:TrackPointExtension>
            <ns3:hr>116</ns3:hr>
            <ns3:cad>61</ns3:cad>
          </ns3:TrackPointExtension>
        </extensions>
      </trkpt>
      <trkpt lat="23.17287378944456577301025390625" lon="113.2552052848041057586669921875">
        <ele>6</ele>
        <time>2023-07-31T11:21:51.000Z</time>
        <extensions>
          <ns3:TrackPointExtension>
            <ns3:hr>110</ns3:hr>
            <ns3:cad>61</ns3:cad>
          </ns3:TrackPointExtension>
        </extensions>
      </trkpt>
      <trkpt lat="23.17288200370967388153076171875" lon="113.2552103139460086822509765625">
        <ele>5.80000019073486328125</ele>
        <time>2023-07-31T11:21:52.000Z</time>
        <extensions>
          <ns3:TrackPointExtension>
            <ns3:hr>107</ns3:hr>
            <ns3:cad>61</ns3:cad>
          </ns3:TrackPointExtension>
        </extensions>
      </trkpt>
      <trkpt lat="23.17289960570633411407470703125" lon="113.255209811031818389892578125">
        <ele>5.80000019073486328125</ele>
        <time>2023-07-31T11:21:53.000Z</time>
        <extensions>
          <ns3:TrackPointExtension>
            <ns3:hr>107</ns3:hr>
            <ns3:cad>61</ns3:cad>
          </ns3:TrackPointExtension>
        </extensions>
      </trkpt>
      <trkpt lat="23.17294620908796787261962890625" lon="113.25521685183048248291015625">
        <ele>5.19999980926513671875</ele>
        <time>2023-07-31T11:21:56.000Z</time>
        <extensions>
          <ns3:TrackPointExtension>
            <ns3:hr>106</ns3:hr>
            <ns3:cad>61</ns3:cad>
          </ns3:TrackPointExtension>
        </extensions>
      </trkpt>
      <trkpt lat="23.173095993697643280029296875" lon="113.255191706120967864990234375">
        <ele>6.599999904632568359375</ele>
        <time>2023-07-31T11:22:08.000Z</time>
        <extensions>
          <ns3:TrackPointExtension>
            <ns3:hr>112</ns3:hr>
            <ns3:cad>61</ns3:cad>
          </ns3:TrackPointExtension>
        </extensions>
      </trkpt>
      <trkpt lat="23.17310378886759281158447265625" lon="113.25518726371228694915771484375">
        <ele>6.80000019073486328125</ele>
        <time>2023-07-31T11:22:09.000Z</time>
        <extensions>
          <ns3:TrackPointExtension>
            <ns3:hr>112</ns3:hr>
            <ns3:cad>61</ns3:cad>
          </ns3:TrackPointExtension>
        </extensions>
      </trkpt>
      <trkpt lat="23.1732679903507232666015625" lon="113.2551881857216358184814453125">
        <ele>8.80000019073486328125</ele>
        <time>2023-07-31T11:22:23.000Z</time>
        <extensions>
          <ns3:TrackPointExtension>
            <ns3:hr>116</ns3:hr>
            <ns3:cad>61</ns3:cad>
          </ns3:TrackPointExtension>
        </extensions>
      </trkpt>
      <trkpt lat="23.17344912327826023101806640625" lon="113.25517737306654453277587890625">
        <ele>11.19999980926513671875</ele>
        <time>2023-07-31T11:22:42.000Z</time>
        <extensions>
          <ns3:TrackPointExtension>
            <ns3:hr>115</ns3:hr>
            <ns3:cad>56</ns3:cad>
          </ns3:TrackPointExtension>
        </extensions>
      </trkpt>
      <trkpt lat="23.17346219904720783233642578125" lon="113.25516714714467525482177734375">
        <ele>11.6000003814697265625</ele>
        <time>2023-07-31T11:22:43.000Z</time>
        <extensions>
          <ns3:TrackPointExtension>
            <ns3:hr>115</ns3:hr>
            <ns3:cad>56</ns3:cad>
          </ns3:TrackPointExtension>
        </extensions>
      </trkpt>
      <trkpt lat="23.173505030572414398193359375" lon="113.25517184101045131683349609375">
        <ele>11.80000019073486328125</ele>
        <time>2023-07-31T11:22:46.000Z</time>
        <extensions>
          <ns3:TrackPointExtension>
            <ns3:hr>115</ns3:hr>
            <ns3:cad>56</ns3:cad>
          </ns3:TrackPointExtension>
        </extensions>
      </trkpt>
      <trkpt lat="23.17353461869060993194580078125" lon="113.25517167337238788604736328125">
        <ele>11.80000019073486328125</ele>
        <time>2023-07-31T11:22:48.000Z</time>
        <extensions>
          <ns3:TrackPointExtension>
            <ns3:hr>115</ns3:hr>
            <ns3:cad>61</ns3:cad>
          </ns3:TrackPointExtension>
        </extensions>
      </trkpt>
      <trkpt lat="23.17362665198743343353271484375" lon="113.25515373609960079193115234375">
        <ele>11.80000019073486328125</ele>
        <time>2023-07-31T11:22:58.000Z</time>
        <extensions>
          <ns3:TrackPointExtension>
            <ns3:hr>115</ns3:hr>
            <ns3:cad>58</ns3:cad>
          </ns3:TrackPointExtension>
        </extensions>
      </trkpt>
      <trkpt lat="23.1736916117370128631591796875" lon="113.25514954514801502227783203125">
        <ele>11.6000003814697265625</ele>
        <time>2023-07-31T11:23:05.000Z</time>
        <extensions>
          <ns3:TrackPointExtension>
            <ns3:hr>115</ns3:hr>
            <ns3:cad>61</ns3:cad>
          </ns3:TrackPointExtension>
        </extensions>
      </trkpt>
      <trkpt lat="23.1737375445663928985595703125" lon="113.25512842275202274322509765625">
        <ele>11.6000003814697265625</ele>
        <time>2023-07-31T11:23:09.000Z</time>
        <extensions>
          <ns3:TrackPointExtension>
            <ns3:hr>115</ns3:hr>
            <ns3:cad>61</ns3:cad>
          </ns3:TrackPointExtension>
        </extensions>
      </trkpt>
      <trkpt lat="23.17375321872532367706298828125" lon="113.2551207952201366424560546875">
        <ele>11.3999996185302734375</ele>
        <time>2023-07-31T11:23:10.000Z</time>
        <extensions>
          <ns3:TrackPointExtension>
            <ns3:hr>115</ns3:hr>
            <ns3:cad>61</ns3:cad>
          </ns3:TrackPointExtension>
        </extensions>
      </trkpt>
      <trkpt lat="23.17380686290562152862548828125" lon="113.2551033608615398406982421875">
        <ele>10.6000003814697265625</ele>
        <time>2023-07-31T11:23:13.000Z</time>
        <extensions>
          <ns3:TrackPointExtension>
            <ns3:hr>115</ns3:hr>
            <ns3:cad>61</ns3:cad>
          </ns3:TrackPointExtension>
        </extensions>
      </trkpt>
      <trkpt lat="23.17399696446955204010009765625" lon="113.25507276691496372222900390625">
        <ele>8.6000003814697265625</ele>
        <time>2023-07-31T11:23:29.000Z</time>
        <extensions>
          <ns3:TrackPointExtension>
            <ns3:hr>115</ns3:hr>
            <ns3:cad>60</ns3:cad>
          </ns3:TrackPointExtension>
        </extensions>
      </trkpt>
      <trkpt lat="23.1740473397076129913330078125" lon="113.2550470344722270965576171875">
        <ele>8</ele>
        <time>2023-07-31T11:23:34.000Z</time>
        <extensions>
          <ns3:TrackPointExtension>
            <ns3:hr>115</ns3:hr>
            <ns3:cad>61</ns3:cad>
          </ns3:TrackPointExtension>
        </extensions>
      </trkpt>
      <trkpt lat="23.1740899197757244110107421875" lon="113.25501912273466587066650390625">
        <ele>7.599999904632568359375</ele>
        <time>2023-07-31T11:23:39.000Z</time>
        <extensions>
          <ns3:TrackPointExtension>
            <ns3:hr>114</ns3:hr>
            <ns3:cad>61</ns3:cad>
          </ns3:TrackPointExtension>
        </extensions>
      </trkpt>
      <trkpt lat="23.17415714263916015625" lon="113.25501040555536746978759765625">
        <ele>7.80000019073486328125</ele>
        <time>2023-07-31T11:23:44.000Z</time>
        <extensions>
          <ns3:TrackPointExtension>
            <ns3:hr>113</ns3:hr>
            <ns3:cad>61</ns3:cad>
          </ns3:TrackPointExtension>
        </extensions>
      </trkpt>
      <trkpt lat="23.17426065914332866668701171875" lon="113.25502046383917331695556640625">
        <ele>7.400000095367431640625</ele>
        <time>2023-07-31T11:23:51.000Z</time>
        <extensions>
          <ns3:TrackPointExtension>
            <ns3:hr>116</ns3:hr>
            <ns3:cad>63</ns3:cad>
          </ns3:TrackPointExtension>
        </extensions>
      </trkpt>
      <trkpt lat="23.17430206574499607086181640625" lon="113.25501476414501667022705078125">
        <ele>7.19999980926513671875</ele>
        <time>2023-07-31T11:23:55.000Z</time>
        <extensions>
          <ns3:TrackPointExtension>
            <ns3:hr>119</ns3:hr>
            <ns3:cad>58</ns3:cad>
          </ns3:TrackPointExtension>
        </extensions>
      </trkpt>
      <trkpt lat="23.174335844814777374267578125" lon="113.25502532534301280975341796875">
        <ele>7</ele>
        <time>2023-07-31T11:23:59.000Z</time>
        <extensions>
          <ns3:TrackPointExtension>
            <ns3:hr>119</ns3:hr>
            <ns3:cad>58</ns3:cad>
          </ns3:TrackPointExtension>
        </extensions>
      </trkpt>
      <trkpt lat="23.17435705102980136871337890625" lon="113.255028091371059417724609375">
        <ele>7</ele>
        <time>2023-07-31T11:24:01.000Z</time>
        <extensions>
          <ns3:TrackPointExtension>
            <ns3:hr>118</ns3:hr>
            <ns3:cad>58</ns3:cad>
          </ns3:TrackPointExtension>
        </extensions>
      </trkpt>
      <trkpt lat="23.1744892336428165435791015625" lon="113.25496296398341655731201171875">
        <ele>6.19999980926513671875</ele>
        <time>2023-07-31T11:24:20.000Z</time>
        <extensions>
          <ns3:TrackPointExtension>
            <ns3:hr>121</ns3:hr>
            <ns3:cad>59</ns3:cad>
          </ns3:TrackPointExtension>
        </extensions>
      </trkpt>
      <trkpt lat="23.1744897365570068359375" lon="113.2549534924328327178955078125">
        <ele>6.19999980926513671875</ele>
        <time>2023-07-31T11:24:21.000Z</time>
        <extensions>
          <ns3:TrackPointExtension>
            <ns3:hr>127</ns3:hr>
            <ns3:cad>56</ns3:cad>
          </ns3:TrackPointExtension>
        </extensions>
      </trkpt>
      <trkpt lat="23.1744899041950702667236328125" lon="113.25494284741580486297607421875">
        <ele>6</ele>
        <time>2023-07-31T11:24:22.000Z</time>
        <extensions>
          <ns3:TrackPointExtension>
            <ns3:hr>132</ns3:hr>
            <ns3:cad>56</ns3:cad>
          </ns3:TrackPointExtension>
        </extensions>
      </trkpt>
      <trkpt lat="23.1744905747473239898681640625" lon="113.25492851436138153076171875">
        <ele>6</ele>
        <time>2023-07-31T11:24:23.000Z</time>
        <extensions>
          <ns3:TrackPointExtension>
            <ns3:hr>132</ns3:hr>
            <ns3:cad>56</ns3:cad>
          </ns3:TrackPointExtension>
        </extensions>
      </trkpt>
      <trkpt lat="23.1744848750531673431396484375" lon="113.25480773113667964935302734375">
        <ele>6</ele>
        <time>2023-07-31T11:24:33.000Z</time>
        <extensions>
          <ns3:TrackPointExtension>
            <ns3:hr>129</ns3:hr>
            <ns3:cad>61</ns3:cad>
          </ns3:TrackPointExtension>
        </extensions>
      </trkpt>
      <trkpt lat="23.17444975487887859344482421875" lon="113.254717290401458740234375">
        <ele>6.19999980926513671875</ele>
        <time>2023-07-31T11:24:42.000Z</time>
        <extensions>
          <ns3:TrackPointExtension>
            <ns3:hr>126</ns3:hr>
            <ns3:cad>61</ns3:cad>
          </ns3:TrackPointExtension>
        </extensions>
      </trkpt>
      <trkpt lat="23.17445277236402034759521484375" lon="113.2546406798064708709716796875">
        <ele>6</ele>
        <time>2023-07-31T11:24:50.000Z</time>
        <extensions>
          <ns3:TrackPointExtension>
            <ns3:hr>123</ns3:hr>
            <ns3:cad>58</ns3:cad>
          </ns3:TrackPointExtension>
        </extensions>
      </trkpt>
      <trkpt lat="23.17445612512528896331787109375" lon="113.25462819077074527740478515625">
        <ele>6</ele>
        <time>2023-07-31T11:24:52.000Z</time>
        <extensions>
          <ns3:TrackPointExtension>
            <ns3:hr>123</ns3:hr>
            <ns3:cad>60</ns3:cad>
          </ns3:TrackPointExtension>
        </extensions>
      </trkpt>
      <trkpt lat="23.17448277957737445831298828125" lon="113.25460187159478664398193359375">
        <ele>5.80000019073486328125</ele>
        <time>2023-07-31T11:24:56.000Z</time>
        <extensions>
          <ns3:TrackPointExtension>
            <ns3:hr>124</ns3:hr>
            <ns3:cad>60</ns3:cad>
          </ns3:TrackPointExtension>
        </extensions>
      </trkpt>
      <trkpt lat="23.17450926639139652252197265625" lon="113.2546006143093109130859375">
        <ele>5.599999904632568359375</ele>
        <time>2023-07-31T11:24:58.000Z</time>
        <extensions>
          <ns3:TrackPointExtension>
            <ns3:hr>124</ns3:hr>
            <ns3:cad>60</ns3:cad>
          </ns3:TrackPointExtension>
        </extensions>
      </trkpt>
      <trkpt lat="23.17461890168488025665283203125" lon="113.25460539199411869049072265625">
        <ele>4.19999980926513671875</ele>
        <time>2023-07-31T11:25:05.000Z</time>
        <extensions>
          <ns3:TrackPointExtension>
            <ns3:hr>121</ns3:hr>
            <ns3:cad>64</ns3:cad>
          </ns3:TrackPointExtension>
        </extensions>
      </trkpt>
      <trkpt lat="23.1746733002364635467529296875" lon="113.25460958294570446014404296875">
        <ele>4.19999980926513671875</ele>
        <time>2023-07-31T11:25:09.000Z</time>
        <extensions>
          <ns3:TrackPointExtension>
            <ns3:hr>120</ns3:hr>
            <ns3:cad>60</ns3:cad>
          </ns3:TrackPointExtension>
        </extensions>
      </trkpt>
      <trkpt lat="23.1746974401175975799560546875" lon="113.25458460487425327301025390625">
        <ele>4.19999980926513671875</ele>
        <time>2023-07-31T11:25:14.000Z</time>
        <extensions>
          <ns3:TrackPointExtension>
            <ns3:hr>119</ns3:hr>
            <ns3:cad>63</ns3:cad>
          </ns3:TrackPointExtension>
        </extensions>
      </trkpt>
      <trkpt lat="23.1747353263199329376220703125" lon="113.25456515885889530181884765625">
        <ele>4.400000095367431640625</ele>
        <time>2023-07-31T11:25:20.000Z</time>
        <extensions>
          <ns3:TrackPointExtension>
            <ns3:hr>118</ns3:hr>
            <ns3:cad>63</ns3:cad>
          </ns3:TrackPointExtension>
        </extensions>
      </trkpt>
      <trkpt lat="23.17490170709788799285888671875" lon="113.2545260153710842132568359375">
        <ele>4.19999980926513671875</ele>
        <time>2023-07-31T11:25:42.000Z</time>
        <extensions>
          <ns3:TrackPointExtension>
            <ns3:hr>118</ns3:hr>
            <ns3:cad>0</ns3:cad>
          </ns3:TrackPointExtension>
        </extensions>
      </trkpt>
      <trkpt lat="23.17509750835597515106201171875" lon="113.2545174658298492431640625">
        <ele>6</ele>
        <time>2023-07-31T11:25:58.000Z</time>
        <extensions>
          <ns3:TrackPointExtension>
            <ns3:hr>119</ns3:hr>
            <ns3:cad>61</ns3:cad>
          </ns3:TrackPointExtension>
        </extensions>
      </trkpt>
      <trkpt lat="23.17516959272325038909912109375" lon="113.2544760592281818389892578125">
        <ele>7.80000019073486328125</ele>
        <time>2023-07-31T11:26:06.000Z</time>
        <extensions>
          <ns3:TrackPointExtension>
            <ns3:hr>118</ns3:hr>
            <ns3:cad>60</ns3:cad>
          </ns3:TrackPointExtension>
        </extensions>
      </trkpt>
      <trkpt lat="23.1751899607479572296142578125" lon="113.254440017044544219970703125">
        <ele>8.6000003814697265625</ele>
        <time>2023-07-31T11:26:10.000Z</time>
        <extensions>
          <ns3:TrackPointExtension>
            <ns3:hr>118</ns3:hr>
            <ns3:cad>60</ns3:cad>
          </ns3:TrackPointExtension>
        </extensions>
      </trkpt>
      <trkpt lat="23.17522340454161167144775390625" lon="113.2543670944869518280029296875">
        <ele>10</ele>
        <time>2023-07-31T11:26:19.000Z</time>
        <extensions>
          <ns3:TrackPointExtension>
            <ns3:hr>119</ns3:hr>
            <ns3:cad>60</ns3:cad>
          </ns3:TrackPointExtension>
        </extensions>
      </trkpt>
      <trkpt lat="23.175243772566318511962890625" lon="113.2542896457016468048095703125">
        <ele>12.19999980926513671875</ele>
        <time>2023-07-31T11:26:25.000Z</time>
        <extensions>
          <ns3:TrackPointExtension>
            <ns3:hr>119</ns3:hr>
            <ns3:cad>61</ns3:cad>
          </ns3:TrackPointExtension>
        </extensions>
      </trkpt>
      <trkpt lat="23.17525123246014118194580078125" lon="113.2542733848094940185546875">
        <ele>12.80000019073486328125</ele>
        <time>2023-07-31T11:26:27.000Z</time>
        <extensions>
          <ns3:TrackPointExtension>
            <ns3:hr>119</ns3:hr>
            <ns3:cad>61</ns3:cad>
          </ns3:TrackPointExtension>
        </extensions>
      </trkpt>
      <trkpt lat="23.1752335466444492340087890625" lon="113.25420456938445568084716796875">
        <ele>13.80000019073486328125</ele>
        <time>2023-07-31T11:26:31.000Z</time>
        <extensions>
          <ns3:TrackPointExtension>
            <ns3:hr>118</ns3:hr>
            <ns3:cad>61</ns3:cad>
          </ns3:TrackPointExtension>
        </extensions>
      </trkpt>
      <trkpt lat="23.17519448697566986083984375" lon="113.254024274647235870361328125">
        <ele>14.6000003814697265625</ele>
        <time>2023-07-31T11:26:42.000Z</time>
        <extensions>
          <ns3:TrackPointExtension>
            <ns3:hr>118</ns3:hr>
            <ns3:cad>58</ns3:cad>
          </ns3:TrackPointExtension>
        </extensions>
      </trkpt>
      <trkpt lat="23.17512365989387035369873046875" lon="113.25382671318948268890380859375">
        <ele>13</ele>
        <time>2023-07-31T11:26:54.000Z</time>
        <extensions>
          <ns3:TrackPointExtension>
            <ns3:hr>118</ns3:hr>
            <ns3:cad>61</ns3:cad>
          </ns3:TrackPointExtension>
        </extensions>
      </trkpt>
      <trkpt lat="23.1750977598130702972412109375" lon="113.2536268047988414764404296875">
        <ele>12.80000019073486328125</ele>
        <time>2023-07-31T11:27:07.000Z</time>
        <extensions>
          <ns3:TrackPointExtension>
            <ns3:hr>119</ns3:hr>
            <ns3:cad>61</ns3:cad>
          </ns3:TrackPointExtension>
        </extensions>
      </trkpt>
      <trkpt lat="23.175066411495208740234375" lon="113.2536019943654537200927734375">
        <ele>13.19999980926513671875</ele>
        <time>2023-07-31T11:27:10.000Z</time>
        <extensions>
          <ns3:TrackPointExtension>
            <ns3:hr>118</ns3:hr>
            <ns3:cad>61</ns3:cad>
          </ns3:TrackPointExtension>
        </extensions>
      </trkpt>
      <trkpt lat="23.17503313533961772918701171875" lon="113.2535332627594470977783203125">
        <ele>13.19999980926513671875</ele>
        <time>2023-07-31T11:27:16.000Z</time>
        <extensions>
          <ns3:TrackPointExtension>
            <ns3:hr>118</ns3:hr>
            <ns3:cad>61</ns3:cad>
          </ns3:TrackPointExtension>
        </extensions>
      </trkpt>
      <trkpt lat="23.175030536949634552001953125" lon="113.2535091228783130645751953125">
        <ele>13.6000003814697265625</ele>
        <time>2023-07-31T11:27:18.000Z</time>
        <extensions>
          <ns3:TrackPointExtension>
            <ns3:hr>118</ns3:hr>
            <ns3:cad>61</ns3:cad>
          </ns3:TrackPointExtension>
        </extensions>
      </trkpt>
      <trkpt lat="23.17501720972359180450439453125" lon="113.25348875485360622406005859375">
        <ele>13.80000019073486328125</ele>
        <time>2023-07-31T11:27:20.000Z</time>
        <extensions>
          <ns3:TrackPointExtension>
            <ns3:hr>117</ns3:hr>
            <ns3:cad>61</ns3:cad>
          </ns3:TrackPointExtension>
        </extensions>
      </trkpt>
      <trkpt lat="23.1750159524381160736083984375" lon="113.25347349978983402252197265625">
        <ele>14</ele>
        <time>2023-07-31T11:27:22.000Z</time>
        <extensions>
          <ns3:TrackPointExtension>
            <ns3:hr>117</ns3:hr>
            <ns3:cad>61</ns3:cad>
          </ns3:TrackPointExtension>
        </extensions>
      </trkpt>
      <trkpt lat="23.17502374760806560516357421875" lon="113.25344349257647991180419921875">
        <ele>14</ele>
        <time>2023-07-31T11:27:25.000Z</time>
        <extensions>
          <ns3:TrackPointExtension>
            <ns3:hr>117</ns3:hr>
            <ns3:cad>61</ns3:cad>
          </ns3:TrackPointExtension>
        </extensions>
      </trkpt>
      <trkpt lat="23.17502324469387531280517578125" lon="113.25339336879551410675048828125">
        <ele>14.3999996185302734375</ele>
        <time>2023-07-31T11:27:29.000Z</time>
        <extensions>
          <ns3:TrackPointExtension>
            <ns3:hr>116</ns3:hr>
            <ns3:cad>61</ns3:cad>
          </ns3:TrackPointExtension>
        </extensions>
      </trkpt>
      <trkpt lat="23.17502408288419246673583984375" lon="113.25336134992539882659912109375">
        <ele>14.80000019073486328125</ele>
        <time>2023-07-31T11:27:30.000Z</time>
        <extensions>
          <ns3:TrackPointExtension>
            <ns3:hr>116</ns3:hr>
            <ns3:cad>61</ns3:cad>
          </ns3:TrackPointExtension>
        </extensions>
      </trkpt>
      <trkpt lat="23.1750642322003841400146484375" lon="113.25315565802156925201416015625">
        <ele>15.80000019073486328125</ele>
        <time>2023-07-31T11:27:44.000Z</time>
        <extensions>
          <ns3:TrackPointExtension>
            <ns3:hr>116</ns3:hr>
            <ns3:cad>61</ns3:cad>
          </ns3:TrackPointExtension>
        </extensions>
      </trkpt>
      <trkpt lat="23.17510320805013179779052734375" lon="113.2529539056122303009033203125">
        <ele>18.3999996185302734375</ele>
        <time>2023-07-31T11:27:59.000Z</time>
        <extensions>
          <ns3:TrackPointExtension>
            <ns3:hr>118</ns3:hr>
            <ns3:cad>61</ns3:cad>
          </ns3:TrackPointExtension>
        </extensions>
      </trkpt>
      <trkpt lat="23.17508518695831298828125" lon="113.25283748097717761993408203125">
        <ele>18.3999996185302734375</ele>
        <time>2023-07-31T11:28:09.000Z</time>
        <extensions>
          <ns3:TrackPointExtension>
            <ns3:hr>118</ns3:hr>
            <ns3:cad>56</ns3:cad>
          </ns3:TrackPointExtension>
        </extensions>
      </trkpt>
      <trkpt lat="23.17504654638469219207763671875" lon="113.25275123119354248046875">
        <ele>18.3999996185302734375</ele>
        <time>2023-07-31T11:28:17.000Z</time>
        <extensions>
          <ns3:TrackPointExtension>
            <ns3:hr>117</ns3:hr>
            <ns3:cad>58</ns3:cad>
          </ns3:TrackPointExtension>
        </extensions>
      </trkpt>
      <trkpt lat="23.17509164102375507354736328125" lon="113.25263966806232929229736328125">
        <ele>17.799999237060546875</ele>
        <time>2023-07-31T11:28:27.000Z</time>
        <extensions>
          <ns3:TrackPointExtension>
            <ns3:hr>112</ns3:hr>
            <ns3:cad>58</ns3:cad>
          </ns3:TrackPointExtension>
        </extensions>
      </trkpt>
      <trkpt lat="23.1750930659472942352294921875" lon="113.25261150486767292022705078125">
        <ele>17.200000762939453125</ele>
        <time>2023-07-31T11:28:29.000Z</time>
        <extensions>
          <ns3:TrackPointExtension>
            <ns3:hr>108</ns3:hr>
            <ns3:cad>58</ns3:cad>
          </ns3:TrackPointExtension>
        </extensions>
      </trkpt>
      <trkpt lat="23.17510974593460559844970703125" lon="113.25247697532176971435546875">
        <ele>12.80000019073486328125</ele>
        <time>2023-07-31T11:28:39.000Z</time>
        <extensions>
          <ns3:TrackPointExtension>
            <ns3:hr>108</ns3:hr>
            <ns3:cad>61</ns3:cad>
          </ns3:TrackPointExtension>
        </extensions>
      </trkpt>
      <trkpt lat="23.17511259578168392181396484375" lon="113.25238485820591449737548828125">
        <ele>9.6000003814697265625</ele>
        <time>2023-07-31T11:28:46.000Z</time>
        <extensions>
          <ns3:TrackPointExtension>
            <ns3:hr>110</ns3:hr>
            <ns3:cad>60</ns3:cad>
          </ns3:TrackPointExtension>
        </extensions>
      </trkpt>
      <trkpt lat="23.1750756315886974334716796875" lon="113.25230724178254604339599609375">
        <ele>7</ele>
        <time>2023-07-31T11:28:51.000Z</time>
        <extensions>
          <ns3:TrackPointExtension>
            <ns3:hr>113</ns3:hr>
            <ns3:cad>55</ns3:cad>
          </ns3:TrackPointExtension>
        </extensions>
      </trkpt>
      <trkpt lat="23.17508191801607608795166015625" lon="113.25228511355817317962646484375">
        <ele>6.19999980926513671875</ele>
        <time>2023-07-31T11:28:53.000Z</time>
        <extensions>
          <ns3:TrackPointExtension>
            <ns3:hr>113</ns3:hr>
            <ns3:cad>55</ns3:cad>
          </ns3:TrackPointExtension>
        </extensions>
      </trkpt>
      <trkpt lat="23.1750756315886974334716796875" lon="113.25226013548672199249267578125">
        <ele>5.19999980926513671875</ele>
        <time>2023-07-31T11:28:55.000Z</time>
        <extensions>
          <ns3:TrackPointExtension>
            <ns3:hr>114</ns3:hr>
            <ns3:cad>55</ns3:cad>
          </ns3:TrackPointExtension>
        </extensions>
      </trkpt>
      <trkpt lat="23.17509868182241916656494140625" lon="113.25222082436084747314453125">
        <ele>3.7999999523162841796875</ele>
        <time>2023-07-31T11:28:59.000Z</time>
        <extensions>
          <ns3:TrackPointExtension>
            <ns3:hr>117</ns3:hr>
            <ns3:cad>61</ns3:cad>
          </ns3:TrackPointExtension>
        </extensions>
      </trkpt>
      <trkpt lat="23.175148554146289825439453125" lon="113.25219525955617427825927734375">
        <ele>2.599999904632568359375</ele>
        <time>2023-07-31T11:29:01.000Z</time>
        <extensions>
          <ns3:TrackPointExtension>
            <ns3:hr>117</ns3:hr>
            <ns3:cad>61</ns3:cad>
          </ns3:TrackPointExtension>
        </extensions>
      </trkpt>
      <trkpt lat="23.17517110146582126617431640625" lon="113.25214345939457416534423828125">
        <ele>1</ele>
        <time>2023-07-31T11:29:06.000Z</time>
        <extensions>
          <ns3:TrackPointExtension>
            <ns3:hr>115</ns3:hr>
            <ns3:cad>54</ns3:cad>
          </ns3:TrackPointExtension>
        </extensions>
      </trkpt>
    </trkseg>
  </trk>
</gpx>
