<gpx xmlns:ns3="http://www.garmin.com/xmlschemas/TrackPointExtension/v1" xmlns="http://www.topografix.com/GPX/1/1" xmlns:xsi="http://www.w3.org/2001/XMLSchema-instance" xmlns:ns2="http://www.garmin.com/xmlschemas/GpxExtensions/v3" creator="Garmin Connect" version="1.1" xsi:schemaLocation="http://www.topografix.com/GPX/1/1 http://www.topografix.com/GPX/11.xsd">
  <extensions>
<distance>5101.04</distance>
<average_hr>153.0</average_hr>
<average_speed>1.9739999771118166</average_speed>
<start_time>2023-08-11T12:40:18+00:00</start_time>
<end_time>2023-08-11T13:23:22.094000+00:00</end_time>
<moving_time>2573.596</moving_time>
<elapsed_time>2644.321</elapsed_time>
</extensions>
<metadata>
    <link href="connect.garmin.com">
      <text>Garmin Connect</text>
    </link>
    <time>2023-08-11T12:40:18.000Z</time>
  </metadata>
  <trk>
    <name>广州市 跑步</name>
    <type>running</type>
    <trkseg>
      <trkpt lat="23.1790248490869998931884765625" lon="113.2513201050460338592529296875">
        <ele>15.19999980926513671875</ele>
        <time>2023-08-11T12:40:18.000Z</time>
        <extensions>
          <ns3:TrackPointExtension>
            <ns3:hr>100</ns3:hr>
            <ns3:cad>61</ns3:cad>
          </ns3:TrackPointExtension>
        </extensions>
      </trkpt>
      <trkpt lat="23.17900598980486392974853515625" lon="113.2513506151735782623291015625">
        <ele>15</ele>
        <time>2023-08-11T12:40:19.000Z</time>
        <extensions>
          <ns3:TrackPointExtension>
            <ns3:hr>100</ns3:hr>
            <ns3:cad>61</ns3:cad>
          </ns3:TrackPointExtension>
        </extensions>
      </trkpt>
      <trkpt lat="23.1788738071918487548828125" lon="113.25139629654586315155029296875">
        <ele>15</ele>
        <time>2023-08-11T12:40:24.000Z</time>
        <extensions>
          <ns3:TrackPointExtension>
            <ns3:hr>100</ns3:hr>
            <ns3:cad>61</ns3:cad>
          </ns3:TrackPointExtension>
        </extensions>
      </trkpt>
      <trkpt lat="23.17882510833442211151123046875" lon="113.25153015553951263427734375">
        <ele>15</ele>
        <time>2023-08-11T12:40:28.000Z</time>
        <extensions>
          <ns3:TrackPointExtension>
            <ns3:hr>101</ns3:hr>
            <ns3:cad>81</ns3:cad>
          </ns3:TrackPointExtension>
        </extensions>
      </trkpt>
      <trkpt lat="23.1788246892392635345458984375" lon="113.2515910081565380096435546875">
        <ele>14.80000019073486328125</ele>
        <time>2023-08-11T12:40:30.000Z</time>
        <extensions>
          <ns3:TrackPointExtension>
            <ns3:hr>103</ns3:hr>
            <ns3:cad>81</ns3:cad>
          </ns3:TrackPointExtension>
        </extensions>
      </trkpt>
      <trkpt lat="23.17885972559452056884765625" lon="113.25166937895119190216064453125">
        <ele>14.80000019073486328125</ele>
        <time>2023-08-11T12:40:33.000Z</time>
        <extensions>
          <ns3:TrackPointExtension>
            <ns3:hr>106</ns3:hr>
            <ns3:cad>82</ns3:cad>
          </ns3:TrackPointExtension>
        </extensions>
      </trkpt>
      <trkpt lat="23.17904421128332614898681640625" lon="113.2517281360924243927001953125">
        <ele>13.19999980926513671875</ele>
        <time>2023-08-11T12:40:37.000Z</time>
        <extensions>
          <ns3:TrackPointExtension>
            <ns3:hr>109</ns3:hr>
            <ns3:cad>82</ns3:cad>
          </ns3:TrackPointExtension>
        </extensions>
      </trkpt>
      <trkpt lat="23.17906633950769901275634765625" lon="113.25174280442297458648681640625">
        <ele>13.19999980926513671875</ele>
        <time>2023-08-11T12:40:38.000Z</time>
        <extensions>
          <ns3:TrackPointExtension>
            <ns3:hr>112</ns3:hr>
            <ns3:cad>83</ns3:cad>
          </ns3:TrackPointExtension>
        </extensions>
      </trkpt>
      <trkpt lat="23.17908109165728092193603515625" lon="113.25177046470344066619873046875">
        <ele>13.19999980926513671875</ele>
        <time>2023-08-11T12:40:39.000Z</time>
        <extensions>
          <ns3:TrackPointExtension>
            <ns3:hr>115</ns3:hr>
            <ns3:cad>83</ns3:cad>
          </ns3:TrackPointExtension>
        </extensions>
      </trkpt>
      <trkpt lat="23.1790885515511035919189453125" lon="113.25179167091846466064453125">
        <ele>13.6000003814697265625</ele>
        <time>2023-08-11T12:40:40.000Z</time>
        <extensions>
          <ns3:TrackPointExtension>
            <ns3:hr>115</ns3:hr>
            <ns3:cad>84</ns3:cad>
          </ns3:TrackPointExtension>
        </extensions>
      </trkpt>
      <trkpt lat="23.17910741083323955535888671875" lon="113.2518189959228038787841796875">
        <ele>14</ele>
        <time>2023-08-11T12:40:42.000Z</time>
        <extensions>
          <ns3:TrackPointExtension>
            <ns3:hr>109</ns3:hr>
            <ns3:cad>85</ns3:cad>
          </ns3:TrackPointExtension>
        </extensions>
      </trkpt>
      <trkpt lat="23.1791582889854907989501953125" lon="113.2519065029919147491455078125">
        <ele>15</ele>
        <time>2023-08-11T12:40:48.000Z</time>
        <extensions>
          <ns3:TrackPointExtension>
            <ns3:hr>114</ns3:hr>
            <ns3:cad>86</ns3:cad>
          </ns3:TrackPointExtension>
        </extensions>
      </trkpt>
      <trkpt lat="23.179168514907360076904296875" lon="113.2519316487014293670654296875">
        <ele>15.3999996185302734375</ele>
        <time>2023-08-11T12:40:50.000Z</time>
        <extensions>
          <ns3:TrackPointExtension>
            <ns3:hr>119</ns3:hr>
            <ns3:cad>87</ns3:cad>
          </ns3:TrackPointExtension>
        </extensions>
      </trkpt>
      <trkpt lat="23.1791706942021846771240234375" lon="113.25194195844233036041259765625">
        <ele>15.3999996185302734375</ele>
        <time>2023-08-11T12:40:51.000Z</time>
        <extensions>
          <ns3:TrackPointExtension>
            <ns3:hr>120</ns3:hr>
            <ns3:cad>85</ns3:cad>
          </ns3:TrackPointExtension>
        </extensions>
      </trkpt>
      <trkpt lat="23.17919441498816013336181640625" lon="113.25196341611444950103759765625">
        <ele>15.80000019073486328125</ele>
        <time>2023-08-11T12:40:53.000Z</time>
        <extensions>
          <ns3:TrackPointExtension>
            <ns3:hr>125</ns3:hr>
            <ns3:cad>84</ns3:cad>
          </ns3:TrackPointExtension>
        </extensions>
      </trkpt>
      <trkpt lat="23.1792788207530975341796875" lon="113.2520308904349803924560546875">
        <ele>17.200000762939453125</ele>
        <time>2023-08-11T12:40:59.000Z</time>
        <extensions>
          <ns3:TrackPointExtension>
            <ns3:hr>130</ns3:hr>
            <ns3:cad>84</ns3:cad>
          </ns3:TrackPointExtension>
        </extensions>
      </trkpt>
      <trkpt lat="23.1792947463691234588623046875" lon="113.25203977525234222412109375">
        <ele>17.6000003814697265625</ele>
        <time>2023-08-11T12:41:00.000Z</time>
        <extensions>
          <ns3:TrackPointExtension>
            <ns3:hr>135</ns3:hr>
            <ns3:cad>84</ns3:cad>
          </ns3:TrackPointExtension>
        </extensions>
      </trkpt>
      <trkpt lat="23.17930824123322963714599609375" lon="113.25205109082162380218505859375">
        <ele>17.799999237060546875</ele>
        <time>2023-08-11T12:41:01.000Z</time>
        <extensions>
          <ns3:TrackPointExtension>
            <ns3:hr>139</ns3:hr>
            <ns3:cad>84</ns3:cad>
          </ns3:TrackPointExtension>
        </extensions>
      </trkpt>
      <trkpt lat="23.17933581769466400146484375" lon="113.25208000838756561279296875">
        <ele>18.200000762939453125</ele>
        <time>2023-08-11T12:41:03.000Z</time>
        <extensions>
          <ns3:TrackPointExtension>
            <ns3:hr>136</ns3:hr>
            <ns3:cad>85</ns3:cad>
          </ns3:TrackPointExtension>
        </extensions>
      </trkpt>
      <trkpt lat="23.1793453730642795562744140625" lon="113.2520909048616886138916015625">
        <ele>18.3999996185302734375</ele>
        <time>2023-08-11T12:41:04.000Z</time>
        <extensions>
          <ns3:TrackPointExtension>
            <ns3:hr>132</ns3:hr>
            <ns3:cad>85</ns3:cad>
          </ns3:TrackPointExtension>
        </extensions>
      </trkpt>
      <trkpt lat="23.17934998311102390289306640625" lon="113.25210490263998508453369140625">
        <ele>18.6000003814697265625</ele>
        <time>2023-08-11T12:41:05.000Z</time>
        <extensions>
          <ns3:TrackPointExtension>
            <ns3:hr>133</ns3:hr>
            <ns3:cad>85</ns3:cad>
          </ns3:TrackPointExtension>
        </extensions>
      </trkpt>
      <trkpt lat="23.17936607636511325836181640625" lon="113.252212442457675933837890625">
        <ele>19.200000762939453125</ele>
        <time>2023-08-11T12:41:09.000Z</time>
        <extensions>
          <ns3:TrackPointExtension>
            <ns3:hr>136</ns3:hr>
            <ns3:cad>85</ns3:cad>
          </ns3:TrackPointExtension>
        </extensions>
      </trkpt>
      <trkpt lat="23.1793708540499210357666015625" lon="113.25225560925900936126708984375">
        <ele>19.3999996185302734375</ele>
        <time>2023-08-11T12:41:11.000Z</time>
        <extensions>
          <ns3:TrackPointExtension>
            <ns3:hr>142</ns3:hr>
            <ns3:cad>86</ns3:cad>
          </ns3:TrackPointExtension>
        </extensions>
      </trkpt>
      <trkpt lat="23.179377056658267974853515625" lon="113.2522776536643505096435546875">
        <ele>19.3999996185302734375</ele>
        <time>2023-08-11T12:41:12.000Z</time>
        <extensions>
          <ns3:TrackPointExtension>
            <ns3:hr>142</ns3:hr>
            <ns3:cad>86</ns3:cad>
          </ns3:TrackPointExtension>
        </extensions>
      </trkpt>
      <trkpt lat="23.17939055152237415313720703125" lon="113.25230020098388195037841796875">
        <ele>19.6000003814697265625</ele>
        <time>2023-08-11T12:41:13.000Z</time>
        <extensions>
          <ns3:TrackPointExtension>
            <ns3:hr>139</ns3:hr>
            <ns3:cad>85</ns3:cad>
          </ns3:TrackPointExtension>
        </extensions>
      </trkpt>
      <trkpt lat="23.17939742468297481536865234375" lon="113.25231998227536678314208984375">
        <ele>19.6000003814697265625</ele>
        <time>2023-08-11T12:41:14.000Z</time>
        <extensions>
          <ns3:TrackPointExtension>
            <ns3:hr>136</ns3:hr>
            <ns3:cad>85</ns3:cad>
          </ns3:TrackPointExtension>
        </extensions>
      </trkpt>
      <trkpt lat="23.17940547131001949310302734375" lon="113.25233791954815387725830078125">
        <ele>19.6000003814697265625</ele>
        <time>2023-08-11T12:41:15.000Z</time>
        <extensions>
          <ns3:TrackPointExtension>
            <ns3:hr>136</ns3:hr>
            <ns3:cad>85</ns3:cad>
          </ns3:TrackPointExtension>
        </extensions>
      </trkpt>
      <trkpt lat="23.17943799309432506561279296875" lon="113.252408914268016815185546875">
        <ele>20</ele>
        <time>2023-08-11T12:41:18.000Z</time>
        <extensions>
          <ns3:TrackPointExtension>
            <ns3:hr>141</ns3:hr>
            <ns3:cad>84</ns3:cad>
          </ns3:TrackPointExtension>
        </extensions>
      </trkpt>
      <trkpt lat="23.17944168113172054290771484375" lon="113.25245861895382404327392578125">
        <ele>20.200000762939453125</ele>
        <time>2023-08-11T12:41:19.000Z</time>
        <extensions>
          <ns3:TrackPointExtension>
            <ns3:hr>147</ns3:hr>
            <ns3:cad>84</ns3:cad>
          </ns3:TrackPointExtension>
        </extensions>
      </trkpt>
      <trkpt lat="23.17945710383355617523193359375" lon="113.2524848543107509613037109375">
        <ele>20.6000003814697265625</ele>
        <time>2023-08-11T12:41:20.000Z</time>
        <extensions>
          <ns3:TrackPointExtension>
            <ns3:hr>151</ns3:hr>
            <ns3:cad>84</ns3:cad>
          </ns3:TrackPointExtension>
        </extensions>
      </trkpt>
      <trkpt lat="23.1794746220111846923828125" lon="113.25252391397953033447265625">
        <ele>21</ele>
        <time>2023-08-11T12:41:21.000Z</time>
        <extensions>
          <ns3:TrackPointExtension>
            <ns3:hr>154</ns3:hr>
            <ns3:cad>83</ns3:cad>
          </ns3:TrackPointExtension>
        </extensions>
      </trkpt>
      <trkpt lat="23.17948526702821254730224609375" lon="113.252766318619251251220703125">
        <ele>21.6000003814697265625</ele>
        <time>2023-08-11T12:41:25.000Z</time>
        <extensions>
          <ns3:TrackPointExtension>
            <ns3:hr>152</ns3:hr>
            <ns3:cad>81</ns3:cad>
          </ns3:TrackPointExtension>
        </extensions>
      </trkpt>
      <trkpt lat="23.17948979325592517852783203125" lon="113.2527946494519710540771484375">
        <ele>21.799999237060546875</ele>
        <time>2023-08-11T12:41:26.000Z</time>
        <extensions>
          <ns3:TrackPointExtension>
            <ns3:hr>149</ns3:hr>
            <ns3:cad>81</ns3:cad>
          </ns3:TrackPointExtension>
        </extensions>
      </trkpt>
      <trkpt lat="23.1794965825974941253662109375" lon="113.2528140954673290252685546875">
        <ele>22</ele>
        <time>2023-08-11T12:41:27.000Z</time>
        <extensions>
          <ns3:TrackPointExtension>
            <ns3:hr>149</ns3:hr>
            <ns3:cad>81</ns3:cad>
          </ns3:TrackPointExtension>
        </extensions>
      </trkpt>
      <trkpt lat="23.17951058037579059600830078125" lon="113.25285650789737701416015625">
        <ele>22.200000762939453125</ele>
        <time>2023-08-11T12:41:29.000Z</time>
        <extensions>
          <ns3:TrackPointExtension>
            <ns3:hr>153</ns3:hr>
            <ns3:cad>82</ns3:cad>
          </ns3:TrackPointExtension>
        </extensions>
      </trkpt>
      <trkpt lat="23.17950337193906307220458984375" lon="113.25294694863259792327880859375">
        <ele>22.3999996185302734375</ele>
        <time>2023-08-11T12:41:32.000Z</time>
        <extensions>
          <ns3:TrackPointExtension>
            <ns3:hr>149</ns3:hr>
            <ns3:cad>82</ns3:cad>
          </ns3:TrackPointExtension>
        </extensions>
      </trkpt>
      <trkpt lat="23.17949675023555755615234375" lon="113.25303428806364536285400390625">
        <ele>22.6000003814697265625</ele>
        <time>2023-08-11T12:41:35.000Z</time>
        <extensions>
          <ns3:TrackPointExtension>
            <ns3:hr>153</ns3:hr>
            <ns3:cad>82</ns3:cad>
          </ns3:TrackPointExtension>
        </extensions>
      </trkpt>
      <trkpt lat="23.17952650599181652069091796875" lon="113.25324953533709049224853515625">
        <ele>22.6000003814697265625</ele>
        <time>2023-08-11T12:41:43.000Z</time>
        <extensions>
          <ns3:TrackPointExtension>
            <ns3:hr>154</ns3:hr>
            <ns3:cad>84</ns3:cad>
          </ns3:TrackPointExtension>
        </extensions>
      </trkpt>
      <trkpt lat="23.17954863421618938446044921875" lon="113.2534165866672992706298828125">
        <ele>22.799999237060546875</ele>
        <time>2023-08-11T12:41:49.000Z</time>
        <extensions>
          <ns3:TrackPointExtension>
            <ns3:hr>158</ns3:hr>
            <ns3:cad>83</ns3:cad>
          </ns3:TrackPointExtension>
        </extensions>
      </trkpt>
      <trkpt lat="23.1795525737106800079345703125" lon="113.25344567187130451202392578125">
        <ele>22.799999237060546875</ele>
        <time>2023-08-11T12:41:50.000Z</time>
        <extensions>
          <ns3:TrackPointExtension>
            <ns3:hr>158</ns3:hr>
            <ns3:cad>82</ns3:cad>
          </ns3:TrackPointExtension>
        </extensions>
      </trkpt>
      <trkpt lat="23.1795579381287097930908203125" lon="113.25350082479417324066162109375">
        <ele>22.6000003814697265625</ele>
        <time>2023-08-11T12:41:52.000Z</time>
        <extensions>
          <ns3:TrackPointExtension>
            <ns3:hr>161</ns3:hr>
            <ns3:cad>82</ns3:cad>
          </ns3:TrackPointExtension>
        </extensions>
      </trkpt>
      <trkpt lat="23.17956380546092987060546875" lon="113.25355363078415393829345703125">
        <ele>22.3999996185302734375</ele>
        <time>2023-08-11T12:41:53.000Z</time>
        <extensions>
          <ns3:TrackPointExtension>
            <ns3:hr>158</ns3:hr>
            <ns3:cad>81</ns3:cad>
          </ns3:TrackPointExtension>
        </extensions>
      </trkpt>
      <trkpt lat="23.17957595922052860260009765625" lon="113.25367701239883899688720703125">
        <ele>21.799999237060546875</ele>
        <time>2023-08-11T12:41:59.000Z</time>
        <extensions>
          <ns3:TrackPointExtension>
            <ns3:hr>155</ns3:hr>
            <ns3:cad>81</ns3:cad>
          </ns3:TrackPointExtension>
        </extensions>
      </trkpt>
      <trkpt lat="23.17965231835842132568359375" lon="113.25386711396276950836181640625">
        <ele>21.799999237060546875</ele>
        <time>2023-08-11T12:42:09.000Z</time>
        <extensions>
          <ns3:TrackPointExtension>
            <ns3:hr>154</ns3:hr>
            <ns3:cad>80</ns3:cad>
          </ns3:TrackPointExtension>
        </extensions>
      </trkpt>
      <trkpt lat="23.1796677410602569580078125" lon="113.25387449003756046295166015625">
        <ele>22.200000762939453125</ele>
        <time>2023-08-11T12:42:10.000Z</time>
        <extensions>
          <ns3:TrackPointExtension>
            <ns3:hr>154</ns3:hr>
            <ns3:cad>80</ns3:cad>
          </ns3:TrackPointExtension>
        </extensions>
      </trkpt>
      <trkpt lat="23.17985306493937969207763671875" lon="113.2539037428796291351318359375">
        <ele>26.200000762939453125</ele>
        <time>2023-08-11T12:42:20.000Z</time>
        <extensions>
          <ns3:TrackPointExtension>
            <ns3:hr>157</ns3:hr>
            <ns3:cad>83</ns3:cad>
          </ns3:TrackPointExtension>
        </extensions>
      </trkpt>
      <trkpt lat="23.17990838550031185150146484375" lon="113.25390533544123172760009765625">
        <ele>27.3999996185302734375</ele>
        <time>2023-08-11T12:42:24.000Z</time>
        <extensions>
          <ns3:TrackPointExtension>
            <ns3:hr>160</ns3:hr>
            <ns3:cad>83</ns3:cad>
          </ns3:TrackPointExtension>
        </extensions>
      </trkpt>
      <trkpt lat="23.18009261973202228546142578125" lon="113.25390181504189968109130859375">
        <ele>27.200000762939453125</ele>
        <time>2023-08-11T12:42:33.000Z</time>
        <extensions>
          <ns3:TrackPointExtension>
            <ns3:hr>158</ns3:hr>
            <ns3:cad>84</ns3:cad>
          </ns3:TrackPointExtension>
        </extensions>
      </trkpt>
      <trkpt lat="23.18028808571398258209228515625" lon="113.25388035736978054046630859375">
        <ele>26</ele>
        <time>2023-08-11T12:42:41.000Z</time>
        <extensions>
          <ns3:TrackPointExtension>
            <ns3:hr>158</ns3:hr>
            <ns3:cad>84</ns3:cad>
          </ns3:TrackPointExtension>
        </extensions>
      </trkpt>
      <trkpt lat="23.180478103458881378173828125" lon="113.253856636583805084228515625">
        <ele>25.799999237060546875</ele>
        <time>2023-08-11T12:42:49.000Z</time>
        <extensions>
          <ns3:TrackPointExtension>
            <ns3:hr>160</ns3:hr>
            <ns3:cad>82</ns3:cad>
          </ns3:TrackPointExtension>
        </extensions>
      </trkpt>
      <trkpt lat="23.180563263595104217529296875" lon="113.25389427132904529571533203125">
        <ele>25.200000762939453125</ele>
        <time>2023-08-11T12:42:55.000Z</time>
        <extensions>
          <ns3:TrackPointExtension>
            <ns3:hr>159</ns3:hr>
            <ns3:cad>84</ns3:cad>
          </ns3:TrackPointExtension>
        </extensions>
      </trkpt>
      <trkpt lat="23.1806445680558681488037109375" lon="113.25395612977445125579833984375">
        <ele>24.3999996185302734375</ele>
        <time>2023-08-11T12:42:59.000Z</time>
        <extensions>
          <ns3:TrackPointExtension>
            <ns3:hr>157</ns3:hr>
            <ns3:cad>82</ns3:cad>
          </ns3:TrackPointExtension>
        </extensions>
      </trkpt>
      <trkpt lat="23.1807079352438449859619140625" lon="113.2541562058031558990478515625">
        <ele>23.6000003814697265625</ele>
        <time>2023-08-11T12:43:09.000Z</time>
        <extensions>
          <ns3:TrackPointExtension>
            <ns3:hr>156</ns3:hr>
            <ns3:cad>82</ns3:cad>
          </ns3:TrackPointExtension>
        </extensions>
      </trkpt>
      <trkpt lat="23.18073165602982044219970703125" lon="113.2541917450726032257080078125">
        <ele>23.3999996185302734375</ele>
        <time>2023-08-11T12:43:13.000Z</time>
        <extensions>
          <ns3:TrackPointExtension>
            <ns3:hr>157</ns3:hr>
            <ns3:cad>82</ns3:cad>
          </ns3:TrackPointExtension>
        </extensions>
      </trkpt>
      <trkpt lat="23.18076987750828266143798828125" lon="113.2542313076555728912353515625">
        <ele>22.799999237060546875</ele>
        <time>2023-08-11T12:43:17.000Z</time>
        <extensions>
          <ns3:TrackPointExtension>
            <ns3:hr>156</ns3:hr>
            <ns3:cad>81</ns3:cad>
          </ns3:TrackPointExtension>
        </extensions>
      </trkpt>
      <trkpt lat="23.18078714422881603240966796875" lon="113.25426089577376842498779296875">
        <ele>22.6000003814697265625</ele>
        <time>2023-08-11T12:43:20.000Z</time>
        <extensions>
          <ns3:TrackPointExtension>
            <ns3:hr>156</ns3:hr>
            <ns3:cad>81</ns3:cad>
          </ns3:TrackPointExtension>
        </extensions>
      </trkpt>
      <trkpt lat="23.180799968540668487548828125" lon="113.25427363626658916473388671875">
        <ele>22.200000762939453125</ele>
        <time>2023-08-11T12:43:22.000Z</time>
        <extensions>
          <ns3:TrackPointExtension>
            <ns3:hr>156</ns3:hr>
            <ns3:cad>81</ns3:cad>
          </ns3:TrackPointExtension>
        </extensions>
      </trkpt>
      <trkpt lat="23.1808316521346569061279296875" lon="113.25429744087159633636474609375">
        <ele>21.6000003814697265625</ele>
        <time>2023-08-11T12:43:26.000Z</time>
        <extensions>
          <ns3:TrackPointExtension>
            <ns3:hr>155</ns3:hr>
            <ns3:cad>105</ns3:cad>
          </ns3:TrackPointExtension>
        </extensions>
      </trkpt>
      <trkpt lat="23.18086878396570682525634765625" lon="113.254309259355068206787109375">
        <ele>20.6000003814697265625</ele>
        <time>2023-08-11T12:43:30.000Z</time>
        <extensions>
          <ns3:TrackPointExtension>
            <ns3:hr>154</ns3:hr>
            <ns3:cad>105</ns3:cad>
          </ns3:TrackPointExtension>
        </extensions>
      </trkpt>
      <trkpt lat="23.18086727522313594818115234375" lon="113.25436533428728580474853515625">
        <ele>20.799999237060546875</ele>
        <time>2023-08-11T12:43:34.000Z</time>
        <extensions>
          <ns3:TrackPointExtension>
            <ns3:hr>157</ns3:hr>
            <ns3:cad>82</ns3:cad>
          </ns3:TrackPointExtension>
        </extensions>
      </trkpt>
      <trkpt lat="23.18091019056737422943115234375" lon="113.2543818466365337371826171875">
        <ele>20</ele>
        <time>2023-08-11T12:43:38.000Z</time>
        <extensions>
          <ns3:TrackPointExtension>
            <ns3:hr>160</ns3:hr>
            <ns3:cad>83</ns3:cad>
          </ns3:TrackPointExtension>
        </extensions>
      </trkpt>
      <trkpt lat="23.18092762492597103118896484375" lon="113.25439047999680042266845703125">
        <ele>19.6000003814697265625</ele>
        <time>2023-08-11T12:43:39.000Z</time>
        <extensions>
          <ns3:TrackPointExtension>
            <ns3:hr>160</ns3:hr>
            <ns3:cad>82</ns3:cad>
          </ns3:TrackPointExtension>
        </extensions>
      </trkpt>
      <trkpt lat="23.18097171373665332794189453125" lon="113.254395425319671630859375">
        <ele>18.6000003814697265625</ele>
        <time>2023-08-11T12:43:41.000Z</time>
        <extensions>
          <ns3:TrackPointExtension>
            <ns3:hr>161</ns3:hr>
            <ns3:cad>83</ns3:cad>
          </ns3:TrackPointExtension>
        </extensions>
      </trkpt>
      <trkpt lat="23.18116148002445697784423828125" lon="113.25446826405823230743408203125">
        <ele>16.3999996185302734375</ele>
        <time>2023-08-11T12:43:48.000Z</time>
        <extensions>
          <ns3:TrackPointExtension>
            <ns3:hr>159</ns3:hr>
            <ns3:cad>82</ns3:cad>
          </ns3:TrackPointExtension>
        </extensions>
      </trkpt>
      <trkpt lat="23.18135954439640045166015625" lon="113.25451813638210296630859375">
        <ele>14.6000003814697265625</ele>
        <time>2023-08-11T12:43:55.000Z</time>
        <extensions>
          <ns3:TrackPointExtension>
            <ns3:hr>158</ns3:hr>
            <ns3:cad>82</ns3:cad>
          </ns3:TrackPointExtension>
        </extensions>
      </trkpt>
      <trkpt lat="23.18143791519105434417724609375" lon="113.25452190823853015899658203125">
        <ele>13.6000003814697265625</ele>
        <time>2023-08-11T12:43:59.000Z</time>
        <extensions>
          <ns3:TrackPointExtension>
            <ns3:hr>158</ns3:hr>
            <ns3:cad>82</ns3:cad>
          </ns3:TrackPointExtension>
        </extensions>
      </trkpt>
      <trkpt lat="23.1814623065292835235595703125" lon="113.25452626682817935943603515625">
        <ele>13.3999996185302734375</ele>
        <time>2023-08-11T12:44:01.000Z</time>
        <extensions>
          <ns3:TrackPointExtension>
            <ns3:hr>158</ns3:hr>
            <ns3:cad>84</ns3:cad>
          </ns3:TrackPointExtension>
        </extensions>
      </trkpt>
      <trkpt lat="23.1814951635897159576416015625" lon="113.2545370794832706451416015625">
        <ele>13.19999980926513671875</ele>
        <time>2023-08-11T12:44:03.000Z</time>
        <extensions>
          <ns3:TrackPointExtension>
            <ns3:hr>158</ns3:hr>
            <ns3:cad>84</ns3:cad>
          </ns3:TrackPointExtension>
        </extensions>
      </trkpt>
      <trkpt lat="23.1815774738788604736328125" lon="113.25452827848494052886962890625">
        <ele>13</ele>
        <time>2023-08-11T12:44:05.000Z</time>
        <extensions>
          <ns3:TrackPointExtension>
            <ns3:hr>157</ns3:hr>
            <ns3:cad>83</ns3:cad>
          </ns3:TrackPointExtension>
        </extensions>
      </trkpt>
      <trkpt lat="23.1818039529025554656982421875" lon="113.254488967359066009521484375">
        <ele>12.19999980926513671875</ele>
        <time>2023-08-11T12:44:10.000Z</time>
        <extensions>
          <ns3:TrackPointExtension>
            <ns3:hr>156</ns3:hr>
            <ns3:cad>82</ns3:cad>
          </ns3:TrackPointExtension>
        </extensions>
      </trkpt>
      <trkpt lat="23.1819999217987060546875" lon="113.25450950302183628082275390625">
        <ele>13</ele>
        <time>2023-08-11T12:44:16.000Z</time>
        <extensions>
          <ns3:TrackPointExtension>
            <ns3:hr>155</ns3:hr>
            <ns3:cad>82</ns3:cad>
          </ns3:TrackPointExtension>
        </extensions>
      </trkpt>
      <trkpt lat="23.1821955554187297821044921875" lon="113.254538588225841522216796875">
        <ele>13.80000019073486328125</ele>
        <time>2023-08-11T12:44:24.000Z</time>
        <extensions>
          <ns3:TrackPointExtension>
            <ns3:hr>155</ns3:hr>
            <ns3:cad>83</ns3:cad>
          </ns3:TrackPointExtension>
        </extensions>
      </trkpt>
      <trkpt lat="23.1823729164898395538330078125" lon="113.254564069211483001708984375">
        <ele>16</ele>
        <time>2023-08-11T12:44:32.000Z</time>
        <extensions>
          <ns3:TrackPointExtension>
            <ns3:hr>156</ns3:hr>
            <ns3:cad>82</ns3:cad>
          </ns3:TrackPointExtension>
        </extensions>
      </trkpt>
      <trkpt lat="23.1825559772551059722900390625" lon="113.25458896346390247344970703125">
        <ele>17</ele>
        <time>2023-08-11T12:44:40.000Z</time>
        <extensions>
          <ns3:TrackPointExtension>
            <ns3:hr>155</ns3:hr>
            <ns3:cad>83</ns3:cad>
          </ns3:TrackPointExtension>
        </extensions>
      </trkpt>
      <trkpt lat="23.18272470496594905853271484375" lon="113.25467102229595184326171875">
        <ele>17.6000003814697265625</ele>
        <time>2023-08-11T12:44:48.000Z</time>
        <extensions>
          <ns3:TrackPointExtension>
            <ns3:hr>155</ns3:hr>
            <ns3:cad>83</ns3:cad>
          </ns3:TrackPointExtension>
        </extensions>
      </trkpt>
      <trkpt lat="23.18289468996226787567138671875" lon="113.2547637261450290679931640625">
        <ele>15.80000019073486328125</ele>
        <time>2023-08-11T12:44:55.000Z</time>
        <extensions>
          <ns3:TrackPointExtension>
            <ns3:hr>156</ns3:hr>
            <ns3:cad>82</ns3:cad>
          </ns3:TrackPointExtension>
        </extensions>
      </trkpt>
      <trkpt lat="23.18307959474623203277587890625" lon="113.25486640445888042449951171875">
        <ele>16.3999996185302734375</ele>
        <time>2023-08-11T12:45:02.000Z</time>
        <extensions>
          <ns3:TrackPointExtension>
            <ns3:hr>156</ns3:hr>
            <ns3:cad>83</ns3:cad>
          </ns3:TrackPointExtension>
        </extensions>
      </trkpt>
      <trkpt lat="23.18324253894388675689697265625" lon="113.25499716214835643768310546875">
        <ele>18.3999996185302734375</ele>
        <time>2023-08-11T12:45:09.000Z</time>
        <extensions>
          <ns3:TrackPointExtension>
            <ns3:hr>155</ns3:hr>
            <ns3:cad>84</ns3:cad>
          </ns3:TrackPointExtension>
        </extensions>
      </trkpt>
      <trkpt lat="23.1833680160343647003173828125" lon="113.25509439222514629364013671875">
        <ele>17</ele>
        <time>2023-08-11T12:45:14.000Z</time>
        <extensions>
          <ns3:TrackPointExtension>
            <ns3:hr>159</ns3:hr>
            <ns3:cad>84</ns3:cad>
          </ns3:TrackPointExtension>
        </extensions>
      </trkpt>
      <trkpt lat="23.18354395218193531036376953125" lon="113.25521023012697696685791015625">
        <ele>14.6000003814697265625</ele>
        <time>2023-08-11T12:45:21.000Z</time>
        <extensions>
          <ns3:TrackPointExtension>
            <ns3:hr>157</ns3:hr>
            <ns3:cad>83</ns3:cad>
          </ns3:TrackPointExtension>
        </extensions>
      </trkpt>
      <trkpt lat="23.1836416013538837432861328125" lon="113.25537241995334625244140625">
        <ele>13</ele>
        <time>2023-08-11T12:45:28.000Z</time>
        <extensions>
          <ns3:TrackPointExtension>
            <ns3:hr>167</ns3:hr>
            <ns3:cad>85</ns3:cad>
          </ns3:TrackPointExtension>
        </extensions>
      </trkpt>
      <trkpt lat="23.1836603768169879913330078125" lon="113.2554037682712078094482421875">
        <ele>12.80000019073486328125</ele>
        <time>2023-08-11T12:45:29.000Z</time>
        <extensions>
          <ns3:TrackPointExtension>
            <ns3:hr>170</ns3:hr>
            <ns3:cad>85</ns3:cad>
          </ns3:TrackPointExtension>
        </extensions>
      </trkpt>
      <trkpt lat="23.18367638625204563140869140625" lon="113.2554347813129425048828125">
        <ele>12.80000019073486328125</ele>
        <time>2023-08-11T12:45:30.000Z</time>
        <extensions>
          <ns3:TrackPointExtension>
            <ns3:hr>174</ns3:hr>
            <ns3:cad>84</ns3:cad>
          </ns3:TrackPointExtension>
        </extensions>
      </trkpt>
      <trkpt lat="23.18375366739928722381591796875" lon="113.25554969720542430877685546875">
        <ele>11</ele>
        <time>2023-08-11T12:45:36.000Z</time>
        <extensions>
          <ns3:TrackPointExtension>
            <ns3:hr>172</ns3:hr>
            <ns3:cad>85</ns3:cad>
          </ns3:TrackPointExtension>
        </extensions>
      </trkpt>
      <trkpt lat="23.18377093411982059478759765625" lon="113.25560116209089756011962890625">
        <ele>10.3999996185302734375</ele>
        <time>2023-08-11T12:45:38.000Z</time>
        <extensions>
          <ns3:TrackPointExtension>
            <ns3:hr>168</ns3:hr>
            <ns3:cad>82</ns3:cad>
          </ns3:TrackPointExtension>
        </extensions>
      </trkpt>
      <trkpt lat="23.18377621471881866455078125" lon="113.25562932528555393218994140625">
        <ele>10.3999996185302734375</ele>
        <time>2023-08-11T12:45:39.000Z</time>
        <extensions>
          <ns3:TrackPointExtension>
            <ns3:hr>165</ns3:hr>
            <ns3:cad>82</ns3:cad>
          </ns3:TrackPointExtension>
        </extensions>
      </trkpt>
      <trkpt lat="23.1837824173271656036376953125" lon="113.25565028004348278045654296875">
        <ele>10.19999980926513671875</ele>
        <time>2023-08-11T12:45:40.000Z</time>
        <extensions>
          <ns3:TrackPointExtension>
            <ns3:hr>165</ns3:hr>
            <ns3:cad>82</ns3:cad>
          </ns3:TrackPointExtension>
        </extensions>
      </trkpt>
      <trkpt lat="23.183788955211639404296875" lon="113.2556981407105922698974609375">
        <ele>10.19999980926513671875</ele>
        <time>2023-08-11T12:45:42.000Z</time>
        <extensions>
          <ns3:TrackPointExtension>
            <ns3:hr>168</ns3:hr>
            <ns3:cad>83</ns3:cad>
          </ns3:TrackPointExtension>
        </extensions>
      </trkpt>
      <trkpt lat="23.18391476757824420928955078125" lon="113.25584541074931621551513671875">
        <ele>9.3999996185302734375</ele>
        <time>2023-08-11T12:45:50.000Z</time>
        <extensions>
          <ns3:TrackPointExtension>
            <ns3:hr>168</ns3:hr>
            <ns3:cad>83</ns3:cad>
          </ns3:TrackPointExtension>
        </extensions>
      </trkpt>
      <trkpt lat="23.18398282863199710845947265625" lon="113.25594775378704071044921875">
        <ele>8.6000003814697265625</ele>
        <time>2023-08-11T12:45:54.000Z</time>
        <extensions>
          <ns3:TrackPointExtension>
            <ns3:hr>165</ns3:hr>
            <ns3:cad>82</ns3:cad>
          </ns3:TrackPointExtension>
        </extensions>
      </trkpt>
      <trkpt lat="23.18403379060328006744384765625" lon="113.25608932413160800933837890625">
        <ele>7.599999904632568359375</ele>
        <time>2023-08-11T12:45:59.000Z</time>
        <extensions>
          <ns3:TrackPointExtension>
            <ns3:hr>162</ns3:hr>
            <ns3:cad>82</ns3:cad>
          </ns3:TrackPointExtension>
        </extensions>
      </trkpt>
      <trkpt lat="23.18416513502597808837890625" lon="113.25622938573360443115234375">
        <ele>10.19999980926513671875</ele>
        <time>2023-08-11T12:46:07.000Z</time>
        <extensions>
          <ns3:TrackPointExtension>
            <ns3:hr>163</ns3:hr>
            <ns3:cad>83</ns3:cad>
          </ns3:TrackPointExtension>
        </extensions>
      </trkpt>
      <trkpt lat="23.184296227991580963134765625" lon="113.25637732632458209991455078125">
        <ele>13.19999980926513671875</ele>
        <time>2023-08-11T12:46:16.000Z</time>
        <extensions>
          <ns3:TrackPointExtension>
            <ns3:hr>165</ns3:hr>
            <ns3:cad>84</ns3:cad>
          </ns3:TrackPointExtension>
        </extensions>
      </trkpt>
      <trkpt lat="23.18437376059591770172119140625" lon="113.2565158791840076446533203125">
        <ele>14.80000019073486328125</ele>
        <time>2023-08-11T12:46:22.000Z</time>
        <extensions>
          <ns3:TrackPointExtension>
            <ns3:hr>162</ns3:hr>
            <ns3:cad>85</ns3:cad>
          </ns3:TrackPointExtension>
        </extensions>
      </trkpt>
      <trkpt lat="23.18445137701928615570068359375" lon="113.25674814172089099884033203125">
        <ele>15</ele>
        <time>2023-08-11T12:46:28.000Z</time>
        <extensions>
          <ns3:TrackPointExtension>
            <ns3:hr>160</ns3:hr>
            <ns3:cad>84</ns3:cad>
          </ns3:TrackPointExtension>
        </extensions>
      </trkpt>
      <trkpt lat="23.18455095402896404266357421875" lon="113.256944529712200164794921875">
        <ele>15.80000019073486328125</ele>
        <time>2023-08-11T12:46:34.000Z</time>
        <extensions>
          <ns3:TrackPointExtension>
            <ns3:hr>159</ns3:hr>
            <ns3:cad>84</ns3:cad>
          </ns3:TrackPointExtension>
        </extensions>
      </trkpt>
      <trkpt lat="23.184665031731128692626953125" lon="113.25711342506110668182373046875">
        <ele>17.3999996185302734375</ele>
        <time>2023-08-11T12:46:40.000Z</time>
        <extensions>
          <ns3:TrackPointExtension>
            <ns3:hr>160</ns3:hr>
            <ns3:cad>84</ns3:cad>
          </ns3:TrackPointExtension>
        </extensions>
      </trkpt>
      <trkpt lat="23.18477877415716648101806640625" lon="113.257283158600330352783203125">
        <ele>18</ele>
        <time>2023-08-11T12:46:50.000Z</time>
        <extensions>
          <ns3:TrackPointExtension>
            <ns3:hr>159</ns3:hr>
            <ns3:cad>41</ns3:cad>
          </ns3:TrackPointExtension>
        </extensions>
      </trkpt>
      <trkpt lat="23.18487801589071750640869140625" lon="113.257368989288806915283203125">
        <ele>17.799999237060546875</ele>
        <time>2023-08-11T12:47:01.000Z</time>
        <extensions>
          <ns3:TrackPointExtension>
            <ns3:hr>161</ns3:hr>
            <ns3:cad>61</ns3:cad>
          </ns3:TrackPointExtension>
        </extensions>
      </trkpt>
      <trkpt lat="23.184901066124439239501953125" lon="113.25740628875792026519775390625">
        <ele>18</ele>
        <time>2023-08-11T12:47:04.000Z</time>
        <extensions>
          <ns3:TrackPointExtension>
            <ns3:hr>163</ns3:hr>
            <ns3:cad>122</ns3:cad>
          </ns3:TrackPointExtension>
        </extensions>
      </trkpt>
      <trkpt lat="23.18490316160023212432861328125" lon="113.257430680096149444580078125">
        <ele>18.200000762939453125</ele>
        <time>2023-08-11T12:47:06.000Z</time>
        <extensions>
          <ns3:TrackPointExtension>
            <ns3:hr>161</ns3:hr>
            <ns3:cad>122</ns3:cad>
          </ns3:TrackPointExtension>
        </extensions>
      </trkpt>
      <trkpt lat="23.18490953184664249420166015625" lon="113.25748742558062076568603515625">
        <ele>18</ele>
        <time>2023-08-11T12:47:11.000Z</time>
        <extensions>
          <ns3:TrackPointExtension>
            <ns3:hr>160</ns3:hr>
            <ns3:cad>62</ns3:cad>
          </ns3:TrackPointExtension>
        </extensions>
      </trkpt>
      <trkpt lat="23.18490886129438877105712890625" lon="113.25752279721200466156005859375">
        <ele>18</ele>
        <time>2023-08-11T12:47:14.000Z</time>
        <extensions>
          <ns3:TrackPointExtension>
            <ns3:hr>159</ns3:hr>
            <ns3:cad>60</ns3:cad>
          </ns3:TrackPointExtension>
        </extensions>
      </trkpt>
      <trkpt lat="23.18493224680423736572265625" lon="113.25773787684738636016845703125">
        <ele>18.200000762939453125</ele>
        <time>2023-08-11T12:47:24.000Z</time>
        <extensions>
          <ns3:TrackPointExtension>
            <ns3:hr>159</ns3:hr>
            <ns3:cad>82</ns3:cad>
          </ns3:TrackPointExtension>
        </extensions>
      </trkpt>
      <trkpt lat="23.184978179633617401123046875" lon="113.25792864896357059478759765625">
        <ele>18</ele>
        <time>2023-08-11T12:47:31.000Z</time>
        <extensions>
          <ns3:TrackPointExtension>
            <ns3:hr>160</ns3:hr>
            <ns3:cad>83</ns3:cad>
          </ns3:TrackPointExtension>
        </extensions>
      </trkpt>
      <trkpt lat="23.1850115396082401275634765625" lon="113.25808924622833728790283203125">
        <ele>18.799999237060546875</ele>
        <time>2023-08-11T12:47:37.000Z</time>
        <extensions>
          <ns3:TrackPointExtension>
            <ns3:hr>156</ns3:hr>
            <ns3:cad>82</ns3:cad>
          </ns3:TrackPointExtension>
        </extensions>
      </trkpt>
      <trkpt lat="23.18503442220389842987060546875" lon="113.2581652700901031494140625">
        <ele>19</ele>
        <time>2023-08-11T12:47:40.000Z</time>
        <extensions>
          <ns3:TrackPointExtension>
            <ns3:hr>161</ns3:hr>
            <ns3:cad>83</ns3:cad>
          </ns3:TrackPointExtension>
        </extensions>
      </trkpt>
      <trkpt lat="23.18503811024129390716552734375" lon="113.25835797004401683807373046875">
        <ele>19.799999237060546875</ele>
        <time>2023-08-11T12:47:48.000Z</time>
        <extensions>
          <ns3:TrackPointExtension>
            <ns3:hr>163</ns3:hr>
            <ns3:cad>81</ns3:cad>
          </ns3:TrackPointExtension>
        </extensions>
      </trkpt>
      <trkpt lat="23.1849723123013973236083984375" lon="113.25845469720661640167236328125">
        <ele>19.3999996185302734375</ele>
        <time>2023-08-11T12:47:53.000Z</time>
        <extensions>
          <ns3:TrackPointExtension>
            <ns3:hr>160</ns3:hr>
            <ns3:cad>80</ns3:cad>
          </ns3:TrackPointExtension>
        </extensions>
      </trkpt>
      <trkpt lat="23.18496233783662319183349609375" lon="113.258495517075061798095703125">
        <ele>19.6000003814697265625</ele>
        <time>2023-08-11T12:47:55.000Z</time>
        <extensions>
          <ns3:TrackPointExtension>
            <ns3:hr>164</ns3:hr>
            <ns3:cad>80</ns3:cad>
          </ns3:TrackPointExtension>
        </extensions>
      </trkpt>
      <trkpt lat="23.18504716269671916961669921875" lon="113.2586324773728847503662109375">
        <ele>21.200000762939453125</ele>
        <time>2023-08-11T12:48:02.000Z</time>
        <extensions>
          <ns3:TrackPointExtension>
            <ns3:hr>167</ns3:hr>
            <ns3:cad>83</ns3:cad>
          </ns3:TrackPointExtension>
        </extensions>
      </trkpt>
      <trkpt lat="23.18517020903527736663818359375" lon="113.25876851566135883331298828125">
        <ele>23</ele>
        <time>2023-08-11T12:48:09.000Z</time>
        <extensions>
          <ns3:TrackPointExtension>
            <ns3:hr>165</ns3:hr>
            <ns3:cad>82</ns3:cad>
          </ns3:TrackPointExtension>
        </extensions>
      </trkpt>
      <trkpt lat="23.1851946003735065460205078125" lon="113.25886708684265613555908203125">
        <ele>21.6000003814697265625</ele>
        <time>2023-08-11T12:48:13.000Z</time>
        <extensions>
          <ns3:TrackPointExtension>
            <ns3:hr>165</ns3:hr>
            <ns3:cad>83</ns3:cad>
          </ns3:TrackPointExtension>
        </extensions>
      </trkpt>
      <trkpt lat="23.18528990261256694793701171875" lon="113.25904763303697109222412109375">
        <ele>16.200000762939453125</ele>
        <time>2023-08-11T12:48:19.000Z</time>
        <extensions>
          <ns3:TrackPointExtension>
            <ns3:hr>167</ns3:hr>
            <ns3:cad>83</ns3:cad>
          </ns3:TrackPointExtension>
        </extensions>
      </trkpt>
      <trkpt lat="23.18533952347934246063232421875" lon="113.25924226082861423492431640625">
        <ele>11.80000019073486328125</ele>
        <time>2023-08-11T12:48:25.000Z</time>
        <extensions>
          <ns3:TrackPointExtension>
            <ns3:hr>167</ns3:hr>
            <ns3:cad>82</ns3:cad>
          </ns3:TrackPointExtension>
        </extensions>
      </trkpt>
      <trkpt lat="23.18541160784661769866943359375" lon="113.25944560579955577850341796875">
        <ele>9.6000003814697265625</ele>
        <time>2023-08-11T12:48:32.000Z</time>
        <extensions>
          <ns3:TrackPointExtension>
            <ns3:hr>167</ns3:hr>
            <ns3:cad>82</ns3:cad>
          </ns3:TrackPointExtension>
        </extensions>
      </trkpt>
      <trkpt lat="23.18550162948668003082275390625" lon="113.259631097316741943359375">
        <ele>9.80000019073486328125</ele>
        <time>2023-08-11T12:48:38.000Z</time>
        <extensions>
          <ns3:TrackPointExtension>
            <ns3:hr>164</ns3:hr>
            <ns3:cad>82</ns3:cad>
          </ns3:TrackPointExtension>
        </extensions>
      </trkpt>
      <trkpt lat="23.185605145990848541259765625" lon="113.2598089613020420074462890625">
        <ele>8.80000019073486328125</ele>
        <time>2023-08-11T12:48:45.000Z</time>
        <extensions>
          <ns3:TrackPointExtension>
            <ns3:hr>162</ns3:hr>
            <ns3:cad>81</ns3:cad>
          </ns3:TrackPointExtension>
        </extensions>
      </trkpt>
      <trkpt lat="23.18572257645428180694580078125" lon="113.25998690910637378692626953125">
        <ele>7.80000019073486328125</ele>
        <time>2023-08-11T12:48:53.000Z</time>
        <extensions>
          <ns3:TrackPointExtension>
            <ns3:hr>164</ns3:hr>
            <ns3:cad>83</ns3:cad>
          </ns3:TrackPointExtension>
        </extensions>
      </trkpt>
      <trkpt lat="23.18579399026930332183837890625" lon="113.2601727358996868133544921875">
        <ele>7.19999980926513671875</ele>
        <time>2023-08-11T12:49:02.000Z</time>
        <extensions>
          <ns3:TrackPointExtension>
            <ns3:hr>163</ns3:hr>
            <ns3:cad>83</ns3:cad>
          </ns3:TrackPointExtension>
        </extensions>
      </trkpt>
      <trkpt lat="23.18592357449233531951904296875" lon="113.26032855547964572906494140625">
        <ele>7</ele>
        <time>2023-08-11T12:49:17.000Z</time>
        <extensions>
          <ns3:TrackPointExtension>
            <ns3:hr>164</ns3:hr>
            <ns3:cad>62</ns3:cad>
          </ns3:TrackPointExtension>
        </extensions>
      </trkpt>
      <trkpt lat="23.18602583371102809906005859375" lon="113.26044380664825439453125">
        <ele>7</ele>
        <time>2023-08-11T12:49:27.000Z</time>
        <extensions>
          <ns3:TrackPointExtension>
            <ns3:hr>161</ns3:hr>
            <ns3:cad>62</ns3:cad>
          </ns3:TrackPointExtension>
        </extensions>
      </trkpt>
      <trkpt lat="23.1861524842679500579833984375" lon="113.260607756674289703369140625">
        <ele>8.80000019073486328125</ele>
        <time>2023-08-11T12:49:37.000Z</time>
        <extensions>
          <ns3:TrackPointExtension>
            <ns3:hr>159</ns3:hr>
            <ns3:cad>81</ns3:cad>
          </ns3:TrackPointExtension>
        </extensions>
      </trkpt>
      <trkpt lat="23.1862230598926544189453125" lon="113.26080397702753543853759765625">
        <ele>9.6000003814697265625</ele>
        <time>2023-08-11T12:49:44.000Z</time>
        <extensions>
          <ns3:TrackPointExtension>
            <ns3:hr>157</ns3:hr>
            <ns3:cad>81</ns3:cad>
          </ns3:TrackPointExtension>
        </extensions>
      </trkpt>
      <trkpt lat="23.186205290257930755615234375" lon="113.26100480742752552032470703125">
        <ele>8.3999996185302734375</ele>
        <time>2023-08-11T12:49:51.000Z</time>
        <extensions>
          <ns3:TrackPointExtension>
            <ns3:hr>159</ns3:hr>
            <ns3:cad>80</ns3:cad>
          </ns3:TrackPointExtension>
        </extensions>
      </trkpt>
      <trkpt lat="23.18616631440818309783935546875" lon="113.26113187707960605621337890625">
        <ele>7.80000019073486328125</ele>
        <time>2023-08-11T12:49:56.000Z</time>
        <extensions>
          <ns3:TrackPointExtension>
            <ns3:hr>155</ns3:hr>
            <ns3:cad>81</ns3:cad>
          </ns3:TrackPointExtension>
        </extensions>
      </trkpt>
      <trkpt lat="23.18612658418715000152587890625" lon="113.2612047158181667327880859375">
        <ele>7.599999904632568359375</ele>
        <time>2023-08-11T12:49:59.000Z</time>
        <extensions>
          <ns3:TrackPointExtension>
            <ns3:hr>160</ns3:hr>
            <ns3:cad>83</ns3:cad>
          </ns3:TrackPointExtension>
        </extensions>
      </trkpt>
      <trkpt lat="23.186101019382476806640625" lon="113.26125810854136943817138671875">
        <ele>7.80000019073486328125</ele>
        <time>2023-08-11T12:50:01.000Z</time>
        <extensions>
          <ns3:TrackPointExtension>
            <ns3:hr>164</ns3:hr>
            <ns3:cad>83</ns3:cad>
          </ns3:TrackPointExtension>
        </extensions>
      </trkpt>
      <trkpt lat="23.18603019230067729949951171875" lon="113.26141837053000926971435546875">
        <ele>8.6000003814697265625</ele>
        <time>2023-08-11T12:50:07.000Z</time>
        <extensions>
          <ns3:TrackPointExtension>
            <ns3:hr>167</ns3:hr>
            <ns3:cad>83</ns3:cad>
          </ns3:TrackPointExtension>
        </extensions>
      </trkpt>
      <trkpt lat="23.18596464581787586212158203125" lon="113.2615792192518711090087890625">
        <ele>10.19999980926513671875</ele>
        <time>2023-08-11T12:50:13.000Z</time>
        <extensions>
          <ns3:TrackPointExtension>
            <ns3:hr>171</ns3:hr>
            <ns3:cad>82</ns3:cad>
          </ns3:TrackPointExtension>
        </extensions>
      </trkpt>
      <trkpt lat="23.1859332136809825897216796875" lon="113.2616467773914337158203125">
        <ele>10.6000003814697265625</ele>
        <time>2023-08-11T12:50:16.000Z</time>
        <extensions>
          <ns3:TrackPointExtension>
            <ns3:hr>168</ns3:hr>
            <ns3:cad>82</ns3:cad>
          </ns3:TrackPointExtension>
        </extensions>
      </trkpt>
      <trkpt lat="23.185863308608531951904296875" lon="113.2617518864572048187255859375">
        <ele>11.19999980926513671875</ele>
        <time>2023-08-11T12:50:21.000Z</time>
        <extensions>
          <ns3:TrackPointExtension>
            <ns3:hr>165</ns3:hr>
            <ns3:cad>83</ns3:cad>
          </ns3:TrackPointExtension>
        </extensions>
      </trkpt>
      <trkpt lat="23.1857883743941783905029296875" lon="113.26190955005586147308349609375">
        <ele>11.6000003814697265625</ele>
        <time>2023-08-11T12:50:27.000Z</time>
        <extensions>
          <ns3:TrackPointExtension>
            <ns3:hr>164</ns3:hr>
            <ns3:cad>82</ns3:cad>
          </ns3:TrackPointExtension>
        </extensions>
      </trkpt>
      <trkpt lat="23.18570765666663646697998046875" lon="113.2621002383530139923095703125">
        <ele>11.19999980926513671875</ele>
        <time>2023-08-11T12:50:35.000Z</time>
        <extensions>
          <ns3:TrackPointExtension>
            <ns3:hr>163</ns3:hr>
            <ns3:cad>82</ns3:cad>
          </ns3:TrackPointExtension>
        </extensions>
      </trkpt>
      <trkpt lat="23.18566775880753993988037109375" lon="113.26218347065150737762451171875">
        <ele>10.19999980926513671875</ele>
        <time>2023-08-11T12:50:39.000Z</time>
        <extensions>
          <ns3:TrackPointExtension>
            <ns3:hr>167</ns3:hr>
            <ns3:cad>82</ns3:cad>
          </ns3:TrackPointExtension>
        </extensions>
      </trkpt>
      <trkpt lat="23.185556195676326751708984375" lon="113.26235848478972911834716796875">
        <ele>8.80000019073486328125</ele>
        <time>2023-08-11T12:50:49.000Z</time>
        <extensions>
          <ns3:TrackPointExtension>
            <ns3:hr>168</ns3:hr>
            <ns3:cad>83</ns3:cad>
          </ns3:TrackPointExtension>
        </extensions>
      </trkpt>
      <trkpt lat="23.185511939227581024169921875" lon="113.2624442316591739654541015625">
        <ele>9.19999980926513671875</ele>
        <time>2023-08-11T12:50:55.000Z</time>
        <extensions>
          <ns3:TrackPointExtension>
            <ns3:hr>171</ns3:hr>
            <ns3:cad>61</ns3:cad>
          </ns3:TrackPointExtension>
        </extensions>
      </trkpt>
      <trkpt lat="23.18547748960554599761962890625" lon="113.2624978758394718170166015625">
        <ele>9.80000019073486328125</ele>
        <time>2023-08-11T12:51:00.000Z</time>
        <extensions>
          <ns3:TrackPointExtension>
            <ns3:hr>168</ns3:hr>
            <ns3:cad>61</ns3:cad>
          </ns3:TrackPointExtension>
        </extensions>
      </trkpt>
      <trkpt lat="23.18544991314411163330078125" lon="113.26253391802310943603515625">
        <ele>10</ele>
        <time>2023-08-11T12:51:05.000Z</time>
        <extensions>
          <ns3:TrackPointExtension>
            <ns3:hr>166</ns3:hr>
            <ns3:cad>61</ns3:cad>
          </ns3:TrackPointExtension>
        </extensions>
      </trkpt>
      <trkpt lat="23.18544262088835239410400390625" lon="113.2625495083630084991455078125">
        <ele>10</ele>
        <time>2023-08-11T12:51:07.000Z</time>
        <extensions>
          <ns3:TrackPointExtension>
            <ns3:hr>164</ns3:hr>
            <ns3:cad>61</ns3:cad>
          </ns3:TrackPointExtension>
        </extensions>
      </trkpt>
      <trkpt lat="23.18542820401489734649658203125" lon="113.26257876120507717132568359375">
        <ele>9.80000019073486328125</ele>
        <time>2023-08-11T12:51:11.000Z</time>
        <extensions>
          <ns3:TrackPointExtension>
            <ns3:hr>164</ns3:hr>
            <ns3:cad>61</ns3:cad>
          </ns3:TrackPointExtension>
        </extensions>
      </trkpt>
      <trkpt lat="23.18542602472007274627685546875" lon="113.26258915476500988006591796875">
        <ele>9.80000019073486328125</ele>
        <time>2023-08-11T12:51:12.000Z</time>
        <extensions>
          <ns3:TrackPointExtension>
            <ns3:hr>161</ns3:hr>
            <ns3:cad>61</ns3:cad>
          </ns3:TrackPointExtension>
        </extensions>
      </trkpt>
      <trkpt lat="23.1854155473411083221435546875" lon="113.26262368820607662200927734375">
        <ele>9.80000019073486328125</ele>
        <time>2023-08-11T12:51:15.000Z</time>
        <extensions>
          <ns3:TrackPointExtension>
            <ns3:hr>159</ns3:hr>
            <ns3:cad>61</ns3:cad>
          </ns3:TrackPointExtension>
        </extensions>
      </trkpt>
      <trkpt lat="23.1854024715721607208251953125" lon="113.2626420445740222930908203125">
        <ele>9.80000019073486328125</ele>
        <time>2023-08-11T12:51:17.000Z</time>
        <extensions>
          <ns3:TrackPointExtension>
            <ns3:hr>158</ns3:hr>
            <ns3:cad>61</ns3:cad>
          </ns3:TrackPointExtension>
        </extensions>
      </trkpt>
      <trkpt lat="23.18538746796548366546630859375" lon="113.26266207732260227203369140625">
        <ele>9.19999980926513671875</ele>
        <time>2023-08-11T12:51:19.000Z</time>
        <extensions>
          <ns3:TrackPointExtension>
            <ns3:hr>159</ns3:hr>
            <ns3:cad>61</ns3:cad>
          </ns3:TrackPointExtension>
        </extensions>
      </trkpt>
      <trkpt lat="23.1853464804589748382568359375" lon="113.262720666825771331787109375">
        <ele>7.80000019073486328125</ele>
        <time>2023-08-11T12:51:24.000Z</time>
        <extensions>
          <ns3:TrackPointExtension>
            <ns3:hr>156</ns3:hr>
            <ns3:cad>61</ns3:cad>
          </ns3:TrackPointExtension>
        </extensions>
      </trkpt>
      <trkpt lat="23.185331560671329498291015625" lon="113.26274673454463481903076171875">
        <ele>7.19999980926513671875</ele>
        <time>2023-08-11T12:51:25.000Z</time>
        <extensions>
          <ns3:TrackPointExtension>
            <ns3:hr>155</ns3:hr>
            <ns3:cad>0</ns3:cad>
          </ns3:TrackPointExtension>
        </extensions>
      </trkpt>
      <trkpt lat="23.1851687841117382049560546875" lon="113.2631657458841800689697265625">
        <ele>-11.6000003814697265625</ele>
        <time>2023-08-11T12:52:26.000Z</time>
        <extensions>
          <ns3:TrackPointExtension>
            <ns3:hr>133</ns3:hr>
            <ns3:cad>61</ns3:cad>
          </ns3:TrackPointExtension>
        </extensions>
      </trkpt>
      <trkpt lat="23.1851624138653278350830078125" lon="113.26317764818668365478515625">
        <ele>-12.3999996185302734375</ele>
        <time>2023-08-11T12:52:27.000Z</time>
        <extensions>
          <ns3:TrackPointExtension>
            <ns3:hr>133</ns3:hr>
            <ns3:cad>61</ns3:cad>
          </ns3:TrackPointExtension>
        </extensions>
      </trkpt>
      <trkpt lat="23.18514925427734851837158203125" lon="113.2632158696651458740234375">
        <ele>-15</ele>
        <time>2023-08-11T12:52:30.000Z</time>
        <extensions>
          <ns3:TrackPointExtension>
            <ns3:hr>136</ns3:hr>
            <ns3:cad>61</ns3:cad>
          </ns3:TrackPointExtension>
        </extensions>
      </trkpt>
      <trkpt lat="23.18512930534780025482177734375" lon="113.26325803063809871673583984375">
        <ele>-15.3999996185302734375</ele>
        <time>2023-08-11T12:52:32.000Z</time>
        <extensions>
          <ns3:TrackPointExtension>
            <ns3:hr>144</ns3:hr>
            <ns3:cad>77</ns3:cad>
          </ns3:TrackPointExtension>
        </extensions>
      </trkpt>
      <trkpt lat="23.18511723540723323822021484375" lon="113.26328602619469165802001953125">
        <ele>-14.3999996185302734375</ele>
        <time>2023-08-11T12:52:33.000Z</time>
        <extensions>
          <ns3:TrackPointExtension>
            <ns3:hr>147</ns3:hr>
            <ns3:cad>77</ns3:cad>
          </ns3:TrackPointExtension>
        </extensions>
      </trkpt>
      <trkpt lat="23.18507314659655094146728515625" lon="113.263381160795688629150390625">
        <ele>-9.6000003814697265625</ele>
        <time>2023-08-11T12:52:36.000Z</time>
        <extensions>
          <ns3:TrackPointExtension>
            <ns3:hr>144</ns3:hr>
            <ns3:cad>77</ns3:cad>
          </ns3:TrackPointExtension>
        </extensions>
      </trkpt>
      <trkpt lat="23.18501413799822330474853515625" lon="113.2635080628097057342529296875">
        <ele>-0.60000002384185791015625</ele>
        <time>2023-08-11T12:52:40.000Z</time>
        <extensions>
          <ns3:TrackPointExtension>
            <ns3:hr>148</ns3:hr>
            <ns3:cad>76</ns3:cad>
          </ns3:TrackPointExtension>
        </extensions>
      </trkpt>
      <trkpt lat="23.18499821238219738006591796875" lon="113.2635372318327426910400390625">
        <ele>1.7999999523162841796875</ele>
        <time>2023-08-11T12:52:41.000Z</time>
        <extensions>
          <ns3:TrackPointExtension>
            <ns3:hr>152</ns3:hr>
            <ns3:cad>76</ns3:cad>
          </ns3:TrackPointExtension>
        </extensions>
      </trkpt>
      <trkpt lat="23.18498530425131320953369140625" lon="113.26356346718966960906982421875">
        <ele>3.400000095367431640625</ele>
        <time>2023-08-11T12:52:42.000Z</time>
        <extensions>
          <ns3:TrackPointExtension>
            <ns3:hr>152</ns3:hr>
            <ns3:cad>76</ns3:cad>
          </ns3:TrackPointExtension>
        </extensions>
      </trkpt>
      <trkpt lat="23.1849639303982257843017578125" lon="113.26361962594091892242431640625">
        <ele>4.80000019073486328125</ele>
        <time>2023-08-11T12:52:45.000Z</time>
        <extensions>
          <ns3:TrackPointExtension>
            <ns3:hr>149</ns3:hr>
            <ns3:cad>73</ns3:cad>
          </ns3:TrackPointExtension>
        </extensions>
      </trkpt>
      <trkpt lat="23.1849471665918827056884765625" lon="113.2636669836938381195068359375">
        <ele>4.400000095367431640625</ele>
        <time>2023-08-11T12:52:49.000Z</time>
        <extensions>
          <ns3:TrackPointExtension>
            <ns3:hr>152</ns3:hr>
            <ns3:cad>70</ns3:cad>
          </ns3:TrackPointExtension>
        </extensions>
      </trkpt>
      <trkpt lat="23.18494020961225032806396484375" lon="113.26368466950953006744384765625">
        <ele>4.19999980926513671875</ele>
        <time>2023-08-11T12:52:50.000Z</time>
        <extensions>
          <ns3:TrackPointExtension>
            <ns3:hr>155</ns3:hr>
            <ns3:cad>70</ns3:cad>
          </ns3:TrackPointExtension>
        </extensions>
      </trkpt>
      <trkpt lat="23.18490752018988132476806640625" lon="113.263741247355937957763671875">
        <ele>4.19999980926513671875</ele>
        <time>2023-08-11T12:52:54.000Z</time>
        <extensions>
          <ns3:TrackPointExtension>
            <ns3:hr>159</ns3:hr>
            <ns3:cad>77</ns3:cad>
          </ns3:TrackPointExtension>
        </extensions>
      </trkpt>
      <trkpt lat="23.18488924764096736907958984375" lon="113.263763375580310821533203125">
        <ele>4.599999904632568359375</ele>
        <time>2023-08-11T12:52:58.000Z</time>
        <extensions>
          <ns3:TrackPointExtension>
            <ns3:hr>162</ns3:hr>
            <ns3:cad>77</ns3:cad>
          </ns3:TrackPointExtension>
        </extensions>
      </trkpt>
      <trkpt lat="23.184861838817596435546875" lon="113.26377586461603641510009765625">
        <ele>5.599999904632568359375</ele>
        <time>2023-08-11T12:53:00.000Z</time>
        <extensions>
          <ns3:TrackPointExtension>
            <ns3:hr>165</ns3:hr>
            <ns3:cad>61</ns3:cad>
          </ns3:TrackPointExtension>
        </extensions>
      </trkpt>
      <trkpt lat="23.18483442999422550201416015625" lon="113.263796232640743255615234375">
        <ele>6.19999980926513671875</ele>
        <time>2023-08-11T12:53:01.000Z</time>
        <extensions>
          <ns3:TrackPointExtension>
            <ns3:hr>171</ns3:hr>
            <ns3:cad>61</ns3:cad>
          </ns3:TrackPointExtension>
        </extensions>
      </trkpt>
      <trkpt lat="23.18481045775115489959716796875" lon="113.26381877996027469635009765625">
        <ele>6.400000095367431640625</ele>
        <time>2023-08-11T12:53:04.000Z</time>
        <extensions>
          <ns3:TrackPointExtension>
            <ns3:hr>167</ns3:hr>
            <ns3:cad>61</ns3:cad>
          </ns3:TrackPointExtension>
        </extensions>
      </trkpt>
      <trkpt lat="23.18479838781058788299560546875" lon="113.26382498256862163543701171875">
        <ele>6.80000019073486328125</ele>
        <time>2023-08-11T12:53:05.000Z</time>
        <extensions>
          <ns3:TrackPointExtension>
            <ns3:hr>158</ns3:hr>
            <ns3:cad>61</ns3:cad>
          </ns3:TrackPointExtension>
        </extensions>
      </trkpt>
      <trkpt lat="23.184782378375530242919921875" lon="113.2638262398540973663330078125">
        <ele>7.19999980926513671875</ele>
        <time>2023-08-11T12:53:07.000Z</time>
        <extensions>
          <ns3:TrackPointExtension>
            <ns3:hr>153</ns3:hr>
            <ns3:cad>61</ns3:cad>
          </ns3:TrackPointExtension>
        </extensions>
      </trkpt>
      <trkpt lat="23.1847661174833774566650390625" lon="113.2638332806527614593505859375">
        <ele>7.80000019073486328125</ele>
        <time>2023-08-11T12:53:09.000Z</time>
        <extensions>
          <ns3:TrackPointExtension>
            <ns3:hr>152</ns3:hr>
            <ns3:cad>61</ns3:cad>
          </ns3:TrackPointExtension>
        </extensions>
      </trkpt>
      <trkpt lat="23.18473418243229389190673828125" lon="113.2638929598033428192138671875">
        <ele>9.19999980926513671875</ele>
        <time>2023-08-11T12:53:12.000Z</time>
        <extensions>
          <ns3:TrackPointExtension>
            <ns3:hr>155</ns3:hr>
            <ns3:cad>61</ns3:cad>
          </ns3:TrackPointExtension>
        </extensions>
      </trkpt>
      <trkpt lat="23.18465203978121280670166015625" lon="113.26408130116760730743408203125">
        <ele>6.400000095367431640625</ele>
        <time>2023-08-11T12:53:19.000Z</time>
        <extensions>
          <ns3:TrackPointExtension>
            <ns3:hr>155</ns3:hr>
            <ns3:cad>81</ns3:cad>
          </ns3:TrackPointExtension>
        </extensions>
      </trkpt>
      <trkpt lat="23.18462437950074672698974609375" lon="113.26415129005908966064453125">
        <ele>5</ele>
        <time>2023-08-11T12:53:22.000Z</time>
        <extensions>
          <ns3:TrackPointExtension>
            <ns3:hr>158</ns3:hr>
            <ns3:cad>80</ns3:cad>
          </ns3:TrackPointExtension>
        </extensions>
      </trkpt>
      <trkpt lat="23.18459923379123210906982421875" lon="113.2642171718180179595947265625">
        <ele>3.7999999523162841796875</ele>
        <time>2023-08-11T12:53:25.000Z</time>
        <extensions>
          <ns3:TrackPointExtension>
            <ns3:hr>154</ns3:hr>
            <ns3:cad>80</ns3:cad>
          </ns3:TrackPointExtension>
        </extensions>
      </trkpt>
      <trkpt lat="23.18457417190074920654296875" lon="113.2642852328717708587646484375">
        <ele>2.599999904632568359375</ele>
        <time>2023-08-11T12:53:28.000Z</time>
        <extensions>
          <ns3:TrackPointExtension>
            <ns3:hr>157</ns3:hr>
            <ns3:cad>81</ns3:cad>
          </ns3:TrackPointExtension>
        </extensions>
      </trkpt>
      <trkpt lat="23.18449638783931732177734375" lon="113.2644656114280223846435546875">
        <ele>1</ele>
        <time>2023-08-11T12:53:34.000Z</time>
        <extensions>
          <ns3:TrackPointExtension>
            <ns3:hr>153</ns3:hr>
            <ns3:cad>77</ns3:cad>
          </ns3:TrackPointExtension>
        </extensions>
      </trkpt>
      <trkpt lat="23.18439982831478118896484375" lon="113.264653198421001434326171875">
        <ele>1.2000000476837158203125</ele>
        <time>2023-08-11T12:53:40.000Z</time>
        <extensions>
          <ns3:TrackPointExtension>
            <ns3:hr>153</ns3:hr>
            <ns3:cad>76</ns3:cad>
          </ns3:TrackPointExtension>
        </extensions>
      </trkpt>
      <trkpt lat="23.1843723356723785400390625" lon="113.2647214271128177642822265625">
        <ele>2</ele>
        <time>2023-08-11T12:53:42.000Z</time>
        <extensions>
          <ns3:TrackPointExtension>
            <ns3:hr>156</ns3:hr>
            <ns3:cad>77</ns3:cad>
          </ns3:TrackPointExtension>
        </extensions>
      </trkpt>
      <trkpt lat="23.18430368788540363311767578125" lon="113.26487976126372814178466796875">
        <ele>1.2000000476837158203125</ele>
        <time>2023-08-11T12:53:48.000Z</time>
        <extensions>
          <ns3:TrackPointExtension>
            <ns3:hr>159</ns3:hr>
            <ns3:cad>79</ns3:cad>
          </ns3:TrackPointExtension>
        </extensions>
      </trkpt>
      <trkpt lat="23.18426446057856082916259765625" lon="113.26495503075420856475830078125">
        <ele>1</ele>
        <time>2023-08-11T12:53:51.000Z</time>
        <extensions>
          <ns3:TrackPointExtension>
            <ns3:hr>162</ns3:hr>
            <ns3:cad>81</ns3:cad>
          </ns3:TrackPointExtension>
        </extensions>
      </trkpt>
      <trkpt lat="23.18424903787672519683837890625" lon="113.26498202048242092132568359375">
        <ele>0.4000000059604644775390625</ele>
        <time>2023-08-11T12:53:52.000Z</time>
        <extensions>
          <ns3:TrackPointExtension>
            <ns3:hr>167</ns3:hr>
            <ns3:cad>80</ns3:cad>
          </ns3:TrackPointExtension>
        </extensions>
      </trkpt>
      <trkpt lat="23.1842343695461750030517578125" lon="113.26501085422933101654052734375">
        <ele>-0.4000000059604644775390625</ele>
        <time>2023-08-11T12:53:53.000Z</time>
        <extensions>
          <ns3:TrackPointExtension>
            <ns3:hr>166</ns3:hr>
            <ns3:cad>80</ns3:cad>
          </ns3:TrackPointExtension>
        </extensions>
      </trkpt>
      <trkpt lat="23.18420645780861377716064453125" lon="113.26512769795954227447509765625">
        <ele>-3.2000000476837158203125</ele>
        <time>2023-08-11T12:53:57.000Z</time>
        <extensions>
          <ns3:TrackPointExtension>
            <ns3:hr>169</ns3:hr>
            <ns3:cad>80</ns3:cad>
          </ns3:TrackPointExtension>
        </extensions>
      </trkpt>
      <trkpt lat="23.18418013863265514373779296875" lon="113.26523381285369396209716796875">
        <ele>-6</ele>
        <time>2023-08-11T12:54:01.000Z</time>
        <extensions>
          <ns3:TrackPointExtension>
            <ns3:hr>165</ns3:hr>
            <ns3:cad>82</ns3:cad>
          </ns3:TrackPointExtension>
        </extensions>
      </trkpt>
      <trkpt lat="23.1841582618653774261474609375" lon="113.2652679271996021270751953125">
        <ele>-7</ele>
        <time>2023-08-11T12:54:02.000Z</time>
        <extensions>
          <ns3:TrackPointExtension>
            <ns3:hr>161</ns3:hr>
            <ns3:cad>81</ns3:cad>
          </ns3:TrackPointExtension>
        </extensions>
      </trkpt>
      <trkpt lat="23.184094391763210296630859375" lon="113.26544545590877532958984375">
        <ele>-16.6000003814697265625</ele>
        <time>2023-08-11T12:54:10.000Z</time>
        <extensions>
          <ns3:TrackPointExtension>
            <ns3:hr>160</ns3:hr>
            <ns3:cad>81</ns3:cad>
          </ns3:TrackPointExtension>
        </extensions>
      </trkpt>
      <trkpt lat="23.18406782113015651702880859375" lon="113.265552408993244171142578125">
        <ele>-15</ele>
        <time>2023-08-11T12:54:15.000Z</time>
        <extensions>
          <ns3:TrackPointExtension>
            <ns3:hr>163</ns3:hr>
            <ns3:cad>81</ns3:cad>
          </ns3:TrackPointExtension>
        </extensions>
      </trkpt>
      <trkpt lat="23.18403714336454868316650390625" lon="113.26563027687370777130126953125">
        <ele>-9.3999996185302734375</ele>
        <time>2023-08-11T12:54:18.000Z</time>
        <extensions>
          <ns3:TrackPointExtension>
            <ns3:hr>160</ns3:hr>
            <ns3:cad>79</ns3:cad>
          </ns3:TrackPointExtension>
        </extensions>
      </trkpt>
      <trkpt lat="23.1840053759515285491943359375" lon="113.26569758355617523193359375">
        <ele>-4.19999980926513671875</ele>
        <time>2023-08-11T12:54:19.000Z</time>
        <extensions>
          <ns3:TrackPointExtension>
            <ns3:hr>156</ns3:hr>
            <ns3:cad>79</ns3:cad>
          </ns3:TrackPointExtension>
        </extensions>
      </trkpt>
      <trkpt lat="23.1840053759515285491943359375" lon="113.26569758355617523193359375">
        <ele>-4.19999980926513671875</ele>
        <time>2023-08-11T12:54:20.000Z</time>
        <extensions>
          <ns3:TrackPointExtension>
            <ns3:hr>156</ns3:hr>
            <ns3:cad>77</ns3:cad>
          </ns3:TrackPointExtension>
        </extensions>
      </trkpt>
      <trkpt lat="23.1839138455688953399658203125" lon="113.2659022696316242218017578125">
        <ele>1.60000002384185791015625</ele>
        <time>2023-08-11T12:54:26.000Z</time>
        <extensions>
          <ns3:TrackPointExtension>
            <ns3:hr>158</ns3:hr>
            <ns3:cad>78</ns3:cad>
          </ns3:TrackPointExtension>
        </extensions>
      </trkpt>
      <trkpt lat="23.1838853470981121063232421875" lon="113.2659703306853771209716796875">
        <ele>4</ele>
        <time>2023-08-11T12:54:27.000Z</time>
        <extensions>
          <ns3:TrackPointExtension>
            <ns3:hr>161</ns3:hr>
            <ns3:cad>77</ns3:cad>
          </ns3:TrackPointExtension>
        </extensions>
      </trkpt>
      <trkpt lat="23.1838853470981121063232421875" lon="113.2659703306853771209716796875">
        <ele>4</ele>
        <time>2023-08-11T12:54:28.000Z</time>
        <extensions>
          <ns3:TrackPointExtension>
            <ns3:hr>161</ns3:hr>
            <ns3:cad>77</ns3:cad>
          </ns3:TrackPointExtension>
        </extensions>
      </trkpt>
      <trkpt lat="23.18384452722966670989990234375" lon="113.2660295069217681884765625">
        <ele>6.19999980926513671875</ele>
        <time>2023-08-11T12:54:30.000Z</time>
        <extensions>
          <ns3:TrackPointExtension>
            <ns3:hr>169</ns3:hr>
            <ns3:cad>78</ns3:cad>
          </ns3:TrackPointExtension>
        </extensions>
      </trkpt>
      <trkpt lat="23.1837854348123073577880859375" lon="113.26613184995949268341064453125">
        <ele>9.19999980926513671875</ele>
        <time>2023-08-11T12:54:33.000Z</time>
        <extensions>
          <ns3:TrackPointExtension>
            <ns3:hr>174</ns3:hr>
            <ns3:cad>79</ns3:cad>
          </ns3:TrackPointExtension>
        </extensions>
      </trkpt>
      <trkpt lat="23.1837237440049648284912109375" lon="113.26625439338386058807373046875">
        <ele>12.6000003814697265625</ele>
        <time>2023-08-11T12:54:36.000Z</time>
        <extensions>
          <ns3:TrackPointExtension>
            <ns3:hr>181</ns3:hr>
            <ns3:cad>80</ns3:cad>
          </ns3:TrackPointExtension>
        </extensions>
      </trkpt>
      <trkpt lat="23.18370379507541656494140625" lon="113.2662955485284328460693359375">
        <ele>13</ele>
        <time>2023-08-11T12:54:37.000Z</time>
        <extensions>
          <ns3:TrackPointExtension>
            <ns3:hr>181</ns3:hr>
            <ns3:cad>80</ns3:cad>
          </ns3:TrackPointExtension>
        </extensions>
      </trkpt>
      <trkpt lat="23.18365526385605335235595703125" lon="113.26640208251774311065673828125">
        <ele>13.6000003814697265625</ele>
        <time>2023-08-11T12:54:40.000Z</time>
        <extensions>
          <ns3:TrackPointExtension>
            <ns3:hr>181</ns3:hr>
            <ns3:cad>81</ns3:cad>
          </ns3:TrackPointExtension>
        </extensions>
      </trkpt>
      <trkpt lat="23.18356691859662532806396484375" lon="113.2665929384529590606689453125">
        <ele>15</ele>
        <time>2023-08-11T12:54:46.000Z</time>
        <extensions>
          <ns3:TrackPointExtension>
            <ns3:hr>183</ns3:hr>
            <ns3:cad>79</ns3:cad>
          </ns3:TrackPointExtension>
        </extensions>
      </trkpt>
      <trkpt lat="23.183494918048381805419921875" lon="113.2667910866439342498779296875">
        <ele>12.6000003814697265625</ele>
        <time>2023-08-11T12:54:54.000Z</time>
        <extensions>
          <ns3:TrackPointExtension>
            <ns3:hr>181</ns3:hr>
            <ns3:cad>83</ns3:cad>
          </ns3:TrackPointExtension>
        </extensions>
      </trkpt>
      <trkpt lat="23.1834121048450469970703125" lon="113.2669681124389171600341796875">
        <ele>9.6000003814697265625</ele>
        <time>2023-08-11T12:55:01.000Z</time>
        <extensions>
          <ns3:TrackPointExtension>
            <ns3:hr>178</ns3:hr>
            <ns3:cad>83</ns3:cad>
          </ns3:TrackPointExtension>
        </extensions>
      </trkpt>
      <trkpt lat="23.18329609930515289306640625" lon="113.267091326415538787841796875">
        <ele>7.80000019073486328125</ele>
        <time>2023-08-11T12:55:13.000Z</time>
        <extensions>
          <ns3:TrackPointExtension>
            <ns3:hr>179</ns3:hr>
            <ns3:cad>61</ns3:cad>
          </ns3:TrackPointExtension>
        </extensions>
      </trkpt>
      <trkpt lat="23.18314983509480953216552734375" lon="113.2670710422098636627197265625">
        <ele>7.599999904632568359375</ele>
        <time>2023-08-11T12:55:28.000Z</time>
        <extensions>
          <ns3:TrackPointExtension>
            <ns3:hr>175</ns3:hr>
            <ns3:cad>62</ns3:cad>
          </ns3:TrackPointExtension>
        </extensions>
      </trkpt>
      <trkpt lat="23.18312586285173892974853515625" lon="113.26706056483089923858642578125">
        <ele>7.599999904632568359375</ele>
        <time>2023-08-11T12:55:29.000Z</time>
        <extensions>
          <ns3:TrackPointExtension>
            <ns3:hr>172</ns3:hr>
            <ns3:cad>62</ns3:cad>
          </ns3:TrackPointExtension>
        </extensions>
      </trkpt>
      <trkpt lat="23.18312586285173892974853515625" lon="113.26706056483089923858642578125">
        <ele>7.599999904632568359375</ele>
        <time>2023-08-11T12:55:30.000Z</time>
        <extensions>
          <ns3:TrackPointExtension>
            <ns3:hr>172</ns3:hr>
            <ns3:cad>61</ns3:cad>
          </ns3:TrackPointExtension>
        </extensions>
      </trkpt>
      <trkpt lat="23.18301673047244548797607421875" lon="113.26698227785527706146240234375">
        <ele>8.19999980926513671875</ele>
        <time>2023-08-11T12:55:45.000Z</time>
        <extensions>
          <ns3:TrackPointExtension>
            <ns3:hr>169</ns3:hr>
            <ns3:cad>61</ns3:cad>
          </ns3:TrackPointExtension>
        </extensions>
      </trkpt>
      <trkpt lat="23.18298001773655414581298828125" lon="113.26695361174643039703369140625">
        <ele>8.3999996185302734375</ele>
        <time>2023-08-11T12:55:50.000Z</time>
        <extensions>
          <ns3:TrackPointExtension>
            <ns3:hr>165</ns3:hr>
            <ns3:cad>61</ns3:cad>
          </ns3:TrackPointExtension>
        </extensions>
      </trkpt>
      <trkpt lat="23.1828302331268787384033203125" lon="113.26683609746396541595458984375">
        <ele>7.400000095367431640625</ele>
        <time>2023-08-11T12:56:06.000Z</time>
        <extensions>
          <ns3:TrackPointExtension>
            <ns3:hr>163</ns3:hr>
            <ns3:cad>61</ns3:cad>
          </ns3:TrackPointExtension>
        </extensions>
      </trkpt>
      <trkpt lat="23.18278421647846698760986328125" lon="113.26681698672473430633544921875">
        <ele>6.80000019073486328125</ele>
        <time>2023-08-11T12:56:09.000Z</time>
        <extensions>
          <ns3:TrackPointExtension>
            <ns3:hr>157</ns3:hr>
            <ns3:cad>61</ns3:cad>
          </ns3:TrackPointExtension>
        </extensions>
      </trkpt>
      <trkpt lat="23.18275923840701580047607421875" lon="113.2668028213083744049072265625">
        <ele>6.400000095367431640625</ele>
        <time>2023-08-11T12:56:11.000Z</time>
        <extensions>
          <ns3:TrackPointExtension>
            <ns3:hr>154</ns3:hr>
            <ns3:cad>62</ns3:cad>
          </ns3:TrackPointExtension>
        </extensions>
      </trkpt>
      <trkpt lat="23.182666786015033721923828125" lon="113.26675705611705780029296875">
        <ele>5.599999904632568359375</ele>
        <time>2023-08-11T12:56:20.000Z</time>
        <extensions>
          <ns3:TrackPointExtension>
            <ns3:hr>151</ns3:hr>
            <ns3:cad>64</ns3:cad>
          </ns3:TrackPointExtension>
        </extensions>
      </trkpt>
      <trkpt lat="23.18251398392021656036376953125" lon="113.2666770927608013153076171875">
        <ele>6</ele>
        <time>2023-08-11T12:56:31.000Z</time>
        <extensions>
          <ns3:TrackPointExtension>
            <ns3:hr>148</ns3:hr>
            <ns3:cad>64</ns3:cad>
          </ns3:TrackPointExtension>
        </extensions>
      </trkpt>
      <trkpt lat="23.1823849864304065704345703125" lon="113.26659620739519596099853515625">
        <ele>6.400000095367431640625</ele>
        <time>2023-08-11T12:56:37.000Z</time>
        <extensions>
          <ns3:TrackPointExtension>
            <ns3:hr>151</ns3:hr>
            <ns3:cad>83</ns3:cad>
          </ns3:TrackPointExtension>
        </extensions>
      </trkpt>
      <trkpt lat="23.1822480261325836181640625" lon="113.26648958958685398101806640625">
        <ele>8</ele>
        <time>2023-08-11T12:56:44.000Z</time>
        <extensions>
          <ns3:TrackPointExtension>
            <ns3:hr>154</ns3:hr>
            <ns3:cad>83</ns3:cad>
          </ns3:TrackPointExtension>
        </extensions>
      </trkpt>
      <trkpt lat="23.182163536548614501953125" lon="113.26638079248368740081787109375">
        <ele>8.80000019073486328125</ele>
        <time>2023-08-11T12:56:49.000Z</time>
        <extensions>
          <ns3:TrackPointExtension>
            <ns3:hr>158</ns3:hr>
            <ns3:cad>83</ns3:cad>
          </ns3:TrackPointExtension>
        </extensions>
      </trkpt>
      <trkpt lat="23.182131014764308929443359375" lon="113.26632966287434101104736328125">
        <ele>9</ele>
        <time>2023-08-11T12:56:51.000Z</time>
        <extensions>
          <ns3:TrackPointExtension>
            <ns3:hr>163</ns3:hr>
            <ns3:cad>83</ns3:cad>
          </ns3:TrackPointExtension>
        </extensions>
      </trkpt>
      <trkpt lat="23.18205348215997219085693359375" lon="113.26628926210105419158935546875">
        <ele>9.6000003814697265625</ele>
        <time>2023-08-11T12:56:54.000Z</time>
        <extensions>
          <ns3:TrackPointExtension>
            <ns3:hr>157</ns3:hr>
            <ns3:cad>82</ns3:cad>
          </ns3:TrackPointExtension>
        </extensions>
      </trkpt>
      <trkpt lat="23.18199262954294681549072265625" lon="113.266282975673675537109375">
        <ele>10</ele>
        <time>2023-08-11T12:56:56.000Z</time>
        <extensions>
          <ns3:TrackPointExtension>
            <ns3:hr>154</ns3:hr>
            <ns3:cad>82</ns3:cad>
          </ns3:TrackPointExtension>
        </extensions>
      </trkpt>
      <trkpt lat="23.18191769532859325408935546875" lon="113.2662492804229259490966796875">
        <ele>10.6000003814697265625</ele>
        <time>2023-08-11T12:56:59.000Z</time>
        <extensions>
          <ns3:TrackPointExtension>
            <ns3:hr>157</ns3:hr>
            <ns3:cad>83</ns3:cad>
          </ns3:TrackPointExtension>
        </extensions>
      </trkpt>
      <trkpt lat="23.18180068396031856536865234375" lon="113.26617099344730377197265625">
        <ele>10.80000019073486328125</ele>
        <time>2023-08-11T12:57:05.000Z</time>
        <extensions>
          <ns3:TrackPointExtension>
            <ns3:hr>153</ns3:hr>
            <ns3:cad>82</ns3:cad>
          </ns3:TrackPointExtension>
        </extensions>
      </trkpt>
      <trkpt lat="23.18175961263477802276611328125" lon="113.2661356218159198760986328125">
        <ele>10.6000003814697265625</ele>
        <time>2023-08-11T12:57:07.000Z</time>
        <extensions>
          <ns3:TrackPointExtension>
            <ns3:hr>158</ns3:hr>
            <ns3:cad>82</ns3:cad>
          </ns3:TrackPointExtension>
        </extensions>
      </trkpt>
      <trkpt lat="23.18171435035765171051025390625" lon="113.26610888354480266571044921875">
        <ele>10.3999996185302734375</ele>
        <time>2023-08-11T12:57:09.000Z</time>
        <extensions>
          <ns3:TrackPointExtension>
            <ns3:hr>166</ns3:hr>
            <ns3:cad>82</ns3:cad>
          </ns3:TrackPointExtension>
        </extensions>
      </trkpt>
      <trkpt lat="23.18168601952493190765380859375" lon="113.26610268093645572662353515625">
        <ele>10.3999996185302734375</ele>
        <time>2023-08-11T12:57:10.000Z</time>
        <extensions>
          <ns3:TrackPointExtension>
            <ns3:hr>166</ns3:hr>
            <ns3:cad>83</ns3:cad>
          </ns3:TrackPointExtension>
        </extensions>
      </trkpt>
      <trkpt lat="23.1815739534795284271240234375" lon="113.2660429179668426513671875">
        <ele>10</ele>
        <time>2023-08-11T12:57:15.000Z</time>
        <extensions>
          <ns3:TrackPointExtension>
            <ns3:hr>169</ns3:hr>
            <ns3:cad>83</ns3:cad>
          </ns3:TrackPointExtension>
        </extensions>
      </trkpt>
      <trkpt lat="23.18156071007251739501953125" lon="113.266030512750148773193359375">
        <ele>10</ele>
        <time>2023-08-11T12:57:16.000Z</time>
        <extensions>
          <ns3:TrackPointExtension>
            <ns3:hr>173</ns3:hr>
            <ns3:cad>83</ns3:cad>
          </ns3:TrackPointExtension>
        </extensions>
      </trkpt>
      <trkpt lat="23.18154755048453807830810546875" lon="113.266023807227611541748046875">
        <ele>10</ele>
        <time>2023-08-11T12:57:17.000Z</time>
        <extensions>
          <ns3:TrackPointExtension>
            <ns3:hr>170</ns3:hr>
            <ns3:cad>83</ns3:cad>
          </ns3:TrackPointExtension>
        </extensions>
      </trkpt>
      <trkpt lat="23.18150849081575870513916015625" lon="113.266009725630283355712890625">
        <ele>9.6000003814697265625</ele>
        <time>2023-08-11T12:57:19.000Z</time>
        <extensions>
          <ns3:TrackPointExtension>
            <ns3:hr>176</ns3:hr>
            <ns3:cad>83</ns3:cad>
          </ns3:TrackPointExtension>
        </extensions>
      </trkpt>
      <trkpt lat="23.18149591796100139617919921875" lon="113.26599941588938236236572265625">
        <ele>9.6000003814697265625</ele>
        <time>2023-08-11T12:57:20.000Z</time>
        <extensions>
          <ns3:TrackPointExtension>
            <ns3:hr>172</ns3:hr>
            <ns3:cad>82</ns3:cad>
          </ns3:TrackPointExtension>
        </extensions>
      </trkpt>
      <trkpt lat="23.18144059740006923675537109375" lon="113.2659706659615039825439453125">
        <ele>9.3999996185302734375</ele>
        <time>2023-08-11T12:57:23.000Z</time>
        <extensions>
          <ns3:TrackPointExtension>
            <ns3:hr>167</ns3:hr>
            <ns3:cad>83</ns3:cad>
          </ns3:TrackPointExtension>
        </extensions>
      </trkpt>
      <trkpt lat="23.1814110092818737030029296875" lon="113.2659436762332916259765625">
        <ele>9.3999996185302734375</ele>
        <time>2023-08-11T12:57:25.000Z</time>
        <extensions>
          <ns3:TrackPointExtension>
            <ns3:hr>170</ns3:hr>
            <ns3:cad>83</ns3:cad>
          </ns3:TrackPointExtension>
        </extensions>
      </trkpt>
      <trkpt lat="23.181373290717601776123046875" lon="113.265913836658000946044921875">
        <ele>9.19999980926513671875</ele>
        <time>2023-08-11T12:57:27.000Z</time>
        <extensions>
          <ns3:TrackPointExtension>
            <ns3:hr>174</ns3:hr>
            <ns3:cad>82</ns3:cad>
          </ns3:TrackPointExtension>
        </extensions>
      </trkpt>
      <trkpt lat="23.18118117749691009521484375" lon="113.265850134193897247314453125">
        <ele>9.6000003814697265625</ele>
        <time>2023-08-11T12:57:33.000Z</time>
        <extensions>
          <ns3:TrackPointExtension>
            <ns3:hr>172</ns3:hr>
            <ns3:cad>83</ns3:cad>
          </ns3:TrackPointExtension>
        </extensions>
      </trkpt>
      <trkpt lat="23.18107397295534610748291015625" lon="113.26569230295717716217041015625">
        <ele>11.3999996185302734375</ele>
        <time>2023-08-11T12:57:41.000Z</time>
        <extensions>
          <ns3:TrackPointExtension>
            <ns3:hr>169</ns3:hr>
            <ns3:cad>82</ns3:cad>
          </ns3:TrackPointExtension>
        </extensions>
      </trkpt>
      <trkpt lat="23.18093148060142993927001953125" lon="113.2655388303101062774658203125">
        <ele>13</ele>
        <time>2023-08-11T12:57:48.000Z</time>
        <extensions>
          <ns3:TrackPointExtension>
            <ns3:hr>170</ns3:hr>
            <ns3:cad>83</ns3:cad>
          </ns3:TrackPointExtension>
        </extensions>
      </trkpt>
      <trkpt lat="23.1807384453713893890380859375" lon="113.265455178916454315185546875">
        <ele>14.19999980926513671875</ele>
        <time>2023-08-11T12:57:54.000Z</time>
        <extensions>
          <ns3:TrackPointExtension>
            <ns3:hr>171</ns3:hr>
            <ns3:cad>83</ns3:cad>
          </ns3:TrackPointExtension>
        </extensions>
      </trkpt>
      <trkpt lat="23.18053920753300189971923828125" lon="113.2654151134192943572998046875">
        <ele>14.19999980926513671875</ele>
        <time>2023-08-11T12:58:05.000Z</time>
        <extensions>
          <ns3:TrackPointExtension>
            <ns3:hr>169</ns3:hr>
            <ns3:cad>41</ns3:cad>
          </ns3:TrackPointExtension>
        </extensions>
      </trkpt>
      <trkpt lat="23.180452622473239898681640625" lon="113.26541268266737461090087890625">
        <ele>14.19999980926513671875</ele>
        <time>2023-08-11T12:58:12.000Z</time>
        <extensions>
          <ns3:TrackPointExtension>
            <ns3:hr>172</ns3:hr>
            <ns3:cad>61</ns3:cad>
          </ns3:TrackPointExtension>
        </extensions>
      </trkpt>
      <trkpt lat="23.18031205795705318450927734375" lon="113.265283517539501190185546875">
        <ele>13.6000003814697265625</ele>
        <time>2023-08-11T12:58:28.000Z</time>
        <extensions>
          <ns3:TrackPointExtension>
            <ns3:hr>171</ns3:hr>
            <ns3:cad>61</ns3:cad>
          </ns3:TrackPointExtension>
        </extensions>
      </trkpt>
      <trkpt lat="23.18030141294002532958984375" lon="113.26525501906871795654296875">
        <ele>13.6000003814697265625</ele>
        <time>2023-08-11T12:58:30.000Z</time>
        <extensions>
          <ns3:TrackPointExtension>
            <ns3:hr>167</ns3:hr>
            <ns3:cad>61</ns3:cad>
          </ns3:TrackPointExtension>
        </extensions>
      </trkpt>
      <trkpt lat="23.18028976209461688995361328125" lon="113.265218473970890045166015625">
        <ele>13.80000019073486328125</ele>
        <time>2023-08-11T12:58:32.000Z</time>
        <extensions>
          <ns3:TrackPointExtension>
            <ns3:hr>164</ns3:hr>
            <ns3:cad>61</ns3:cad>
          </ns3:TrackPointExtension>
        </extensions>
      </trkpt>
      <trkpt lat="23.1802472658455371856689453125" lon="113.26515519060194492340087890625">
        <ele>13.3999996185302734375</ele>
        <time>2023-08-11T12:58:36.000Z</time>
        <extensions>
          <ns3:TrackPointExtension>
            <ns3:hr>159</ns3:hr>
            <ns3:cad>61</ns3:cad>
          </ns3:TrackPointExtension>
        </extensions>
      </trkpt>
      <trkpt lat="23.18018046207726001739501953125" lon="113.265017978847026824951171875">
        <ele>13</ele>
        <time>2023-08-11T12:58:44.000Z</time>
        <extensions>
          <ns3:TrackPointExtension>
            <ns3:hr>156</ns3:hr>
            <ns3:cad>61</ns3:cad>
          </ns3:TrackPointExtension>
        </extensions>
      </trkpt>
      <trkpt lat="23.18016554228961467742919921875" lon="113.26498369686305522918701171875">
        <ele>12.80000019073486328125</ele>
        <time>2023-08-11T12:58:45.000Z</time>
        <extensions>
          <ns3:TrackPointExtension>
            <ns3:hr>153</ns3:hr>
            <ns3:cad>61</ns3:cad>
          </ns3:TrackPointExtension>
        </extensions>
      </trkpt>
      <trkpt lat="23.18005825392901897430419921875" lon="113.26481404714286327362060546875">
        <ele>9.3999996185302734375</ele>
        <time>2023-08-11T12:59:00.000Z</time>
        <extensions>
          <ns3:TrackPointExtension>
            <ns3:hr>152</ns3:hr>
            <ns3:cad>61</ns3:cad>
          </ns3:TrackPointExtension>
        </extensions>
      </trkpt>
      <trkpt lat="23.17991190589964389801025390625" lon="113.26488780789077281951904296875">
        <ele>9.19999980926513671875</ele>
        <time>2023-08-11T12:59:05.000Z</time>
        <extensions>
          <ns3:TrackPointExtension>
            <ns3:hr>149</ns3:hr>
            <ns3:cad>61</ns3:cad>
          </ns3:TrackPointExtension>
        </extensions>
      </trkpt>
      <trkpt lat="23.17976689897477626800537109375" lon="113.2648810185492038726806640625">
        <ele>10</ele>
        <time>2023-08-11T12:59:18.000Z</time>
        <extensions>
          <ns3:TrackPointExtension>
            <ns3:hr>146</ns3:hr>
            <ns3:cad>61</ns3:cad>
          </ns3:TrackPointExtension>
        </extensions>
      </trkpt>
      <trkpt lat="23.17970956675708293914794921875" lon="113.26488160528242588043212890625">
        <ele>10.19999980926513671875</ele>
        <time>2023-08-11T12:59:23.000Z</time>
        <extensions>
          <ns3:TrackPointExtension>
            <ns3:hr>141</ns3:hr>
            <ns3:cad>61</ns3:cad>
          </ns3:TrackPointExtension>
        </extensions>
      </trkpt>
      <trkpt lat="23.1796994246542453765869140625" lon="113.26487439684569835662841796875">
        <ele>10.19999980926513671875</ele>
        <time>2023-08-11T12:59:24.000Z</time>
        <extensions>
          <ns3:TrackPointExtension>
            <ns3:hr>137</ns3:hr>
            <ns3:cad>61</ns3:cad>
          </ns3:TrackPointExtension>
        </extensions>
      </trkpt>
      <trkpt lat="23.1796095706522464752197265625" lon="113.2648843713104724884033203125">
        <ele>11</ele>
        <time>2023-08-11T12:59:33.000Z</time>
        <extensions>
          <ns3:TrackPointExtension>
            <ns3:hr>139</ns3:hr>
            <ns3:cad>61</ns3:cad>
          </ns3:TrackPointExtension>
        </extensions>
      </trkpt>
      <trkpt lat="23.179574199020862579345703125" lon="113.26486970297992229461669921875">
        <ele>11.6000003814697265625</ele>
        <time>2023-08-11T12:59:37.000Z</time>
        <extensions>
          <ns3:TrackPointExtension>
            <ns3:hr>138</ns3:hr>
            <ns3:cad>61</ns3:cad>
          </ns3:TrackPointExtension>
        </extensions>
      </trkpt>
      <trkpt lat="23.17942122928798198699951171875" lon="113.264754451811313629150390625">
        <ele>13.19999980926513671875</ele>
        <time>2023-08-11T12:59:52.000Z</time>
        <extensions>
          <ns3:TrackPointExtension>
            <ns3:hr>136</ns3:hr>
            <ns3:cad>61</ns3:cad>
          </ns3:TrackPointExtension>
        </extensions>
      </trkpt>
      <trkpt lat="23.1792679242789745330810546875" lon="113.26463517732918262481689453125">
        <ele>15</ele>
        <time>2023-08-11T13:00:08.000Z</time>
        <extensions>
          <ns3:TrackPointExtension>
            <ns3:hr>136</ns3:hr>
            <ns3:cad>61</ns3:cad>
          </ns3:TrackPointExtension>
        </extensions>
      </trkpt>
      <trkpt lat="23.17920975387096405029296875" lon="113.2645842991769313812255859375">
        <ele>15.3999996185302734375</ele>
        <time>2023-08-11T13:00:14.000Z</time>
        <extensions>
          <ns3:TrackPointExtension>
            <ns3:hr>133</ns3:hr>
            <ns3:cad>61</ns3:cad>
          </ns3:TrackPointExtension>
        </extensions>
      </trkpt>
      <trkpt lat="23.1791988573968410491943359375" lon="113.26457097195088863372802734375">
        <ele>15.3999996185302734375</ele>
        <time>2023-08-11T13:00:16.000Z</time>
        <extensions>
          <ns3:TrackPointExtension>
            <ns3:hr>130</ns3:hr>
            <ns3:cad>61</ns3:cad>
          </ns3:TrackPointExtension>
        </extensions>
      </trkpt>
      <trkpt lat="23.179148398339748382568359375" lon="113.2645936869084835052490234375">
        <ele>16.200000762939453125</ele>
        <time>2023-08-11T13:00:22.000Z</time>
        <extensions>
          <ns3:TrackPointExtension>
            <ns3:hr>129</ns3:hr>
            <ns3:cad>60</ns3:cad>
          </ns3:TrackPointExtension>
        </extensions>
      </trkpt>
      <trkpt lat="23.17910707555711269378662109375" lon="113.2645970396697521209716796875">
        <ele>17</ele>
        <time>2023-08-11T13:00:26.000Z</time>
        <extensions>
          <ns3:TrackPointExtension>
            <ns3:hr>130</ns3:hr>
            <ns3:cad>59</ns3:cad>
          </ns3:TrackPointExtension>
        </extensions>
      </trkpt>
      <trkpt lat="23.17909081466495990753173828125" lon="113.26456041075289249420166015625">
        <ele>16.799999237060546875</ele>
        <time>2023-08-11T13:00:31.000Z</time>
        <extensions>
          <ns3:TrackPointExtension>
            <ns3:hr>130</ns3:hr>
            <ns3:cad>61</ns3:cad>
          </ns3:TrackPointExtension>
        </extensions>
      </trkpt>
      <trkpt lat="23.1790888868272304534912109375" lon="113.26435069553554058074951171875">
        <ele>14.6000003814697265625</ele>
        <time>2023-08-11T13:00:48.000Z</time>
        <extensions>
          <ns3:TrackPointExtension>
            <ns3:hr>129</ns3:hr>
            <ns3:cad>58</ns3:cad>
          </ns3:TrackPointExtension>
        </extensions>
      </trkpt>
      <trkpt lat="23.17907623015344142913818359375" lon="113.26434315182268619537353515625">
        <ele>14.3999996185302734375</ele>
        <time>2023-08-11T13:00:49.000Z</time>
        <extensions>
          <ns3:TrackPointExtension>
            <ns3:hr>128</ns3:hr>
            <ns3:cad>58</ns3:cad>
          </ns3:TrackPointExtension>
        </extensions>
      </trkpt>
      <trkpt lat="23.17905494011938571929931640625" lon="113.2643392123281955718994140625">
        <ele>14.19999980926513671875</ele>
        <time>2023-08-11T13:00:51.000Z</time>
        <extensions>
          <ns3:TrackPointExtension>
            <ns3:hr>128</ns3:hr>
            <ns3:cad>58</ns3:cad>
          </ns3:TrackPointExtension>
        </extensions>
      </trkpt>
      <trkpt lat="23.1790285371243953704833984375" lon="113.26432186178863048553466796875">
        <ele>13.6000003814697265625</ele>
        <time>2023-08-11T13:00:53.000Z</time>
        <extensions>
          <ns3:TrackPointExtension>
            <ns3:hr>127</ns3:hr>
            <ns3:cad>58</ns3:cad>
          </ns3:TrackPointExtension>
        </extensions>
      </trkpt>
      <trkpt lat="23.17894061096012592315673828125" lon="113.2643133960664272308349609375">
        <ele>12.6000003814697265625</ele>
        <time>2023-08-11T13:01:00.000Z</time>
        <extensions>
          <ns3:TrackPointExtension>
            <ns3:hr>129</ns3:hr>
            <ns3:cad>59</ns3:cad>
          </ns3:TrackPointExtension>
        </extensions>
      </trkpt>
      <trkpt lat="23.1787458993494510650634765625" lon="113.2642828859388828277587890625">
        <ele>10.3999996185302734375</ele>
        <time>2023-08-11T13:01:11.000Z</time>
        <extensions>
          <ns3:TrackPointExtension>
            <ns3:hr>131</ns3:hr>
            <ns3:cad>61</ns3:cad>
          </ns3:TrackPointExtension>
        </extensions>
      </trkpt>
      <trkpt lat="23.17861505784094333648681640625" lon="113.2642198540270328521728515625">
        <ele>9</ele>
        <time>2023-08-11T13:01:24.000Z</time>
        <extensions>
          <ns3:TrackPointExtension>
            <ns3:hr>135</ns3:hr>
            <ns3:cad>61</ns3:cad>
          </ns3:TrackPointExtension>
        </extensions>
      </trkpt>
      <trkpt lat="23.178495950996875762939453125" lon="113.2641725800931453704833984375">
        <ele>8</ele>
        <time>2023-08-11T13:01:35.000Z</time>
        <extensions>
          <ns3:TrackPointExtension>
            <ns3:hr>138</ns3:hr>
            <ns3:cad>61</ns3:cad>
          </ns3:TrackPointExtension>
        </extensions>
      </trkpt>
      <trkpt lat="23.17844591103494167327880859375" lon="113.2641390524804592132568359375">
        <ele>8</ele>
        <time>2023-08-11T13:01:40.000Z</time>
        <extensions>
          <ns3:TrackPointExtension>
            <ns3:hr>134</ns3:hr>
            <ns3:cad>57</ns3:cad>
          </ns3:TrackPointExtension>
        </extensions>
      </trkpt>
      <trkpt lat="23.17840165458619594573974609375" lon="113.264091275632381439208984375">
        <ele>7.80000019073486328125</ele>
        <time>2023-08-11T13:01:45.000Z</time>
        <extensions>
          <ns3:TrackPointExtension>
            <ns3:hr>137</ns3:hr>
            <ns3:cad>57</ns3:cad>
          </ns3:TrackPointExtension>
        </extensions>
      </trkpt>
      <trkpt lat="23.178333677351474761962890625" lon="113.2640314288437366485595703125">
        <ele>8.3999996185302734375</ele>
        <time>2023-08-11T13:01:52.000Z</time>
        <extensions>
          <ns3:TrackPointExtension>
            <ns3:hr>134</ns3:hr>
            <ns3:cad>61</ns3:cad>
          </ns3:TrackPointExtension>
        </extensions>
      </trkpt>
      <trkpt lat="23.17830358631908893585205078125" lon="113.263989351689815521240234375">
        <ele>8.6000003814697265625</ele>
        <time>2023-08-11T13:01:56.000Z</time>
        <extensions>
          <ns3:TrackPointExtension>
            <ns3:hr>129</ns3:hr>
            <ns3:cad>61</ns3:cad>
          </ns3:TrackPointExtension>
        </extensions>
      </trkpt>
      <trkpt lat="23.1782756745815277099609375" lon="113.2639730907976627349853515625">
        <ele>8.80000019073486328125</ele>
        <time>2023-08-11T13:01:57.000Z</time>
        <extensions>
          <ns3:TrackPointExtension>
            <ns3:hr>129</ns3:hr>
            <ns3:cad>61</ns3:cad>
          </ns3:TrackPointExtension>
        </extensions>
      </trkpt>
      <trkpt lat="23.178096301853656768798828125" lon="113.263949789106845855712890625">
        <ele>10.6000003814697265625</ele>
        <time>2023-08-11T13:02:07.000Z</time>
        <extensions>
          <ns3:TrackPointExtension>
            <ns3:hr>131</ns3:hr>
            <ns3:cad>81</ns3:cad>
          </ns3:TrackPointExtension>
        </extensions>
      </trkpt>
      <trkpt lat="23.17795448005199432373046875" lon="113.26385767199099063873291015625">
        <ele>12.19999980926513671875</ele>
        <time>2023-08-11T13:02:14.000Z</time>
        <extensions>
          <ns3:TrackPointExtension>
            <ns3:hr>136</ns3:hr>
            <ns3:cad>82</ns3:cad>
          </ns3:TrackPointExtension>
        </extensions>
      </trkpt>
      <trkpt lat="23.17791215144097805023193359375" lon="113.263823054730892181396484375">
        <ele>12.3999996185302734375</ele>
        <time>2023-08-11T13:02:16.000Z</time>
        <extensions>
          <ns3:TrackPointExtension>
            <ns3:hr>139</ns3:hr>
            <ns3:cad>82</ns3:cad>
          </ns3:TrackPointExtension>
        </extensions>
      </trkpt>
      <trkpt lat="23.177775777876377105712890625" lon="113.26372439973056316375732421875">
        <ele>12</ele>
        <time>2023-08-11T13:02:22.000Z</time>
        <extensions>
          <ns3:TrackPointExtension>
            <ns3:hr>144</ns3:hr>
            <ns3:cad>83</ns3:cad>
          </ns3:TrackPointExtension>
        </extensions>
      </trkpt>
      <trkpt lat="23.1777514703571796417236328125" lon="113.263707719743251800537109375">
        <ele>11.80000019073486328125</ele>
        <time>2023-08-11T13:02:23.000Z</time>
        <extensions>
          <ns3:TrackPointExtension>
            <ns3:hr>148</ns3:hr>
            <ns3:cad>83</ns3:cad>
          </ns3:TrackPointExtension>
        </extensions>
      </trkpt>
      <trkpt lat="23.177728168666362762451171875" lon="113.26369305141270160675048828125">
        <ele>11.80000019073486328125</ele>
        <time>2023-08-11T13:02:24.000Z</time>
        <extensions>
          <ns3:TrackPointExtension>
            <ns3:hr>151</ns3:hr>
            <ns3:cad>83</ns3:cad>
          </ns3:TrackPointExtension>
        </extensions>
      </trkpt>
      <trkpt lat="23.17770528607070446014404296875" lon="113.2636780478060245513916015625">
        <ele>11.80000019073486328125</ele>
        <time>2023-08-11T13:02:25.000Z</time>
        <extensions>
          <ns3:TrackPointExtension>
            <ns3:hr>151</ns3:hr>
            <ns3:cad>83</ns3:cad>
          </ns3:TrackPointExtension>
        </extensions>
      </trkpt>
      <trkpt lat="23.177659101784229278564453125" lon="113.26365164481103420257568359375">
        <ele>11.80000019073486328125</ele>
        <time>2023-08-11T13:02:27.000Z</time>
        <extensions>
          <ns3:TrackPointExtension>
            <ns3:hr>158</ns3:hr>
            <ns3:cad>83</ns3:cad>
          </ns3:TrackPointExtension>
        </extensions>
      </trkpt>
      <trkpt lat="23.1774959899485111236572265625" lon="113.26354670338332653045654296875">
        <ele>12</ele>
        <time>2023-08-11T13:02:34.000Z</time>
        <extensions>
          <ns3:TrackPointExtension>
            <ns3:hr>159</ns3:hr>
            <ns3:cad>82</ns3:cad>
          </ns3:TrackPointExtension>
        </extensions>
      </trkpt>
      <trkpt lat="23.1774490512907505035400390625" lon="113.26352231204509735107421875">
        <ele>12.3999996185302734375</ele>
        <time>2023-08-11T13:02:35.000Z</time>
        <extensions>
          <ns3:TrackPointExtension>
            <ns3:hr>162</ns3:hr>
            <ns3:cad>83</ns3:cad>
          </ns3:TrackPointExtension>
        </extensions>
      </trkpt>
      <trkpt lat="23.17740261554718017578125" lon="113.26349875889718532562255859375">
        <ele>12.6000003814697265625</ele>
        <time>2023-08-11T13:02:38.000Z</time>
        <extensions>
          <ns3:TrackPointExtension>
            <ns3:hr>165</ns3:hr>
            <ns3:cad>83</ns3:cad>
          </ns3:TrackPointExtension>
        </extensions>
      </trkpt>
      <trkpt lat="23.1773394159972667694091796875" lon="113.26345969922840595245361328125">
        <ele>12.19999980926513671875</ele>
        <time>2023-08-11T13:02:41.000Z</time>
        <extensions>
          <ns3:TrackPointExtension>
            <ns3:hr>170</ns3:hr>
            <ns3:cad>82</ns3:cad>
          </ns3:TrackPointExtension>
        </extensions>
      </trkpt>
      <trkpt lat="23.1773166172206401824951171875" lon="113.263448886573314666748046875">
        <ele>12</ele>
        <time>2023-08-11T13:02:42.000Z</time>
        <extensions>
          <ns3:TrackPointExtension>
            <ns3:hr>169</ns3:hr>
            <ns3:cad>82</ns3:cad>
          </ns3:TrackPointExtension>
        </extensions>
      </trkpt>
      <trkpt lat="23.17722567357122898101806640625" lon="113.26340002007782459259033203125">
        <ele>11.19999980926513671875</ele>
        <time>2023-08-11T13:02:46.000Z</time>
        <extensions>
          <ns3:TrackPointExtension>
            <ns3:hr>166</ns3:hr>
            <ns3:cad>83</ns3:cad>
          </ns3:TrackPointExtension>
        </extensions>
      </trkpt>
      <trkpt lat="23.177062980830669403076171875" lon="113.26328359544277191162109375">
        <ele>9.3999996185302734375</ele>
        <time>2023-08-11T13:02:53.000Z</time>
        <extensions>
          <ns3:TrackPointExtension>
            <ns3:hr>168</ns3:hr>
            <ns3:cad>83</ns3:cad>
          </ns3:TrackPointExtension>
        </extensions>
      </trkpt>
      <trkpt lat="23.17691981792449951171875" lon="113.26319550164043903350830078125">
        <ele>8</ele>
        <time>2023-08-11T13:02:59.000Z</time>
        <extensions>
          <ns3:TrackPointExtension>
            <ns3:hr>165</ns3:hr>
            <ns3:cad>83</ns3:cad>
          </ns3:TrackPointExtension>
        </extensions>
      </trkpt>
      <trkpt lat="23.176855780184268951416015625" lon="113.26316180638968944549560546875">
        <ele>7.400000095367431640625</ele>
        <time>2023-08-11T13:03:02.000Z</time>
        <extensions>
          <ns3:TrackPointExtension>
            <ns3:hr>162</ns3:hr>
            <ns3:cad>83</ns3:cad>
          </ns3:TrackPointExtension>
        </extensions>
      </trkpt>
      <trkpt lat="23.1767104379832744598388671875" lon="113.26306809671223163604736328125">
        <ele>8.19999980926513671875</ele>
        <time>2023-08-11T13:03:09.000Z</time>
        <extensions>
          <ns3:TrackPointExtension>
            <ns3:hr>165</ns3:hr>
            <ns3:cad>83</ns3:cad>
          </ns3:TrackPointExtension>
        </extensions>
      </trkpt>
      <trkpt lat="23.17668822593986988067626953125" lon="113.263053596019744873046875">
        <ele>8.3999996185302734375</ele>
        <time>2023-08-11T13:03:10.000Z</time>
        <extensions>
          <ns3:TrackPointExtension>
            <ns3:hr>168</ns3:hr>
            <ns3:cad>83</ns3:cad>
          </ns3:TrackPointExtension>
        </extensions>
      </trkpt>
      <trkpt lat="23.17651622928678989410400390625" lon="113.26292392797768115997314453125">
        <ele>9.6000003814697265625</ele>
        <time>2023-08-11T13:03:17.000Z</time>
        <extensions>
          <ns3:TrackPointExtension>
            <ns3:hr>167</ns3:hr>
            <ns3:cad>83</ns3:cad>
          </ns3:TrackPointExtension>
        </extensions>
      </trkpt>
      <trkpt lat="23.17643391899764537811279296875" lon="113.26285050250589847564697265625">
        <ele>10</ele>
        <time>2023-08-11T13:03:21.000Z</time>
        <extensions>
          <ns3:TrackPointExtension>
            <ns3:hr>163</ns3:hr>
            <ns3:cad>78</ns3:cad>
          </ns3:TrackPointExtension>
        </extensions>
      </trkpt>
      <trkpt lat="23.17636820487678050994873046875" lon="113.26266400516033172607421875">
        <ele>11.3999996185302734375</ele>
        <time>2023-08-11T13:03:29.000Z</time>
        <extensions>
          <ns3:TrackPointExtension>
            <ns3:hr>165</ns3:hr>
            <ns3:cad>83</ns3:cad>
          </ns3:TrackPointExtension>
        </extensions>
      </trkpt>
      <trkpt lat="23.1763372756540775299072265625" lon="113.2626098580658435821533203125">
        <ele>11.19999980926513671875</ele>
        <time>2023-08-11T13:03:30.000Z</time>
        <extensions>
          <ns3:TrackPointExtension>
            <ns3:hr>166</ns3:hr>
            <ns3:cad>82</ns3:cad>
          </ns3:TrackPointExtension>
        </extensions>
      </trkpt>
      <trkpt lat="23.17618153989315032958984375" lon="113.26249846257269382476806640625">
        <ele>10.6000003814697265625</ele>
        <time>2023-08-11T13:03:38.000Z</time>
        <extensions>
          <ns3:TrackPointExtension>
            <ns3:hr>168</ns3:hr>
            <ns3:cad>82</ns3:cad>
          </ns3:TrackPointExtension>
        </extensions>
      </trkpt>
      <trkpt lat="23.17600392736494541168212890625" lon="113.2623993046581745147705078125">
        <ele>9.6000003814697265625</ele>
        <time>2023-08-11T13:03:45.000Z</time>
        <extensions>
          <ns3:TrackPointExtension>
            <ns3:hr>169</ns3:hr>
            <ns3:cad>82</ns3:cad>
          </ns3:TrackPointExtension>
        </extensions>
      </trkpt>
      <trkpt lat="23.1758482754230499267578125" lon="113.26228656806051731109619140625">
        <ele>7.599999904632568359375</ele>
        <time>2023-08-11T13:03:52.000Z</time>
        <extensions>
          <ns3:TrackPointExtension>
            <ns3:hr>170</ns3:hr>
            <ns3:cad>83</ns3:cad>
          </ns3:TrackPointExtension>
        </extensions>
      </trkpt>
      <trkpt lat="23.1756660528481006622314453125" lon="113.2621934451162815093994140625">
        <ele>5.19999980926513671875</ele>
        <time>2023-08-11T13:04:00.000Z</time>
        <extensions>
          <ns3:TrackPointExtension>
            <ns3:hr>169</ns3:hr>
            <ns3:cad>84</ns3:cad>
          </ns3:TrackPointExtension>
        </extensions>
      </trkpt>
      <trkpt lat="23.1754990853369235992431640625" lon="113.26211792416870594024658203125">
        <ele>1.7999999523162841796875</ele>
        <time>2023-08-11T13:04:07.000Z</time>
        <extensions>
          <ns3:TrackPointExtension>
            <ns3:hr>170</ns3:hr>
            <ns3:cad>84</ns3:cad>
          </ns3:TrackPointExtension>
        </extensions>
      </trkpt>
      <trkpt lat="23.17532918415963649749755859375" lon="113.26200778596103191375732421875">
        <ele>1.7999999523162841796875</ele>
        <time>2023-08-11T13:04:15.000Z</time>
        <extensions>
          <ns3:TrackPointExtension>
            <ns3:hr>172</ns3:hr>
            <ns3:cad>84</ns3:cad>
          </ns3:TrackPointExtension>
        </extensions>
      </trkpt>
      <trkpt lat="23.17517445422708988189697265625" lon="113.261905610561370849609375">
        <ele>2</ele>
        <time>2023-08-11T13:04:22.000Z</time>
        <extensions>
          <ns3:TrackPointExtension>
            <ns3:hr>172</ns3:hr>
            <ns3:cad>84</ns3:cad>
          </ns3:TrackPointExtension>
        </extensions>
      </trkpt>
      <trkpt lat="23.17500363104045391082763671875" lon="113.26178382150828838348388671875">
        <ele>5.400000095367431640625</ele>
        <time>2023-08-11T13:04:30.000Z</time>
        <extensions>
          <ns3:TrackPointExtension>
            <ns3:hr>173</ns3:hr>
            <ns3:cad>84</ns3:cad>
          </ns3:TrackPointExtension>
        </extensions>
      </trkpt>
      <trkpt lat="23.17491595633327960968017578125" lon="113.26175029389560222625732421875">
        <ele>6.80000019073486328125</ele>
        <time>2023-08-11T13:04:34.000Z</time>
        <extensions>
          <ns3:TrackPointExtension>
            <ns3:hr>170</ns3:hr>
            <ns3:cad>83</ns3:cad>
          </ns3:TrackPointExtension>
        </extensions>
      </trkpt>
      <trkpt lat="23.17475653253495693206787109375" lon="113.26165155507624149322509765625">
        <ele>9.80000019073486328125</ele>
        <time>2023-08-11T13:04:46.000Z</time>
        <extensions>
          <ns3:TrackPointExtension>
            <ns3:hr>168</ns3:hr>
            <ns3:cad>67</ns3:cad>
          </ns3:TrackPointExtension>
        </extensions>
      </trkpt>
      <trkpt lat="23.17469500936567783355712890625" lon="113.2616177760064601898193359375">
        <ele>10.80000019073486328125</ele>
        <time>2023-08-11T13:04:52.000Z</time>
        <extensions>
          <ns3:TrackPointExtension>
            <ns3:hr>171</ns3:hr>
            <ns3:cad>63</ns3:cad>
          </ns3:TrackPointExtension>
        </extensions>
      </trkpt>
      <trkpt lat="23.174652345478534698486328125" lon="113.26162867248058319091796875">
        <ele>11.6000003814697265625</ele>
        <time>2023-08-11T13:04:55.000Z</time>
        <extensions>
          <ns3:TrackPointExtension>
            <ns3:hr>175</ns3:hr>
            <ns3:cad>64</ns3:cad>
          </ns3:TrackPointExtension>
        </extensions>
      </trkpt>
      <trkpt lat="23.17463457584381103515625" lon="113.26163009740412235260009765625">
        <ele>12</ele>
        <time>2023-08-11T13:04:56.000Z</time>
        <extensions>
          <ns3:TrackPointExtension>
            <ns3:hr>171</ns3:hr>
            <ns3:cad>64</ns3:cad>
          </ns3:TrackPointExtension>
        </extensions>
      </trkpt>
      <trkpt lat="23.174540698528289794921875" lon="113.26169715262949466705322265625">
        <ele>13</ele>
        <time>2023-08-11T13:05:03.000Z</time>
        <extensions>
          <ns3:TrackPointExtension>
            <ns3:hr>171</ns3:hr>
            <ns3:cad>63</ns3:cad>
          </ns3:TrackPointExtension>
        </extensions>
      </trkpt>
      <trkpt lat="23.1745090149343013763427734375" lon="113.261701762676239013671875">
        <ele>13.3999996185302734375</ele>
        <time>2023-08-11T13:05:06.000Z</time>
        <extensions>
          <ns3:TrackPointExtension>
            <ns3:hr>167</ns3:hr>
            <ns3:cad>63</ns3:cad>
          </ns3:TrackPointExtension>
        </extensions>
      </trkpt>
      <trkpt lat="23.17448370158672332763671875" lon="113.26169547624886035919189453125">
        <ele>13.6000003814697265625</ele>
        <time>2023-08-11T13:05:09.000Z</time>
        <extensions>
          <ns3:TrackPointExtension>
            <ns3:hr>167</ns3:hr>
            <ns3:cad>63</ns3:cad>
          </ns3:TrackPointExtension>
        </extensions>
      </trkpt>
      <trkpt lat="23.174414969980716705322265625" lon="113.261677958071231842041015625">
        <ele>14.19999980926513671875</ele>
        <time>2023-08-11T13:05:16.000Z</time>
        <extensions>
          <ns3:TrackPointExtension>
            <ns3:hr>164</ns3:hr>
            <ns3:cad>61</ns3:cad>
          </ns3:TrackPointExtension>
        </extensions>
      </trkpt>
      <trkpt lat="23.17437641322612762451171875" lon="113.26168206520378589630126953125">
        <ele>14.6000003814697265625</ele>
        <time>2023-08-11T13:05:19.000Z</time>
        <extensions>
          <ns3:TrackPointExtension>
            <ns3:hr>160</ns3:hr>
            <ns3:cad>61</ns3:cad>
          </ns3:TrackPointExtension>
        </extensions>
      </trkpt>
      <trkpt lat="23.17432017065584659576416015625" lon="113.26165004633367061614990234375">
        <ele>14.6000003814697265625</ele>
        <time>2023-08-11T13:05:23.000Z</time>
        <extensions>
          <ns3:TrackPointExtension>
            <ns3:hr>157</ns3:hr>
            <ns3:cad>61</ns3:cad>
          </ns3:TrackPointExtension>
        </extensions>
      </trkpt>
      <trkpt lat="23.17426987923681735992431640625" lon="113.26160796917974948883056640625">
        <ele>14.6000003814697265625</ele>
        <time>2023-08-11T13:05:28.000Z</time>
        <extensions>
          <ns3:TrackPointExtension>
            <ns3:hr>154</ns3:hr>
            <ns3:cad>61</ns3:cad>
          </ns3:TrackPointExtension>
        </extensions>
      </trkpt>
      <trkpt lat="23.17421807907521724700927734375" lon="113.26149590313434600830078125">
        <ele>15.19999980926513671875</ele>
        <time>2023-08-11T13:05:34.000Z</time>
        <extensions>
          <ns3:TrackPointExtension>
            <ns3:hr>151</ns3:hr>
            <ns3:cad>61</ns3:cad>
          </ns3:TrackPointExtension>
        </extensions>
      </trkpt>
      <trkpt lat="23.1741418875753879547119140625" lon="113.2614259980618953704833984375">
        <ele>15.3999996185302734375</ele>
        <time>2023-08-11T13:05:40.000Z</time>
        <extensions>
          <ns3:TrackPointExtension>
            <ns3:hr>147</ns3:hr>
            <ns3:cad>61</ns3:cad>
          </ns3:TrackPointExtension>
        </extensions>
      </trkpt>
      <trkpt lat="23.17411892116069793701171875" lon="113.261417783796787261962890625">
        <ele>15.3999996185302734375</ele>
        <time>2023-08-11T13:05:42.000Z</time>
        <extensions>
          <ns3:TrackPointExtension>
            <ns3:hr>150</ns3:hr>
            <ns3:cad>61</ns3:cad>
          </ns3:TrackPointExtension>
        </extensions>
      </trkpt>
      <trkpt lat="23.174093775451183319091796875" lon="113.26139959506690502166748046875">
        <ele>15.6000003814697265625</ele>
        <time>2023-08-11T13:05:45.000Z</time>
        <extensions>
          <ns3:TrackPointExtension>
            <ns3:hr>147</ns3:hr>
            <ns3:cad>61</ns3:cad>
          </ns3:TrackPointExtension>
        </extensions>
      </trkpt>
      <trkpt lat="23.17408665083348751068115234375" lon="113.26138995587825775146484375">
        <ele>15.6000003814697265625</ele>
        <time>2023-08-11T13:05:46.000Z</time>
        <extensions>
          <ns3:TrackPointExtension>
            <ns3:hr>147</ns3:hr>
            <ns3:cad>0</ns3:cad>
          </ns3:TrackPointExtension>
        </extensions>
      </trkpt>
      <trkpt lat="23.1740698032081127166748046875" lon="113.26135508716106414794921875">
        <ele>15.80000019073486328125</ele>
        <time>2023-08-11T13:05:49.000Z</time>
        <extensions>
          <ns3:TrackPointExtension>
            <ns3:hr>144</ns3:hr>
            <ns3:cad>61</ns3:cad>
          </ns3:TrackPointExtension>
        </extensions>
      </trkpt>
      <trkpt lat="23.1739222817122936248779296875" lon="113.2612345553934574127197265625">
        <ele>17.799999237060546875</ele>
        <time>2023-08-11T13:06:08.000Z</time>
        <extensions>
          <ns3:TrackPointExtension>
            <ns3:hr>143</ns3:hr>
            <ns3:cad>61</ns3:cad>
          </ns3:TrackPointExtension>
        </extensions>
      </trkpt>
      <trkpt lat="23.17390979267656803131103515625" lon="113.26121670193970203399658203125">
        <ele>18.200000762939453125</ele>
        <time>2023-08-11T13:06:11.000Z</time>
        <extensions>
          <ns3:TrackPointExtension>
            <ns3:hr>143</ns3:hr>
            <ns3:cad>61</ns3:cad>
          </ns3:TrackPointExtension>
        </extensions>
      </trkpt>
      <trkpt lat="23.17389093339443206787109375" lon="113.26121150515973567962646484375">
        <ele>18.200000762939453125</ele>
        <time>2023-08-11T13:06:13.000Z</time>
        <extensions>
          <ns3:TrackPointExtension>
            <ns3:hr>140</ns3:hr>
            <ns3:cad>61</ns3:cad>
          </ns3:TrackPointExtension>
        </extensions>
      </trkpt>
      <trkpt lat="23.173849023878574371337890625" lon="113.2611842639744281768798828125">
        <ele>18.799999237060546875</ele>
        <time>2023-08-11T13:06:18.000Z</time>
        <extensions>
          <ns3:TrackPointExtension>
            <ns3:hr>137</ns3:hr>
            <ns3:cad>61</ns3:cad>
          </ns3:TrackPointExtension>
        </extensions>
      </trkpt>
      <trkpt lat="23.1738461740314960479736328125" lon="113.26117479242384433746337890625">
        <ele>19</ele>
        <time>2023-08-11T13:06:19.000Z</time>
        <extensions>
          <ns3:TrackPointExtension>
            <ns3:hr>137</ns3:hr>
            <ns3:cad>61</ns3:cad>
          </ns3:TrackPointExtension>
        </extensions>
      </trkpt>
      <trkpt lat="23.17382815293967723846435546875" lon="113.2611594535410404205322265625">
        <ele>19.200000762939453125</ele>
        <time>2023-08-11T13:06:22.000Z</time>
        <extensions>
          <ns3:TrackPointExtension>
            <ns3:hr>137</ns3:hr>
            <ns3:cad>61</ns3:cad>
          </ns3:TrackPointExtension>
        </extensions>
      </trkpt>
      <trkpt lat="23.1738106347620487213134765625" lon="113.261140845715999603271484375">
        <ele>19.6000003814697265625</ele>
        <time>2023-08-11T13:06:25.000Z</time>
        <extensions>
          <ns3:TrackPointExtension>
            <ns3:hr>137</ns3:hr>
            <ns3:cad>61</ns3:cad>
          </ns3:TrackPointExtension>
        </extensions>
      </trkpt>
      <trkpt lat="23.1737818010151386260986328125" lon="113.26110371388494968414306640625">
        <ele>19.799999237060546875</ele>
        <time>2023-08-11T13:06:30.000Z</time>
        <extensions>
          <ns3:TrackPointExtension>
            <ns3:hr>137</ns3:hr>
            <ns3:cad>61</ns3:cad>
          </ns3:TrackPointExtension>
        </extensions>
      </trkpt>
      <trkpt lat="23.173757158219814300537109375" lon="113.2610823400318622589111328125">
        <ele>19.799999237060546875</ele>
        <time>2023-08-11T13:06:33.000Z</time>
        <extensions>
          <ns3:TrackPointExtension>
            <ns3:hr>136</ns3:hr>
            <ns3:cad>61</ns3:cad>
          </ns3:TrackPointExtension>
        </extensions>
      </trkpt>
      <trkpt lat="23.1737462617456912994384765625" lon="113.2610615529119968414306640625">
        <ele>19.799999237060546875</ele>
        <time>2023-08-11T13:06:35.000Z</time>
        <extensions>
          <ns3:TrackPointExtension>
            <ns3:hr>136</ns3:hr>
            <ns3:cad>61</ns3:cad>
          </ns3:TrackPointExtension>
        </extensions>
      </trkpt>
      <trkpt lat="23.1737288273870944976806640625" lon="113.26103582046926021575927734375">
        <ele>19.6000003814697265625</ele>
        <time>2023-08-11T13:06:38.000Z</time>
        <extensions>
          <ns3:TrackPointExtension>
            <ns3:hr>134</ns3:hr>
            <ns3:cad>56</ns3:cad>
          </ns3:TrackPointExtension>
        </extensions>
      </trkpt>
      <trkpt lat="23.1736864149570465087890625" lon="113.26100832782685756683349609375">
        <ele>18.200000762939453125</ele>
        <time>2023-08-11T13:06:45.000Z</time>
        <extensions>
          <ns3:TrackPointExtension>
            <ns3:hr>134</ns3:hr>
            <ns3:cad>58</ns3:cad>
          </ns3:TrackPointExtension>
        </extensions>
      </trkpt>
      <trkpt lat="23.17366671748459339141845703125" lon="113.26101402752101421356201171875">
        <ele>18</ele>
        <time>2023-08-11T13:06:48.000Z</time>
        <extensions>
          <ns3:TrackPointExtension>
            <ns3:hr>131</ns3:hr>
            <ns3:cad>58</ns3:cad>
          </ns3:TrackPointExtension>
        </extensions>
      </trkpt>
      <trkpt lat="23.173645175993442535400390625" lon="113.2609784044325351715087890625">
        <ele>16.799999237060546875</ele>
        <time>2023-08-11T13:06:56.000Z</time>
        <extensions>
          <ns3:TrackPointExtension>
            <ns3:hr>132</ns3:hr>
            <ns3:cad>61</ns3:cad>
          </ns3:TrackPointExtension>
        </extensions>
      </trkpt>
      <trkpt lat="23.1736743450164794921875" lon="113.260882683098316192626953125">
        <ele>15.19999980926513671875</ele>
        <time>2023-08-11T13:07:06.000Z</time>
        <extensions>
          <ns3:TrackPointExtension>
            <ns3:hr>132</ns3:hr>
            <ns3:cad>61</ns3:cad>
          </ns3:TrackPointExtension>
        </extensions>
      </trkpt>
      <trkpt lat="23.17368951626121997833251953125" lon="113.2608570344746112823486328125">
        <ele>15</ele>
        <time>2023-08-11T13:07:08.000Z</time>
        <extensions>
          <ns3:TrackPointExtension>
            <ns3:hr>133</ns3:hr>
            <ns3:cad>61</ns3:cad>
          </ns3:TrackPointExtension>
        </extensions>
      </trkpt>
      <trkpt lat="23.1737268157303333282470703125" lon="113.2607872970402240753173828125">
        <ele>14.19999980926513671875</ele>
        <time>2023-08-11T13:07:14.000Z</time>
        <extensions>
          <ns3:TrackPointExtension>
            <ns3:hr>134</ns3:hr>
            <ns3:cad>61</ns3:cad>
          </ns3:TrackPointExtension>
        </extensions>
      </trkpt>
      <trkpt lat="23.173755817115306854248046875" lon="113.260721750557422637939453125">
        <ele>13.80000019073486328125</ele>
        <time>2023-08-11T13:07:20.000Z</time>
        <extensions>
          <ns3:TrackPointExtension>
            <ns3:hr>134</ns3:hr>
            <ns3:cad>59</ns3:cad>
          </ns3:TrackPointExtension>
        </extensions>
      </trkpt>
      <trkpt lat="23.17376394756138324737548828125" lon="113.26070155017077922821044921875">
        <ele>13.80000019073486328125</ele>
        <time>2023-08-11T13:07:22.000Z</time>
        <extensions>
          <ns3:TrackPointExtension>
            <ns3:hr>133</ns3:hr>
            <ns3:cad>59</ns3:cad>
          </ns3:TrackPointExtension>
        </extensions>
      </trkpt>
      <trkpt lat="23.17377685569226741790771484375" lon="113.26068327762186527252197265625">
        <ele>14.19999980926513671875</ele>
        <time>2023-08-11T13:07:25.000Z</time>
        <extensions>
          <ns3:TrackPointExtension>
            <ns3:hr>133</ns3:hr>
            <ns3:cad>61</ns3:cad>
          </ns3:TrackPointExtension>
        </extensions>
      </trkpt>
      <trkpt lat="23.173794038593769073486328125" lon="113.26064555905759334564208984375">
        <ele>14.3999996185302734375</ele>
        <time>2023-08-11T13:07:31.000Z</time>
        <extensions>
          <ns3:TrackPointExtension>
            <ns3:hr>133</ns3:hr>
            <ns3:cad>61</ns3:cad>
          </ns3:TrackPointExtension>
        </extensions>
      </trkpt>
      <trkpt lat="23.17379814572632312774658203125" lon="113.2606401108205318450927734375">
        <ele>14.6000003814697265625</ele>
        <time>2023-08-11T13:07:32.000Z</time>
        <extensions>
          <ns3:TrackPointExtension>
            <ns3:hr>133</ns3:hr>
            <ns3:cad>61</ns3:cad>
          </ns3:TrackPointExtension>
        </extensions>
      </trkpt>
      <trkpt lat="23.1737559847533702850341796875" lon="113.260635919868946075439453125">
        <ele>13.3999996185302734375</ele>
        <time>2023-08-11T13:07:35.000Z</time>
        <extensions>
          <ns3:TrackPointExtension>
            <ns3:hr>132</ns3:hr>
            <ns3:cad>61</ns3:cad>
          </ns3:TrackPointExtension>
        </extensions>
      </trkpt>
      <trkpt lat="23.17377031780779361724853515625" lon="113.26061689294874668121337890625">
        <ele>13.80000019073486328125</ele>
        <time>2023-08-11T13:07:37.000Z</time>
        <extensions>
          <ns3:TrackPointExtension>
            <ns3:hr>132</ns3:hr>
            <ns3:cad>61</ns3:cad>
          </ns3:TrackPointExtension>
        </extensions>
      </trkpt>
      <trkpt lat="23.1737928651273250579833984375" lon="113.260588981211185455322265625">
        <ele>14.19999980926513671875</ele>
        <time>2023-08-11T13:07:39.000Z</time>
        <extensions>
          <ns3:TrackPointExtension>
            <ns3:hr>132</ns3:hr>
            <ns3:cad>61</ns3:cad>
          </ns3:TrackPointExtension>
        </extensions>
      </trkpt>
      <trkpt lat="23.17380283959209918975830078125" lon="113.26055989600718021392822265625">
        <ele>14.19999980926513671875</ele>
        <time>2023-08-11T13:07:42.000Z</time>
        <extensions>
          <ns3:TrackPointExtension>
            <ns3:hr>133</ns3:hr>
            <ns3:cad>61</ns3:cad>
          </ns3:TrackPointExtension>
        </extensions>
      </trkpt>
      <trkpt lat="23.1738173402845859527587890625" lon="113.26052268035709857940673828125">
        <ele>14.19999980926513671875</ele>
        <time>2023-08-11T13:07:46.000Z</time>
        <extensions>
          <ns3:TrackPointExtension>
            <ns3:hr>132</ns3:hr>
            <ns3:cad>61</ns3:cad>
          </ns3:TrackPointExtension>
        </extensions>
      </trkpt>
      <trkpt lat="23.17382681183516979217529296875" lon="113.260489404201507568359375">
        <ele>14.3999996185302734375</ele>
        <time>2023-08-11T13:07:50.000Z</time>
        <extensions>
          <ns3:TrackPointExtension>
            <ns3:hr>132</ns3:hr>
            <ns3:cad>61</ns3:cad>
          </ns3:TrackPointExtension>
        </extensions>
      </trkpt>
      <trkpt lat="23.17379663698375225067138671875" lon="113.260491080582141876220703125">
        <ele>14</ele>
        <time>2023-08-11T13:07:54.000Z</time>
        <extensions>
          <ns3:TrackPointExtension>
            <ns3:hr>130</ns3:hr>
            <ns3:cad>59</ns3:cad>
          </ns3:TrackPointExtension>
        </extensions>
      </trkpt>
      <trkpt lat="23.17380837164819240570068359375" lon="113.26046383939683437347412109375">
        <ele>14.19999980926513671875</ele>
        <time>2023-08-11T13:07:57.000Z</time>
        <extensions>
          <ns3:TrackPointExtension>
            <ns3:hr>130</ns3:hr>
            <ns3:cad>58</ns3:cad>
          </ns3:TrackPointExtension>
        </extensions>
      </trkpt>
      <trkpt lat="23.1738079525530338287353515625" lon="113.26044724322855472564697265625">
        <ele>14.19999980926513671875</ele>
        <time>2023-08-11T13:07:59.000Z</time>
        <extensions>
          <ns3:TrackPointExtension>
            <ns3:hr>131</ns3:hr>
            <ns3:cad>61</ns3:cad>
          </ns3:TrackPointExtension>
        </extensions>
      </trkpt>
      <trkpt lat="23.17381373606622219085693359375" lon="113.26043098233640193939208984375">
        <ele>14.3999996185302734375</ele>
        <time>2023-08-11T13:08:01.000Z</time>
        <extensions>
          <ns3:TrackPointExtension>
            <ns3:hr>131</ns3:hr>
            <ns3:cad>61</ns3:cad>
          </ns3:TrackPointExtension>
        </extensions>
      </trkpt>
      <trkpt lat="23.17381004802882671356201171875" lon="113.26029234565794467926025390625">
        <ele>14.80000019073486328125</ele>
        <time>2023-08-11T13:08:08.000Z</time>
        <extensions>
          <ns3:TrackPointExtension>
            <ns3:hr>132</ns3:hr>
            <ns3:cad>0</ns3:cad>
          </ns3:TrackPointExtension>
        </extensions>
      </trkpt>
      <trkpt lat="23.17380870692431926727294921875" lon="113.260237611830234527587890625">
        <ele>15</ele>
        <time>2023-08-11T13:08:10.000Z</time>
        <extensions>
          <ns3:TrackPointExtension>
            <ns3:hr>133</ns3:hr>
            <ns3:cad>61</ns3:cad>
          </ns3:TrackPointExtension>
        </extensions>
      </trkpt>
      <trkpt lat="23.17380778491497039794921875" lon="113.26014834456145763397216796875">
        <ele>15.6000003814697265625</ele>
        <time>2023-08-11T13:08:14.000Z</time>
        <extensions>
          <ns3:TrackPointExtension>
            <ns3:hr>133</ns3:hr>
            <ns3:cad>0</ns3:cad>
          </ns3:TrackPointExtension>
        </extensions>
      </trkpt>
      <trkpt lat="23.17372237332165241241455078125" lon="113.26014180667698383331298828125">
        <ele>15.3999996185302734375</ele>
        <time>2023-08-11T13:08:21.000Z</time>
        <extensions>
          <ns3:TrackPointExtension>
            <ns3:hr>132</ns3:hr>
            <ns3:cad>0</ns3:cad>
          </ns3:TrackPointExtension>
        </extensions>
      </trkpt>
      <trkpt lat="23.1739088706672191619873046875" lon="113.260185308754444122314453125">
        <ele>16.799999237060546875</ele>
        <time>2023-08-11T13:08:27.000Z</time>
        <extensions>
          <ns3:TrackPointExtension>
            <ns3:hr>131</ns3:hr>
            <ns3:cad>57</ns3:cad>
          </ns3:TrackPointExtension>
        </extensions>
      </trkpt>
      <trkpt lat="23.17398405633866786956787109375" lon="113.2601918466389179229736328125">
        <ele>17.799999237060546875</ele>
        <time>2023-08-11T13:08:30.000Z</time>
        <extensions>
          <ns3:TrackPointExtension>
            <ns3:hr>131</ns3:hr>
            <ns3:cad>57</ns3:cad>
          </ns3:TrackPointExtension>
        </extensions>
      </trkpt>
      <trkpt lat="23.173995204269886016845703125" lon="113.25998716056346893310546875">
        <ele>17.3999996185302734375</ele>
        <time>2023-08-11T13:08:32.000Z</time>
        <extensions>
          <ns3:TrackPointExtension>
            <ns3:hr>131</ns3:hr>
            <ns3:cad>55</ns3:cad>
          </ns3:TrackPointExtension>
        </extensions>
      </trkpt>
      <trkpt lat="23.17401607520878314971923828125" lon="113.25989051721990108489990234375">
        <ele>16.6000003814697265625</ele>
        <time>2023-08-11T13:08:34.000Z</time>
        <extensions>
          <ns3:TrackPointExtension>
            <ns3:hr>131</ns3:hr>
            <ns3:cad>57</ns3:cad>
          </ns3:TrackPointExtension>
        </extensions>
      </trkpt>
      <trkpt lat="23.17405781708657741546630859375" lon="113.25986771844327449798583984375">
        <ele>15.3999996185302734375</ele>
        <time>2023-08-11T13:08:38.000Z</time>
        <extensions>
          <ns3:TrackPointExtension>
            <ns3:hr>130</ns3:hr>
            <ns3:cad>57</ns3:cad>
          </ns3:TrackPointExtension>
        </extensions>
      </trkpt>
      <trkpt lat="23.1740718148648738861083984375" lon="113.2598113082349300384521484375">
        <ele>13.6000003814697265625</ele>
        <time>2023-08-11T13:08:44.000Z</time>
        <extensions>
          <ns3:TrackPointExtension>
            <ns3:hr>130</ns3:hr>
            <ns3:cad>57</ns3:cad>
          </ns3:TrackPointExtension>
        </extensions>
      </trkpt>
      <trkpt lat="23.174199722707271575927734375" lon="113.2596446759998798370361328125">
        <ele>8.3999996185302734375</ele>
        <time>2023-08-11T13:09:02.000Z</time>
        <extensions>
          <ns3:TrackPointExtension>
            <ns3:hr>131</ns3:hr>
            <ns3:cad>61</ns3:cad>
          </ns3:TrackPointExtension>
        </extensions>
      </trkpt>
      <trkpt lat="23.17419762723147869110107421875" lon="113.25963185168802738189697265625">
        <ele>8.19999980926513671875</ele>
        <time>2023-08-11T13:09:03.000Z</time>
        <extensions>
          <ns3:TrackPointExtension>
            <ns3:hr>131</ns3:hr>
            <ns3:cad>61</ns3:cad>
          </ns3:TrackPointExtension>
        </extensions>
      </trkpt>
      <trkpt lat="23.17420785315334796905517578125" lon="113.2594988308846950531005859375">
        <ele>5.80000019073486328125</ele>
        <time>2023-08-11T13:09:17.000Z</time>
        <extensions>
          <ns3:TrackPointExtension>
            <ns3:hr>137</ns3:hr>
            <ns3:cad>61</ns3:cad>
          </ns3:TrackPointExtension>
        </extensions>
      </trkpt>
      <trkpt lat="23.174240291118621826171875" lon="113.25930596329271793365478515625">
        <ele>5.80000019073486328125</ele>
        <time>2023-08-11T13:09:33.000Z</time>
        <extensions>
          <ns3:TrackPointExtension>
            <ns3:hr>136</ns3:hr>
            <ns3:cad>61</ns3:cad>
          </ns3:TrackPointExtension>
        </extensions>
      </trkpt>
      <trkpt lat="23.17432872019708156585693359375" lon="113.2591263391077518463134765625">
        <ele>4.19999980926513671875</ele>
        <time>2023-08-11T13:09:59.000Z</time>
        <extensions>
          <ns3:TrackPointExtension>
            <ns3:hr>135</ns3:hr>
            <ns3:cad>61</ns3:cad>
          </ns3:TrackPointExtension>
        </extensions>
      </trkpt>
      <trkpt lat="23.17438940517604351043701171875" lon="113.25899315066635608673095703125">
        <ele>2.400000095367431640625</ele>
        <time>2023-08-11T13:10:07.000Z</time>
        <extensions>
          <ns3:TrackPointExtension>
            <ns3:hr>132</ns3:hr>
            <ns3:cad>61</ns3:cad>
          </ns3:TrackPointExtension>
        </extensions>
      </trkpt>
      <trkpt lat="23.17446366883814334869384765625" lon="113.258810676634311676025390625">
        <ele>0.60000002384185791015625</ele>
        <time>2023-08-11T13:10:23.000Z</time>
        <extensions>
          <ns3:TrackPointExtension>
            <ns3:hr>133</ns3:hr>
            <ns3:cad>61</ns3:cad>
          </ns3:TrackPointExtension>
        </extensions>
      </trkpt>
      <trkpt lat="23.17452259361743927001953125" lon="113.25861613266170024871826171875">
        <ele>1</ele>
        <time>2023-08-11T13:10:38.000Z</time>
        <extensions>
          <ns3:TrackPointExtension>
            <ns3:hr>131</ns3:hr>
            <ns3:cad>61</ns3:cad>
          </ns3:TrackPointExtension>
        </extensions>
      </trkpt>
      <trkpt lat="23.1746444664895534515380859375" lon="113.25844916515052318572998046875">
        <ele>5.19999980926513671875</ele>
        <time>2023-08-11T13:10:54.000Z</time>
        <extensions>
          <ns3:TrackPointExtension>
            <ns3:hr>130</ns3:hr>
            <ns3:cad>61</ns3:cad>
          </ns3:TrackPointExtension>
        </extensions>
      </trkpt>
      <trkpt lat="23.17476809956133365631103515625" lon="113.25827633030712604522705078125">
        <ele>7.400000095367431640625</ele>
        <time>2023-08-11T13:11:07.000Z</time>
        <extensions>
          <ns3:TrackPointExtension>
            <ns3:hr>130</ns3:hr>
            <ns3:cad>61</ns3:cad>
          </ns3:TrackPointExtension>
        </extensions>
      </trkpt>
      <trkpt lat="23.17483331076800823211669921875" lon="113.2580950297415256500244140625">
        <ele>4.599999904632568359375</ele>
        <time>2023-08-11T13:11:14.000Z</time>
        <extensions>
          <ns3:TrackPointExtension>
            <ns3:hr>130</ns3:hr>
            <ns3:cad>81</ns3:cad>
          </ns3:TrackPointExtension>
        </extensions>
      </trkpt>
      <trkpt lat="23.1748479790985584259033203125" lon="113.25795496813952922821044921875">
        <ele>1.7999999523162841796875</ele>
        <time>2023-08-11T13:11:19.000Z</time>
        <extensions>
          <ns3:TrackPointExtension>
            <ns3:hr>134</ns3:hr>
            <ns3:cad>81</ns3:cad>
          </ns3:TrackPointExtension>
        </extensions>
      </trkpt>
      <trkpt lat="23.174854181706905364990234375" lon="113.2579243741929531097412109375">
        <ele>1.60000002384185791015625</ele>
        <time>2023-08-11T13:11:20.000Z</time>
        <extensions>
          <ns3:TrackPointExtension>
            <ns3:hr>140</ns3:hr>
            <ns3:cad>81</ns3:cad>
          </ns3:TrackPointExtension>
        </extensions>
      </trkpt>
      <trkpt lat="23.17484579980373382568359375" lon="113.257884979248046875">
        <ele>1</ele>
        <time>2023-08-11T13:11:21.000Z</time>
        <extensions>
          <ns3:TrackPointExtension>
            <ns3:hr>143</ns3:hr>
            <ns3:cad>82</ns3:cad>
          </ns3:TrackPointExtension>
        </extensions>
      </trkpt>
      <trkpt lat="23.17484982311725616455078125" lon="113.25782035477459430694580078125">
        <ele>0.20000000298023223876953125</ele>
        <time>2023-08-11T13:11:22.000Z</time>
        <extensions>
          <ns3:TrackPointExtension>
            <ns3:hr>149</ns3:hr>
            <ns3:cad>82</ns3:cad>
          </ns3:TrackPointExtension>
        </extensions>
      </trkpt>
      <trkpt lat="23.17484982311725616455078125" lon="113.25782035477459430694580078125">
        <ele>0.20000000298023223876953125</ele>
        <time>2023-08-11T13:11:23.000Z</time>
        <extensions>
          <ns3:TrackPointExtension>
            <ns3:hr>149</ns3:hr>
            <ns3:cad>82</ns3:cad>
          </ns3:TrackPointExtension>
        </extensions>
      </trkpt>
      <trkpt lat="23.17485577426850795745849609375" lon="113.257783390581607818603515625">
        <ele>-0.4000000059604644775390625</ele>
        <time>2023-08-11T13:11:24.000Z</time>
        <extensions>
          <ns3:TrackPointExtension>
            <ns3:hr>152</ns3:hr>
            <ns3:cad>82</ns3:cad>
          </ns3:TrackPointExtension>
        </extensions>
      </trkpt>
      <trkpt lat="23.17485921084880828857421875" lon="113.2577450014650821685791015625">
        <ele>-0.800000011920928955078125</ele>
        <time>2023-08-11T13:11:29.000Z</time>
        <extensions>
          <ns3:TrackPointExtension>
            <ns3:hr>154</ns3:hr>
            <ns3:cad>82</ns3:cad>
          </ns3:TrackPointExtension>
        </extensions>
      </trkpt>
      <trkpt lat="23.17485996522009372711181640625" lon="113.2577439956367015838623046875">
        <ele>-0.800000011920928955078125</ele>
        <time>2023-08-11T13:11:30.000Z</time>
        <extensions>
          <ns3:TrackPointExtension>
            <ns3:hr>159</ns3:hr>
            <ns3:cad>82</ns3:cad>
          </ns3:TrackPointExtension>
        </extensions>
      </trkpt>
      <trkpt lat="23.17485141567885875701904296875" lon="113.257739804685115814208984375">
        <ele>-1</ele>
        <time>2023-08-11T13:11:31.000Z</time>
        <extensions>
          <ns3:TrackPointExtension>
            <ns3:hr>162</ns3:hr>
            <ns3:cad>77</ns3:cad>
          </ns3:TrackPointExtension>
        </extensions>
      </trkpt>
      <trkpt lat="23.17485250532627105712890625" lon="113.25773385353386402130126953125">
        <ele>-1</ele>
        <time>2023-08-11T13:11:32.000Z</time>
        <extensions>
          <ns3:TrackPointExtension>
            <ns3:hr>162</ns3:hr>
            <ns3:cad>77</ns3:cad>
          </ns3:TrackPointExtension>
        </extensions>
      </trkpt>
      <trkpt lat="23.1748451292514801025390625" lon="113.25772203505039215087890625">
        <ele>-1.2000000476837158203125</ele>
        <time>2023-08-11T13:11:37.000Z</time>
        <extensions>
          <ns3:TrackPointExtension>
            <ns3:hr>159</ns3:hr>
            <ns3:cad>0</ns3:cad>
          </ns3:TrackPointExtension>
        </extensions>
      </trkpt>
      <trkpt lat="23.17484311759471893310546875" lon="113.25772069394588470458984375">
        <ele>-1.39999997615814208984375</ele>
        <time>2023-08-11T13:11:38.000Z</time>
        <extensions>
          <ns3:TrackPointExtension>
            <ns3:hr>163</ns3:hr>
            <ns3:cad>0</ns3:cad>
          </ns3:TrackPointExtension>
        </extensions>
      </trkpt>
      <trkpt lat="23.1748406030237674713134765625" lon="113.25772144831717014312744140625">
        <ele>-1.39999997615814208984375</ele>
        <time>2023-08-11T13:11:39.000Z</time>
        <extensions>
          <ns3:TrackPointExtension>
            <ns3:hr>167</ns3:hr>
            <ns3:cad>0</ns3:cad>
          </ns3:TrackPointExtension>
        </extensions>
      </trkpt>
      <trkpt lat="23.17484043538570404052734375" lon="113.257719017565250396728515625">
        <ele>-1.39999997615814208984375</ele>
        <time>2023-08-11T13:11:40.000Z</time>
        <extensions>
          <ns3:TrackPointExtension>
            <ns3:hr>167</ns3:hr>
            <ns3:cad>0</ns3:cad>
          </ns3:TrackPointExtension>
        </extensions>
      </trkpt>
      <trkpt lat="23.17486968822777271270751953125" lon="113.2575081288814544677734375">
        <ele>0.4000000059604644775390625</ele>
        <time>2023-08-11T13:11:50.000Z</time>
        <extensions>
          <ns3:TrackPointExtension>
            <ns3:hr>166</ns3:hr>
            <ns3:cad>82</ns3:cad>
          </ns3:TrackPointExtension>
        </extensions>
      </trkpt>
      <trkpt lat="23.1748298741877079010009765625" lon="113.25747124850749969482421875">
        <ele>0.800000011920928955078125</ele>
        <time>2023-08-11T13:11:52.000Z</time>
        <extensions>
          <ns3:TrackPointExtension>
            <ns3:hr>169</ns3:hr>
            <ns3:cad>82</ns3:cad>
          </ns3:TrackPointExtension>
        </extensions>
      </trkpt>
      <trkpt lat="23.174650669097900390625" lon="113.2574120722711086273193359375">
        <ele>1.2000000476837158203125</ele>
        <time>2023-08-11T13:11:59.000Z</time>
        <extensions>
          <ns3:TrackPointExtension>
            <ns3:hr>169</ns3:hr>
            <ns3:cad>84</ns3:cad>
          </ns3:TrackPointExtension>
        </extensions>
      </trkpt>
      <trkpt lat="23.1745844520628452301025390625" lon="113.25737929902970790863037109375">
        <ele>1.39999997615814208984375</ele>
        <time>2023-08-11T13:12:02.000Z</time>
        <extensions>
          <ns3:TrackPointExtension>
            <ns3:hr>160</ns3:hr>
            <ns3:cad>83</ns3:cad>
          </ns3:TrackPointExtension>
        </extensions>
      </trkpt>
      <trkpt lat="23.174561820924282073974609375" lon="113.25736370868980884552001953125">
        <ele>1.39999997615814208984375</ele>
        <time>2023-08-11T13:12:03.000Z</time>
        <extensions>
          <ns3:TrackPointExtension>
            <ns3:hr>156</ns3:hr>
            <ns3:cad>83</ns3:cad>
          </ns3:TrackPointExtension>
        </extensions>
      </trkpt>
      <trkpt lat="23.1745415367186069488525390625" lon="113.25734862126410007476806640625">
        <ele>1.60000002384185791015625</ele>
        <time>2023-08-11T13:12:04.000Z</time>
        <extensions>
          <ns3:TrackPointExtension>
            <ns3:hr>157</ns3:hr>
            <ns3:cad>83</ns3:cad>
          </ns3:TrackPointExtension>
        </extensions>
      </trkpt>
      <trkpt lat="23.174460232257843017578125" lon="113.25728751718997955322265625">
        <ele>2</ele>
        <time>2023-08-11T13:12:08.000Z</time>
        <extensions>
          <ns3:TrackPointExtension>
            <ns3:hr>162</ns3:hr>
            <ns3:cad>84</ns3:cad>
          </ns3:TrackPointExtension>
        </extensions>
      </trkpt>
      <trkpt lat="23.174393177032470703125" lon="113.25726312585175037384033203125">
        <ele>2.2000000476837158203125</ele>
        <time>2023-08-11T13:12:11.000Z</time>
        <extensions>
          <ns3:TrackPointExtension>
            <ns3:hr>165</ns3:hr>
            <ns3:cad>84</ns3:cad>
          </ns3:TrackPointExtension>
        </extensions>
      </trkpt>
      <trkpt lat="23.1743470765650272369384765625" lon="113.25726807117462158203125">
        <ele>2.2000000476837158203125</ele>
        <time>2023-08-11T13:12:13.000Z</time>
        <extensions>
          <ns3:TrackPointExtension>
            <ns3:hr>172</ns3:hr>
            <ns3:cad>83</ns3:cad>
          </ns3:TrackPointExtension>
        </extensions>
      </trkpt>
      <trkpt lat="23.174284882843494415283203125" lon="113.25726496987044811248779296875">
        <ele>2.2000000476837158203125</ele>
        <time>2023-08-11T13:12:16.000Z</time>
        <extensions>
          <ns3:TrackPointExtension>
            <ns3:hr>170</ns3:hr>
            <ns3:cad>83</ns3:cad>
          </ns3:TrackPointExtension>
        </extensions>
      </trkpt>
      <trkpt lat="23.174263425171375274658203125" lon="113.25725809670984745025634765625">
        <ele>2.2000000476837158203125</ele>
        <time>2023-08-11T13:12:17.000Z</time>
        <extensions>
          <ns3:TrackPointExtension>
            <ns3:hr>167</ns3:hr>
            <ns3:cad>84</ns3:cad>
          </ns3:TrackPointExtension>
        </extensions>
      </trkpt>
      <trkpt lat="23.1741948612034320831298828125" lon="113.25723479501903057098388671875">
        <ele>2.400000095367431640625</ele>
        <time>2023-08-11T13:12:20.000Z</time>
        <extensions>
          <ns3:TrackPointExtension>
            <ns3:hr>164</ns3:hr>
            <ns3:cad>84</ns3:cad>
          </ns3:TrackPointExtension>
        </extensions>
      </trkpt>
      <trkpt lat="23.17399260587990283966064453125" lon="113.2571669854223728179931640625">
        <ele>3.599999904632568359375</ele>
        <time>2023-08-11T13:12:28.000Z</time>
        <extensions>
          <ns3:TrackPointExtension>
            <ns3:hr>166</ns3:hr>
            <ns3:cad>85</ns3:cad>
          </ns3:TrackPointExtension>
        </extensions>
      </trkpt>
      <trkpt lat="23.17382412962615489959716796875" lon="113.25708190910518169403076171875">
        <ele>4.19999980926513671875</ele>
        <time>2023-08-11T13:12:33.000Z</time>
        <extensions>
          <ns3:TrackPointExtension>
            <ns3:hr>163</ns3:hr>
            <ns3:cad>79</ns3:cad>
          </ns3:TrackPointExtension>
        </extensions>
      </trkpt>
      <trkpt lat="23.1736574135720729827880859375" lon="113.25698233209550380706787109375">
        <ele>-0.800000011920928955078125</ele>
        <time>2023-08-11T13:12:38.000Z</time>
        <extensions>
          <ns3:TrackPointExtension>
            <ns3:hr>163</ns3:hr>
            <ns3:cad>81</ns3:cad>
          </ns3:TrackPointExtension>
        </extensions>
      </trkpt>
      <trkpt lat="23.17348348908126354217529296875" lon="113.25691108591854572296142578125">
        <ele>-5.599999904632568359375</ele>
        <time>2023-08-11T13:12:43.000Z</time>
        <extensions>
          <ns3:TrackPointExtension>
            <ns3:hr>164</ns3:hr>
            <ns3:cad>81</ns3:cad>
          </ns3:TrackPointExtension>
        </extensions>
      </trkpt>
      <trkpt lat="23.173301517963409423828125" lon="113.25680010952055454254150390625">
        <ele>-13.19999980926513671875</ele>
        <time>2023-08-11T13:12:49.000Z</time>
        <extensions>
          <ns3:TrackPointExtension>
            <ns3:hr>164</ns3:hr>
            <ns3:cad>81</ns3:cad>
          </ns3:TrackPointExtension>
        </extensions>
      </trkpt>
      <trkpt lat="23.17321593873202800750732421875" lon="113.2567442022264003753662109375">
        <ele>-14.6000003814697265625</ele>
        <time>2023-08-11T13:12:53.000Z</time>
        <extensions>
          <ns3:TrackPointExtension>
            <ns3:hr>167</ns3:hr>
            <ns3:cad>81</ns3:cad>
          </ns3:TrackPointExtension>
        </extensions>
      </trkpt>
      <trkpt lat="23.17303371615707874298095703125" lon="113.2566734589636325836181640625">
        <ele>-5.19999980926513671875</ele>
        <time>2023-08-11T13:13:01.000Z</time>
        <extensions>
          <ns3:TrackPointExtension>
            <ns3:hr>166</ns3:hr>
            <ns3:cad>83</ns3:cad>
          </ns3:TrackPointExtension>
        </extensions>
      </trkpt>
      <trkpt lat="23.17285769619047641754150390625" lon="113.256583102047443389892578125">
        <ele>-1.60000002384185791015625</ele>
        <time>2023-08-11T13:13:10.000Z</time>
        <extensions>
          <ns3:TrackPointExtension>
            <ns3:hr>168</ns3:hr>
            <ns3:cad>82</ns3:cad>
          </ns3:TrackPointExtension>
        </extensions>
      </trkpt>
      <trkpt lat="23.17281729541718959808349609375" lon="113.2565611414611339569091796875">
        <ele>-0.800000011920928955078125</ele>
        <time>2023-08-11T13:13:13.000Z</time>
        <extensions>
          <ns3:TrackPointExtension>
            <ns3:hr>169</ns3:hr>
            <ns3:cad>81</ns3:cad>
          </ns3:TrackPointExtension>
        </extensions>
      </trkpt>
      <trkpt lat="23.1727878749370574951171875" lon="113.25654094107449054718017578125">
        <ele>-0.20000000298023223876953125</ele>
        <time>2023-08-11T13:13:17.000Z</time>
        <extensions>
          <ns3:TrackPointExtension>
            <ns3:hr>169</ns3:hr>
            <ns3:cad>81</ns3:cad>
          </ns3:TrackPointExtension>
        </extensions>
      </trkpt>
      <trkpt lat="23.17263029515743255615234375" lon="113.25643264688551425933837890625">
        <ele>0.800000011920928955078125</ele>
        <time>2023-08-11T13:13:37.000Z</time>
        <extensions>
          <ns3:TrackPointExtension>
            <ns3:hr>168</ns3:hr>
            <ns3:cad>61</ns3:cad>
          </ns3:TrackPointExtension>
        </extensions>
      </trkpt>
      <trkpt lat="23.17257891409099102020263671875" lon="113.25640372931957244873046875">
        <ele>-0.20000000298023223876953125</ele>
        <time>2023-08-11T13:13:42.000Z</time>
        <extensions>
          <ns3:TrackPointExtension>
            <ns3:hr>165</ns3:hr>
            <ns3:cad>61</ns3:cad>
          </ns3:TrackPointExtension>
        </extensions>
      </trkpt>
      <trkpt lat="23.1725288741290569305419921875" lon="113.25637984089553356170654296875">
        <ele>-1.39999997615814208984375</ele>
        <time>2023-08-11T13:13:48.000Z</time>
        <extensions>
          <ns3:TrackPointExtension>
            <ns3:hr>160</ns3:hr>
            <ns3:cad>61</ns3:cad>
          </ns3:TrackPointExtension>
        </extensions>
      </trkpt>
      <trkpt lat="23.17245704121887683868408203125" lon="113.2563361711800098419189453125">
        <ele>-2.7999999523162841796875</ele>
        <time>2023-08-11T13:13:55.000Z</time>
        <extensions>
          <ns3:TrackPointExtension>
            <ns3:hr>156</ns3:hr>
            <ns3:cad>61</ns3:cad>
          </ns3:TrackPointExtension>
        </extensions>
      </trkpt>
      <trkpt lat="23.17243709228932857513427734375" lon="113.256322257220745086669921875">
        <ele>-3.2000000476837158203125</ele>
        <time>2023-08-11T13:13:56.000Z</time>
        <extensions>
          <ns3:TrackPointExtension>
            <ns3:hr>153</ns3:hr>
            <ns3:cad>61</ns3:cad>
          </ns3:TrackPointExtension>
        </extensions>
      </trkpt>
      <trkpt lat="23.17243709228932857513427734375" lon="113.256322257220745086669921875">
        <ele>-3.2000000476837158203125</ele>
        <time>2023-08-11T13:13:57.000Z</time>
        <extensions>
          <ns3:TrackPointExtension>
            <ns3:hr>153</ns3:hr>
            <ns3:cad>61</ns3:cad>
          </ns3:TrackPointExtension>
        </extensions>
      </trkpt>
      <trkpt lat="23.17232988774776458740234375" lon="113.25623366050422191619873046875">
        <ele>-3.599999904632568359375</ele>
        <time>2023-08-11T13:14:08.000Z</time>
        <extensions>
          <ns3:TrackPointExtension>
            <ns3:hr>149</ns3:hr>
            <ns3:cad>61</ns3:cad>
          </ns3:TrackPointExtension>
        </extensions>
      </trkpt>
      <trkpt lat="23.17216970957815647125244140625" lon="113.25613425113260746002197265625">
        <ele>-6.19999980926513671875</ele>
        <time>2023-08-11T13:14:18.000Z</time>
        <extensions>
          <ns3:TrackPointExtension>
            <ns3:hr>152</ns3:hr>
            <ns3:cad>82</ns3:cad>
          </ns3:TrackPointExtension>
        </extensions>
      </trkpt>
      <trkpt lat="23.17205336876213550567626953125" lon="113.25599712319672107696533203125">
        <ele>-3.599999904632568359375</ele>
        <time>2023-08-11T13:14:26.000Z</time>
        <extensions>
          <ns3:TrackPointExtension>
            <ns3:hr>155</ns3:hr>
            <ns3:cad>83</ns3:cad>
          </ns3:TrackPointExtension>
        </extensions>
      </trkpt>
      <trkpt lat="23.1720403768122196197509765625" lon="113.255966864526271820068359375">
        <ele>-3</ele>
        <time>2023-08-11T13:14:27.000Z</time>
        <extensions>
          <ns3:TrackPointExtension>
            <ns3:hr>152</ns3:hr>
            <ns3:cad>83</ns3:cad>
          </ns3:TrackPointExtension>
        </extensions>
      </trkpt>
      <trkpt lat="23.17200207151472568511962890625" lon="113.2558344304561614990234375">
        <ele>-0.800000011920928955078125</ele>
        <time>2023-08-11T13:14:34.000Z</time>
        <extensions>
          <ns3:TrackPointExtension>
            <ns3:hr>159</ns3:hr>
            <ns3:cad>82</ns3:cad>
          </ns3:TrackPointExtension>
        </extensions>
      </trkpt>
      <trkpt lat="23.172000311315059661865234375" lon="113.2558185048401355743408203125">
        <ele>-0.4000000059604644775390625</ele>
        <time>2023-08-11T13:14:35.000Z</time>
        <extensions>
          <ns3:TrackPointExtension>
            <ns3:hr>162</ns3:hr>
            <ns3:cad>83</ns3:cad>
          </ns3:TrackPointExtension>
        </extensions>
      </trkpt>
      <trkpt lat="23.1719726510345935821533203125" lon="113.25570761226117610931396484375">
        <ele>1.2000000476837158203125</ele>
        <time>2023-08-11T13:14:42.000Z</time>
        <extensions>
          <ns3:TrackPointExtension>
            <ns3:hr>165</ns3:hr>
            <ns3:cad>83</ns3:cad>
          </ns3:TrackPointExtension>
        </extensions>
      </trkpt>
      <trkpt lat="23.1719649396836757659912109375" lon="113.25568087399005889892578125">
        <ele>1.60000002384185791015625</ele>
        <time>2023-08-11T13:14:43.000Z</time>
        <extensions>
          <ns3:TrackPointExtension>
            <ns3:hr>168</ns3:hr>
            <ns3:cad>83</ns3:cad>
          </ns3:TrackPointExtension>
        </extensions>
      </trkpt>
      <trkpt lat="23.1719644367694854736328125" lon="113.2556656189262866973876953125">
        <ele>1.7999999523162841796875</ele>
        <time>2023-08-11T13:14:45.000Z</time>
        <extensions>
          <ns3:TrackPointExtension>
            <ns3:hr>173</ns3:hr>
            <ns3:cad>83</ns3:cad>
          </ns3:TrackPointExtension>
        </extensions>
      </trkpt>
      <trkpt lat="23.1719622574746608734130859375" lon="113.25564692728221416473388671875">
        <ele>2</ele>
        <time>2023-08-11T13:14:46.000Z</time>
        <extensions>
          <ns3:TrackPointExtension>
            <ns3:hr>173</ns3:hr>
            <ns3:cad>83</ns3:cad>
          </ns3:TrackPointExtension>
        </extensions>
      </trkpt>
      <trkpt lat="23.17196317948400974273681640625" lon="113.255609460175037384033203125">
        <ele>2.7999999523162841796875</ele>
        <time>2023-08-11T13:14:49.000Z</time>
        <extensions>
          <ns3:TrackPointExtension>
            <ns3:hr>173</ns3:hr>
            <ns3:cad>61</ns3:cad>
          </ns3:TrackPointExtension>
        </extensions>
      </trkpt>
      <trkpt lat="23.17196854390203952789306640625" lon="113.255595378577709197998046875">
        <ele>3</ele>
        <time>2023-08-11T13:14:51.000Z</time>
        <extensions>
          <ns3:TrackPointExtension>
            <ns3:hr>173</ns3:hr>
            <ns3:cad>61</ns3:cad>
          </ns3:TrackPointExtension>
        </extensions>
      </trkpt>
      <trkpt lat="23.17197239957749843597412109375" lon="113.25559060089290142059326171875">
        <ele>3.2000000476837158203125</ele>
        <time>2023-08-11T13:14:52.000Z</time>
        <extensions>
          <ns3:TrackPointExtension>
            <ns3:hr>169</ns3:hr>
            <ns3:cad>61</ns3:cad>
          </ns3:TrackPointExtension>
        </extensions>
      </trkpt>
      <trkpt lat="23.17197726108133792877197265625" lon="113.25557333417236804962158203125">
        <ele>3.2000000476837158203125</ele>
        <time>2023-08-11T13:14:54.000Z</time>
        <extensions>
          <ns3:TrackPointExtension>
            <ns3:hr>162</ns3:hr>
            <ns3:cad>61</ns3:cad>
          </ns3:TrackPointExtension>
        </extensions>
      </trkpt>
      <trkpt lat="23.171981535851955413818359375" lon="113.2555660419166088104248046875">
        <ele>3.400000095367431640625</ele>
        <time>2023-08-11T13:14:55.000Z</time>
        <extensions>
          <ns3:TrackPointExtension>
            <ns3:hr>159</ns3:hr>
            <ns3:cad>61</ns3:cad>
          </ns3:TrackPointExtension>
        </extensions>
      </trkpt>
      <trkpt lat="23.17202411592006683349609375" lon="113.25552052818238735198974609375">
        <ele>4</ele>
        <time>2023-08-11T13:14:59.000Z</time>
        <extensions>
          <ns3:TrackPointExtension>
            <ns3:hr>158</ns3:hr>
            <ns3:cad>61</ns3:cad>
          </ns3:TrackPointExtension>
        </extensions>
      </trkpt>
      <trkpt lat="23.17203861661255359649658203125" lon="113.2554728351533412933349609375">
        <ele>4.400000095367431640625</ele>
        <time>2023-08-11T13:15:02.000Z</time>
        <extensions>
          <ns3:TrackPointExtension>
            <ns3:hr>157</ns3:hr>
            <ns3:cad>61</ns3:cad>
          </ns3:TrackPointExtension>
        </extensions>
      </trkpt>
      <trkpt lat="23.17211857996881008148193359375" lon="113.2553994096815586090087890625">
        <ele>5.19999980926513671875</ele>
        <time>2023-08-11T13:15:07.000Z</time>
        <extensions>
          <ns3:TrackPointExtension>
            <ns3:hr>151</ns3:hr>
            <ns3:cad>61</ns3:cad>
          </ns3:TrackPointExtension>
        </extensions>
      </trkpt>
      <trkpt lat="23.1721389479935169219970703125" lon="113.25538038276135921478271484375">
        <ele>5.400000095367431640625</ele>
        <time>2023-08-11T13:15:08.000Z</time>
        <extensions>
          <ns3:TrackPointExtension>
            <ns3:hr>151</ns3:hr>
            <ns3:cad>81</ns3:cad>
          </ns3:TrackPointExtension>
        </extensions>
      </trkpt>
      <trkpt lat="23.17228940315544605255126953125" lon="113.25533126480877399444580078125">
        <ele>7.19999980926513671875</ele>
        <time>2023-08-11T13:15:14.000Z</time>
        <extensions>
          <ns3:TrackPointExtension>
            <ns3:hr>154</ns3:hr>
            <ns3:cad>80</ns3:cad>
          </ns3:TrackPointExtension>
        </extensions>
      </trkpt>
      <trkpt lat="23.1724795885384082794189453125" lon="113.25529740191996097564697265625">
        <ele>8.19999980926513671875</ele>
        <time>2023-08-11T13:15:22.000Z</time>
        <extensions>
          <ns3:TrackPointExtension>
            <ns3:hr>160</ns3:hr>
            <ns3:cad>82</ns3:cad>
          </ns3:TrackPointExtension>
        </extensions>
      </trkpt>
      <trkpt lat="23.17265686579048633575439453125" lon="113.2552609406411647796630859375">
        <ele>7.80000019073486328125</ele>
        <time>2023-08-11T13:15:29.000Z</time>
        <extensions>
          <ns3:TrackPointExtension>
            <ns3:hr>163</ns3:hr>
            <ns3:cad>82</ns3:cad>
          </ns3:TrackPointExtension>
        </extensions>
      </trkpt>
      <trkpt lat="23.17273087799549102783203125" lon="113.255235962569713592529296875">
        <ele>7.19999980926513671875</ele>
        <time>2023-08-11T13:15:33.000Z</time>
        <extensions>
          <ns3:TrackPointExtension>
            <ns3:hr>167</ns3:hr>
            <ns3:cad>83</ns3:cad>
          </ns3:TrackPointExtension>
        </extensions>
      </trkpt>
      <trkpt lat="23.1729067303240299224853515625" lon="113.25517754070460796356201171875">
        <ele>5.80000019073486328125</ele>
        <time>2023-08-11T13:15:41.000Z</time>
        <extensions>
          <ns3:TrackPointExtension>
            <ns3:hr>166</ns3:hr>
            <ns3:cad>83</ns3:cad>
          </ns3:TrackPointExtension>
        </extensions>
      </trkpt>
      <trkpt lat="23.1729603745043277740478515625" lon="113.25517016462981700897216796875">
        <ele>5.599999904632568359375</ele>
        <time>2023-08-11T13:15:43.000Z</time>
        <extensions>
          <ns3:TrackPointExtension>
            <ns3:hr>172</ns3:hr>
            <ns3:cad>83</ns3:cad>
          </ns3:TrackPointExtension>
        </extensions>
      </trkpt>
      <trkpt lat="23.1730200536549091339111328125" lon="113.2551613636314868927001953125">
        <ele>6.19999980926513671875</ele>
        <time>2023-08-11T13:15:45.000Z</time>
        <extensions>
          <ns3:TrackPointExtension>
            <ns3:hr>175</ns3:hr>
            <ns3:cad>83</ns3:cad>
          </ns3:TrackPointExtension>
        </extensions>
      </trkpt>
      <trkpt lat="23.1730726920068264007568359375" lon="113.25514845550060272216796875">
        <ele>7</ele>
        <time>2023-08-11T13:15:47.000Z</time>
        <extensions>
          <ns3:TrackPointExtension>
            <ns3:hr>172</ns3:hr>
            <ns3:cad>83</ns3:cad>
          </ns3:TrackPointExtension>
        </extensions>
      </trkpt>
      <trkpt lat="23.17316648550331592559814453125" lon="113.25513060204684734344482421875">
        <ele>8.3999996185302734375</ele>
        <time>2023-08-11T13:15:50.000Z</time>
        <extensions>
          <ns3:TrackPointExtension>
            <ns3:hr>176</ns3:hr>
            <ns3:cad>82</ns3:cad>
          </ns3:TrackPointExtension>
        </extensions>
      </trkpt>
      <trkpt lat="23.17322616465389728546142578125" lon="113.2551124133169651031494140625">
        <ele>10.3999996185302734375</ele>
        <time>2023-08-11T13:15:52.000Z</time>
        <extensions>
          <ns3:TrackPointExtension>
            <ns3:hr>170</ns3:hr>
            <ns3:cad>82</ns3:cad>
          </ns3:TrackPointExtension>
        </extensions>
      </trkpt>
      <trkpt lat="23.17325265146791934967041015625" lon="113.255101852118968963623046875">
        <ele>11.19999980926513671875</ele>
        <time>2023-08-11T13:15:53.000Z</time>
        <extensions>
          <ns3:TrackPointExtension>
            <ns3:hr>166</ns3:hr>
            <ns3:cad>82</ns3:cad>
          </ns3:TrackPointExtension>
        </extensions>
      </trkpt>
      <trkpt lat="23.17327913828194141387939453125" lon="113.25509338639676570892333984375">
        <ele>11.80000019073486328125</ele>
        <time>2023-08-11T13:15:54.000Z</time>
        <extensions>
          <ns3:TrackPointExtension>
            <ns3:hr>163</ns3:hr>
            <ns3:cad>81</ns3:cad>
          </ns3:TrackPointExtension>
        </extensions>
      </trkpt>
      <trkpt lat="23.17348332144320011138916015625" lon="113.25509137474000453948974609375">
        <ele>13.3999996185302734375</ele>
        <time>2023-08-11T13:16:01.000Z</time>
        <extensions>
          <ns3:TrackPointExtension>
            <ns3:hr>165</ns3:hr>
            <ns3:cad>82</ns3:cad>
          </ns3:TrackPointExtension>
        </extensions>
      </trkpt>
      <trkpt lat="23.1735668890178203582763671875" lon="113.25507729314267635345458984375">
        <ele>13.6000003814697265625</ele>
        <time>2023-08-11T13:16:03.000Z</time>
        <extensions>
          <ns3:TrackPointExtension>
            <ns3:hr>169</ns3:hr>
            <ns3:cad>82</ns3:cad>
          </ns3:TrackPointExtension>
        </extensions>
      </trkpt>
      <trkpt lat="23.1737901829183101654052734375" lon="113.25508601032197475433349609375">
        <ele>11</ele>
        <time>2023-08-11T13:16:10.000Z</time>
        <extensions>
          <ns3:TrackPointExtension>
            <ns3:hr>170</ns3:hr>
            <ns3:cad>80</ns3:cad>
          </ns3:TrackPointExtension>
        </extensions>
      </trkpt>
      <trkpt lat="23.17397433333098888397216796875" lon="113.25502800755202770233154296875">
        <ele>9.19999980926513671875</ele>
        <time>2023-08-11T13:16:15.000Z</time>
        <extensions>
          <ns3:TrackPointExtension>
            <ns3:hr>171</ns3:hr>
            <ns3:cad>80</ns3:cad>
          </ns3:TrackPointExtension>
        </extensions>
      </trkpt>
      <trkpt lat="23.1741558015346527099609375" lon="113.2549689151346683502197265625">
        <ele>7.80000019073486328125</ele>
        <time>2023-08-11T13:16:21.000Z</time>
        <extensions>
          <ns3:TrackPointExtension>
            <ns3:hr>172</ns3:hr>
            <ns3:cad>80</ns3:cad>
          </ns3:TrackPointExtension>
        </extensions>
      </trkpt>
      <trkpt lat="23.1743480823934078216552734375" lon="113.2550014369189739227294921875">
        <ele>7</ele>
        <time>2023-08-11T13:16:32.000Z</time>
        <extensions>
          <ns3:TrackPointExtension>
            <ns3:hr>174</ns3:hr>
            <ns3:cad>57</ns3:cad>
          </ns3:TrackPointExtension>
        </extensions>
      </trkpt>
      <trkpt lat="23.17438487894833087921142578125" lon="113.25501501560211181640625">
        <ele>6.80000019073486328125</ele>
        <time>2023-08-11T13:16:39.000Z</time>
        <extensions>
          <ns3:TrackPointExtension>
            <ns3:hr>171</ns3:hr>
            <ns3:cad>58</ns3:cad>
          </ns3:TrackPointExtension>
        </extensions>
      </trkpt>
      <trkpt lat="23.174454867839813232421875" lon="113.25497922487556934356689453125">
        <ele>6.400000095367431640625</ele>
        <time>2023-08-11T13:16:48.000Z</time>
        <extensions>
          <ns3:TrackPointExtension>
            <ns3:hr>168</ns3:hr>
            <ns3:cad>59</ns3:cad>
          </ns3:TrackPointExtension>
        </extensions>
      </trkpt>
      <trkpt lat="23.17448210902512073516845703125" lon="113.2549519836902618408203125">
        <ele>6.19999980926513671875</ele>
        <time>2023-08-11T13:16:52.000Z</time>
        <extensions>
          <ns3:TrackPointExtension>
            <ns3:hr>165</ns3:hr>
            <ns3:cad>56</ns3:cad>
          </ns3:TrackPointExtension>
        </extensions>
      </trkpt>
      <trkpt lat="23.1744962744414806365966796875" lon="113.25493714772164821624755859375">
        <ele>6</ele>
        <time>2023-08-11T13:16:55.000Z</time>
        <extensions>
          <ns3:TrackPointExtension>
            <ns3:hr>162</ns3:hr>
            <ns3:cad>61</ns3:cad>
          </ns3:TrackPointExtension>
        </extensions>
      </trkpt>
      <trkpt lat="23.17449585534632205963134765625" lon="113.2549333758652210235595703125">
        <ele>6</ele>
        <time>2023-08-11T13:16:56.000Z</time>
        <extensions>
          <ns3:TrackPointExtension>
            <ns3:hr>158</ns3:hr>
            <ns3:cad>61</ns3:cad>
          </ns3:TrackPointExtension>
        </extensions>
      </trkpt>
      <trkpt lat="23.17449920810759067535400390625" lon="113.2549216412007808685302734375">
        <ele>6</ele>
        <time>2023-08-11T13:16:57.000Z</time>
        <extensions>
          <ns3:TrackPointExtension>
            <ns3:hr>158</ns3:hr>
            <ns3:cad>61</ns3:cad>
          </ns3:TrackPointExtension>
        </extensions>
      </trkpt>
      <trkpt lat="23.1744991242885589599609375" lon="113.2548804022371768951416015625">
        <ele>6</ele>
        <time>2023-08-11T13:17:02.000Z</time>
        <extensions>
          <ns3:TrackPointExtension>
            <ns3:hr>161</ns3:hr>
            <ns3:cad>0</ns3:cad>
          </ns3:TrackPointExtension>
        </extensions>
      </trkpt>
      <trkpt lat="23.1744982860982418060302734375" lon="113.2548394985496997833251953125">
        <ele>6</ele>
        <time>2023-08-11T13:17:05.000Z</time>
        <extensions>
          <ns3:TrackPointExtension>
            <ns3:hr>173</ns3:hr>
            <ns3:cad>61</ns3:cad>
          </ns3:TrackPointExtension>
        </extensions>
      </trkpt>
      <trkpt lat="23.1745018064975738525390625" lon="113.25482768006622791290283203125">
        <ele>6</ele>
        <time>2023-08-11T13:17:06.000Z</time>
        <extensions>
          <ns3:TrackPointExtension>
            <ns3:hr>152</ns3:hr>
            <ns3:cad>61</ns3:cad>
          </ns3:TrackPointExtension>
        </extensions>
      </trkpt>
      <trkpt lat="23.174502141773700714111328125" lon="113.25481527484953403472900390625">
        <ele>6</ele>
        <time>2023-08-11T13:17:07.000Z</time>
        <extensions>
          <ns3:TrackPointExtension>
            <ns3:hr>148</ns3:hr>
            <ns3:cad>61</ns3:cad>
          </ns3:TrackPointExtension>
        </extensions>
      </trkpt>
      <trkpt lat="23.1745009683072566986083984375" lon="113.25479381717741489410400390625">
        <ele>6</ele>
        <time>2023-08-11T13:17:09.000Z</time>
        <extensions>
          <ns3:TrackPointExtension>
            <ns3:hr>145</ns3:hr>
            <ns3:cad>61</ns3:cad>
          </ns3:TrackPointExtension>
        </extensions>
      </trkpt>
      <trkpt lat="23.17449753172695636749267578125" lon="113.2547382451593875885009765625">
        <ele>5.80000019073486328125</ele>
        <time>2023-08-11T13:17:13.000Z</time>
        <extensions>
          <ns3:TrackPointExtension>
            <ns3:hr>142</ns3:hr>
            <ns3:cad>61</ns3:cad>
          </ns3:TrackPointExtension>
        </extensions>
      </trkpt>
      <trkpt lat="23.174562491476535797119140625" lon="113.254594914615154266357421875">
        <ele>5</ele>
        <time>2023-08-11T13:17:23.000Z</time>
        <extensions>
          <ns3:TrackPointExtension>
            <ns3:hr>140</ns3:hr>
            <ns3:cad>63</ns3:cad>
          </ns3:TrackPointExtension>
        </extensions>
      </trkpt>
      <trkpt lat="23.17459962330758571624755859375" lon="113.2545913942158222198486328125">
        <ele>4.400000095367431640625</ele>
        <time>2023-08-11T13:17:25.000Z</time>
        <extensions>
          <ns3:TrackPointExtension>
            <ns3:hr>145</ns3:hr>
            <ns3:cad>65</ns3:cad>
          </ns3:TrackPointExtension>
        </extensions>
      </trkpt>
      <trkpt lat="23.1746189855039119720458984375" lon="113.2545887120068073272705078125">
        <ele>4.19999980926513671875</ele>
        <time>2023-08-11T13:17:26.000Z</time>
        <extensions>
          <ns3:TrackPointExtension>
            <ns3:hr>150</ns3:hr>
            <ns3:cad>70</ns3:cad>
          </ns3:TrackPointExtension>
        </extensions>
      </trkpt>
      <trkpt lat="23.1746404431760311126708984375" lon="113.254585526883602142333984375">
        <ele>4</ele>
        <time>2023-08-11T13:17:27.000Z</time>
        <extensions>
          <ns3:TrackPointExtension>
            <ns3:hr>147</ns3:hr>
            <ns3:cad>70</ns3:cad>
          </ns3:TrackPointExtension>
        </extensions>
      </trkpt>
      <trkpt lat="23.1747631542384624481201171875" lon="113.25457504950463771820068359375">
        <ele>4.400000095367431640625</ele>
        <time>2023-08-11T13:17:33.000Z</time>
        <extensions>
          <ns3:TrackPointExtension>
            <ns3:hr>150</ns3:hr>
            <ns3:cad>68</ns3:cad>
          </ns3:TrackPointExtension>
        </extensions>
      </trkpt>
      <trkpt lat="23.17489332519471645355224609375" lon="113.254549317061901092529296875">
        <ele>4.400000095367431640625</ele>
        <time>2023-08-11T13:17:40.000Z</time>
        <extensions>
          <ns3:TrackPointExtension>
            <ns3:hr>153</ns3:hr>
            <ns3:cad>77</ns3:cad>
          </ns3:TrackPointExtension>
        </extensions>
      </trkpt>
      <trkpt lat="23.174968175590038299560546875" lon="113.25450581498444080352783203125">
        <ele>4.400000095367431640625</ele>
        <time>2023-08-11T13:17:46.000Z</time>
        <extensions>
          <ns3:TrackPointExtension>
            <ns3:hr>158</ns3:hr>
            <ns3:cad>77</ns3:cad>
          </ns3:TrackPointExtension>
        </extensions>
      </trkpt>
      <trkpt lat="23.17497454583644866943359375" lon="113.2544998638331890106201171875">
        <ele>4.400000095367431640625</ele>
        <time>2023-08-11T13:17:47.000Z</time>
        <extensions>
          <ns3:TrackPointExtension>
            <ns3:hr>161</ns3:hr>
            <ns3:cad>64</ns3:cad>
          </ns3:TrackPointExtension>
        </extensions>
      </trkpt>
      <trkpt lat="23.1749928183853626251220703125" lon="113.25449257157742977142333984375">
        <ele>4.400000095367431640625</ele>
        <time>2023-08-11T13:17:49.000Z</time>
        <extensions>
          <ns3:TrackPointExtension>
            <ns3:hr>164</ns3:hr>
            <ns3:cad>64</ns3:cad>
          </ns3:TrackPointExtension>
        </extensions>
      </trkpt>
      <trkpt lat="23.1751778908073902130126953125" lon="113.25446507893502712249755859375">
        <ele>8.19999980926513671875</ele>
        <time>2023-08-11T13:17:57.000Z</time>
        <extensions>
          <ns3:TrackPointExtension>
            <ns3:hr>164</ns3:hr>
            <ns3:cad>80</ns3:cad>
          </ns3:TrackPointExtension>
        </extensions>
      </trkpt>
      <trkpt lat="23.17524184472858905792236328125" lon="113.25440523214638233184814453125">
        <ele>9.80000019073486328125</ele>
        <time>2023-08-11T13:18:01.000Z</time>
        <extensions>
          <ns3:TrackPointExtension>
            <ns3:hr>161</ns3:hr>
            <ns3:cad>82</ns3:cad>
          </ns3:TrackPointExtension>
        </extensions>
      </trkpt>
      <trkpt lat="23.17524905316531658172607421875" lon="113.2543771527707576751708984375">
        <ele>10.6000003814697265625</ele>
        <time>2023-08-11T13:18:02.000Z</time>
        <extensions>
          <ns3:TrackPointExtension>
            <ns3:hr>161</ns3:hr>
            <ns3:cad>80</ns3:cad>
          </ns3:TrackPointExtension>
        </extensions>
      </trkpt>
      <trkpt lat="23.175254501402378082275390625" lon="113.2543463073670864105224609375">
        <ele>11.3999996185302734375</ele>
        <time>2023-08-11T13:18:05.000Z</time>
        <extensions>
          <ns3:TrackPointExtension>
            <ns3:hr>165</ns3:hr>
            <ns3:cad>79</ns3:cad>
          </ns3:TrackPointExtension>
        </extensions>
      </trkpt>
      <trkpt lat="23.1752640567719936370849609375" lon="113.2543214969336986541748046875">
        <ele>12.19999980926513671875</ele>
        <time>2023-08-11T13:18:08.000Z</time>
        <extensions>
          <ns3:TrackPointExtension>
            <ns3:hr>167</ns3:hr>
            <ns3:cad>83</ns3:cad>
          </ns3:TrackPointExtension>
        </extensions>
      </trkpt>
      <trkpt lat="23.175281994044780731201171875" lon="113.25424077920615673065185546875">
        <ele>14.3999996185302734375</ele>
        <time>2023-08-11T13:18:12.000Z</time>
        <extensions>
          <ns3:TrackPointExtension>
            <ns3:hr>172</ns3:hr>
            <ns3:cad>83</ns3:cad>
          </ns3:TrackPointExtension>
        </extensions>
      </trkpt>
      <trkpt lat="23.17528677172958850860595703125" lon="113.25416676700115203857421875">
        <ele>15.80000019073486328125</ele>
        <time>2023-08-11T13:18:16.000Z</time>
        <extensions>
          <ns3:TrackPointExtension>
            <ns3:hr>168</ns3:hr>
            <ns3:cad>82</ns3:cad>
          </ns3:TrackPointExtension>
        </extensions>
      </trkpt>
      <trkpt lat="23.1752788089215755462646484375" lon="113.25410968624055385589599609375">
        <ele>16.3999996185302734375</ele>
        <time>2023-08-11T13:18:19.000Z</time>
        <extensions>
          <ns3:TrackPointExtension>
            <ns3:hr>171</ns3:hr>
            <ns3:cad>83</ns3:cad>
          </ns3:TrackPointExtension>
        </extensions>
      </trkpt>
      <trkpt lat="23.17527704872190952301025390625" lon="113.25407180003821849822998046875">
        <ele>16.3999996185302734375</ele>
        <time>2023-08-11T13:18:20.000Z</time>
        <extensions>
          <ns3:TrackPointExtension>
            <ns3:hr>176</ns3:hr>
            <ns3:cad>82</ns3:cad>
          </ns3:TrackPointExtension>
        </extensions>
      </trkpt>
      <trkpt lat="23.17527704872190952301025390625" lon="113.25407180003821849822998046875">
        <ele>16.3999996185302734375</ele>
        <time>2023-08-11T13:18:21.000Z</time>
        <extensions>
          <ns3:TrackPointExtension>
            <ns3:hr>176</ns3:hr>
            <ns3:cad>82</ns3:cad>
          </ns3:TrackPointExtension>
        </extensions>
      </trkpt>
      <trkpt lat="23.17528107203543186187744140625" lon="113.25402905233204364776611328125">
        <ele>16.200000762939453125</ele>
        <time>2023-08-11T13:18:23.000Z</time>
        <extensions>
          <ns3:TrackPointExtension>
            <ns3:hr>172</ns3:hr>
            <ns3:cad>82</ns3:cad>
          </ns3:TrackPointExtension>
        </extensions>
      </trkpt>
      <trkpt lat="23.17528325133025646209716796875" lon="113.2540066726505756378173828125">
        <ele>16</ele>
        <time>2023-08-11T13:18:24.000Z</time>
        <extensions>
          <ns3:TrackPointExtension>
            <ns3:hr>168</ns3:hr>
            <ns3:cad>82</ns3:cad>
          </ns3:TrackPointExtension>
        </extensions>
      </trkpt>
      <trkpt lat="23.175291381776332855224609375" lon="113.25398479588329792022705078125">
        <ele>16</ele>
        <time>2023-08-11T13:18:25.000Z</time>
        <extensions>
          <ns3:TrackPointExtension>
            <ns3:hr>164</ns3:hr>
            <ns3:cad>82</ns3:cad>
          </ns3:TrackPointExtension>
        </extensions>
      </trkpt>
      <trkpt lat="23.17530051805078983306884765625" lon="113.253963924944400787353515625">
        <ele>16</ele>
        <time>2023-08-11T13:18:26.000Z</time>
        <extensions>
          <ns3:TrackPointExtension>
            <ns3:hr>164</ns3:hr>
            <ns3:cad>81</ns3:cad>
          </ns3:TrackPointExtension>
        </extensions>
      </trkpt>
      <trkpt lat="23.17528995685279369354248046875" lon="113.25390231795608997344970703125">
        <ele>15.3999996185302734375</ele>
        <time>2023-08-11T13:18:28.000Z</time>
        <extensions>
          <ns3:TrackPointExtension>
            <ns3:hr>161</ns3:hr>
            <ns3:cad>81</ns3:cad>
          </ns3:TrackPointExtension>
        </extensions>
      </trkpt>
      <trkpt lat="23.17527352832257747650146484375" lon="113.2538309879601001739501953125">
        <ele>14.6000003814697265625</ele>
        <time>2023-08-11T13:18:30.000Z</time>
        <extensions>
          <ns3:TrackPointExtension>
            <ns3:hr>164</ns3:hr>
            <ns3:cad>82</ns3:cad>
          </ns3:TrackPointExtension>
        </extensions>
      </trkpt>
      <trkpt lat="23.175243437290191650390625" lon="113.25370408594608306884765625">
        <ele>13.19999980926513671875</ele>
        <time>2023-08-11T13:18:35.000Z</time>
        <extensions>
          <ns3:TrackPointExtension>
            <ns3:hr>168</ns3:hr>
            <ns3:cad>82</ns3:cad>
          </ns3:TrackPointExtension>
        </extensions>
      </trkpt>
      <trkpt lat="23.1752332113683223724365234375" lon="113.25361079536378383636474609375">
        <ele>12.3999996185302734375</ele>
        <time>2023-08-11T13:18:38.000Z</time>
        <extensions>
          <ns3:TrackPointExtension>
            <ns3:hr>172</ns3:hr>
            <ns3:cad>82</ns3:cad>
          </ns3:TrackPointExtension>
        </extensions>
      </trkpt>
      <trkpt lat="23.17524544894695281982421875" lon="113.25341708958148956298828125">
        <ele>13.3999996185302734375</ele>
        <time>2023-08-11T13:18:46.000Z</time>
        <extensions>
          <ns3:TrackPointExtension>
            <ns3:hr>173</ns3:hr>
            <ns3:cad>82</ns3:cad>
          </ns3:TrackPointExtension>
        </extensions>
      </trkpt>
      <trkpt lat="23.17523145116865634918212890625" lon="113.25320159085094928741455078125">
        <ele>16</ele>
        <time>2023-08-11T13:18:54.000Z</time>
        <extensions>
          <ns3:TrackPointExtension>
            <ns3:hr>173</ns3:hr>
            <ns3:cad>82</ns3:cad>
          </ns3:TrackPointExtension>
        </extensions>
      </trkpt>
      <trkpt lat="23.17523497156798839569091796875" lon="113.25302925892174243927001953125">
        <ele>18.6000003814697265625</ele>
        <time>2023-08-11T13:19:02.000Z</time>
        <extensions>
          <ns3:TrackPointExtension>
            <ns3:hr>170</ns3:hr>
            <ns3:cad>82</ns3:cad>
          </ns3:TrackPointExtension>
        </extensions>
      </trkpt>
      <trkpt lat="23.1752420961856842041015625" lon="113.252910487353801727294921875">
        <ele>19.799999237060546875</ele>
        <time>2023-08-11T13:19:08.000Z</time>
        <extensions>
          <ns3:TrackPointExtension>
            <ns3:hr>172</ns3:hr>
            <ns3:cad>81</ns3:cad>
          </ns3:TrackPointExtension>
        </extensions>
      </trkpt>
      <trkpt lat="23.17525994963943958282470703125" lon="113.25268861837685108184814453125">
        <ele>19.6000003814697265625</ele>
        <time>2023-08-11T13:19:20.000Z</time>
        <extensions>
          <ns3:TrackPointExtension>
            <ns3:hr>172</ns3:hr>
            <ns3:cad>61</ns3:cad>
          </ns3:TrackPointExtension>
        </extensions>
      </trkpt>
      <trkpt lat="23.175219632685184478759765625" lon="113.25259507633745670318603515625">
        <ele>16.3999996185302734375</ele>
        <time>2023-08-11T13:19:27.000Z</time>
        <extensions>
          <ns3:TrackPointExtension>
            <ns3:hr>167</ns3:hr>
            <ns3:cad>61</ns3:cad>
          </ns3:TrackPointExtension>
        </extensions>
      </trkpt>
      <trkpt lat="23.1752114184200763702392578125" lon="113.25257780961692333221435546875">
        <ele>15.80000019073486328125</ele>
        <time>2023-08-11T13:19:28.000Z</time>
        <extensions>
          <ns3:TrackPointExtension>
            <ns3:hr>167</ns3:hr>
            <ns3:cad>61</ns3:cad>
          </ns3:TrackPointExtension>
        </extensions>
      </trkpt>
      <trkpt lat="23.17521032877266407012939453125" lon="113.25254671275615692138671875">
        <ele>14.80000019073486328125</ele>
        <time>2023-08-11T13:19:30.000Z</time>
        <extensions>
          <ns3:TrackPointExtension>
            <ns3:hr>164</ns3:hr>
            <ns3:cad>61</ns3:cad>
          </ns3:TrackPointExtension>
        </extensions>
      </trkpt>
      <trkpt lat="23.175188787281513214111328125" lon="113.252474628388881683349609375">
        <ele>12.3999996185302734375</ele>
        <time>2023-08-11T13:19:37.000Z</time>
        <extensions>
          <ns3:TrackPointExtension>
            <ns3:hr>160</ns3:hr>
            <ns3:cad>61</ns3:cad>
          </ns3:TrackPointExtension>
        </extensions>
      </trkpt>
      <trkpt lat="23.17518585361540317535400390625" lon="113.252442777156829833984375">
        <ele>11.3999996185302734375</ele>
        <time>2023-08-11T13:19:39.000Z</time>
        <extensions>
          <ns3:TrackPointExtension>
            <ns3:hr>158</ns3:hr>
            <ns3:cad>63</ns3:cad>
          </ns3:TrackPointExtension>
        </extensions>
      </trkpt>
      <trkpt lat="23.175168670713901519775390625" lon="113.2524161227047443389892578125">
        <ele>10.6000003814697265625</ele>
        <time>2023-08-11T13:19:41.000Z</time>
        <extensions>
          <ns3:TrackPointExtension>
            <ns3:hr>161</ns3:hr>
            <ns3:cad>63</ns3:cad>
          </ns3:TrackPointExtension>
        </extensions>
      </trkpt>
      <trkpt lat="23.17517571151256561279296875" lon="113.25231696479022502899169921875">
        <ele>7</ele>
        <time>2023-08-11T13:19:48.000Z</time>
        <extensions>
          <ns3:TrackPointExtension>
            <ns3:hr>157</ns3:hr>
            <ns3:cad>61</ns3:cad>
          </ns3:TrackPointExtension>
        </extensions>
      </trkpt>
      <trkpt lat="23.17519524134695529937744140625" lon="113.25223448686301708221435546875">
        <ele>3.7999999523162841796875</ele>
        <time>2023-08-11T13:19:53.000Z</time>
        <extensions>
          <ns3:TrackPointExtension>
            <ns3:hr>154</ns3:hr>
            <ns3:cad>63</ns3:cad>
          </ns3:TrackPointExtension>
        </extensions>
      </trkpt>
      <trkpt lat="23.17525349557399749755859375" lon="113.2521968521177768707275390625">
        <ele>2.7999999523162841796875</ele>
        <time>2023-08-11T13:19:54.000Z</time>
        <extensions>
          <ns3:TrackPointExtension>
            <ns3:hr>153</ns3:hr>
            <ns3:cad>63</ns3:cad>
          </ns3:TrackPointExtension>
        </extensions>
      </trkpt>
      <trkpt lat="23.17536438815295696258544921875" lon="113.2521153800189495086669921875">
        <ele>5.599999904632568359375</ele>
        <time>2023-08-11T13:19:58.000Z</time>
        <extensions>
          <ns3:TrackPointExtension>
            <ns3:hr>150</ns3:hr>
            <ns3:cad>61</ns3:cad>
          </ns3:TrackPointExtension>
        </extensions>
      </trkpt>
      <trkpt lat="23.175431191921234130859375" lon="113.2520493306219577789306640625">
        <ele>8</ele>
        <time>2023-08-11T13:20:01.000Z</time>
        <extensions>
          <ns3:TrackPointExtension>
            <ns3:hr>147</ns3:hr>
            <ns3:cad>62</ns3:cad>
          </ns3:TrackPointExtension>
        </extensions>
      </trkpt>
      <trkpt lat="23.17559455521404743194580078125" lon="113.25194346718490123748779296875">
        <ele>10</ele>
        <time>2023-08-11T13:20:10.000Z</time>
        <extensions>
          <ns3:TrackPointExtension>
            <ns3:hr>145</ns3:hr>
            <ns3:cad>63</ns3:cad>
          </ns3:TrackPointExtension>
        </extensions>
      </trkpt>
      <trkpt lat="23.1756881810724735260009765625" lon="113.25186409056186676025390625">
        <ele>11.3999996185302734375</ele>
        <time>2023-08-11T13:20:19.000Z</time>
        <extensions>
          <ns3:TrackPointExtension>
            <ns3:hr>145</ns3:hr>
            <ns3:cad>61</ns3:cad>
          </ns3:TrackPointExtension>
        </extensions>
      </trkpt>
      <trkpt lat="23.1757139973342418670654296875" lon="113.25182477943599224090576171875">
        <ele>12.3999996185302734375</ele>
        <time>2023-08-11T13:20:24.000Z</time>
        <extensions>
          <ns3:TrackPointExtension>
            <ns3:hr>144</ns3:hr>
            <ns3:cad>61</ns3:cad>
          </ns3:TrackPointExtension>
        </extensions>
      </trkpt>
      <trkpt lat="23.175723552703857421875" lon="113.25178203172981739044189453125">
        <ele>13</ele>
        <time>2023-08-11T13:20:28.000Z</time>
        <extensions>
          <ns3:TrackPointExtension>
            <ns3:hr>145</ns3:hr>
            <ns3:cad>61</ns3:cad>
          </ns3:TrackPointExtension>
        </extensions>
      </trkpt>
      <trkpt lat="23.1757307611405849456787109375" lon="113.25176878832280635833740234375">
        <ele>13.19999980926513671875</ele>
        <time>2023-08-11T13:20:30.000Z</time>
        <extensions>
          <ns3:TrackPointExtension>
            <ns3:hr>145</ns3:hr>
            <ns3:cad>61</ns3:cad>
          </ns3:TrackPointExtension>
        </extensions>
      </trkpt>
      <trkpt lat="23.1757408194243907928466796875" lon="113.25175923295319080352783203125">
        <ele>13.19999980926513671875</ele>
        <time>2023-08-11T13:20:32.000Z</time>
        <extensions>
          <ns3:TrackPointExtension>
            <ns3:hr>144</ns3:hr>
            <ns3:cad>61</ns3:cad>
          </ns3:TrackPointExtension>
        </extensions>
      </trkpt>
      <trkpt lat="23.1757565774023532867431640625" lon="113.251745738089084625244140625">
        <ele>13.19999980926513671875</ele>
        <time>2023-08-11T13:20:34.000Z</time>
        <extensions>
          <ns3:TrackPointExtension>
            <ns3:hr>144</ns3:hr>
            <ns3:cad>61</ns3:cad>
          </ns3:TrackPointExtension>
        </extensions>
      </trkpt>
      <trkpt lat="23.17577342502772808074951171875" lon="113.25173559598624706268310546875">
        <ele>13.3999996185302734375</ele>
        <time>2023-08-11T13:20:36.000Z</time>
        <extensions>
          <ns3:TrackPointExtension>
            <ns3:hr>143</ns3:hr>
            <ns3:cad>61</ns3:cad>
          </ns3:TrackPointExtension>
        </extensions>
      </trkpt>
      <trkpt lat="23.17578180693089962005615234375" lon="113.25172654353082180023193359375">
        <ele>13.3999996185302734375</ele>
        <time>2023-08-11T13:20:37.000Z</time>
        <extensions>
          <ns3:TrackPointExtension>
            <ns3:hr>139</ns3:hr>
            <ns3:cad>61</ns3:cad>
          </ns3:TrackPointExtension>
        </extensions>
      </trkpt>
      <trkpt lat="23.17577711306512355804443359375" lon="113.2516808621585369110107421875">
        <ele>14.19999980926513671875</ele>
        <time>2023-08-11T13:20:38.000Z</time>
        <extensions>
          <ns3:TrackPointExtension>
            <ns3:hr>137</ns3:hr>
            <ns3:cad>61</ns3:cad>
          </ns3:TrackPointExtension>
        </extensions>
      </trkpt>
      <trkpt lat="23.1757904402911663055419921875" lon="113.251616656780242919921875">
        <ele>15.6000003814697265625</ele>
        <time>2023-08-11T13:20:41.000Z</time>
        <extensions>
          <ns3:TrackPointExtension>
            <ns3:hr>136</ns3:hr>
            <ns3:cad>61</ns3:cad>
          </ns3:TrackPointExtension>
        </extensions>
      </trkpt>
      <trkpt lat="23.175948522984981536865234375" lon="113.251513056457042694091796875">
        <ele>17.3999996185302734375</ele>
        <time>2023-08-11T13:20:58.000Z</time>
        <extensions>
          <ns3:TrackPointExtension>
            <ns3:hr>136</ns3:hr>
            <ns3:cad>61</ns3:cad>
          </ns3:TrackPointExtension>
        </extensions>
      </trkpt>
      <trkpt lat="23.17609679885208606719970703125" lon="113.2513905130326747894287109375">
        <ele>19.3999996185302734375</ele>
        <time>2023-08-11T13:21:16.000Z</time>
        <extensions>
          <ns3:TrackPointExtension>
            <ns3:hr>136</ns3:hr>
            <ns3:cad>61</ns3:cad>
          </ns3:TrackPointExtension>
        </extensions>
      </trkpt>
      <trkpt lat="23.17621230147778987884521484375" lon="113.251355476677417755126953125">
        <ele>21.3999996185302734375</ele>
        <time>2023-08-11T13:21:27.000Z</time>
        <extensions>
          <ns3:TrackPointExtension>
            <ns3:hr>139</ns3:hr>
            <ns3:cad>61</ns3:cad>
          </ns3:TrackPointExtension>
        </extensions>
      </trkpt>
      <trkpt lat="23.176255635917186737060546875" lon="113.25133879669010639190673828125">
        <ele>22.200000762939453125</ele>
        <time>2023-08-11T13:21:30.000Z</time>
        <extensions>
          <ns3:TrackPointExtension>
            <ns3:hr>142</ns3:hr>
            <ns3:cad>61</ns3:cad>
          </ns3:TrackPointExtension>
        </extensions>
      </trkpt>
      <trkpt lat="23.17630265839397907257080078125" lon="113.2513241283595561981201171875">
        <ele>23</ele>
        <time>2023-08-11T13:21:34.000Z</time>
        <extensions>
          <ns3:TrackPointExtension>
            <ns3:hr>139</ns3:hr>
            <ns3:cad>61</ns3:cad>
          </ns3:TrackPointExtension>
        </extensions>
      </trkpt>
      <trkpt lat="23.17632369697093963623046875" lon="113.25133359991014003753662109375">
        <ele>22.799999237060546875</ele>
        <time>2023-08-11T13:21:37.000Z</time>
        <extensions>
          <ns3:TrackPointExtension>
            <ns3:hr>138</ns3:hr>
            <ns3:cad>61</ns3:cad>
          </ns3:TrackPointExtension>
        </extensions>
      </trkpt>
      <trkpt lat="23.1763275526463985443115234375" lon="113.25133058242499828338623046875">
        <ele>22.799999237060546875</ele>
        <time>2023-08-11T13:21:39.000Z</time>
        <extensions>
          <ns3:TrackPointExtension>
            <ns3:hr>138</ns3:hr>
            <ns3:cad>60</ns3:cad>
          </ns3:TrackPointExtension>
        </extensions>
      </trkpt>
      <trkpt lat="23.1763449870049953460693359375" lon="113.25131935067474842071533203125">
        <ele>22.6000003814697265625</ele>
        <time>2023-08-11T13:21:42.000Z</time>
        <extensions>
          <ns3:TrackPointExtension>
            <ns3:hr>140</ns3:hr>
            <ns3:cad>58</ns3:cad>
          </ns3:TrackPointExtension>
        </extensions>
      </trkpt>
      <trkpt lat="23.176380358636379241943359375" lon="113.2513217814266681671142578125">
        <ele>22.3999996185302734375</ele>
        <time>2023-08-11T13:21:44.000Z</time>
        <extensions>
          <ns3:TrackPointExtension>
            <ns3:hr>140</ns3:hr>
            <ns3:cad>58</ns3:cad>
          </ns3:TrackPointExtension>
        </extensions>
      </trkpt>
      <trkpt lat="23.1763932667672634124755859375" lon="113.25130778364837169647216796875">
        <ele>22</ele>
        <time>2023-08-11T13:21:45.000Z</time>
        <extensions>
          <ns3:TrackPointExtension>
            <ns3:hr>137</ns3:hr>
            <ns3:cad>61</ns3:cad>
          </ns3:TrackPointExtension>
        </extensions>
      </trkpt>
      <trkpt lat="23.176421262323856353759765625" lon="113.2512798719108104705810546875">
        <ele>21.200000762939453125</ele>
        <time>2023-08-11T13:21:47.000Z</time>
        <extensions>
          <ns3:TrackPointExtension>
            <ns3:hr>135</ns3:hr>
            <ns3:cad>61</ns3:cad>
          </ns3:TrackPointExtension>
        </extensions>
      </trkpt>
      <trkpt lat="23.176453448832035064697265625" lon="113.25124022550880908966064453125">
        <ele>20.200000762939453125</ele>
        <time>2023-08-11T13:21:53.000Z</time>
        <extensions>
          <ns3:TrackPointExtension>
            <ns3:hr>138</ns3:hr>
            <ns3:cad>58</ns3:cad>
          </ns3:TrackPointExtension>
        </extensions>
      </trkpt>
      <trkpt lat="23.17647968418896198272705078125" lon="113.2512101344764232635498046875">
        <ele>19.3999996185302734375</ele>
        <time>2023-08-11T13:21:57.000Z</time>
        <extensions>
          <ns3:TrackPointExtension>
            <ns3:hr>139</ns3:hr>
            <ns3:cad>58</ns3:cad>
          </ns3:TrackPointExtension>
        </extensions>
      </trkpt>
      <trkpt lat="23.17648152820765972137451171875" lon="113.2511781156063079833984375">
        <ele>19.200000762939453125</ele>
        <time>2023-08-11T13:21:59.000Z</time>
        <extensions>
          <ns3:TrackPointExtension>
            <ns3:hr>140</ns3:hr>
            <ns3:cad>58</ns3:cad>
          </ns3:TrackPointExtension>
        </extensions>
      </trkpt>
      <trkpt lat="23.17647524178028106689453125" lon="113.2511212863028049468994140625">
        <ele>18.3999996185302734375</ele>
        <time>2023-08-11T13:22:02.000Z</time>
        <extensions>
          <ns3:TrackPointExtension>
            <ns3:hr>139</ns3:hr>
            <ns3:cad>0</ns3:cad>
          </ns3:TrackPointExtension>
        </extensions>
      </trkpt>
      <trkpt lat="23.1765679456293582916259765625" lon="113.2509392313659191131591796875">
        <ele>17.200000762939453125</ele>
        <time>2023-08-11T13:22:22.000Z</time>
        <extensions>
          <ns3:TrackPointExtension>
            <ns3:hr>137</ns3:hr>
            <ns3:cad>61</ns3:cad>
          </ns3:TrackPointExtension>
        </extensions>
      </trkpt>
      <trkpt lat="23.17657523788511753082275390625" lon="113.250926323235034942626953125">
        <ele>17.200000762939453125</ele>
        <time>2023-08-11T13:22:24.000Z</time>
        <extensions>
          <ns3:TrackPointExtension>
            <ns3:hr>136</ns3:hr>
            <ns3:cad>61</ns3:cad>
          </ns3:TrackPointExtension>
        </extensions>
      </trkpt>
      <trkpt lat="23.17657507024705410003662109375" lon="113.2509211264550685882568359375">
        <ele>17.200000762939453125</ele>
        <time>2023-08-11T13:22:26.000Z</time>
        <extensions>
          <ns3:TrackPointExtension>
            <ns3:hr>136</ns3:hr>
            <ns3:cad>64</ns3:cad>
          </ns3:TrackPointExtension>
        </extensions>
      </trkpt>
      <trkpt lat="23.17658982239663600921630859375" lon="113.25090008787810802459716796875">
        <ele>17</ele>
        <time>2023-08-11T13:22:30.000Z</time>
        <extensions>
          <ns3:TrackPointExtension>
            <ns3:hr>134</ns3:hr>
            <ns3:cad>64</ns3:cad>
          </ns3:TrackPointExtension>
        </extensions>
      </trkpt>
      <trkpt lat="23.1767272017896175384521484375" lon="113.25091190636157989501953125">
        <ele>17.6000003814697265625</ele>
        <time>2023-08-11T13:23:03.000Z</time>
        <extensions>
          <ns3:TrackPointExtension>
            <ns3:hr>134</ns3:hr>
            <ns3:cad>61</ns3:cad>
          </ns3:TrackPointExtension>
        </extensions>
      </trkpt>
      <trkpt lat="23.176749832928180694580078125" lon="113.2508932985365390777587890625">
        <ele>18</ele>
        <time>2023-08-11T13:23:05.000Z</time>
        <extensions>
          <ns3:TrackPointExtension>
            <ns3:hr>136</ns3:hr>
            <ns3:cad>61</ns3:cad>
          </ns3:TrackPointExtension>
        </extensions>
      </trkpt>
      <trkpt lat="23.17681814543902873992919921875" lon="113.2508547417819499969482421875">
        <ele>19.200000762939453125</ele>
        <time>2023-08-11T13:23:08.000Z</time>
        <extensions>
          <ns3:TrackPointExtension>
            <ns3:hr>135</ns3:hr>
            <ns3:cad>61</ns3:cad>
          </ns3:TrackPointExtension>
        </extensions>
      </trkpt>
      <trkpt lat="23.1768519245088100433349609375" lon="113.25083680450916290283203125">
        <ele>19.6000003814697265625</ele>
        <time>2023-08-11T13:23:11.000Z</time>
        <extensions>
          <ns3:TrackPointExtension>
            <ns3:hr>134</ns3:hr>
            <ns3:cad>59</ns3:cad>
          </ns3:TrackPointExtension>
        </extensions>
      </trkpt>
      <trkpt lat="23.1768988631665706634521484375" lon="113.25083755888044834136962890625">
        <ele>19.799999237060546875</ele>
        <time>2023-08-11T13:23:13.000Z</time>
        <extensions>
          <ns3:TrackPointExtension>
            <ns3:hr>134</ns3:hr>
            <ns3:cad>58</ns3:cad>
          </ns3:TrackPointExtension>
        </extensions>
      </trkpt>
      <trkpt lat="23.17710748873651027679443359375" lon="113.25082113035023212432861328125">
        <ele>22</ele>
        <time>2023-08-11T13:23:19.000Z</time>
        <extensions>
          <ns3:TrackPointExtension>
            <ns3:hr>135</ns3:hr>
            <ns3:cad>63</ns3:cad>
          </ns3:TrackPointExtension>
        </extensions>
      </trkpt>
      <trkpt lat="23.17712291143834590911865234375" lon="113.2508198730647563934326171875">
        <ele>22</ele>
        <time>2023-08-11T13:23:21.000Z</time>
        <extensions>
          <ns3:TrackPointExtension>
            <ns3:hr>134</ns3:hr>
            <ns3:cad>59</ns3:cad>
          </ns3:TrackPointExtension>
        </extensions>
      </trkpt>
      <trkpt lat="23.1771828420460224151611328125" lon="113.2508232258260250091552734375">
        <ele>22.6000003814697265625</ele>
        <time>2023-08-11T13:23:29.000Z</time>
        <extensions>
          <ns3:TrackPointExtension>
            <ns3:hr>137</ns3:hr>
            <ns3:cad>58</ns3:cad>
          </ns3:TrackPointExtension>
        </extensions>
      </trkpt>
      <trkpt lat="23.17721796222031116485595703125" lon="113.2508621178567409515380859375">
        <ele>22.200000762939453125</ele>
        <time>2023-08-11T13:23:32.000Z</time>
        <extensions>
          <ns3:TrackPointExtension>
            <ns3:hr>131</ns3:hr>
            <ns3:cad>58</ns3:cad>
          </ns3:TrackPointExtension>
        </extensions>
      </trkpt>
      <trkpt lat="23.17726070992648601531982421875" lon="113.25086236931383609771728515625">
        <ele>22.200000762939453125</ele>
        <time>2023-08-11T13:23:34.000Z</time>
        <extensions>
          <ns3:TrackPointExtension>
            <ns3:hr>134</ns3:hr>
            <ns3:cad>58</ns3:cad>
          </ns3:TrackPointExtension>
        </extensions>
      </trkpt>
      <trkpt lat="23.1772859394550323486328125" lon="113.250859268009662628173828125">
        <ele>22.3999996185302734375</ele>
        <time>2023-08-11T13:23:35.000Z</time>
        <extensions>
          <ns3:TrackPointExtension>
            <ns3:hr>137</ns3:hr>
            <ns3:cad>58</ns3:cad>
          </ns3:TrackPointExtension>
        </extensions>
      </trkpt>
      <trkpt lat="23.1773089058697223663330078125" lon="113.2508554123342037200927734375">
        <ele>22.3999996185302734375</ele>
        <time>2023-08-11T13:23:37.000Z</time>
        <extensions>
          <ns3:TrackPointExtension>
            <ns3:hr>137</ns3:hr>
            <ns3:cad>58</ns3:cad>
          </ns3:TrackPointExtension>
        </extensions>
      </trkpt>
      <trkpt lat="23.1773323751986026763916015625" lon="113.2508547417819499969482421875">
        <ele>22.3999996185302734375</ele>
        <time>2023-08-11T13:23:39.000Z</time>
        <extensions>
          <ns3:TrackPointExtension>
            <ns3:hr>136</ns3:hr>
            <ns3:cad>59</ns3:cad>
          </ns3:TrackPointExtension>
        </extensions>
      </trkpt>
      <trkpt lat="23.17736749537289142608642578125" lon="113.25085557997226715087890625">
        <ele>22.3999996185302734375</ele>
        <time>2023-08-11T13:23:43.000Z</time>
        <extensions>
          <ns3:TrackPointExtension>
            <ns3:hr>136</ns3:hr>
            <ns3:cad>61</ns3:cad>
          </ns3:TrackPointExtension>
        </extensions>
      </trkpt>
      <trkpt lat="23.17739180289208889007568359375" lon="113.2508562505245208740234375">
        <ele>22.3999996185302734375</ele>
        <time>2023-08-11T13:23:47.000Z</time>
        <extensions>
          <ns3:TrackPointExtension>
            <ns3:hr>132</ns3:hr>
            <ns3:cad>61</ns3:cad>
          </ns3:TrackPointExtension>
        </extensions>
      </trkpt>
      <trkpt lat="23.17740387283265590667724609375" lon="113.25085734017193317413330078125">
        <ele>22.3999996185302734375</ele>
        <time>2023-08-11T13:23:49.000Z</time>
        <extensions>
          <ns3:TrackPointExtension>
            <ns3:hr>135</ns3:hr>
            <ns3:cad>60</ns3:cad>
          </ns3:TrackPointExtension>
        </extensions>
      </trkpt>
      <trkpt lat="23.1774121709167957305908203125" lon="113.2508597709238529205322265625">
        <ele>22.3999996185302734375</ele>
        <time>2023-08-11T13:23:50.000Z</time>
        <extensions>
          <ns3:TrackPointExtension>
            <ns3:hr>135</ns3:hr>
            <ns3:cad>59</ns3:cad>
          </ns3:TrackPointExtension>
        </extensions>
      </trkpt>
      <trkpt lat="23.17744729109108448028564453125" lon="113.2508557476103305816650390625">
        <ele>22.3999996185302734375</ele>
        <time>2023-08-11T13:23:53.000Z</time>
        <extensions>
          <ns3:TrackPointExtension>
            <ns3:hr>136</ns3:hr>
            <ns3:cad>61</ns3:cad>
          </ns3:TrackPointExtension>
        </extensions>
      </trkpt>
      <trkpt lat="23.17756815813481807708740234375" lon="113.2508396543562412261962890625">
        <ele>22.3999996185302734375</ele>
        <time>2023-08-11T13:23:58.000Z</time>
        <extensions>
          <ns3:TrackPointExtension>
            <ns3:hr>135</ns3:hr>
            <ns3:cad>61</ns3:cad>
          </ns3:TrackPointExtension>
        </extensions>
      </trkpt>
      <trkpt lat="23.1778031028807163238525390625" lon="113.25084761716425418853759765625">
        <ele>22.200000762939453125</ele>
        <time>2023-08-11T13:24:13.000Z</time>
        <extensions>
          <ns3:TrackPointExtension>
            <ns3:hr>135</ns3:hr>
            <ns3:cad>61</ns3:cad>
          </ns3:TrackPointExtension>
        </extensions>
      </trkpt>
      <trkpt lat="23.177897818386554718017578125" lon="113.25084661133587360382080078125">
        <ele>23</ele>
        <time>2023-08-11T13:24:22.000Z</time>
        <extensions>
          <ns3:TrackPointExtension>
            <ns3:hr>137</ns3:hr>
            <ns3:cad>61</ns3:cad>
          </ns3:TrackPointExtension>
        </extensions>
      </trkpt>
    </trkseg>
  </trk>
</gpx>
