<gpx xmlns:ns3="http://www.garmin.com/xmlschemas/TrackPointExtension/v1" xmlns="http://www.topografix.com/GPX/1/1" xmlns:xsi="http://www.w3.org/2001/XMLSchema-instance" xmlns:ns2="http://www.garmin.com/xmlschemas/GpxExtensions/v3" creator="Garmin Connect" version="1.1" xsi:schemaLocation="http://www.topografix.com/GPX/1/1 http://www.topografix.com/GPX/11.xsd">
  <extensions>
<distance>7926.79</distance>
<average_hr>189.0</average_hr>
<average_speed>2.4660000801086426</average_speed>
<start_time>2020-01-05T02:31:15+00:00</start_time>
<end_time>2020-01-05T03:24:49.537000+00:00</end_time>
<moving_time>3094.018</moving_time>
<elapsed_time>3225.493</elapsed_time>
</extensions>
<metadata>
    <link href="connect.garmin.com">
      <text>Garmin Connect</text>
    </link>
    <time>2020-01-05T02:31:15.000Z</time>
  </metadata>
  <trk>
    <name>广州市 跑步</name>
    <type>running</type>
    <trkseg>
      <trkpt lat="23.2270964048802852630615234375" lon="113.2418053038418292999267578125">
        <ele>1.39999997615814208984375</ele>
        <time>2020-01-05T02:31:15.000Z</time>
        <extensions>
          <ns3:TrackPointExtension>
            <ns3:hr>166</ns3:hr>
            <ns3:cad>0</ns3:cad>
          </ns3:TrackPointExtension>
        </extensions>
      </trkpt>
      <trkpt lat="23.22709632106125354766845703125" lon="113.241805136203765869140625">
        <ele>1.39999997615814208984375</ele>
        <time>2020-01-05T02:31:16.000Z</time>
        <extensions>
          <ns3:TrackPointExtension>
            <ns3:hr>165</ns3:hr>
            <ns3:cad>0</ns3:cad>
          </ns3:TrackPointExtension>
        </extensions>
      </trkpt>
      <trkpt lat="23.22709657251834869384765625" lon="113.24180438183248043060302734375">
        <ele>1.39999997615814208984375</ele>
        <time>2020-01-05T02:31:21.000Z</time>
        <extensions>
          <ns3:TrackPointExtension>
            <ns3:hr>165</ns3:hr>
            <ns3:cad>0</ns3:cad>
          </ns3:TrackPointExtension>
        </extensions>
      </trkpt>
      <trkpt lat="23.22709313593804836273193359375" lon="113.24179910123348236083984375">
        <ele>1.39999997615814208984375</ele>
        <time>2020-01-05T02:31:31.000Z</time>
        <extensions>
          <ns3:TrackPointExtension>
            <ns3:hr>155</ns3:hr>
            <ns3:cad>0</ns3:cad>
          </ns3:TrackPointExtension>
        </extensions>
      </trkpt>
      <trkpt lat="23.227041922509670257568359375" lon="113.2418680004775524139404296875">
        <ele>0.60000002384185791015625</ele>
        <time>2020-01-05T02:31:36.000Z</time>
        <extensions>
          <ns3:TrackPointExtension>
            <ns3:hr>152</ns3:hr>
            <ns3:cad>61</ns3:cad>
          </ns3:TrackPointExtension>
        </extensions>
      </trkpt>
      <trkpt lat="23.22698199190199375152587890625" lon="113.24205466546118259429931640625">
        <ele>0.4000000059604644775390625</ele>
        <time>2020-01-05T02:31:41.000Z</time>
        <extensions>
          <ns3:TrackPointExtension>
            <ns3:hr>157</ns3:hr>
            <ns3:cad>86</ns3:cad>
          </ns3:TrackPointExtension>
        </extensions>
      </trkpt>
      <trkpt lat="23.22701652534306049346923828125" lon="113.24211786501109600067138671875">
        <ele>0.60000002384185791015625</ele>
        <time>2020-01-05T02:31:43.000Z</time>
        <extensions>
          <ns3:TrackPointExtension>
            <ns3:hr>160</ns3:hr>
            <ns3:cad>86</ns3:cad>
          </ns3:TrackPointExtension>
        </extensions>
      </trkpt>
      <trkpt lat="23.22703580372035503387451171875" lon="113.24213848449289798736572265625">
        <ele>0.60000002384185791015625</ele>
        <time>2020-01-05T02:31:44.000Z</time>
        <extensions>
          <ns3:TrackPointExtension>
            <ns3:hr>164</ns3:hr>
            <ns3:cad>86</ns3:cad>
          </ns3:TrackPointExtension>
        </extensions>
      </trkpt>
      <trkpt lat="23.227054663002490997314453125" lon="113.24215742759406566619873046875">
        <ele>0.60000002384185791015625</ele>
        <time>2020-01-05T02:31:45.000Z</time>
        <extensions>
          <ns3:TrackPointExtension>
            <ns3:hr>167</ns3:hr>
            <ns3:cad>85</ns3:cad>
          </ns3:TrackPointExtension>
        </extensions>
      </trkpt>
      <trkpt lat="23.22707402519881725311279296875" lon="113.24217435903847217559814453125">
        <ele>0.800000011920928955078125</ele>
        <time>2020-01-05T02:31:46.000Z</time>
        <extensions>
          <ns3:TrackPointExtension>
            <ns3:hr>171</ns3:hr>
            <ns3:cad>85</ns3:cad>
          </ns3:TrackPointExtension>
        </extensions>
      </trkpt>
      <trkpt lat="23.22714661248028278350830078125" lon="113.24223789386451244354248046875">
        <ele>1</ele>
        <time>2020-01-05T02:31:50.000Z</time>
        <extensions>
          <ns3:TrackPointExtension>
            <ns3:hr>174</ns3:hr>
            <ns3:cad>84</ns3:cad>
          </ns3:TrackPointExtension>
        </extensions>
      </trkpt>
      <trkpt lat="23.227176032960414886474609375" lon="113.24227259494364261627197265625">
        <ele>0.800000011920928955078125</ele>
        <time>2020-01-05T02:31:52.000Z</time>
        <extensions>
          <ns3:TrackPointExtension>
            <ns3:hr>169</ns3:hr>
            <ns3:cad>85</ns3:cad>
          </ns3:TrackPointExtension>
        </extensions>
      </trkpt>
      <trkpt lat="23.22721081785857677459716796875" lon="113.24230545200407505035400390625">
        <ele>0.60000002384185791015625</ele>
        <time>2020-01-05T02:31:54.000Z</time>
        <extensions>
          <ns3:TrackPointExtension>
            <ns3:hr>164</ns3:hr>
            <ns3:cad>85</ns3:cad>
          </ns3:TrackPointExtension>
        </extensions>
      </trkpt>
      <trkpt lat="23.22722054086625576019287109375" lon="113.2423263229429721832275390625">
        <ele>0.4000000059604644775390625</ele>
        <time>2020-01-05T02:31:55.000Z</time>
        <extensions>
          <ns3:TrackPointExtension>
            <ns3:hr>168</ns3:hr>
            <ns3:cad>84</ns3:cad>
          </ns3:TrackPointExtension>
        </extensions>
      </trkpt>
      <trkpt lat="23.22729480452835559844970703125" lon="113.24241911061108112335205078125">
        <ele>0</ele>
        <time>2020-01-05T02:32:00.000Z</time>
        <extensions>
          <ns3:TrackPointExtension>
            <ns3:hr>171</ns3:hr>
            <ns3:cad>84</ns3:cad>
          </ns3:TrackPointExtension>
        </extensions>
      </trkpt>
      <trkpt lat="23.22739806957542896270751953125" lon="113.24256847612559795379638671875">
        <ele>-0.800000011920928955078125</ele>
        <time>2020-01-05T02:32:06.000Z</time>
        <extensions>
          <ns3:TrackPointExtension>
            <ns3:hr>175</ns3:hr>
            <ns3:cad>85</ns3:cad>
          </ns3:TrackPointExtension>
        </extensions>
      </trkpt>
      <trkpt lat="23.227471746504306793212890625" lon="113.24266503565013408660888671875">
        <ele>-1.2000000476837158203125</ele>
        <time>2020-01-05T02:32:10.000Z</time>
        <extensions>
          <ns3:TrackPointExtension>
            <ns3:hr>172</ns3:hr>
            <ns3:cad>85</ns3:cad>
          </ns3:TrackPointExtension>
        </extensions>
      </trkpt>
      <trkpt lat="23.22750720195472240447998046875" lon="113.24270275421440601348876953125">
        <ele>-1.2000000476837158203125</ele>
        <time>2020-01-05T02:32:12.000Z</time>
        <extensions>
          <ns3:TrackPointExtension>
            <ns3:hr>166</ns3:hr>
            <ns3:cad>82</ns3:cad>
          </ns3:TrackPointExtension>
        </extensions>
      </trkpt>
      <trkpt lat="23.22756503708660602569580078125" lon="113.24275321327149868011474609375">
        <ele>-1.60000002384185791015625</ele>
        <time>2020-01-05T02:32:15.000Z</time>
        <extensions>
          <ns3:TrackPointExtension>
            <ns3:hr>175</ns3:hr>
            <ns3:cad>82</ns3:cad>
          </ns3:TrackPointExtension>
        </extensions>
      </trkpt>
      <trkpt lat="23.2275909371674060821533203125" lon="113.24277047999203205108642578125">
        <ele>-1.60000002384185791015625</ele>
        <time>2020-01-05T02:32:16.000Z</time>
        <extensions>
          <ns3:TrackPointExtension>
            <ns3:hr>174</ns3:hr>
            <ns3:cad>82</ns3:cad>
          </ns3:TrackPointExtension>
        </extensions>
      </trkpt>
      <trkpt lat="23.22776846587657928466796875" lon="113.24284273199737071990966796875">
        <ele>-1.7999999523162841796875</ele>
        <time>2020-01-05T02:32:23.000Z</time>
        <extensions>
          <ns3:TrackPointExtension>
            <ns3:hr>176</ns3:hr>
            <ns3:cad>86</ns3:cad>
          </ns3:TrackPointExtension>
        </extensions>
      </trkpt>
      <trkpt lat="23.22795814834535121917724609375" lon="113.242852203547954559326171875">
        <ele>-1.39999997615814208984375</ele>
        <time>2020-01-05T02:32:30.000Z</time>
        <extensions>
          <ns3:TrackPointExtension>
            <ns3:hr>171</ns3:hr>
            <ns3:cad>86</ns3:cad>
          </ns3:TrackPointExtension>
        </extensions>
      </trkpt>
      <trkpt lat="23.22814908809959888458251953125" lon="113.24281725101172924041748046875">
        <ele>-1.2000000476837158203125</ele>
        <time>2020-01-05T02:32:37.000Z</time>
        <extensions>
          <ns3:TrackPointExtension>
            <ns3:hr>172</ns3:hr>
            <ns3:cad>82</ns3:cad>
          </ns3:TrackPointExtension>
        </extensions>
      </trkpt>
      <trkpt lat="23.22833466343581676483154296875" lon="113.24276578612625598907470703125">
        <ele>-1.7999999523162841796875</ele>
        <time>2020-01-05T02:32:44.000Z</time>
        <extensions>
          <ns3:TrackPointExtension>
            <ns3:hr>172</ns3:hr>
            <ns3:cad>83</ns3:cad>
          </ns3:TrackPointExtension>
        </extensions>
      </trkpt>
      <trkpt lat="23.2285059057176113128662109375" lon="113.2426857389509677886962890625">
        <ele>-2</ele>
        <time>2020-01-05T02:32:50.000Z</time>
        <extensions>
          <ns3:TrackPointExtension>
            <ns3:hr>173</ns3:hr>
            <ns3:cad>80</ns3:cad>
          </ns3:TrackPointExtension>
        </extensions>
      </trkpt>
      <trkpt lat="23.228673376142978668212890625" lon="113.2425787858664989471435546875">
        <ele>-2</ele>
        <time>2020-01-05T02:32:57.000Z</time>
        <extensions>
          <ns3:TrackPointExtension>
            <ns3:hr>173</ns3:hr>
            <ns3:cad>83</ns3:cad>
          </ns3:TrackPointExtension>
        </extensions>
      </trkpt>
      <trkpt lat="23.2288224063813686370849609375" lon="113.24245749972760677337646484375">
        <ele>-1</ele>
        <time>2020-01-05T02:33:03.000Z</time>
        <extensions>
          <ns3:TrackPointExtension>
            <ns3:hr>172</ns3:hr>
            <ns3:cad>80</ns3:cad>
          </ns3:TrackPointExtension>
        </extensions>
      </trkpt>
      <trkpt lat="23.228981494903564453125" lon="113.24232188053429126739501953125">
        <ele>3.2000000476837158203125</ele>
        <time>2020-01-05T02:33:10.000Z</time>
        <extensions>
          <ns3:TrackPointExtension>
            <ns3:hr>173</ns3:hr>
            <ns3:cad>82</ns3:cad>
          </ns3:TrackPointExtension>
        </extensions>
      </trkpt>
      <trkpt lat="23.22916078381240367889404296875" lon="113.24221760965883731842041015625">
        <ele>4.80000019073486328125</ele>
        <time>2020-01-05T02:33:17.000Z</time>
        <extensions>
          <ns3:TrackPointExtension>
            <ns3:hr>172</ns3:hr>
            <ns3:cad>83</ns3:cad>
          </ns3:TrackPointExtension>
        </extensions>
      </trkpt>
      <trkpt lat="23.229351304471492767333984375" lon="113.24215457774698734283447265625">
        <ele>6</ele>
        <time>2020-01-05T02:33:24.000Z</time>
        <extensions>
          <ns3:TrackPointExtension>
            <ns3:hr>174</ns3:hr>
            <ns3:cad>82</ns3:cad>
          </ns3:TrackPointExtension>
        </extensions>
      </trkpt>
      <trkpt lat="23.2295352034270763397216796875" lon="113.242130689322948455810546875">
        <ele>6.80000019073486328125</ele>
        <time>2020-01-05T02:33:31.000Z</time>
        <extensions>
          <ns3:TrackPointExtension>
            <ns3:hr>174</ns3:hr>
            <ns3:cad>83</ns3:cad>
          </ns3:TrackPointExtension>
        </extensions>
      </trkpt>
      <trkpt lat="23.2297377102077007293701171875" lon="113.24212255887687206268310546875">
        <ele>6.19999980926513671875</ele>
        <time>2020-01-05T02:33:38.000Z</time>
        <extensions>
          <ns3:TrackPointExtension>
            <ns3:hr>176</ns3:hr>
            <ns3:cad>84</ns3:cad>
          </ns3:TrackPointExtension>
        </extensions>
      </trkpt>
      <trkpt lat="23.22991901077330112457275390625" lon="113.24214778840541839599609375">
        <ele>4</ele>
        <time>2020-01-05T02:33:45.000Z</time>
        <extensions>
          <ns3:TrackPointExtension>
            <ns3:hr>176</ns3:hr>
            <ns3:cad>84</ns3:cad>
          </ns3:TrackPointExtension>
        </extensions>
      </trkpt>
      <trkpt lat="23.23011162690818309783935546875" lon="113.2421288453042507171630859375">
        <ele>-1.2000000476837158203125</ele>
        <time>2020-01-05T02:33:55.000Z</time>
        <extensions>
          <ns3:TrackPointExtension>
            <ns3:hr>174</ns3:hr>
            <ns3:cad>81</ns3:cad>
          </ns3:TrackPointExtension>
        </extensions>
      </trkpt>
      <trkpt lat="23.23030122555792331695556640625" lon="113.24207645840942859649658203125">
        <ele>-6.400000095367431640625</ele>
        <time>2020-01-05T02:34:03.000Z</time>
        <extensions>
          <ns3:TrackPointExtension>
            <ns3:hr>173</ns3:hr>
            <ns3:cad>82</ns3:cad>
          </ns3:TrackPointExtension>
        </extensions>
      </trkpt>
      <trkpt lat="23.23047640733420848846435546875" lon="113.24199917726218700408935546875">
        <ele>-13.6000003814697265625</ele>
        <time>2020-01-05T02:34:11.000Z</time>
        <extensions>
          <ns3:TrackPointExtension>
            <ns3:hr>175</ns3:hr>
            <ns3:cad>82</ns3:cad>
          </ns3:TrackPointExtension>
        </extensions>
      </trkpt>
      <trkpt lat="23.23063708841800689697265625" lon="113.2418850995600223541259765625">
        <ele>-16.799999237060546875</ele>
        <time>2020-01-05T02:34:18.000Z</time>
        <extensions>
          <ns3:TrackPointExtension>
            <ns3:hr>175</ns3:hr>
            <ns3:cad>83</ns3:cad>
          </ns3:TrackPointExtension>
        </extensions>
      </trkpt>
      <trkpt lat="23.23077061213552951812744140625" lon="113.2417241670191287994384765625">
        <ele>-16.799999237060546875</ele>
        <time>2020-01-05T02:34:25.000Z</time>
        <extensions>
          <ns3:TrackPointExtension>
            <ns3:hr>174</ns3:hr>
            <ns3:cad>81</ns3:cad>
          </ns3:TrackPointExtension>
        </extensions>
      </trkpt>
      <trkpt lat="23.23085476644337177276611328125" lon="113.24152677319943904876708984375">
        <ele>-10.80000019073486328125</ele>
        <time>2020-01-05T02:34:31.000Z</time>
        <extensions>
          <ns3:TrackPointExtension>
            <ns3:hr>175</ns3:hr>
            <ns3:cad>81</ns3:cad>
          </ns3:TrackPointExtension>
        </extensions>
      </trkpt>
      <trkpt lat="23.23098937980830669403076171875" lon="113.241344131529331207275390625">
        <ele>-1.39999997615814208984375</ele>
        <time>2020-01-05T02:34:39.000Z</time>
        <extensions>
          <ns3:TrackPointExtension>
            <ns3:hr>176</ns3:hr>
            <ns3:cad>81</ns3:cad>
          </ns3:TrackPointExtension>
        </extensions>
      </trkpt>
      <trkpt lat="23.2310446165502071380615234375" lon="113.24114338494837284088134765625">
        <ele>3.7999999523162841796875</ele>
        <time>2020-01-05T02:34:47.000Z</time>
        <extensions>
          <ns3:TrackPointExtension>
            <ns3:hr>175</ns3:hr>
            <ns3:cad>85</ns3:cad>
          </ns3:TrackPointExtension>
        </extensions>
      </trkpt>
      <trkpt lat="23.23107051663100719451904296875" lon="113.2410046644508838653564453125">
        <ele>6</ele>
        <time>2020-01-05T02:34:52.000Z</time>
        <extensions>
          <ns3:TrackPointExtension>
            <ns3:hr>172</ns3:hr>
            <ns3:cad>83</ns3:cad>
          </ns3:TrackPointExtension>
        </extensions>
      </trkpt>
      <trkpt lat="23.23110756464302539825439453125" lon="113.24079436250030994415283203125">
        <ele>6</ele>
        <time>2020-01-05T02:34:59.000Z</time>
        <extensions>
          <ns3:TrackPointExtension>
            <ns3:hr>173</ns3:hr>
            <ns3:cad>85</ns3:cad>
          </ns3:TrackPointExtension>
        </extensions>
      </trkpt>
      <trkpt lat="23.231187947094440460205078125" lon="113.24061314575374126434326171875">
        <ele>6</ele>
        <time>2020-01-05T02:35:06.000Z</time>
        <extensions>
          <ns3:TrackPointExtension>
            <ns3:hr>175</ns3:hr>
            <ns3:cad>84</ns3:cad>
          </ns3:TrackPointExtension>
        </extensions>
      </trkpt>
      <trkpt lat="23.2313131727278232574462890625" lon="113.24044416658580303192138671875">
        <ele>4.80000019073486328125</ele>
        <time>2020-01-05T02:35:13.000Z</time>
        <extensions>
          <ns3:TrackPointExtension>
            <ns3:hr>177</ns3:hr>
            <ns3:cad>85</ns3:cad>
          </ns3:TrackPointExtension>
        </extensions>
      </trkpt>
      <trkpt lat="23.23143579997122287750244140625" lon="113.240300081670284271240234375">
        <ele>3.2000000476837158203125</ele>
        <time>2020-01-05T02:35:20.000Z</time>
        <extensions>
          <ns3:TrackPointExtension>
            <ns3:hr>178</ns3:hr>
            <ns3:cad>86</ns3:cad>
          </ns3:TrackPointExtension>
        </extensions>
      </trkpt>
      <trkpt lat="23.23156639002263545989990234375" lon="113.240151889622211456298828125">
        <ele>1.60000002384185791015625</ele>
        <time>2020-01-05T02:35:27.000Z</time>
        <extensions>
          <ns3:TrackPointExtension>
            <ns3:hr>176</ns3:hr>
            <ns3:cad>84</ns3:cad>
          </ns3:TrackPointExtension>
        </extensions>
      </trkpt>
      <trkpt lat="23.23173888958990573883056640625" lon="113.24002624489367008209228515625">
        <ele>1.7999999523162841796875</ele>
        <time>2020-01-05T02:35:34.000Z</time>
        <extensions>
          <ns3:TrackPointExtension>
            <ns3:hr>178</ns3:hr>
            <ns3:cad>83</ns3:cad>
          </ns3:TrackPointExtension>
        </extensions>
      </trkpt>
      <trkpt lat="23.23188473470509052276611328125" lon="113.23989850468933582305908203125">
        <ele>2.2000000476837158203125</ele>
        <time>2020-01-05T02:35:41.000Z</time>
        <extensions>
          <ns3:TrackPointExtension>
            <ns3:hr>179</ns3:hr>
            <ns3:cad>85</ns3:cad>
          </ns3:TrackPointExtension>
        </extensions>
      </trkpt>
      <trkpt lat="23.23201264254748821258544921875" lon="113.2397433556616306304931640625">
        <ele>3</ele>
        <time>2020-01-05T02:35:48.000Z</time>
        <extensions>
          <ns3:TrackPointExtension>
            <ns3:hr>177</ns3:hr>
            <ns3:cad>83</ns3:cad>
          </ns3:TrackPointExtension>
        </extensions>
      </trkpt>
      <trkpt lat="23.23213753290474414825439453125" lon="113.23957898654043674468994140625">
        <ele>3.400000095367431640625</ele>
        <time>2020-01-05T02:35:56.000Z</time>
        <extensions>
          <ns3:TrackPointExtension>
            <ns3:hr>176</ns3:hr>
            <ns3:cad>84</ns3:cad>
          </ns3:TrackPointExtension>
        </extensions>
      </trkpt>
      <trkpt lat="23.2322589866816997528076171875" lon="113.239431716501712799072265625">
        <ele>3.2000000476837158203125</ele>
        <time>2020-01-05T02:36:03.000Z</time>
        <extensions>
          <ns3:TrackPointExtension>
            <ns3:hr>175</ns3:hr>
            <ns3:cad>84</ns3:cad>
          </ns3:TrackPointExtension>
        </extensions>
      </trkpt>
      <trkpt lat="23.23239259421825408935546875" lon="113.23927086777985095977783203125">
        <ele>2.400000095367431640625</ele>
        <time>2020-01-05T02:36:11.000Z</time>
        <extensions>
          <ns3:TrackPointExtension>
            <ns3:hr>177</ns3:hr>
            <ns3:cad>85</ns3:cad>
          </ns3:TrackPointExtension>
        </extensions>
      </trkpt>
      <trkpt lat="23.23252611793577671051025390625" lon="113.2391234301030635833740234375">
        <ele>1.2000000476837158203125</ele>
        <time>2020-01-05T02:36:21.000Z</time>
        <extensions>
          <ns3:TrackPointExtension>
            <ns3:hr>176</ns3:hr>
            <ns3:cad>82</ns3:cad>
          </ns3:TrackPointExtension>
        </extensions>
      </trkpt>
      <trkpt lat="23.23265813291072845458984375" lon="113.23897079564630985260009765625">
        <ele>0.60000002384185791015625</ele>
        <time>2020-01-05T02:36:29.000Z</time>
        <extensions>
          <ns3:TrackPointExtension>
            <ns3:hr>175</ns3:hr>
            <ns3:cad>84</ns3:cad>
          </ns3:TrackPointExtension>
        </extensions>
      </trkpt>
      <trkpt lat="23.23279484175145626068115234375" lon="113.2388112880289554595947265625">
        <ele>0.4000000059604644775390625</ele>
        <time>2020-01-05T02:36:37.000Z</time>
        <extensions>
          <ns3:TrackPointExtension>
            <ns3:hr>176</ns3:hr>
            <ns3:cad>84</ns3:cad>
          </ns3:TrackPointExtension>
        </extensions>
      </trkpt>
      <trkpt lat="23.23290430940687656402587890625" lon="113.23870458640158176422119140625">
        <ele>-0.800000011920928955078125</ele>
        <time>2020-01-05T02:36:43.000Z</time>
        <extensions>
          <ns3:TrackPointExtension>
            <ns3:hr>180</ns3:hr>
            <ns3:cad>84</ns3:cad>
          </ns3:TrackPointExtension>
        </extensions>
      </trkpt>
      <trkpt lat="23.23291696608066558837890625" lon="113.23868346400558948516845703125">
        <ele>-0.800000011920928955078125</ele>
        <time>2020-01-05T02:36:44.000Z</time>
        <extensions>
          <ns3:TrackPointExtension>
            <ns3:hr>187</ns3:hr>
            <ns3:cad>84</ns3:cad>
          </ns3:TrackPointExtension>
        </extensions>
      </trkpt>
      <trkpt lat="23.2329355739057064056396484375" lon="113.2386641018092632293701171875">
        <ele>-0.800000011920928955078125</ele>
        <time>2020-01-05T02:36:45.000Z</time>
        <extensions>
          <ns3:TrackPointExtension>
            <ns3:hr>187</ns3:hr>
            <ns3:cad>84</ns3:cad>
          </ns3:TrackPointExtension>
        </extensions>
      </trkpt>
      <trkpt lat="23.23308099992573261260986328125" lon="113.23852588422596454620361328125">
        <ele>-1</ele>
        <time>2020-01-05T02:36:53.000Z</time>
        <extensions>
          <ns3:TrackPointExtension>
            <ns3:hr>187</ns3:hr>
            <ns3:cad>83</ns3:cad>
          </ns3:TrackPointExtension>
        </extensions>
      </trkpt>
      <trkpt lat="23.23310111649334430694580078125" lon="113.23851230554282665252685546875">
        <ele>-1.2000000476837158203125</ele>
        <time>2020-01-05T02:36:54.000Z</time>
        <extensions>
          <ns3:TrackPointExtension>
            <ns3:hr>190</ns3:hr>
            <ns3:cad>84</ns3:cad>
          </ns3:TrackPointExtension>
        </extensions>
      </trkpt>
      <trkpt lat="23.233258612453937530517578125" lon="113.23839143849909305572509765625">
        <ele>-1</ele>
        <time>2020-01-05T02:37:01.000Z</time>
        <extensions>
          <ns3:TrackPointExtension>
            <ns3:hr>189</ns3:hr>
            <ns3:cad>84</ns3:cad>
          </ns3:TrackPointExtension>
        </extensions>
      </trkpt>
      <trkpt lat="23.23342650197446346282958984375" lon="113.23826990090310573577880859375">
        <ele>0.800000011920928955078125</ele>
        <time>2020-01-05T02:37:09.000Z</time>
        <extensions>
          <ns3:TrackPointExtension>
            <ns3:hr>190</ns3:hr>
            <ns3:cad>84</ns3:cad>
          </ns3:TrackPointExtension>
        </extensions>
      </trkpt>
      <trkpt lat="23.23351618833839893341064453125" lon="113.23820921592414379119873046875">
        <ele>2.400000095367431640625</ele>
        <time>2020-01-05T02:37:13.000Z</time>
        <extensions>
          <ns3:TrackPointExtension>
            <ns3:hr>189</ns3:hr>
            <ns3:cad>84</ns3:cad>
          </ns3:TrackPointExtension>
        </extensions>
      </trkpt>
      <trkpt lat="23.2336470298469066619873046875" lon="113.23812539689242839813232421875">
        <ele>3.400000095367431640625</ele>
        <time>2020-01-05T02:37:19.000Z</time>
        <extensions>
          <ns3:TrackPointExtension>
            <ns3:hr>192</ns3:hr>
            <ns3:cad>84</ns3:cad>
          </ns3:TrackPointExtension>
        </extensions>
      </trkpt>
      <trkpt lat="23.23381642811000347137451171875" lon="113.23804392479360103607177734375">
        <ele>2</ele>
        <time>2020-01-05T02:37:27.000Z</time>
        <extensions>
          <ns3:TrackPointExtension>
            <ns3:hr>190</ns3:hr>
            <ns3:cad>83</ns3:cad>
          </ns3:TrackPointExtension>
        </extensions>
      </trkpt>
      <trkpt lat="23.233919106423854827880859375" lon="113.23798826895654201507568359375">
        <ele>1.2000000476837158203125</ele>
        <time>2020-01-05T02:37:33.000Z</time>
        <extensions>
          <ns3:TrackPointExtension>
            <ns3:hr>187</ns3:hr>
            <ns3:cad>80</ns3:cad>
          </ns3:TrackPointExtension>
        </extensions>
      </trkpt>
      <trkpt lat="23.2340879179537296295166015625" lon="113.23790931142866611480712890625">
        <ele>-1</ele>
        <time>2020-01-05T02:37:42.000Z</time>
        <extensions>
          <ns3:TrackPointExtension>
            <ns3:hr>188</ns3:hr>
            <ns3:cad>82</ns3:cad>
          </ns3:TrackPointExtension>
        </extensions>
      </trkpt>
      <trkpt lat="23.23425798676908016204833984375" lon="113.2378393225371837615966796875">
        <ele>-2</ele>
        <time>2020-01-05T02:37:50.000Z</time>
        <extensions>
          <ns3:TrackPointExtension>
            <ns3:hr>186</ns3:hr>
            <ns3:cad>81</ns3:cad>
          </ns3:TrackPointExtension>
        </extensions>
      </trkpt>
      <trkpt lat="23.2344396226108074188232421875" lon="113.23776639997959136962890625">
        <ele>-3</ele>
        <time>2020-01-05T02:37:58.000Z</time>
        <extensions>
          <ns3:TrackPointExtension>
            <ns3:hr>185</ns3:hr>
            <ns3:cad>83</ns3:cad>
          </ns3:TrackPointExtension>
        </extensions>
      </trkpt>
      <trkpt lat="23.2346092723309993743896484375" lon="113.23766849935054779052734375">
        <ele>-3.2000000476837158203125</ele>
        <time>2020-01-05T02:38:07.000Z</time>
        <extensions>
          <ns3:TrackPointExtension>
            <ns3:hr>185</ns3:hr>
            <ns3:cad>82</ns3:cad>
          </ns3:TrackPointExtension>
        </extensions>
      </trkpt>
      <trkpt lat="23.23478638194501399993896484375" lon="113.237564563751220703125">
        <ele>-2.400000095367431640625</ele>
        <time>2020-01-05T02:38:16.000Z</time>
        <extensions>
          <ns3:TrackPointExtension>
            <ns3:hr>186</ns3:hr>
            <ns3:cad>82</ns3:cad>
          </ns3:TrackPointExtension>
        </extensions>
      </trkpt>
      <trkpt lat="23.2349324785172939300537109375" lon="113.2374276034533977508544921875">
        <ele>0</ele>
        <time>2020-01-05T02:38:25.000Z</time>
        <extensions>
          <ns3:TrackPointExtension>
            <ns3:hr>185</ns3:hr>
            <ns3:cad>83</ns3:cad>
          </ns3:TrackPointExtension>
        </extensions>
      </trkpt>
      <trkpt lat="23.23506767861545085906982421875" lon="113.2372723706066608428955078125">
        <ele>2.599999904632568359375</ele>
        <time>2020-01-05T02:38:33.000Z</time>
        <extensions>
          <ns3:TrackPointExtension>
            <ns3:hr>186</ns3:hr>
            <ns3:cad>84</ns3:cad>
          </ns3:TrackPointExtension>
        </extensions>
      </trkpt>
      <trkpt lat="23.23519189842045307159423828125" lon="113.23711328208446502685546875">
        <ele>5</ele>
        <time>2020-01-05T02:38:40.000Z</time>
        <extensions>
          <ns3:TrackPointExtension>
            <ns3:hr>185</ns3:hr>
            <ns3:cad>85</ns3:cad>
          </ns3:TrackPointExtension>
        </extensions>
      </trkpt>
      <trkpt lat="23.23530639521777629852294921875" lon="113.236927874386310577392578125">
        <ele>5.80000019073486328125</ele>
        <time>2020-01-05T02:38:47.000Z</time>
        <extensions>
          <ns3:TrackPointExtension>
            <ns3:hr>184</ns3:hr>
            <ns3:cad>84</ns3:cad>
          </ns3:TrackPointExtension>
        </extensions>
      </trkpt>
      <trkpt lat="23.23533774353563785552978515625" lon="113.236878253519535064697265625">
        <ele>5.599999904632568359375</ele>
        <time>2020-01-05T02:38:49.000Z</time>
        <extensions>
          <ns3:TrackPointExtension>
            <ns3:hr>187</ns3:hr>
            <ns3:cad>84</ns3:cad>
          </ns3:TrackPointExtension>
        </extensions>
      </trkpt>
      <trkpt lat="23.235414437949657440185546875" lon="113.23667365126311779022216796875">
        <ele>5.19999980926513671875</ele>
        <time>2020-01-05T02:38:57.000Z</time>
        <extensions>
          <ns3:TrackPointExtension>
            <ns3:hr>187</ns3:hr>
            <ns3:cad>83</ns3:cad>
          </ns3:TrackPointExtension>
        </extensions>
      </trkpt>
      <trkpt lat="23.23549884371459484100341796875" lon="113.2364717312157154083251953125">
        <ele>5.400000095367431640625</ele>
        <time>2020-01-05T02:39:05.000Z</time>
        <extensions>
          <ns3:TrackPointExtension>
            <ns3:hr>186</ns3:hr>
            <ns3:cad>84</ns3:cad>
          </ns3:TrackPointExtension>
        </extensions>
      </trkpt>
      <trkpt lat="23.23553941212594509124755859375" lon="113.23632295243442058563232421875">
        <ele>5.400000095367431640625</ele>
        <time>2020-01-05T02:39:11.000Z</time>
        <extensions>
          <ns3:TrackPointExtension>
            <ns3:hr>189</ns3:hr>
            <ns3:cad>84</ns3:cad>
          </ns3:TrackPointExtension>
        </extensions>
      </trkpt>
      <trkpt lat="23.23559355922043323516845703125" lon="113.2361106388270854949951171875">
        <ele>5</ele>
        <time>2020-01-05T02:39:19.000Z</time>
        <extensions>
          <ns3:TrackPointExtension>
            <ns3:hr>188</ns3:hr>
            <ns3:cad>84</ns3:cad>
          </ns3:TrackPointExtension>
        </extensions>
      </trkpt>
      <trkpt lat="23.23564083315432071685791015625" lon="113.2359104789793491363525390625">
        <ele>4.19999980926513671875</ele>
        <time>2020-01-05T02:39:26.000Z</time>
        <extensions>
          <ns3:TrackPointExtension>
            <ns3:hr>188</ns3:hr>
            <ns3:cad>85</ns3:cad>
          </ns3:TrackPointExtension>
        </extensions>
      </trkpt>
      <trkpt lat="23.23566882871091365814208984375" lon="113.23569841682910919189453125">
        <ele>2.400000095367431640625</ele>
        <time>2020-01-05T02:39:34.000Z</time>
        <extensions>
          <ns3:TrackPointExtension>
            <ns3:hr>187</ns3:hr>
            <ns3:cad>81</ns3:cad>
          </ns3:TrackPointExtension>
        </extensions>
      </trkpt>
      <trkpt lat="23.2356761209666728973388671875" lon="113.235481493175029754638671875">
        <ele>-1.60000002384185791015625</ele>
        <time>2020-01-05T02:39:42.000Z</time>
        <extensions>
          <ns3:TrackPointExtension>
            <ns3:hr>187</ns3:hr>
            <ns3:cad>82</ns3:cad>
          </ns3:TrackPointExtension>
        </extensions>
      </trkpt>
      <trkpt lat="23.235657848417758941650390625" lon="113.23531620204448699951171875">
        <ele>-3.400000095367431640625</ele>
        <time>2020-01-05T02:39:48.000Z</time>
        <extensions>
          <ns3:TrackPointExtension>
            <ns3:hr>190</ns3:hr>
            <ns3:cad>85</ns3:cad>
          </ns3:TrackPointExtension>
        </extensions>
      </trkpt>
      <trkpt lat="23.23563940823078155517578125" lon="113.23510087095201015472412109375">
        <ele>-4.599999904632568359375</ele>
        <time>2020-01-05T02:39:56.000Z</time>
        <extensions>
          <ns3:TrackPointExtension>
            <ns3:hr>189</ns3:hr>
            <ns3:cad>84</ns3:cad>
          </ns3:TrackPointExtension>
        </extensions>
      </trkpt>
      <trkpt lat="23.2356239855289459228515625" lon="113.23488973081111907958984375">
        <ele>-3.7999999523162841796875</ele>
        <time>2020-01-05T02:40:04.000Z</time>
        <extensions>
          <ns3:TrackPointExtension>
            <ns3:hr>189</ns3:hr>
            <ns3:cad>84</ns3:cad>
          </ns3:TrackPointExtension>
        </extensions>
      </trkpt>
      <trkpt lat="23.2356174476444721221923828125" lon="113.23467674665153026580810546875">
        <ele>-0.4000000059604644775390625</ele>
        <time>2020-01-05T02:40:12.000Z</time>
        <extensions>
          <ns3:TrackPointExtension>
            <ns3:hr>188</ns3:hr>
            <ns3:cad>83</ns3:cad>
          </ns3:TrackPointExtension>
        </extensions>
      </trkpt>
      <trkpt lat="23.23561728000640869140625" lon="113.23451153934001922607421875">
        <ele>0</ele>
        <time>2020-01-05T02:40:18.000Z</time>
        <extensions>
          <ns3:TrackPointExtension>
            <ns3:hr>191</ns3:hr>
            <ns3:cad>84</ns3:cad>
          </ns3:TrackPointExtension>
        </extensions>
      </trkpt>
      <trkpt lat="23.2356265000998973846435546875" lon="113.23429402895271778106689453125">
        <ele>0.800000011920928955078125</ele>
        <time>2020-01-05T02:40:26.000Z</time>
        <extensions>
          <ns3:TrackPointExtension>
            <ns3:hr>189</ns3:hr>
            <ns3:cad>83</ns3:cad>
          </ns3:TrackPointExtension>
        </extensions>
      </trkpt>
      <trkpt lat="23.23563127778470516204833984375" lon="113.234159834682941436767578125">
        <ele>0.60000002384185791015625</ele>
        <time>2020-01-05T02:40:31.000Z</time>
        <extensions>
          <ns3:TrackPointExtension>
            <ns3:hr>186</ns3:hr>
            <ns3:cad>84</ns3:cad>
          </ns3:TrackPointExtension>
        </extensions>
      </trkpt>
      <trkpt lat="23.23559490032494068145751953125" lon="113.23396042920649051666259765625">
        <ele>0.4000000059604644775390625</ele>
        <time>2020-01-05T02:40:39.000Z</time>
        <extensions>
          <ns3:TrackPointExtension>
            <ns3:hr>188</ns3:hr>
            <ns3:cad>84</ns3:cad>
          </ns3:TrackPointExtension>
        </extensions>
      </trkpt>
      <trkpt lat="23.2355259172618389129638671875" lon="113.233764879405498504638671875">
        <ele>0.4000000059604644775390625</ele>
        <time>2020-01-05T02:40:47.000Z</time>
        <extensions>
          <ns3:TrackPointExtension>
            <ns3:hr>189</ns3:hr>
            <ns3:cad>84</ns3:cad>
          </ns3:TrackPointExtension>
        </extensions>
      </trkpt>
      <trkpt lat="23.23543832637369632720947265625" lon="113.23356195352971553802490234375">
        <ele>0.800000011920928955078125</ele>
        <time>2020-01-05T02:40:55.000Z</time>
        <extensions>
          <ns3:TrackPointExtension>
            <ns3:hr>187</ns3:hr>
            <ns3:cad>84</ns3:cad>
          </ns3:TrackPointExtension>
        </extensions>
      </trkpt>
      <trkpt lat="23.2353737019002437591552734375" lon="113.23342951945960521697998046875">
        <ele>2.2000000476837158203125</ele>
        <time>2020-01-05T02:41:01.000Z</time>
        <extensions>
          <ns3:TrackPointExtension>
            <ns3:hr>190</ns3:hr>
            <ns3:cad>83</ns3:cad>
          </ns3:TrackPointExtension>
        </extensions>
      </trkpt>
      <trkpt lat="23.23532081209123134613037109375" lon="113.2332866080105304718017578125">
        <ele>3.7999999523162841796875</ele>
        <time>2020-01-05T02:41:07.000Z</time>
        <extensions>
          <ns3:TrackPointExtension>
            <ns3:hr>187</ns3:hr>
            <ns3:cad>83</ns3:cad>
          </ns3:TrackPointExtension>
        </extensions>
      </trkpt>
      <trkpt lat="23.2353089936077594757080078125" lon="113.23323975317180156707763671875">
        <ele>4</ele>
        <time>2020-01-05T02:41:09.000Z</time>
        <extensions>
          <ns3:TrackPointExtension>
            <ns3:hr>190</ns3:hr>
            <ns3:cad>83</ns3:cad>
          </ns3:TrackPointExtension>
        </extensions>
      </trkpt>
      <trkpt lat="23.235242776572704315185546875" lon="113.23302735574543476104736328125">
        <ele>4.80000019073486328125</ele>
        <time>2020-01-05T02:41:17.000Z</time>
        <extensions>
          <ns3:TrackPointExtension>
            <ns3:hr>188</ns3:hr>
            <ns3:cad>84</ns3:cad>
          </ns3:TrackPointExtension>
        </extensions>
      </trkpt>
      <trkpt lat="23.23521184735000133514404296875" lon="113.2328195683658123016357421875">
        <ele>3.7999999523162841796875</ele>
        <time>2020-01-05T02:41:25.000Z</time>
        <extensions>
          <ns3:TrackPointExtension>
            <ns3:hr>190</ns3:hr>
            <ns3:cad>84</ns3:cad>
          </ns3:TrackPointExtension>
        </extensions>
      </trkpt>
      <trkpt lat="23.2352107577025890350341796875" lon="113.2326091825962066650390625">
        <ele>2.599999904632568359375</ele>
        <time>2020-01-05T02:41:33.000Z</time>
        <extensions>
          <ns3:TrackPointExtension>
            <ns3:hr>189</ns3:hr>
            <ns3:cad>84</ns3:cad>
          </ns3:TrackPointExtension>
        </extensions>
      </trkpt>
      <trkpt lat="23.23523716069757938385009765625" lon="113.23240977711975574493408203125">
        <ele>2</ele>
        <time>2020-01-05T02:41:41.000Z</time>
        <extensions>
          <ns3:TrackPointExtension>
            <ns3:hr>188</ns3:hr>
            <ns3:cad>84</ns3:cad>
          </ns3:TrackPointExtension>
        </extensions>
      </trkpt>
      <trkpt lat="23.23528728447854518890380859375" lon="113.23223358951508998870849609375">
        <ele>2.599999904632568359375</ele>
        <time>2020-01-05T02:41:48.000Z</time>
        <extensions>
          <ns3:TrackPointExtension>
            <ns3:hr>191</ns3:hr>
            <ns3:cad>84</ns3:cad>
          </ns3:TrackPointExtension>
        </extensions>
      </trkpt>
      <trkpt lat="23.235297091305255889892578125" lon="113.23215731419622898101806640625">
        <ele>3</ele>
        <time>2020-01-05T02:41:51.000Z</time>
        <extensions>
          <ns3:TrackPointExtension>
            <ns3:hr>187</ns3:hr>
            <ns3:cad>84</ns3:cad>
          </ns3:TrackPointExtension>
        </extensions>
      </trkpt>
      <trkpt lat="23.2353222370147705078125" lon="113.2319917716085910797119140625">
        <ele>2.400000095367431640625</ele>
        <time>2020-01-05T02:41:57.000Z</time>
        <extensions>
          <ns3:TrackPointExtension>
            <ns3:hr>190</ns3:hr>
            <ns3:cad>84</ns3:cad>
          </ns3:TrackPointExtension>
        </extensions>
      </trkpt>
      <trkpt lat="23.2353230752050876617431640625" lon="113.23193435557186603546142578125">
        <ele>2</ele>
        <time>2020-01-05T02:41:59.000Z</time>
        <extensions>
          <ns3:TrackPointExtension>
            <ns3:hr>187</ns3:hr>
            <ns3:cad>84</ns3:cad>
          </ns3:TrackPointExtension>
        </extensions>
      </trkpt>
      <trkpt lat="23.23532265610992908477783203125" lon="113.23184634558856487274169921875">
        <ele>1.39999997615814208984375</ele>
        <time>2020-01-05T02:42:02.000Z</time>
        <extensions>
          <ns3:TrackPointExtension>
            <ns3:hr>190</ns3:hr>
            <ns3:cad>84</ns3:cad>
          </ns3:TrackPointExtension>
        </extensions>
      </trkpt>
      <trkpt lat="23.2353321276605129241943359375" lon="113.2317906059324741363525390625">
        <ele>1</ele>
        <time>2020-01-05T02:42:04.000Z</time>
        <extensions>
          <ns3:TrackPointExtension>
            <ns3:hr>187</ns3:hr>
            <ns3:cad>84</ns3:cad>
          </ns3:TrackPointExtension>
        </extensions>
      </trkpt>
      <trkpt lat="23.23531712405383586883544921875" lon="113.23159321211278438568115234375">
        <ele>0</ele>
        <time>2020-01-05T02:42:11.000Z</time>
        <extensions>
          <ns3:TrackPointExtension>
            <ns3:hr>189</ns3:hr>
            <ns3:cad>83</ns3:cad>
          </ns3:TrackPointExtension>
        </extensions>
      </trkpt>
      <trkpt lat="23.23532081209123134613037109375" lon="113.231388442218303680419921875">
        <ele>1</ele>
        <time>2020-01-05T02:42:20.000Z</time>
        <extensions>
          <ns3:TrackPointExtension>
            <ns3:hr>191</ns3:hr>
            <ns3:cad>84</ns3:cad>
          </ns3:TrackPointExtension>
        </extensions>
      </trkpt>
      <trkpt lat="23.23528225533664226531982421875" lon="113.23118383996188640594482421875">
        <ele>1.60000002384185791015625</ele>
        <time>2020-01-05T02:42:27.000Z</time>
        <extensions>
          <ns3:TrackPointExtension>
            <ns3:hr>192</ns3:hr>
            <ns3:cad>84</ns3:cad>
          </ns3:TrackPointExtension>
        </extensions>
      </trkpt>
      <trkpt lat="23.23526867665350437164306640625" lon="113.2309757173061370849609375">
        <ele>1.2000000476837158203125</ele>
        <time>2020-01-05T02:42:35.000Z</time>
        <extensions>
          <ns3:TrackPointExtension>
            <ns3:hr>192</ns3:hr>
            <ns3:cad>83</ns3:cad>
          </ns3:TrackPointExtension>
        </extensions>
      </trkpt>
      <trkpt lat="23.2352898828685283660888671875" lon="113.2307777367532253265380859375">
        <ele>0.4000000059604644775390625</ele>
        <time>2020-01-05T02:42:42.000Z</time>
        <extensions>
          <ns3:TrackPointExtension>
            <ns3:hr>191</ns3:hr>
            <ns3:cad>83</ns3:cad>
          </ns3:TrackPointExtension>
        </extensions>
      </trkpt>
      <trkpt lat="23.23530823923647403717041015625" lon="113.23058319278061389923095703125">
        <ele>0.4000000059604644775390625</ele>
        <time>2020-01-05T02:42:49.000Z</time>
        <extensions>
          <ns3:TrackPointExtension>
            <ns3:hr>191</ns3:hr>
            <ns3:cad>84</ns3:cad>
          </ns3:TrackPointExtension>
        </extensions>
      </trkpt>
      <trkpt lat="23.2353222370147705078125" lon="113.230419158935546875">
        <ele>-0.60000002384185791015625</ele>
        <time>2020-01-05T02:42:55.000Z</time>
        <extensions>
          <ns3:TrackPointExtension>
            <ns3:hr>194</ns3:hr>
            <ns3:cad>84</ns3:cad>
          </ns3:TrackPointExtension>
        </extensions>
      </trkpt>
      <trkpt lat="23.2352959178388118743896484375" lon="113.23021975345909595489501953125">
        <ele>-1</ele>
        <time>2020-01-05T02:43:02.000Z</time>
        <extensions>
          <ns3:TrackPointExtension>
            <ns3:hr>192</ns3:hr>
            <ns3:cad>85</ns3:cad>
          </ns3:TrackPointExtension>
        </extensions>
      </trkpt>
      <trkpt lat="23.23524512350559234619140625" lon="113.23004205711185932159423828125">
        <ele>-1</ele>
        <time>2020-01-05T02:43:09.000Z</time>
        <extensions>
          <ns3:TrackPointExtension>
            <ns3:hr>189</ns3:hr>
            <ns3:cad>84</ns3:cad>
          </ns3:TrackPointExtension>
        </extensions>
      </trkpt>
      <trkpt lat="23.23523565195500850677490234375" lon="113.23002043180167675018310546875">
        <ele>-1</ele>
        <time>2020-01-05T02:43:10.000Z</time>
        <extensions>
          <ns3:TrackPointExtension>
            <ns3:hr>193</ns3:hr>
            <ns3:cad>84</ns3:cad>
          </ns3:TrackPointExtension>
        </extensions>
      </trkpt>
      <trkpt lat="23.2351398468017578125" lon="113.22982169687747955322265625">
        <ele>-1.39999997615814208984375</ele>
        <time>2020-01-05T02:43:18.000Z</time>
        <extensions>
          <ns3:TrackPointExtension>
            <ns3:hr>192</ns3:hr>
            <ns3:cad>83</ns3:cad>
          </ns3:TrackPointExtension>
        </extensions>
      </trkpt>
      <trkpt lat="23.235111348330974578857421875" lon="113.22976293973624706268310546875">
        <ele>-1.39999997615814208984375</ele>
        <time>2020-01-05T02:43:20.000Z</time>
        <extensions>
          <ns3:TrackPointExtension>
            <ns3:hr>190</ns3:hr>
            <ns3:cad>83</ns3:cad>
          </ns3:TrackPointExtension>
        </extensions>
      </trkpt>
      <trkpt lat="23.235092572867870330810546875" lon="113.2297363691031932830810546875">
        <ele>-1.60000002384185791015625</ele>
        <time>2020-01-05T02:43:21.000Z</time>
        <extensions>
          <ns3:TrackPointExtension>
            <ns3:hr>187</ns3:hr>
            <ns3:cad>83</ns3:cad>
          </ns3:TrackPointExtension>
        </extensions>
      </trkpt>
      <trkpt lat="23.23492367751896381378173828125" lon="113.22963771410286426544189453125">
        <ele>-3</ele>
        <time>2020-01-05T02:43:28.000Z</time>
        <extensions>
          <ns3:TrackPointExtension>
            <ns3:hr>190</ns3:hr>
            <ns3:cad>83</ns3:cad>
          </ns3:TrackPointExtension>
        </extensions>
      </trkpt>
      <trkpt lat="23.23472787626087665557861328125" lon="113.22960100136697292327880859375">
        <ele>-2.2000000476837158203125</ele>
        <time>2020-01-05T02:43:36.000Z</time>
        <extensions>
          <ns3:TrackPointExtension>
            <ns3:hr>192</ns3:hr>
            <ns3:cad>83</ns3:cad>
          </ns3:TrackPointExtension>
        </extensions>
      </trkpt>
      <trkpt lat="23.23455353267490863800048828125" lon="113.2296532206237316131591796875">
        <ele>-1.60000002384185791015625</ele>
        <time>2020-01-05T02:43:43.000Z</time>
        <extensions>
          <ns3:TrackPointExtension>
            <ns3:hr>191</ns3:hr>
            <ns3:cad>83</ns3:cad>
          </ns3:TrackPointExtension>
        </extensions>
      </trkpt>
      <trkpt lat="23.23438388295471668243408203125" lon="113.22974869050085544586181640625">
        <ele>-1</ele>
        <time>2020-01-05T02:43:51.000Z</time>
        <extensions>
          <ns3:TrackPointExtension>
            <ns3:hr>193</ns3:hr>
            <ns3:cad>83</ns3:cad>
          </ns3:TrackPointExtension>
        </extensions>
      </trkpt>
      <trkpt lat="23.2342055998742580413818359375" lon="113.229850865900516510009765625">
        <ele>0.60000002384185791015625</ele>
        <time>2020-01-05T02:44:00.000Z</time>
        <extensions>
          <ns3:TrackPointExtension>
            <ns3:hr>192</ns3:hr>
            <ns3:cad>83</ns3:cad>
          </ns3:TrackPointExtension>
        </extensions>
      </trkpt>
      <trkpt lat="23.23402941226959228515625" lon="113.22994315065443515777587890625">
        <ele>2.599999904632568359375</ele>
        <time>2020-01-05T02:44:08.000Z</time>
        <extensions>
          <ns3:TrackPointExtension>
            <ns3:hr>192</ns3:hr>
            <ns3:cad>84</ns3:cad>
          </ns3:TrackPointExtension>
        </extensions>
      </trkpt>
      <trkpt lat="23.233853392302989959716796875" lon="113.230021186172962188720703125">
        <ele>4.19999980926513671875</ele>
        <time>2020-01-05T02:44:16.000Z</time>
        <extensions>
          <ns3:TrackPointExtension>
            <ns3:hr>191</ns3:hr>
            <ns3:cad>84</ns3:cad>
          </ns3:TrackPointExtension>
        </extensions>
      </trkpt>
      <trkpt lat="23.2336785458028316497802734375" lon="113.23012134991586208343505859375">
        <ele>4.80000019073486328125</ele>
        <time>2020-01-05T02:44:23.000Z</time>
        <extensions>
          <ns3:TrackPointExtension>
            <ns3:hr>192</ns3:hr>
            <ns3:cad>84</ns3:cad>
          </ns3:TrackPointExtension>
        </extensions>
      </trkpt>
      <trkpt lat="23.23350302875041961669921875" lon="113.23021187447011470794677734375">
        <ele>4.599999904632568359375</ele>
        <time>2020-01-05T02:44:30.000Z</time>
        <extensions>
          <ns3:TrackPointExtension>
            <ns3:hr>192</ns3:hr>
            <ns3:cad>83</ns3:cad>
          </ns3:TrackPointExtension>
        </extensions>
      </trkpt>
      <trkpt lat="23.23344376869499683380126953125" lon="113.2302582263946533203125">
        <ele>3.400000095367431640625</ele>
        <time>2020-01-05T02:44:33.000Z</time>
        <extensions>
          <ns3:TrackPointExtension>
            <ns3:hr>191</ns3:hr>
            <ns3:cad>83</ns3:cad>
          </ns3:TrackPointExtension>
        </extensions>
      </trkpt>
      <trkpt lat="23.233287446200847625732421875" lon="113.2303883135318756103515625">
        <ele>1.60000002384185791015625</ele>
        <time>2020-01-05T02:44:40.000Z</time>
        <extensions>
          <ns3:TrackPointExtension>
            <ns3:hr>193</ns3:hr>
            <ns3:cad>83</ns3:cad>
          </ns3:TrackPointExtension>
        </extensions>
      </trkpt>
      <trkpt lat="23.23321997188031673431396484375" lon="113.23045578785240650177001953125">
        <ele>1.2000000476837158203125</ele>
        <time>2020-01-05T02:44:44.000Z</time>
        <extensions>
          <ns3:TrackPointExtension>
            <ns3:hr>194</ns3:hr>
            <ns3:cad>83</ns3:cad>
          </ns3:TrackPointExtension>
        </extensions>
      </trkpt>
      <trkpt lat="23.2331736199557781219482421875" lon="113.230485208332538604736328125">
        <ele>1</ele>
        <time>2020-01-05T02:44:46.000Z</time>
        <extensions>
          <ns3:TrackPointExtension>
            <ns3:hr>190</ns3:hr>
            <ns3:cad>83</ns3:cad>
          </ns3:TrackPointExtension>
        </extensions>
      </trkpt>
      <trkpt lat="23.233031965792179107666015625" lon="113.2305832765996456146240234375">
        <ele>0.60000002384185791015625</ele>
        <time>2020-01-05T02:44:53.000Z</time>
        <extensions>
          <ns3:TrackPointExtension>
            <ns3:hr>193</ns3:hr>
            <ns3:cad>84</ns3:cad>
          </ns3:TrackPointExtension>
        </extensions>
      </trkpt>
      <trkpt lat="23.23287011124193668365478515625" lon="113.23070506565272808074951171875">
        <ele>0.4000000059604644775390625</ele>
        <time>2020-01-05T02:45:02.000Z</time>
        <extensions>
          <ns3:TrackPointExtension>
            <ns3:hr>193</ns3:hr>
            <ns3:cad>82</ns3:cad>
          </ns3:TrackPointExtension>
        </extensions>
      </trkpt>
      <trkpt lat="23.23269610293209552764892578125" lon="113.2308055646717548370361328125">
        <ele>1</ele>
        <time>2020-01-05T02:45:10.000Z</time>
        <extensions>
          <ns3:TrackPointExtension>
            <ns3:hr>191</ns3:hr>
            <ns3:cad>83</ns3:cad>
          </ns3:TrackPointExtension>
        </extensions>
      </trkpt>
      <trkpt lat="23.23252125643193721771240234375" lon="113.230878151953220367431640625">
        <ele>2.599999904632568359375</ele>
        <time>2020-01-05T02:45:17.000Z</time>
        <extensions>
          <ns3:TrackPointExtension>
            <ns3:hr>192</ns3:hr>
            <ns3:cad>84</ns3:cad>
          </ns3:TrackPointExtension>
        </extensions>
      </trkpt>
      <trkpt lat="23.2323743216693401336669921875" lon="113.2309705205261707305908203125">
        <ele>5.400000095367431640625</ele>
        <time>2020-01-05T02:45:24.000Z</time>
        <extensions>
          <ns3:TrackPointExtension>
            <ns3:hr>195</ns3:hr>
            <ns3:cad>84</ns3:cad>
          </ns3:TrackPointExtension>
        </extensions>
      </trkpt>
      <trkpt lat="23.23221422731876373291015625" lon="113.23107169009745121002197265625">
        <ele>6.19999980926513671875</ele>
        <time>2020-01-05T02:45:33.000Z</time>
        <extensions>
          <ns3:TrackPointExtension>
            <ns3:hr>193</ns3:hr>
            <ns3:cad>80</ns3:cad>
          </ns3:TrackPointExtension>
        </extensions>
      </trkpt>
      <trkpt lat="23.23217927478253841400146484375" lon="113.23109700344502925872802734375">
        <ele>6</ele>
        <time>2020-01-05T02:45:35.000Z</time>
        <extensions>
          <ns3:TrackPointExtension>
            <ns3:hr>190</ns3:hr>
            <ns3:cad>80</ns3:cad>
          </ns3:TrackPointExtension>
        </extensions>
      </trkpt>
      <trkpt lat="23.2320491038262844085693359375" lon="113.23124921880662441253662109375">
        <ele>3.2000000476837158203125</ele>
        <time>2020-01-05T02:45:43.000Z</time>
        <extensions>
          <ns3:TrackPointExtension>
            <ns3:hr>191</ns3:hr>
            <ns3:cad>82</ns3:cad>
          </ns3:TrackPointExtension>
        </extensions>
      </trkpt>
      <trkpt lat="23.23195941746234893798828125" lon="113.23142574168741703033447265625">
        <ele>0.60000002384185791015625</ele>
        <time>2020-01-05T02:45:52.000Z</time>
        <extensions>
          <ns3:TrackPointExtension>
            <ns3:hr>190</ns3:hr>
            <ns3:cad>82</ns3:cad>
          </ns3:TrackPointExtension>
        </extensions>
      </trkpt>
      <trkpt lat="23.2319525443017482757568359375" lon="113.231473602354526519775390625">
        <ele>0.20000000298023223876953125</ele>
        <time>2020-01-05T02:45:53.000Z</time>
        <extensions>
          <ns3:TrackPointExtension>
            <ns3:hr>190</ns3:hr>
            <ns3:cad>82</ns3:cad>
          </ns3:TrackPointExtension>
        </extensions>
      </trkpt>
      <trkpt lat="23.23195933364331722259521484375" lon="113.23154342360794544219970703125">
        <ele>-0.20000000298023223876953125</ele>
        <time>2020-01-05T02:45:57.000Z</time>
        <extensions>
          <ns3:TrackPointExtension>
            <ns3:hr>187</ns3:hr>
            <ns3:cad>83</ns3:cad>
          </ns3:TrackPointExtension>
        </extensions>
      </trkpt>
      <trkpt lat="23.2319518737494945526123046875" lon="113.231759928166866302490234375">
        <ele>-0.60000002384185791015625</ele>
        <time>2020-01-05T02:46:05.000Z</time>
        <extensions>
          <ns3:TrackPointExtension>
            <ns3:hr>188</ns3:hr>
            <ns3:cad>83</ns3:cad>
          </ns3:TrackPointExtension>
        </extensions>
      </trkpt>
      <trkpt lat="23.23194089345633983612060546875" lon="113.2319569028913974761962890625">
        <ele>1.39999997615814208984375</ele>
        <time>2020-01-05T02:46:13.000Z</time>
        <extensions>
          <ns3:TrackPointExtension>
            <ns3:hr>189</ns3:hr>
            <ns3:cad>82</ns3:cad>
          </ns3:TrackPointExtension>
        </extensions>
      </trkpt>
      <trkpt lat="23.23190451599657535552978515625" lon="113.232160247862339019775390625">
        <ele>3</ele>
        <time>2020-01-05T02:46:21.000Z</time>
        <extensions>
          <ns3:TrackPointExtension>
            <ns3:hr>189</ns3:hr>
            <ns3:cad>84</ns3:cad>
          </ns3:TrackPointExtension>
        </extensions>
      </trkpt>
      <trkpt lat="23.2318502850830554962158203125" lon="113.2323543727397918701171875">
        <ele>6.80000019073486328125</ele>
        <time>2020-01-05T02:46:28.000Z</time>
        <extensions>
          <ns3:TrackPointExtension>
            <ns3:hr>190</ns3:hr>
            <ns3:cad>85</ns3:cad>
          </ns3:TrackPointExtension>
        </extensions>
      </trkpt>
      <trkpt lat="23.231805525720119476318359375" lon="113.2324728928506374359130859375">
        <ele>7.80000019073486328125</ele>
        <time>2020-01-05T02:46:34.000Z</time>
        <extensions>
          <ns3:TrackPointExtension>
            <ns3:hr>190</ns3:hr>
            <ns3:cad>84</ns3:cad>
          </ns3:TrackPointExtension>
        </extensions>
      </trkpt>
      <trkpt lat="23.2317855767905712127685546875" lon="113.2325429655611515045166015625">
        <ele>7.599999904632568359375</ele>
        <time>2020-01-05T02:46:37.000Z</time>
        <extensions>
          <ns3:TrackPointExtension>
            <ns3:hr>191</ns3:hr>
            <ns3:cad>84</ns3:cad>
          </ns3:TrackPointExtension>
        </extensions>
      </trkpt>
      <trkpt lat="23.23164534755051136016845703125" lon="113.23270951397716999053955078125">
        <ele>8</ele>
        <time>2020-01-05T02:46:45.000Z</time>
        <extensions>
          <ns3:TrackPointExtension>
            <ns3:hr>190</ns3:hr>
            <ns3:cad>84</ns3:cad>
          </ns3:TrackPointExtension>
        </extensions>
      </trkpt>
      <trkpt lat="23.23155314661562442779541015625" lon="113.23284831829369068145751953125">
        <ele>5.400000095367431640625</ele>
        <time>2020-01-05T02:46:51.000Z</time>
        <extensions>
          <ns3:TrackPointExtension>
            <ns3:hr>193</ns3:hr>
            <ns3:cad>84</ns3:cad>
          </ns3:TrackPointExtension>
        </extensions>
      </trkpt>
      <trkpt lat="23.2314952276647090911865234375" lon="113.232909925282001495361328125">
        <ele>4</ele>
        <time>2020-01-05T02:46:54.000Z</time>
        <extensions>
          <ns3:TrackPointExtension>
            <ns3:hr>190</ns3:hr>
            <ns3:cad>83</ns3:cad>
          </ns3:TrackPointExtension>
        </extensions>
      </trkpt>
      <trkpt lat="23.23146128095686435699462890625" lon="113.2329479791224002838134765625">
        <ele>3</ele>
        <time>2020-01-05T02:46:55.000Z</time>
        <extensions>
          <ns3:TrackPointExtension>
            <ns3:hr>191</ns3:hr>
            <ns3:cad>84</ns3:cad>
          </ns3:TrackPointExtension>
        </extensions>
      </trkpt>
      <trkpt lat="23.231411911547183990478515625" lon="113.2330141961574554443359375">
        <ele>1.7999999523162841796875</ele>
        <time>2020-01-05T02:46:59.000Z</time>
        <extensions>
          <ns3:TrackPointExtension>
            <ns3:hr>191</ns3:hr>
            <ns3:cad>84</ns3:cad>
          </ns3:TrackPointExtension>
        </extensions>
      </trkpt>
      <trkpt lat="23.23133789934217929840087890625" lon="113.23308938182890415191650390625">
        <ele>0.4000000059604644775390625</ele>
        <time>2020-01-05T02:47:03.000Z</time>
        <extensions>
          <ns3:TrackPointExtension>
            <ns3:hr>191</ns3:hr>
            <ns3:cad>84</ns3:cad>
          </ns3:TrackPointExtension>
        </extensions>
      </trkpt>
      <trkpt lat="23.231281824409961700439453125" lon="113.2331652380526065826416015625">
        <ele>-0.60000002384185791015625</ele>
        <time>2020-01-05T02:47:06.000Z</time>
        <extensions>
          <ns3:TrackPointExtension>
            <ns3:hr>192</ns3:hr>
            <ns3:cad>83</ns3:cad>
          </ns3:TrackPointExtension>
        </extensions>
      </trkpt>
      <trkpt lat="23.23120881803333759307861328125" lon="113.2332634739577770233154296875">
        <ele>-2.2000000476837158203125</ele>
        <time>2020-01-05T02:47:11.000Z</time>
        <extensions>
          <ns3:TrackPointExtension>
            <ns3:hr>191</ns3:hr>
            <ns3:cad>83</ns3:cad>
          </ns3:TrackPointExtension>
        </extensions>
      </trkpt>
      <trkpt lat="23.2311505638062953948974609375" lon="113.23329691775143146514892578125">
        <ele>-2.7999999523162841796875</ele>
        <time>2020-01-05T02:47:14.000Z</time>
        <extensions>
          <ns3:TrackPointExtension>
            <ns3:hr>191</ns3:hr>
            <ns3:cad>81</ns3:cad>
          </ns3:TrackPointExtension>
        </extensions>
      </trkpt>
      <trkpt lat="23.2310347259044647216796875" lon="113.233363218605518341064453125">
        <ele>-3.2000000476837158203125</ele>
        <time>2020-01-05T02:47:21.000Z</time>
        <extensions>
          <ns3:TrackPointExtension>
            <ns3:hr>194</ns3:hr>
            <ns3:cad>81</ns3:cad>
          </ns3:TrackPointExtension>
        </extensions>
      </trkpt>
      <trkpt lat="23.23087119497358798980712890625" lon="113.23348618112504482269287109375">
        <ele>-0.60000002384185791015625</ele>
        <time>2020-01-05T02:47:30.000Z</time>
        <extensions>
          <ns3:TrackPointExtension>
            <ns3:hr>195</ns3:hr>
            <ns3:cad>82</ns3:cad>
          </ns3:TrackPointExtension>
        </extensions>
      </trkpt>
      <trkpt lat="23.23083381168544292449951171875" lon="113.23351400904357433319091796875">
        <ele>0</ele>
        <time>2020-01-05T02:47:32.000Z</time>
        <extensions>
          <ns3:TrackPointExtension>
            <ns3:hr>192</ns3:hr>
            <ns3:cad>83</ns3:cad>
          </ns3:TrackPointExtension>
        </extensions>
      </trkpt>
      <trkpt lat="23.23080095462501049041748046875" lon="113.23354602791368961334228515625">
        <ele>0.60000002384185791015625</ele>
        <time>2020-01-05T02:47:34.000Z</time>
        <extensions>
          <ns3:TrackPointExtension>
            <ns3:hr>192</ns3:hr>
            <ns3:cad>83</ns3:cad>
          </ns3:TrackPointExtension>
        </extensions>
      </trkpt>
      <trkpt lat="23.2306567020714282989501953125" lon="113.2336849160492420196533203125">
        <ele>2</ele>
        <time>2020-01-05T02:47:42.000Z</time>
        <extensions>
          <ns3:TrackPointExtension>
            <ns3:hr>193</ns3:hr>
            <ns3:cad>82</ns3:cad>
          </ns3:TrackPointExtension>
        </extensions>
      </trkpt>
      <trkpt lat="23.23062074370682239532470703125" lon="113.2337204553186893463134765625">
        <ele>2.400000095367431640625</ele>
        <time>2020-01-05T02:47:44.000Z</time>
        <extensions>
          <ns3:TrackPointExtension>
            <ns3:hr>192</ns3:hr>
            <ns3:cad>82</ns3:cad>
          </ns3:TrackPointExtension>
        </extensions>
      </trkpt>
      <trkpt lat="23.23057003319263458251953125" lon="113.23377401567995548248291015625">
        <ele>3</ele>
        <time>2020-01-05T02:47:47.000Z</time>
        <extensions>
          <ns3:TrackPointExtension>
            <ns3:hr>193</ns3:hr>
            <ns3:cad>83</ns3:cad>
          </ns3:TrackPointExtension>
        </extensions>
      </trkpt>
      <trkpt lat="23.23052854277193546295166015625" lon="113.2338153384625911712646484375">
        <ele>3.400000095367431640625</ele>
        <time>2020-01-05T02:47:49.000Z</time>
        <extensions>
          <ns3:TrackPointExtension>
            <ns3:hr>190</ns3:hr>
            <ns3:cad>83</ns3:cad>
          </ns3:TrackPointExtension>
        </extensions>
      </trkpt>
      <trkpt lat="23.23040775954723358154296875" lon="113.23390007950365543365478515625">
        <ele>3.400000095367431640625</ele>
        <time>2020-01-05T02:47:55.000Z</time>
        <extensions>
          <ns3:TrackPointExtension>
            <ns3:hr>191</ns3:hr>
            <ns3:cad>82</ns3:cad>
          </ns3:TrackPointExtension>
        </extensions>
      </trkpt>
      <trkpt lat="23.23022813536226749420166015625" lon="113.233989179134368896484375">
        <ele>2.7999999523162841796875</ele>
        <time>2020-01-05T02:48:03.000Z</time>
        <extensions>
          <ns3:TrackPointExtension>
            <ns3:hr>191</ns3:hr>
            <ns3:cad>82</ns3:cad>
          </ns3:TrackPointExtension>
        </extensions>
      </trkpt>
      <trkpt lat="23.23018605820834636688232421875" lon="113.2340188510715961456298828125">
        <ele>2.599999904632568359375</ele>
        <time>2020-01-05T02:48:05.000Z</time>
        <extensions>
          <ns3:TrackPointExtension>
            <ns3:hr>188</ns3:hr>
            <ns3:cad>82</ns3:cad>
          </ns3:TrackPointExtension>
        </extensions>
      </trkpt>
      <trkpt lat="23.230108357965946197509765625" lon="113.23405765928328037261962890625">
        <ele>2.599999904632568359375</ele>
        <time>2020-01-05T02:48:09.000Z</time>
        <extensions>
          <ns3:TrackPointExtension>
            <ns3:hr>189</ns3:hr>
            <ns3:cad>83</ns3:cad>
          </ns3:TrackPointExtension>
        </extensions>
      </trkpt>
      <trkpt lat="23.23001758195459842681884765625" lon="113.23408515192568302154541015625">
        <ele>2.7999999523162841796875</ele>
        <time>2020-01-05T02:48:13.000Z</time>
        <extensions>
          <ns3:TrackPointExtension>
            <ns3:hr>190</ns3:hr>
            <ns3:cad>84</ns3:cad>
          </ns3:TrackPointExtension>
        </extensions>
      </trkpt>
      <trkpt lat="23.22993175126612186431884765625" lon="113.23412203229963779449462890625">
        <ele>3</ele>
        <time>2020-01-05T02:48:17.000Z</time>
        <extensions>
          <ns3:TrackPointExtension>
            <ns3:hr>189</ns3:hr>
            <ns3:cad>83</ns3:cad>
          </ns3:TrackPointExtension>
        </extensions>
      </trkpt>
      <trkpt lat="23.229831755161285400390625" lon="113.23416863568127155303955078125">
        <ele>3.599999904632568359375</ele>
        <time>2020-01-05T02:48:22.000Z</time>
        <extensions>
          <ns3:TrackPointExtension>
            <ns3:hr>191</ns3:hr>
            <ns3:cad>84</ns3:cad>
          </ns3:TrackPointExtension>
        </extensions>
      </trkpt>
      <trkpt lat="23.2297923602163791656494140625" lon="113.23418925516307353973388671875">
        <ele>4</ele>
        <time>2020-01-05T02:48:24.000Z</time>
        <extensions>
          <ns3:TrackPointExtension>
            <ns3:hr>190</ns3:hr>
            <ns3:cad>84</ns3:cad>
          </ns3:TrackPointExtension>
        </extensions>
      </trkpt>
      <trkpt lat="23.229606449604034423828125" lon="113.23418355546891689300537109375">
        <ele>4.19999980926513671875</ele>
        <time>2020-01-05T02:48:32.000Z</time>
        <extensions>
          <ns3:TrackPointExtension>
            <ns3:hr>190</ns3:hr>
            <ns3:cad>84</ns3:cad>
          </ns3:TrackPointExtension>
        </extensions>
      </trkpt>
      <trkpt lat="23.22953193448483943939208984375" lon="113.2341905124485492706298828125">
        <ele>3.7999999523162841796875</ele>
        <time>2020-01-05T02:48:35.000Z</time>
        <extensions>
          <ns3:TrackPointExtension>
            <ns3:hr>193</ns3:hr>
            <ns3:cad>84</ns3:cad>
          </ns3:TrackPointExtension>
        </extensions>
      </trkpt>
      <trkpt lat="23.229333199560642242431640625" lon="113.2342203520238399505615234375">
        <ele>2.400000095367431640625</ele>
        <time>2020-01-05T02:48:43.000Z</time>
        <extensions>
          <ns3:TrackPointExtension>
            <ns3:hr>192</ns3:hr>
            <ns3:cad>84</ns3:cad>
          </ns3:TrackPointExtension>
        </extensions>
      </trkpt>
      <trkpt lat="23.22913312353193759918212890625" lon="113.2342438213527202606201171875">
        <ele>1</ele>
        <time>2020-01-05T02:48:51.000Z</time>
        <extensions>
          <ns3:TrackPointExtension>
            <ns3:hr>192</ns3:hr>
            <ns3:cad>83</ns3:cad>
          </ns3:TrackPointExtension>
        </extensions>
      </trkpt>
      <trkpt lat="23.2289447821676731109619140625" lon="113.2342619262635707855224609375">
        <ele>0.60000002384185791015625</ele>
        <time>2020-01-05T02:48:59.000Z</time>
        <extensions>
          <ns3:TrackPointExtension>
            <ns3:hr>192</ns3:hr>
            <ns3:cad>84</ns3:cad>
          </ns3:TrackPointExtension>
        </extensions>
      </trkpt>
      <trkpt lat="23.22875711135566234588623046875" lon="113.23431515134871006011962890625">
        <ele>0.800000011920928955078125</ele>
        <time>2020-01-05T02:49:07.000Z</time>
        <extensions>
          <ns3:TrackPointExtension>
            <ns3:hr>193</ns3:hr>
            <ns3:cad>83</ns3:cad>
          </ns3:TrackPointExtension>
        </extensions>
      </trkpt>
      <trkpt lat="23.22856265120208263397216796875" lon="113.23435991071164608001708984375">
        <ele>1.7999999523162841796875</ele>
        <time>2020-01-05T02:49:15.000Z</time>
        <extensions>
          <ns3:TrackPointExtension>
            <ns3:hr>193</ns3:hr>
            <ns3:cad>85</ns3:cad>
          </ns3:TrackPointExtension>
        </extensions>
      </trkpt>
      <trkpt lat="23.22840708307921886444091796875" lon="113.2344664447009563446044921875">
        <ele>2.2000000476837158203125</ele>
        <time>2020-01-05T02:49:22.000Z</time>
        <extensions>
          <ns3:TrackPointExtension>
            <ns3:hr>194</ns3:hr>
            <ns3:cad>84</ns3:cad>
          </ns3:TrackPointExtension>
        </extensions>
      </trkpt>
      <trkpt lat="23.228340782225131988525390625" lon="113.2345070131123065948486328125">
        <ele>2.599999904632568359375</ele>
        <time>2020-01-05T02:49:25.000Z</time>
        <extensions>
          <ns3:TrackPointExtension>
            <ns3:hr>191</ns3:hr>
            <ns3:cad>83</ns3:cad>
          </ns3:TrackPointExtension>
        </extensions>
      </trkpt>
      <trkpt lat="23.2283194921910762786865234375" lon="113.2345187477767467498779296875">
        <ele>3</ele>
        <time>2020-01-05T02:49:26.000Z</time>
        <extensions>
          <ns3:TrackPointExtension>
            <ns3:hr>188</ns3:hr>
            <ns3:cad>84</ns3:cad>
          </ns3:TrackPointExtension>
        </extensions>
      </trkpt>
      <trkpt lat="23.22829526849091053009033203125" lon="113.23453073389828205108642578125">
        <ele>3.2000000476837158203125</ele>
        <time>2020-01-05T02:49:27.000Z</time>
        <extensions>
          <ns3:TrackPointExtension>
            <ns3:hr>188</ns3:hr>
            <ns3:cad>84</ns3:cad>
          </ns3:TrackPointExtension>
        </extensions>
      </trkpt>
      <trkpt lat="23.22824749164283275604248046875" lon="113.23455839417874813079833984375">
        <ele>3.599999904632568359375</ele>
        <time>2020-01-05T02:49:29.000Z</time>
        <extensions>
          <ns3:TrackPointExtension>
            <ns3:hr>194</ns3:hr>
            <ns3:cad>84</ns3:cad>
          </ns3:TrackPointExtension>
        </extensions>
      </trkpt>
      <trkpt lat="23.22817523963749408721923828125" lon="113.23459711857140064239501953125">
        <ele>3.599999904632568359375</ele>
        <time>2020-01-05T02:49:32.000Z</time>
        <extensions>
          <ns3:TrackPointExtension>
            <ns3:hr>192</ns3:hr>
            <ns3:cad>84</ns3:cad>
          </ns3:TrackPointExtension>
        </extensions>
      </trkpt>
      <trkpt lat="23.22799704037606716156005859375" lon="113.23468144051730632781982421875">
        <ele>2</ele>
        <time>2020-01-05T02:49:40.000Z</time>
        <extensions>
          <ns3:TrackPointExtension>
            <ns3:hr>194</ns3:hr>
            <ns3:cad>84</ns3:cad>
          </ns3:TrackPointExtension>
        </extensions>
      </trkpt>
      <trkpt lat="23.22783258743584156036376953125" lon="113.2347785867750644683837890625">
        <ele>0.60000002384185791015625</ele>
        <time>2020-01-05T02:49:48.000Z</time>
        <extensions>
          <ns3:TrackPointExtension>
            <ns3:hr>193</ns3:hr>
            <ns3:cad>83</ns3:cad>
          </ns3:TrackPointExtension>
        </extensions>
      </trkpt>
      <trkpt lat="23.2277087867259979248046875" lon="113.2348808459937572479248046875">
        <ele>-1.39999997615814208984375</ele>
        <time>2020-01-05T02:49:54.000Z</time>
        <extensions>
          <ns3:TrackPointExtension>
            <ns3:hr>190</ns3:hr>
            <ns3:cad>83</ns3:cad>
          </ns3:TrackPointExtension>
        </extensions>
      </trkpt>
      <trkpt lat="23.22761298157274723052978515625" lon="113.2349534332752227783203125">
        <ele>-2.2000000476837158203125</ele>
        <time>2020-01-05T02:49:59.000Z</time>
        <extensions>
          <ns3:TrackPointExtension>
            <ns3:hr>193</ns3:hr>
            <ns3:cad>83</ns3:cad>
          </ns3:TrackPointExtension>
        </extensions>
      </trkpt>
      <trkpt lat="23.22750904597342014312744140625" lon="113.235048986971378326416015625">
        <ele>-3</ele>
        <time>2020-01-05T02:50:05.000Z</time>
        <extensions>
          <ns3:TrackPointExtension>
            <ns3:hr>196</ns3:hr>
            <ns3:cad>83</ns3:cad>
          </ns3:TrackPointExtension>
        </extensions>
      </trkpt>
      <trkpt lat="23.22735649533569812774658203125" lon="113.23518619872629642486572265625">
        <ele>-1.39999997615814208984375</ele>
        <time>2020-01-05T02:50:13.000Z</time>
        <extensions>
          <ns3:TrackPointExtension>
            <ns3:hr>194</ns3:hr>
            <ns3:cad>84</ns3:cad>
          </ns3:TrackPointExtension>
        </extensions>
      </trkpt>
      <trkpt lat="23.2272375561296939849853515625" lon="113.2353136874735355377197265625">
        <ele>0.800000011920928955078125</ele>
        <time>2020-01-05T02:50:19.000Z</time>
        <extensions>
          <ns3:TrackPointExtension>
            <ns3:hr>191</ns3:hr>
            <ns3:cad>83</ns3:cad>
          </ns3:TrackPointExtension>
        </extensions>
      </trkpt>
      <trkpt lat="23.22719581425189971923828125" lon="113.23535098694264888763427734375">
        <ele>1.2000000476837158203125</ele>
        <time>2020-01-05T02:50:21.000Z</time>
        <extensions>
          <ns3:TrackPointExtension>
            <ns3:hr>188</ns3:hr>
            <ns3:cad>84</ns3:cad>
          </ns3:TrackPointExtension>
        </extensions>
      </trkpt>
      <trkpt lat="23.22705055586993694305419921875" lon="113.23547939769923686981201171875">
        <ele>1.60000002384185791015625</ele>
        <time>2020-01-05T02:50:28.000Z</time>
        <extensions>
          <ns3:TrackPointExtension>
            <ns3:hr>190</ns3:hr>
            <ns3:cad>82</ns3:cad>
          </ns3:TrackPointExtension>
        </extensions>
      </trkpt>
      <trkpt lat="23.226945362985134124755859375" lon="113.23556371964514255523681640625">
        <ele>0.60000002384185791015625</ele>
        <time>2020-01-05T02:50:33.000Z</time>
        <extensions>
          <ns3:TrackPointExtension>
            <ns3:hr>194</ns3:hr>
            <ns3:cad>83</ns3:cad>
          </ns3:TrackPointExtension>
        </extensions>
      </trkpt>
      <trkpt lat="23.22678786702454090118408203125" lon="113.235679976642131805419921875">
        <ele>-2.599999904632568359375</ele>
        <time>2020-01-05T02:50:41.000Z</time>
        <extensions>
          <ns3:TrackPointExtension>
            <ns3:hr>193</ns3:hr>
            <ns3:cad>83</ns3:cad>
          </ns3:TrackPointExtension>
        </extensions>
      </trkpt>
      <trkpt lat="23.226640261709690093994140625" lon="113.23580679483711719512939453125">
        <ele>-3.400000095367431640625</ele>
        <time>2020-01-05T02:50:50.000Z</time>
        <extensions>
          <ns3:TrackPointExtension>
            <ns3:hr>194</ns3:hr>
            <ns3:cad>84</ns3:cad>
          </ns3:TrackPointExtension>
        </extensions>
      </trkpt>
      <trkpt lat="23.22653808631002902984619140625" lon="113.235921375453472137451171875">
        <ele>-2</ele>
        <time>2020-01-05T02:50:59.000Z</time>
        <extensions>
          <ns3:TrackPointExtension>
            <ns3:hr>191</ns3:hr>
            <ns3:cad>82</ns3:cad>
          </ns3:TrackPointExtension>
        </extensions>
      </trkpt>
      <trkpt lat="23.22646851651370525360107421875" lon="113.23598516173660755157470703125">
        <ele>-1.2000000476837158203125</ele>
        <time>2020-01-05T02:51:03.000Z</time>
        <extensions>
          <ns3:TrackPointExtension>
            <ns3:hr>188</ns3:hr>
            <ns3:cad>83</ns3:cad>
          </ns3:TrackPointExtension>
        </extensions>
      </trkpt>
      <trkpt lat="23.22632669471204280853271484375" lon="113.23614005930721759796142578125">
        <ele>1.2000000476837158203125</ele>
        <time>2020-01-05T02:51:12.000Z</time>
        <extensions>
          <ns3:TrackPointExtension>
            <ns3:hr>189</ns3:hr>
            <ns3:cad>77</ns3:cad>
          </ns3:TrackPointExtension>
        </extensions>
      </trkpt>
      <trkpt lat="23.22619308717548847198486328125" lon="113.23627785779535770416259765625">
        <ele>1.7999999523162841796875</ele>
        <time>2020-01-05T02:51:21.000Z</time>
        <extensions>
          <ns3:TrackPointExtension>
            <ns3:hr>188</ns3:hr>
            <ns3:cad>81</ns3:cad>
          </ns3:TrackPointExtension>
        </extensions>
      </trkpt>
      <trkpt lat="23.22606869973242282867431640625" lon="113.23642420582473278045654296875">
        <ele>1.2000000476837158203125</ele>
        <time>2020-01-05T02:51:31.000Z</time>
        <extensions>
          <ns3:TrackPointExtension>
            <ns3:hr>189</ns3:hr>
            <ns3:cad>82</ns3:cad>
          </ns3:TrackPointExtension>
        </extensions>
      </trkpt>
      <trkpt lat="23.22596224956214427947998046875" lon="113.23660860769450664520263671875">
        <ele>1.60000002384185791015625</ele>
        <time>2020-01-05T02:51:39.000Z</time>
        <extensions>
          <ns3:TrackPointExtension>
            <ns3:hr>191</ns3:hr>
            <ns3:cad>84</ns3:cad>
          </ns3:TrackPointExtension>
        </extensions>
      </trkpt>
      <trkpt lat="23.225907348096370697021484375" lon="113.23679585941135883331298828125">
        <ele>2.400000095367431640625</ele>
        <time>2020-01-05T02:51:46.000Z</time>
        <extensions>
          <ns3:TrackPointExtension>
            <ns3:hr>191</ns3:hr>
            <ns3:cad>84</ns3:cad>
          </ns3:TrackPointExtension>
        </extensions>
      </trkpt>
      <trkpt lat="23.225862085819244384765625" lon="113.23699719272553920745849609375">
        <ele>1.60000002384185791015625</ele>
        <time>2020-01-05T02:51:54.000Z</time>
        <extensions>
          <ns3:TrackPointExtension>
            <ns3:hr>191</ns3:hr>
            <ns3:cad>84</ns3:cad>
          </ns3:TrackPointExtension>
        </extensions>
      </trkpt>
      <trkpt lat="23.22583082132041454315185546875" lon="113.23719802312552928924560546875">
        <ele>0.800000011920928955078125</ele>
        <time>2020-01-05T02:52:01.000Z</time>
        <extensions>
          <ns3:TrackPointExtension>
            <ns3:hr>193</ns3:hr>
            <ns3:cad>83</ns3:cad>
          </ns3:TrackPointExtension>
        </extensions>
      </trkpt>
      <trkpt lat="23.22579528205096721649169921875" lon="113.2373937405645847320556640625">
        <ele>-0.4000000059604644775390625</ele>
        <time>2020-01-05T02:52:08.000Z</time>
        <extensions>
          <ns3:TrackPointExtension>
            <ns3:hr>194</ns3:hr>
            <ns3:cad>82</ns3:cad>
          </ns3:TrackPointExtension>
        </extensions>
      </trkpt>
      <trkpt lat="23.2257365249097347259521484375" lon="113.2376039586961269378662109375">
        <ele>-0.20000000298023223876953125</ele>
        <time>2020-01-05T02:52:16.000Z</time>
        <extensions>
          <ns3:TrackPointExtension>
            <ns3:hr>194</ns3:hr>
            <ns3:cad>83</ns3:cad>
          </ns3:TrackPointExtension>
        </extensions>
      </trkpt>
      <trkpt lat="23.225687406957149505615234375" lon="113.23781392537057399749755859375">
        <ele>-0.20000000298023223876953125</ele>
        <time>2020-01-05T02:52:24.000Z</time>
        <extensions>
          <ns3:TrackPointExtension>
            <ns3:hr>193</ns3:hr>
            <ns3:cad>82</ns3:cad>
          </ns3:TrackPointExtension>
        </extensions>
      </trkpt>
      <trkpt lat="23.225625045597553253173828125" lon="113.2380176894366741180419921875">
        <ele>0.60000002384185791015625</ele>
        <time>2020-01-05T02:52:33.000Z</time>
        <extensions>
          <ns3:TrackPointExtension>
            <ns3:hr>194</ns3:hr>
            <ns3:cad>83</ns3:cad>
          </ns3:TrackPointExtension>
        </extensions>
      </trkpt>
      <trkpt lat="23.22559948079288005828857421875" lon="113.23821944184601306915283203125">
        <ele>0.800000011920928955078125</ele>
        <time>2020-01-05T02:52:41.000Z</time>
        <extensions>
          <ns3:TrackPointExtension>
            <ns3:hr>194</ns3:hr>
            <ns3:cad>83</ns3:cad>
          </ns3:TrackPointExtension>
        </extensions>
      </trkpt>
      <trkpt lat="23.22559160180389881134033203125" lon="113.23842144571244716644287109375">
        <ele>2</ele>
        <time>2020-01-05T02:52:48.000Z</time>
        <extensions>
          <ns3:TrackPointExtension>
            <ns3:hr>193</ns3:hr>
            <ns3:cad>84</ns3:cad>
          </ns3:TrackPointExtension>
        </extensions>
      </trkpt>
      <trkpt lat="23.225566707551479339599609375" lon="113.23862738907337188720703125">
        <ele>3</ele>
        <time>2020-01-05T02:52:56.000Z</time>
        <extensions>
          <ns3:TrackPointExtension>
            <ns3:hr>193</ns3:hr>
            <ns3:cad>84</ns3:cad>
          </ns3:TrackPointExtension>
        </extensions>
      </trkpt>
      <trkpt lat="23.225615322589874267578125" lon="113.23883928358554840087890625">
        <ele>2.7999999523162841796875</ele>
        <time>2020-01-05T02:53:04.000Z</time>
        <extensions>
          <ns3:TrackPointExtension>
            <ns3:hr>194</ns3:hr>
            <ns3:cad>85</ns3:cad>
          </ns3:TrackPointExtension>
        </extensions>
      </trkpt>
      <trkpt lat="23.22561842389404773712158203125" lon="113.23889837600290775299072265625">
        <ele>2.400000095367431640625</ele>
        <time>2020-01-05T02:53:06.000Z</time>
        <extensions>
          <ns3:TrackPointExtension>
            <ns3:hr>194</ns3:hr>
            <ns3:cad>85</ns3:cad>
          </ns3:TrackPointExtension>
        </extensions>
      </trkpt>
      <trkpt lat="23.22560316883027553558349609375" lon="113.23909903876483440399169921875">
        <ele>0.20000000298023223876953125</ele>
        <time>2020-01-05T02:53:13.000Z</time>
        <extensions>
          <ns3:TrackPointExtension>
            <ns3:hr>194</ns3:hr>
            <ns3:cad>83</ns3:cad>
          </ns3:TrackPointExtension>
        </extensions>
      </trkpt>
      <trkpt lat="23.225611634552478790283203125" lon="113.239318393170833587646484375">
        <ele>-1.7999999523162841796875</ele>
        <time>2020-01-05T02:53:21.000Z</time>
        <extensions>
          <ns3:TrackPointExtension>
            <ns3:hr>193</ns3:hr>
            <ns3:cad>82</ns3:cad>
          </ns3:TrackPointExtension>
        </extensions>
      </trkpt>
      <trkpt lat="23.22560836561024188995361328125" lon="113.239540345966815948486328125">
        <ele>-3</ele>
        <time>2020-01-05T02:53:29.000Z</time>
        <extensions>
          <ns3:TrackPointExtension>
            <ns3:hr>197</ns3:hr>
            <ns3:cad>83</ns3:cad>
          </ns3:TrackPointExtension>
        </extensions>
      </trkpt>
      <trkpt lat="23.2256077788770198822021484375" lon="113.23959290049970149993896484375">
        <ele>-3.599999904632568359375</ele>
        <time>2020-01-05T02:53:31.000Z</time>
        <extensions>
          <ns3:TrackPointExtension>
            <ns3:hr>194</ns3:hr>
            <ns3:cad>83</ns3:cad>
          </ns3:TrackPointExtension>
        </extensions>
      </trkpt>
      <trkpt lat="23.22563954629004001617431640625" lon="113.23981099762022495269775390625">
        <ele>-1.39999997615814208984375</ele>
        <time>2020-01-05T02:53:39.000Z</time>
        <extensions>
          <ns3:TrackPointExtension>
            <ns3:hr>195</ns3:hr>
            <ns3:cad>83</ns3:cad>
          </ns3:TrackPointExtension>
        </extensions>
      </trkpt>
      <trkpt lat="23.22566092014312744140625" lon="113.2399358041584491729736328125">
        <ele>0.60000002384185791015625</ele>
        <time>2020-01-05T02:53:44.000Z</time>
        <extensions>
          <ns3:TrackPointExtension>
            <ns3:hr>192</ns3:hr>
            <ns3:cad>82</ns3:cad>
          </ns3:TrackPointExtension>
        </extensions>
      </trkpt>
      <trkpt lat="23.2256604172289371490478515625" lon="113.24013286270201206207275390625">
        <ele>1.60000002384185791015625</ele>
        <time>2020-01-05T02:53:51.000Z</time>
        <extensions>
          <ns3:TrackPointExtension>
            <ns3:hr>193</ns3:hr>
            <ns3:cad>84</ns3:cad>
          </ns3:TrackPointExtension>
        </extensions>
      </trkpt>
      <trkpt lat="23.22566653601825237274169921875" lon="113.240328244864940643310546875">
        <ele>1.2000000476837158203125</ele>
        <time>2020-01-05T02:53:58.000Z</time>
        <extensions>
          <ns3:TrackPointExtension>
            <ns3:hr>194</ns3:hr>
            <ns3:cad>85</ns3:cad>
          </ns3:TrackPointExtension>
        </extensions>
      </trkpt>
      <trkpt lat="23.22569922544062137603759765625" lon="113.2405325956642627716064453125">
        <ele>-0.60000002384185791015625</ele>
        <time>2020-01-05T02:54:05.000Z</time>
        <extensions>
          <ns3:TrackPointExtension>
            <ns3:hr>195</ns3:hr>
            <ns3:cad>85</ns3:cad>
          </ns3:TrackPointExtension>
        </extensions>
      </trkpt>
      <trkpt lat="23.22569377720355987548828125" lon="113.24073133058845996856689453125">
        <ele>-1.39999997615814208984375</ele>
        <time>2020-01-05T02:54:13.000Z</time>
        <extensions>
          <ns3:TrackPointExtension>
            <ns3:hr>195</ns3:hr>
            <ns3:cad>84</ns3:cad>
          </ns3:TrackPointExtension>
        </extensions>
      </trkpt>
      <trkpt lat="23.225719593465328216552734375" lon="113.24093534611165523529052734375">
        <ele>0.800000011920928955078125</ele>
        <time>2020-01-05T02:54:24.000Z</time>
        <extensions>
          <ns3:TrackPointExtension>
            <ns3:hr>194</ns3:hr>
            <ns3:cad>83</ns3:cad>
          </ns3:TrackPointExtension>
        </extensions>
      </trkpt>
      <trkpt lat="23.22572621516883373260498046875" lon="113.24114673770964145660400390625">
        <ele>2.400000095367431640625</ele>
        <time>2020-01-05T02:54:33.000Z</time>
        <extensions>
          <ns3:TrackPointExtension>
            <ns3:hr>191</ns3:hr>
            <ns3:cad>83</ns3:cad>
          </ns3:TrackPointExtension>
        </extensions>
      </trkpt>
      <trkpt lat="23.2257613353431224822998046875" lon="113.2412856258451938629150390625">
        <ele>2.7999999523162841796875</ele>
        <time>2020-01-05T02:54:41.000Z</time>
        <extensions>
          <ns3:TrackPointExtension>
            <ns3:hr>191</ns3:hr>
            <ns3:cad>81</ns3:cad>
          </ns3:TrackPointExtension>
        </extensions>
      </trkpt>
      <trkpt lat="23.22586954571306705474853515625" lon="113.24145871214568614959716796875">
        <ele>2.2000000476837158203125</ele>
        <time>2020-01-05T02:54:50.000Z</time>
        <extensions>
          <ns3:TrackPointExtension>
            <ns3:hr>192</ns3:hr>
            <ns3:cad>82</ns3:cad>
          </ns3:TrackPointExtension>
        </extensions>
      </trkpt>
      <trkpt lat="23.22600265033543109893798828125" lon="113.24159416370093822479248046875">
        <ele>1.2000000476837158203125</ele>
        <time>2020-01-05T02:54:59.000Z</time>
        <extensions>
          <ns3:TrackPointExtension>
            <ns3:hr>192</ns3:hr>
            <ns3:cad>82</ns3:cad>
          </ns3:TrackPointExtension>
        </extensions>
      </trkpt>
      <trkpt lat="23.22607339359819889068603515625" lon="113.241667337715625762939453125">
        <ele>1.2000000476837158203125</ele>
        <time>2020-01-05T02:55:08.000Z</time>
        <extensions>
          <ns3:TrackPointExtension>
            <ns3:hr>191</ns3:hr>
            <ns3:cad>82</ns3:cad>
          </ns3:TrackPointExtension>
        </extensions>
      </trkpt>
      <trkpt lat="23.226070962846279144287109375" lon="113.2416661642491817474365234375">
        <ele>1.2000000476837158203125</ele>
        <time>2020-01-05T02:55:19.000Z</time>
        <extensions>
          <ns3:TrackPointExtension>
            <ns3:hr>189</ns3:hr>
            <ns3:cad>61</ns3:cad>
          </ns3:TrackPointExtension>
        </extensions>
      </trkpt>
      <trkpt lat="23.22612754069268703460693359375" lon="113.24171486310660839080810546875">
        <ele>1</ele>
        <time>2020-01-05T02:55:30.000Z</time>
        <extensions>
          <ns3:TrackPointExtension>
            <ns3:hr>190</ns3:hr>
            <ns3:cad>61</ns3:cad>
          </ns3:TrackPointExtension>
        </extensions>
      </trkpt>
      <trkpt lat="23.22630674578249454498291015625" lon="113.2417982630431652069091796875">
        <ele>0.800000011920928955078125</ele>
        <time>2020-01-05T02:55:37.000Z</time>
        <extensions>
          <ns3:TrackPointExtension>
            <ns3:hr>188</ns3:hr>
            <ns3:cad>83</ns3:cad>
          </ns3:TrackPointExtension>
        </extensions>
      </trkpt>
      <trkpt lat="23.22649718262255191802978515625" lon="113.24187931604683399200439453125">
        <ele>0.4000000059604644775390625</ele>
        <time>2020-01-05T02:55:44.000Z</time>
        <extensions>
          <ns3:TrackPointExtension>
            <ns3:hr>189</ns3:hr>
            <ns3:cad>84</ns3:cad>
          </ns3:TrackPointExtension>
        </extensions>
      </trkpt>
      <trkpt lat="23.22665928862988948822021484375" lon="113.2419444434344768524169921875">
        <ele>0</ele>
        <time>2020-01-05T02:55:51.000Z</time>
        <extensions>
          <ns3:TrackPointExtension>
            <ns3:hr>192</ns3:hr>
            <ns3:cad>83</ns3:cad>
          </ns3:TrackPointExtension>
        </extensions>
      </trkpt>
      <trkpt lat="23.2268483005464076995849609375" lon="113.24202398769557476043701171875">
        <ele>0</ele>
        <time>2020-01-05T02:55:59.000Z</time>
        <extensions>
          <ns3:TrackPointExtension>
            <ns3:hr>192</ns3:hr>
            <ns3:cad>83</ns3:cad>
          </ns3:TrackPointExtension>
        </extensions>
      </trkpt>
      <trkpt lat="23.22700277902185916900634765625" lon="113.2421268336474895477294921875">
        <ele>0.4000000059604644775390625</ele>
        <time>2020-01-05T02:56:06.000Z</time>
        <extensions>
          <ns3:TrackPointExtension>
            <ns3:hr>188</ns3:hr>
            <ns3:cad>84</ns3:cad>
          </ns3:TrackPointExtension>
        </extensions>
      </trkpt>
      <trkpt lat="23.22714409790933132171630859375" lon="113.2422602735459804534912109375">
        <ele>1</ele>
        <time>2020-01-05T02:56:13.000Z</time>
        <extensions>
          <ns3:TrackPointExtension>
            <ns3:hr>189</ns3:hr>
            <ns3:cad>84</ns3:cad>
          </ns3:TrackPointExtension>
        </extensions>
      </trkpt>
      <trkpt lat="23.2271825708448886871337890625" lon="113.2423005066812038421630859375">
        <ele>0.800000011920928955078125</ele>
        <time>2020-01-05T02:56:14.000Z</time>
        <extensions>
          <ns3:TrackPointExtension>
            <ns3:hr>188</ns3:hr>
            <ns3:cad>84</ns3:cad>
          </ns3:TrackPointExtension>
        </extensions>
      </trkpt>
      <trkpt lat="23.227318190038204193115234375" lon="113.24245263822376728057861328125">
        <ele>-0.20000000298023223876953125</ele>
        <time>2020-01-05T02:56:23.000Z</time>
        <extensions>
          <ns3:TrackPointExtension>
            <ns3:hr>188</ns3:hr>
            <ns3:cad>84</ns3:cad>
          </ns3:TrackPointExtension>
        </extensions>
      </trkpt>
      <trkpt lat="23.2273756898939609527587890625" lon="113.242514915764331817626953125">
        <ele>-0.60000002384185791015625</ele>
        <time>2020-01-05T02:56:26.000Z</time>
        <extensions>
          <ns3:TrackPointExtension>
            <ns3:hr>191</ns3:hr>
            <ns3:cad>83</ns3:cad>
          </ns3:TrackPointExtension>
        </extensions>
      </trkpt>
      <trkpt lat="23.22752346284687519073486328125" lon="113.2426662929356098175048828125">
        <ele>-1.39999997615814208984375</ele>
        <time>2020-01-05T02:56:34.000Z</time>
        <extensions>
          <ns3:TrackPointExtension>
            <ns3:hr>191</ns3:hr>
            <ns3:cad>85</ns3:cad>
          </ns3:TrackPointExtension>
        </extensions>
      </trkpt>
      <trkpt lat="23.227566294372081756591796875" lon="113.24269655160605907440185546875">
        <ele>-1.60000002384185791015625</ele>
        <time>2020-01-05T02:56:35.000Z</time>
        <extensions>
          <ns3:TrackPointExtension>
            <ns3:hr>188</ns3:hr>
            <ns3:cad>84</ns3:cad>
          </ns3:TrackPointExtension>
        </extensions>
      </trkpt>
      <trkpt lat="23.22760476730763912200927734375" lon="113.24272136203944683074951171875">
        <ele>-1.60000002384185791015625</ele>
        <time>2020-01-05T02:56:38.000Z</time>
        <extensions>
          <ns3:TrackPointExtension>
            <ns3:hr>191</ns3:hr>
            <ns3:cad>84</ns3:cad>
          </ns3:TrackPointExtension>
        </extensions>
      </trkpt>
      <trkpt lat="23.2277756743133068084716796875" lon="113.24280803091824054718017578125">
        <ele>-1.7999999523162841796875</ele>
        <time>2020-01-05T02:56:46.000Z</time>
        <extensions>
          <ns3:TrackPointExtension>
            <ns3:hr>190</ns3:hr>
            <ns3:cad>84</ns3:cad>
          </ns3:TrackPointExtension>
        </extensions>
      </trkpt>
      <trkpt lat="23.22797055356204509735107421875" lon="113.24281943030655384063720703125">
        <ele>-1.60000002384185791015625</ele>
        <time>2020-01-05T02:56:54.000Z</time>
        <extensions>
          <ns3:TrackPointExtension>
            <ns3:hr>191</ns3:hr>
            <ns3:cad>85</ns3:cad>
          </ns3:TrackPointExtension>
        </extensions>
      </trkpt>
      <trkpt lat="23.22816266678273677825927734375" lon="113.2428191788494586944580078125">
        <ele>-1.2000000476837158203125</ele>
        <time>2020-01-05T02:57:02.000Z</time>
        <extensions>
          <ns3:TrackPointExtension>
            <ns3:hr>192</ns3:hr>
            <ns3:cad>85</ns3:cad>
          </ns3:TrackPointExtension>
        </extensions>
      </trkpt>
      <trkpt lat="23.2282081805169582366943359375" lon="113.24280719272792339324951171875">
        <ele>-1.2000000476837158203125</ele>
        <time>2020-01-05T02:57:04.000Z</time>
        <extensions>
          <ns3:TrackPointExtension>
            <ns3:hr>189</ns3:hr>
            <ns3:cad>84</ns3:cad>
          </ns3:TrackPointExtension>
        </extensions>
      </trkpt>
      <trkpt lat="23.22838529013097286224365234375" lon="113.24274298734962940216064453125">
        <ele>-1.7999999523162841796875</ele>
        <time>2020-01-05T02:57:12.000Z</time>
        <extensions>
          <ns3:TrackPointExtension>
            <ns3:hr>190</ns3:hr>
            <ns3:cad>84</ns3:cad>
          </ns3:TrackPointExtension>
        </extensions>
      </trkpt>
      <trkpt lat="23.228553347289562225341796875" lon="113.242658413946628570556640625">
        <ele>-2</ele>
        <time>2020-01-05T02:57:20.000Z</time>
        <extensions>
          <ns3:TrackPointExtension>
            <ns3:hr>190</ns3:hr>
            <ns3:cad>82</ns3:cad>
          </ns3:TrackPointExtension>
        </extensions>
      </trkpt>
      <trkpt lat="23.22872425429522991180419921875" lon="113.24253846891224384307861328125">
        <ele>-1.7999999523162841796875</ele>
        <time>2020-01-05T02:57:29.000Z</time>
        <extensions>
          <ns3:TrackPointExtension>
            <ns3:hr>191</ns3:hr>
            <ns3:cad>83</ns3:cad>
          </ns3:TrackPointExtension>
        </extensions>
      </trkpt>
      <trkpt lat="23.22888552211225032806396484375" lon="113.24240234680473804473876953125">
        <ele>0.4000000059604644775390625</ele>
        <time>2020-01-05T02:57:38.000Z</time>
        <extensions>
          <ns3:TrackPointExtension>
            <ns3:hr>190</ns3:hr>
            <ns3:cad>83</ns3:cad>
          </ns3:TrackPointExtension>
        </extensions>
      </trkpt>
      <trkpt lat="23.22904846630990505218505859375" lon="113.24228634126484394073486328125">
        <ele>3.599999904632568359375</ele>
        <time>2020-01-05T02:57:46.000Z</time>
        <extensions>
          <ns3:TrackPointExtension>
            <ns3:hr>193</ns3:hr>
            <ns3:cad>84</ns3:cad>
          </ns3:TrackPointExtension>
        </extensions>
      </trkpt>
      <trkpt lat="23.2291653938591480255126953125" lon="113.24223504401743412017822265625">
        <ele>4.599999904632568359375</ele>
        <time>2020-01-05T02:57:52.000Z</time>
        <extensions>
          <ns3:TrackPointExtension>
            <ns3:hr>190</ns3:hr>
            <ns3:cad>83</ns3:cad>
          </ns3:TrackPointExtension>
        </extensions>
      </trkpt>
      <trkpt lat="23.229355327785015106201171875" lon="113.242166899144649505615234375">
        <ele>5.80000019073486328125</ele>
        <time>2020-01-05T02:58:01.000Z</time>
        <extensions>
          <ns3:TrackPointExtension>
            <ns3:hr>191</ns3:hr>
            <ns3:cad>83</ns3:cad>
          </ns3:TrackPointExtension>
        </extensions>
      </trkpt>
      <trkpt lat="23.22954484261572360992431640625" lon="113.24212230741977691650390625">
        <ele>6.80000019073486328125</ele>
        <time>2020-01-05T02:58:10.000Z</time>
        <extensions>
          <ns3:TrackPointExtension>
            <ns3:hr>192</ns3:hr>
            <ns3:cad>83</ns3:cad>
          </ns3:TrackPointExtension>
        </extensions>
      </trkpt>
      <trkpt lat="23.2297276519238948822021484375" lon="113.24212591163814067840576171875">
        <ele>6.400000095367431640625</ele>
        <time>2020-01-05T02:58:18.000Z</time>
        <extensions>
          <ns3:TrackPointExtension>
            <ns3:hr>191</ns3:hr>
            <ns3:cad>82</ns3:cad>
          </ns3:TrackPointExtension>
        </extensions>
      </trkpt>
      <trkpt lat="23.22991599328815937042236328125" lon="113.24213898740708827972412109375">
        <ele>4.19999980926513671875</ele>
        <time>2020-01-05T02:58:26.000Z</time>
        <extensions>
          <ns3:TrackPointExtension>
            <ns3:hr>190</ns3:hr>
            <ns3:cad>83</ns3:cad>
          </ns3:TrackPointExtension>
        </extensions>
      </trkpt>
      <trkpt lat="23.23011565022170543670654296875" lon="113.242113925516605377197265625">
        <ele>-1.2000000476837158203125</ele>
        <time>2020-01-05T02:58:35.000Z</time>
        <extensions>
          <ns3:TrackPointExtension>
            <ns3:hr>191</ns3:hr>
            <ns3:cad>83</ns3:cad>
          </ns3:TrackPointExtension>
        </extensions>
      </trkpt>
      <trkpt lat="23.23029569350183010101318359375" lon="113.2420691661536693572998046875">
        <ele>-6.400000095367431640625</ele>
        <time>2020-01-05T02:58:43.000Z</time>
        <extensions>
          <ns3:TrackPointExtension>
            <ns3:hr>192</ns3:hr>
            <ns3:cad>82</ns3:cad>
          </ns3:TrackPointExtension>
        </extensions>
      </trkpt>
      <trkpt lat="23.2304766587913036346435546875" lon="113.24200487695634365081787109375">
        <ele>-13.3999996185302734375</ele>
        <time>2020-01-05T02:58:51.000Z</time>
        <extensions>
          <ns3:TrackPointExtension>
            <ns3:hr>191</ns3:hr>
            <ns3:cad>83</ns3:cad>
          </ns3:TrackPointExtension>
        </extensions>
      </trkpt>
      <trkpt lat="23.230643458664417266845703125" lon="113.24188602156937122344970703125">
        <ele>-16.799999237060546875</ele>
        <time>2020-01-05T02:58:59.000Z</time>
        <extensions>
          <ns3:TrackPointExtension>
            <ns3:hr>192</ns3:hr>
            <ns3:cad>83</ns3:cad>
          </ns3:TrackPointExtension>
        </extensions>
      </trkpt>
      <trkpt lat="23.23078234679996967315673828125" lon="113.2417466305196285247802734375">
        <ele>-16.6000003814697265625</ele>
        <time>2020-01-05T02:59:07.000Z</time>
        <extensions>
          <ns3:TrackPointExtension>
            <ns3:hr>192</ns3:hr>
            <ns3:cad>83</ns3:cad>
          </ns3:TrackPointExtension>
        </extensions>
      </trkpt>
      <trkpt lat="23.23088251054286956787109375" lon="113.2415813393890857696533203125">
        <ele>-13</ele>
        <time>2020-01-05T02:59:15.000Z</time>
        <extensions>
          <ns3:TrackPointExtension>
            <ns3:hr>192</ns3:hr>
            <ns3:cad>83</ns3:cad>
          </ns3:TrackPointExtension>
        </extensions>
      </trkpt>
      <trkpt lat="23.23097747750580310821533203125" lon="113.241409175097942352294921875">
        <ele>-4</ele>
        <time>2020-01-05T02:59:23.000Z</time>
        <extensions>
          <ns3:TrackPointExtension>
            <ns3:hr>192</ns3:hr>
            <ns3:cad>82</ns3:cad>
          </ns3:TrackPointExtension>
        </extensions>
      </trkpt>
      <trkpt lat="23.2310452871024608612060546875" lon="113.24121982790529727935791015625">
        <ele>2.2000000476837158203125</ele>
        <time>2020-01-05T02:59:31.000Z</time>
        <extensions>
          <ns3:TrackPointExtension>
            <ns3:hr>190</ns3:hr>
            <ns3:cad>84</ns3:cad>
          </ns3:TrackPointExtension>
        </extensions>
      </trkpt>
      <trkpt lat="23.23105744086205959320068359375" lon="113.241166770458221435546875">
        <ele>3.400000095367431640625</ele>
        <time>2020-01-05T02:59:33.000Z</time>
        <extensions>
          <ns3:TrackPointExtension>
            <ns3:hr>194</ns3:hr>
            <ns3:cad>83</ns3:cad>
          </ns3:TrackPointExtension>
        </extensions>
      </trkpt>
      <trkpt lat="23.2310697622597217559814453125" lon="113.2411126233637332916259765625">
        <ele>4.599999904632568359375</ele>
        <time>2020-01-05T02:59:35.000Z</time>
        <extensions>
          <ns3:TrackPointExtension>
            <ns3:hr>191</ns3:hr>
            <ns3:cad>83</ns3:cad>
          </ns3:TrackPointExtension>
        </extensions>
      </trkpt>
      <trkpt lat="23.23110823519527912139892578125" lon="113.24091170914471149444580078125">
        <ele>6</ele>
        <time>2020-01-05T02:59:43.000Z</time>
        <extensions>
          <ns3:TrackPointExtension>
            <ns3:hr>193</ns3:hr>
            <ns3:cad>83</ns3:cad>
          </ns3:TrackPointExtension>
        </extensions>
      </trkpt>
      <trkpt lat="23.23117394931614398956298828125" lon="113.240709789097309112548828125">
        <ele>6</ele>
        <time>2020-01-05T02:59:51.000Z</time>
        <extensions>
          <ns3:TrackPointExtension>
            <ns3:hr>193</ns3:hr>
            <ns3:cad>82</ns3:cad>
          </ns3:TrackPointExtension>
        </extensions>
      </trkpt>
      <trkpt lat="23.23127084411680698394775390625" lon="113.24053402058780193328857421875">
        <ele>5.400000095367431640625</ele>
        <time>2020-01-05T02:59:59.000Z</time>
        <extensions>
          <ns3:TrackPointExtension>
            <ns3:hr>194</ns3:hr>
            <ns3:cad>83</ns3:cad>
          </ns3:TrackPointExtension>
        </extensions>
      </trkpt>
      <trkpt lat="23.23140017688274383544921875" lon="113.2403766922652721405029296875">
        <ele>4</ele>
        <time>2020-01-05T03:00:07.000Z</time>
        <extensions>
          <ns3:TrackPointExtension>
            <ns3:hr>193</ns3:hr>
            <ns3:cad>83</ns3:cad>
          </ns3:TrackPointExtension>
        </extensions>
      </trkpt>
      <trkpt lat="23.23154090903699398040771484375" lon="113.2402415759861469268798828125">
        <ele>2.400000095367431640625</ele>
        <time>2020-01-05T03:00:15.000Z</time>
        <extensions>
          <ns3:TrackPointExtension>
            <ns3:hr>193</ns3:hr>
            <ns3:cad>84</ns3:cad>
          </ns3:TrackPointExtension>
        </extensions>
      </trkpt>
      <trkpt lat="23.2316933758556842803955078125" lon="113.240099251270294189453125">
        <ele>2</ele>
        <time>2020-01-05T03:00:23.000Z</time>
        <extensions>
          <ns3:TrackPointExtension>
            <ns3:hr>194</ns3:hr>
            <ns3:cad>83</ns3:cad>
          </ns3:TrackPointExtension>
        </extensions>
      </trkpt>
      <trkpt lat="23.2318445853888988494873046875" lon="113.2399606145918369293212890625">
        <ele>2</ele>
        <time>2020-01-05T03:00:31.000Z</time>
        <extensions>
          <ns3:TrackPointExtension>
            <ns3:hr>195</ns3:hr>
            <ns3:cad>83</ns3:cad>
          </ns3:TrackPointExtension>
        </extensions>
      </trkpt>
      <trkpt lat="23.2319025881588459014892578125" lon="113.23991560377180576324462890625">
        <ele>2.2000000476837158203125</ele>
        <time>2020-01-05T03:00:34.000Z</time>
        <extensions>
          <ns3:TrackPointExtension>
            <ns3:hr>192</ns3:hr>
            <ns3:cad>84</ns3:cad>
          </ns3:TrackPointExtension>
        </extensions>
      </trkpt>
      <trkpt lat="23.2320336811244487762451171875" lon="113.23976196348667144775390625">
        <ele>3</ele>
        <time>2020-01-05T03:00:42.000Z</time>
        <extensions>
          <ns3:TrackPointExtension>
            <ns3:hr>195</ns3:hr>
            <ns3:cad>83</ns3:cad>
          </ns3:TrackPointExtension>
        </extensions>
      </trkpt>
      <trkpt lat="23.23214943520724773406982421875" lon="113.23960396461188793182373046875">
        <ele>3.2000000476837158203125</ele>
        <time>2020-01-05T03:00:50.000Z</time>
        <extensions>
          <ns3:TrackPointExtension>
            <ns3:hr>195</ns3:hr>
            <ns3:cad>84</ns3:cad>
          </ns3:TrackPointExtension>
        </extensions>
      </trkpt>
      <trkpt lat="23.2322750799357891082763671875" lon="113.2394426129758358001708984375">
        <ele>3</ele>
        <time>2020-01-05T03:00:58.000Z</time>
        <extensions>
          <ns3:TrackPointExtension>
            <ns3:hr>195</ns3:hr>
            <ns3:cad>83</ns3:cad>
          </ns3:TrackPointExtension>
        </extensions>
      </trkpt>
      <trkpt lat="23.2324075140058994293212890625" lon="113.2392852008342742919921875">
        <ele>2.2000000476837158203125</ele>
        <time>2020-01-05T03:01:06.000Z</time>
        <extensions>
          <ns3:TrackPointExtension>
            <ns3:hr>196</ns3:hr>
            <ns3:cad>84</ns3:cad>
          </ns3:TrackPointExtension>
        </extensions>
      </trkpt>
      <trkpt lat="23.232540786266326904296875" lon="113.23914513923227787017822265625">
        <ele>1.2000000476837158203125</ele>
        <time>2020-01-05T03:01:14.000Z</time>
        <extensions>
          <ns3:TrackPointExtension>
            <ns3:hr>195</ns3:hr>
            <ns3:cad>83</ns3:cad>
          </ns3:TrackPointExtension>
        </extensions>
      </trkpt>
      <trkpt lat="23.23266626335680484771728515625" lon="113.238971717655658721923828125">
        <ele>0.60000002384185791015625</ele>
        <time>2020-01-05T03:01:22.000Z</time>
        <extensions>
          <ns3:TrackPointExtension>
            <ns3:hr>196</ns3:hr>
            <ns3:cad>83</ns3:cad>
          </ns3:TrackPointExtension>
        </extensions>
      </trkpt>
      <trkpt lat="23.23280070908367633819580078125" lon="113.23882847093045711517333984375">
        <ele>0.4000000059604644775390625</ele>
        <time>2020-01-05T03:01:30.000Z</time>
        <extensions>
          <ns3:TrackPointExtension>
            <ns3:hr>196</ns3:hr>
            <ns3:cad>82</ns3:cad>
          </ns3:TrackPointExtension>
        </extensions>
      </trkpt>
      <trkpt lat="23.23289550840854644775390625" lon="113.23872503824532032012939453125">
        <ele>-0.60000002384185791015625</ele>
        <time>2020-01-05T03:01:36.000Z</time>
        <extensions>
          <ns3:TrackPointExtension>
            <ns3:hr>193</ns3:hr>
            <ns3:cad>82</ns3:cad>
          </ns3:TrackPointExtension>
        </extensions>
      </trkpt>
      <trkpt lat="23.23302584700286388397216796875" lon="113.23857642710208892822265625">
        <ele>-0.800000011920928955078125</ele>
        <time>2020-01-05T03:01:45.000Z</time>
        <extensions>
          <ns3:TrackPointExtension>
            <ns3:hr>194</ns3:hr>
            <ns3:cad>83</ns3:cad>
          </ns3:TrackPointExtension>
        </extensions>
      </trkpt>
      <trkpt lat="23.23317873291671276092529296875" lon="113.23843787424266338348388671875">
        <ele>-1.60000002384185791015625</ele>
        <time>2020-01-05T03:01:53.000Z</time>
        <extensions>
          <ns3:TrackPointExtension>
            <ns3:hr>193</ns3:hr>
            <ns3:cad>83</ns3:cad>
          </ns3:TrackPointExtension>
        </extensions>
      </trkpt>
      <trkpt lat="23.23333807289600372314453125" lon="113.23832522146403789520263671875">
        <ele>-0.60000002384185791015625</ele>
        <time>2020-01-05T03:02:01.000Z</time>
        <extensions>
          <ns3:TrackPointExtension>
            <ns3:hr>194</ns3:hr>
            <ns3:cad>83</ns3:cad>
          </ns3:TrackPointExtension>
        </extensions>
      </trkpt>
      <trkpt lat="23.23349632322788238525390625" lon="113.2382108084857463836669921875">
        <ele>2</ele>
        <time>2020-01-05T03:02:09.000Z</time>
        <extensions>
          <ns3:TrackPointExtension>
            <ns3:hr>194</ns3:hr>
            <ns3:cad>84</ns3:cad>
          </ns3:TrackPointExtension>
        </extensions>
      </trkpt>
      <trkpt lat="23.23365733958780765533447265625" lon="113.2380958087742328643798828125">
        <ele>3.7999999523162841796875</ele>
        <time>2020-01-05T03:02:18.000Z</time>
        <extensions>
          <ns3:TrackPointExtension>
            <ns3:hr>193</ns3:hr>
            <ns3:cad>83</ns3:cad>
          </ns3:TrackPointExtension>
        </extensions>
      </trkpt>
      <trkpt lat="23.2338428311049938201904296875" lon="113.238012157380580902099609375">
        <ele>1.7999999523162841796875</ele>
        <time>2020-01-05T03:02:27.000Z</time>
        <extensions>
          <ns3:TrackPointExtension>
            <ns3:hr>193</ns3:hr>
            <ns3:cad>82</ns3:cad>
          </ns3:TrackPointExtension>
        </extensions>
      </trkpt>
      <trkpt lat="23.23401776142418384552001953125" lon="113.23792573995888233184814453125">
        <ele>-0.20000000298023223876953125</ele>
        <time>2020-01-05T03:02:36.000Z</time>
        <extensions>
          <ns3:TrackPointExtension>
            <ns3:hr>193</ns3:hr>
            <ns3:cad>83</ns3:cad>
          </ns3:TrackPointExtension>
        </extensions>
      </trkpt>
      <trkpt lat="23.2340530492365360260009765625" lon="113.23790679685771465301513671875">
        <ele>-0.800000011920928955078125</ele>
        <time>2020-01-05T03:02:38.000Z</time>
        <extensions>
          <ns3:TrackPointExtension>
            <ns3:hr>193</ns3:hr>
            <ns3:cad>83</ns3:cad>
          </ns3:TrackPointExtension>
        </extensions>
      </trkpt>
      <trkpt lat="23.2342250458896160125732421875" lon="113.23781258426606655120849609375">
        <ele>-2.400000095367431640625</ele>
        <time>2020-01-05T03:02:47.000Z</time>
        <extensions>
          <ns3:TrackPointExtension>
            <ns3:hr>195</ns3:hr>
            <ns3:cad>82</ns3:cad>
          </ns3:TrackPointExtension>
        </extensions>
      </trkpt>
      <trkpt lat="23.23439528234302997589111328125" lon="113.23773278854787349700927734375">
        <ele>-3</ele>
        <time>2020-01-05T03:02:55.000Z</time>
        <extensions>
          <ns3:TrackPointExtension>
            <ns3:hr>193</ns3:hr>
            <ns3:cad>83</ns3:cad>
          </ns3:TrackPointExtension>
        </extensions>
      </trkpt>
      <trkpt lat="23.23455906473100185394287109375" lon="113.23765735141932964324951171875">
        <ele>-3.2000000476837158203125</ele>
        <time>2020-01-05T03:03:03.000Z</time>
        <extensions>
          <ns3:TrackPointExtension>
            <ns3:hr>190</ns3:hr>
            <ns3:cad>82</ns3:cad>
          </ns3:TrackPointExtension>
        </extensions>
      </trkpt>
      <trkpt lat="23.23459946550428867340087890625" lon="113.23763002641499042510986328125">
        <ele>-3</ele>
        <time>2020-01-05T03:03:05.000Z</time>
        <extensions>
          <ns3:TrackPointExtension>
            <ns3:hr>193</ns3:hr>
            <ns3:cad>83</ns3:cad>
          </ns3:TrackPointExtension>
        </extensions>
      </trkpt>
      <trkpt lat="23.234763331711292266845703125" lon="113.23751837946474552154541015625">
        <ele>-2.2000000476837158203125</ele>
        <time>2020-01-05T03:03:14.000Z</time>
        <extensions>
          <ns3:TrackPointExtension>
            <ns3:hr>194</ns3:hr>
            <ns3:cad>82</ns3:cad>
          </ns3:TrackPointExtension>
        </extensions>
      </trkpt>
      <trkpt lat="23.2349100150167942047119140625" lon="113.23739281855523586273193359375">
        <ele>0.20000000298023223876953125</ele>
        <time>2020-01-05T03:03:22.000Z</time>
        <extensions>
          <ns3:TrackPointExtension>
            <ns3:hr>193</ns3:hr>
            <ns3:cad>83</ns3:cad>
          </ns3:TrackPointExtension>
        </extensions>
      </trkpt>
      <trkpt lat="23.23503700084984302520751953125" lon="113.2372534275054931640625">
        <ele>2.599999904632568359375</ele>
        <time>2020-01-05T03:03:30.000Z</time>
        <extensions>
          <ns3:TrackPointExtension>
            <ns3:hr>195</ns3:hr>
            <ns3:cad>83</ns3:cad>
          </ns3:TrackPointExtension>
        </extensions>
      </trkpt>
      <trkpt lat="23.2351732067763805389404296875" lon="113.2371168024837970733642578125">
        <ele>5</ele>
        <time>2020-01-05T03:03:38.000Z</time>
        <extensions>
          <ns3:TrackPointExtension>
            <ns3:hr>193</ns3:hr>
            <ns3:cad>82</ns3:cad>
          </ns3:TrackPointExtension>
        </extensions>
      </trkpt>
      <trkpt lat="23.23529030196368694305419921875" lon="113.23695637285709381103515625">
        <ele>6</ele>
        <time>2020-01-05T03:03:45.000Z</time>
        <extensions>
          <ns3:TrackPointExtension>
            <ns3:hr>195</ns3:hr>
            <ns3:cad>82</ns3:cad>
          </ns3:TrackPointExtension>
        </extensions>
      </trkpt>
      <trkpt lat="23.23538535274565219879150390625" lon="113.23678060434758663177490234375">
        <ele>5.400000095367431640625</ele>
        <time>2020-01-05T03:03:53.000Z</time>
        <extensions>
          <ns3:TrackPointExtension>
            <ns3:hr>193</ns3:hr>
            <ns3:cad>83</ns3:cad>
          </ns3:TrackPointExtension>
        </extensions>
      </trkpt>
      <trkpt lat="23.2354228198528289794921875" lon="113.2366926781833171844482421875">
        <ele>5.19999980926513671875</ele>
        <time>2020-01-05T03:03:57.000Z</time>
        <extensions>
          <ns3:TrackPointExtension>
            <ns3:hr>190</ns3:hr>
            <ns3:cad>81</ns3:cad>
          </ns3:TrackPointExtension>
        </extensions>
      </trkpt>
      <trkpt lat="23.2354818284511566162109375" lon="113.2365035824477672576904296875">
        <ele>5.400000095367431640625</ele>
        <time>2020-01-05T03:04:05.000Z</time>
        <extensions>
          <ns3:TrackPointExtension>
            <ns3:hr>194</ns3:hr>
            <ns3:cad>82</ns3:cad>
          </ns3:TrackPointExtension>
        </extensions>
      </trkpt>
      <trkpt lat="23.23554125614464282989501953125" lon="113.23631842620670795440673828125">
        <ele>5.400000095367431640625</ele>
        <time>2020-01-05T03:04:13.000Z</time>
        <extensions>
          <ns3:TrackPointExtension>
            <ns3:hr>193</ns3:hr>
            <ns3:cad>83</ns3:cad>
          </ns3:TrackPointExtension>
        </extensions>
      </trkpt>
      <trkpt lat="23.23559121228754520416259765625" lon="113.2361163385212421417236328125">
        <ele>5</ele>
        <time>2020-01-05T03:04:21.000Z</time>
        <extensions>
          <ns3:TrackPointExtension>
            <ns3:hr>193</ns3:hr>
            <ns3:cad>81</ns3:cad>
          </ns3:TrackPointExtension>
        </extensions>
      </trkpt>
      <trkpt lat="23.2356191240251064300537109375" lon="113.23599614202976226806640625">
        <ele>5</ele>
        <time>2020-01-05T03:04:26.000Z</time>
        <extensions>
          <ns3:TrackPointExtension>
            <ns3:hr>196</ns3:hr>
            <ns3:cad>82</ns3:cad>
          </ns3:TrackPointExtension>
        </extensions>
      </trkpt>
      <trkpt lat="23.23563664220273494720458984375" lon="113.235842250287532806396484375">
        <ele>3.7999999523162841796875</ele>
        <time>2020-01-05T03:04:32.000Z</time>
        <extensions>
          <ns3:TrackPointExtension>
            <ns3:hr>191</ns3:hr>
            <ns3:cad>81</ns3:cad>
          </ns3:TrackPointExtension>
        </extensions>
      </trkpt>
      <trkpt lat="23.2356402464210987091064453125" lon="113.23579204268753528594970703125">
        <ele>3.599999904632568359375</ele>
        <time>2020-01-05T03:04:34.000Z</time>
        <extensions>
          <ns3:TrackPointExtension>
            <ns3:hr>194</ns3:hr>
            <ns3:cad>81</ns3:cad>
          </ns3:TrackPointExtension>
        </extensions>
      </trkpt>
      <trkpt lat="23.2356570102274417877197265625" lon="113.235588110983371734619140625">
        <ele>0.20000000298023223876953125</ele>
        <time>2020-01-05T03:04:44.000Z</time>
        <extensions>
          <ns3:TrackPointExtension>
            <ns3:hr>194</ns3:hr>
            <ns3:cad>82</ns3:cad>
          </ns3:TrackPointExtension>
        </extensions>
      </trkpt>
      <trkpt lat="23.2356586866080760955810546875" lon="113.23537009768187999725341796875">
        <ele>-2.599999904632568359375</ele>
        <time>2020-01-05T03:04:53.000Z</time>
        <extensions>
          <ns3:TrackPointExtension>
            <ns3:hr>192</ns3:hr>
            <ns3:cad>84</ns3:cad>
          </ns3:TrackPointExtension>
        </extensions>
      </trkpt>
      <trkpt lat="23.23564074933528900146484375" lon="113.23516926728188991546630859375">
        <ele>-4.80000019073486328125</ele>
        <time>2020-01-05T03:05:00.000Z</time>
        <extensions>
          <ns3:TrackPointExtension>
            <ns3:hr>194</ns3:hr>
            <ns3:cad>84</ns3:cad>
          </ns3:TrackPointExtension>
        </extensions>
      </trkpt>
      <trkpt lat="23.23562473990023136138916015625" lon="113.234949745237827301025390625">
        <ele>-4.599999904632568359375</ele>
        <time>2020-01-05T03:05:08.000Z</time>
        <extensions>
          <ns3:TrackPointExtension>
            <ns3:hr>196</ns3:hr>
            <ns3:cad>83</ns3:cad>
          </ns3:TrackPointExtension>
        </extensions>
      </trkpt>
      <trkpt lat="23.23560965247452259063720703125" lon="113.2347366772592067718505859375">
        <ele>-1.2000000476837158203125</ele>
        <time>2020-01-05T03:05:16.000Z</time>
        <extensions>
          <ns3:TrackPointExtension>
            <ns3:hr>197</ns3:hr>
            <ns3:cad>82</ns3:cad>
          </ns3:TrackPointExtension>
        </extensions>
      </trkpt>
      <trkpt lat="23.2355956546962261199951171875" lon="113.23453567922115325927734375">
        <ele>0.20000000298023223876953125</ele>
        <time>2020-01-05T03:05:24.000Z</time>
        <extensions>
          <ns3:TrackPointExtension>
            <ns3:hr>195</ns3:hr>
            <ns3:cad>81</ns3:cad>
          </ns3:TrackPointExtension>
        </extensions>
      </trkpt>
      <trkpt lat="23.23562138713896274566650390625" lon="113.23432940058410167694091796875">
        <ele>0.800000011920928955078125</ele>
        <time>2020-01-05T03:05:32.000Z</time>
        <extensions>
          <ns3:TrackPointExtension>
            <ns3:hr>189</ns3:hr>
            <ns3:cad>82</ns3:cad>
          </ns3:TrackPointExtension>
        </extensions>
      </trkpt>
      <trkpt lat="23.23563714511692523956298828125" lon="113.234164528548717498779296875">
        <ele>0.60000002384185791015625</ele>
        <time>2020-01-05T03:05:38.000Z</time>
        <extensions>
          <ns3:TrackPointExtension>
            <ns3:hr>192</ns3:hr>
            <ns3:cad>82</ns3:cad>
          </ns3:TrackPointExtension>
        </extensions>
      </trkpt>
      <trkpt lat="23.23563965968787670135498046875" lon="113.23405380360782146453857421875">
        <ele>0.60000002384185791015625</ele>
        <time>2020-01-05T03:05:43.000Z</time>
        <extensions>
          <ns3:TrackPointExtension>
            <ns3:hr>195</ns3:hr>
            <ns3:cad>82</ns3:cad>
          </ns3:TrackPointExtension>
        </extensions>
      </trkpt>
      <trkpt lat="23.23562272824347019195556640625" lon="113.23395766317844390869140625">
        <ele>0.60000002384185791015625</ele>
        <time>2020-01-05T03:05:47.000Z</time>
        <extensions>
          <ns3:TrackPointExtension>
            <ns3:hr>191</ns3:hr>
            <ns3:cad>83</ns3:cad>
          </ns3:TrackPointExtension>
        </extensions>
      </trkpt>
      <trkpt lat="23.23560847900807857513427734375" lon="113.233901001513004302978515625">
        <ele>0.60000002384185791015625</ele>
        <time>2020-01-05T03:05:49.000Z</time>
        <extensions>
          <ns3:TrackPointExtension>
            <ns3:hr>187</ns3:hr>
            <ns3:cad>83</ns3:cad>
          </ns3:TrackPointExtension>
        </extensions>
      </trkpt>
      <trkpt lat="23.23559087701141834259033203125" lon="113.23384593240916728973388671875">
        <ele>0.60000002384185791015625</ele>
        <time>2020-01-05T03:05:50.000Z</time>
        <extensions>
          <ns3:TrackPointExtension>
            <ns3:hr>190</ns3:hr>
            <ns3:cad>83</ns3:cad>
          </ns3:TrackPointExtension>
        </extensions>
      </trkpt>
      <trkpt lat="23.23559087701141834259033203125" lon="113.23384593240916728973388671875">
        <ele>0.60000002384185791015625</ele>
        <time>2020-01-05T03:05:51.000Z</time>
        <extensions>
          <ns3:TrackPointExtension>
            <ns3:hr>195</ns3:hr>
            <ns3:cad>83</ns3:cad>
          </ns3:TrackPointExtension>
        </extensions>
      </trkpt>
      <trkpt lat="23.23551024310290813446044921875" lon="113.2336453534662723541259765625">
        <ele>0.800000011920928955078125</ele>
        <time>2020-01-05T03:05:59.000Z</time>
        <extensions>
          <ns3:TrackPointExtension>
            <ns3:hr>197</ns3:hr>
            <ns3:cad>83</ns3:cad>
          </ns3:TrackPointExtension>
        </extensions>
      </trkpt>
      <trkpt lat="23.2354548387229442596435546875" lon="113.23354753665626049041748046875">
        <ele>0.800000011920928955078125</ele>
        <time>2020-01-05T03:06:03.000Z</time>
        <extensions>
          <ns3:TrackPointExtension>
            <ns3:hr>194</ns3:hr>
            <ns3:cad>83</ns3:cad>
          </ns3:TrackPointExtension>
        </extensions>
      </trkpt>
      <trkpt lat="23.2354089058935642242431640625" lon="113.23349070735275745391845703125">
        <ele>1.39999997615814208984375</ele>
        <time>2020-01-05T03:06:06.000Z</time>
        <extensions>
          <ns3:TrackPointExtension>
            <ns3:hr>197</ns3:hr>
            <ns3:cad>82</ns3:cad>
          </ns3:TrackPointExtension>
        </extensions>
      </trkpt>
      <trkpt lat="23.23537110351026058197021484375" lon="113.233424909412860870361328125">
        <ele>2.2000000476837158203125</ele>
        <time>2020-01-05T03:06:09.000Z</time>
        <extensions>
          <ns3:TrackPointExtension>
            <ns3:hr>194</ns3:hr>
            <ns3:cad>81</ns3:cad>
          </ns3:TrackPointExtension>
        </extensions>
      </trkpt>
      <trkpt lat="23.23531075380742549896240234375" lon="113.233308233320713043212890625">
        <ele>3.400000095367431640625</ele>
        <time>2020-01-05T03:06:14.000Z</time>
        <extensions>
          <ns3:TrackPointExtension>
            <ns3:hr>197</ns3:hr>
            <ns3:cad>82</ns3:cad>
          </ns3:TrackPointExtension>
        </extensions>
      </trkpt>
      <trkpt lat="23.235238082706928253173828125" lon="113.23312223888933658599853515625">
        <ele>4.400000095367431640625</ele>
        <time>2020-01-05T03:06:21.000Z</time>
        <extensions>
          <ns3:TrackPointExtension>
            <ns3:hr>196</ns3:hr>
            <ns3:cad>82</ns3:cad>
          </ns3:TrackPointExtension>
        </extensions>
      </trkpt>
      <trkpt lat="23.23522257618606090545654296875" lon="113.23291520588099956512451171875">
        <ele>4.599999904632568359375</ele>
        <time>2020-01-05T03:06:29.000Z</time>
        <extensions>
          <ns3:TrackPointExtension>
            <ns3:hr>194</ns3:hr>
            <ns3:cad>83</ns3:cad>
          </ns3:TrackPointExtension>
        </extensions>
      </trkpt>
      <trkpt lat="23.2352067343890666961669921875" lon="113.2327917404472827911376953125">
        <ele>3.599999904632568359375</ele>
        <time>2020-01-05T03:06:34.000Z</time>
        <extensions>
          <ns3:TrackPointExtension>
            <ns3:hr>197</ns3:hr>
            <ns3:cad>83</ns3:cad>
          </ns3:TrackPointExtension>
        </extensions>
      </trkpt>
      <trkpt lat="23.23519625701010227203369140625" lon="113.2326978631317615509033203125">
        <ele>3</ele>
        <time>2020-01-05T03:06:39.000Z</time>
        <extensions>
          <ns3:TrackPointExtension>
            <ns3:hr>193</ns3:hr>
            <ns3:cad>81</ns3:cad>
          </ns3:TrackPointExtension>
        </extensions>
      </trkpt>
      <trkpt lat="23.23519290424883365631103515625" lon="113.232663832604885101318359375">
        <ele>2.7999999523162841796875</ele>
        <time>2020-01-05T03:06:40.000Z</time>
        <extensions>
          <ns3:TrackPointExtension>
            <ns3:hr>194</ns3:hr>
            <ns3:cad>79</ns3:cad>
          </ns3:TrackPointExtension>
        </extensions>
      </trkpt>
      <trkpt lat="23.23519458062946796417236328125" lon="113.23264849372208118438720703125">
        <ele>2.7999999523162841796875</ele>
        <time>2020-01-05T03:06:42.000Z</time>
        <extensions>
          <ns3:TrackPointExtension>
            <ns3:hr>197</ns3:hr>
            <ns3:cad>79</ns3:cad>
          </ns3:TrackPointExtension>
        </extensions>
      </trkpt>
      <trkpt lat="23.23519525118172168731689453125" lon="113.23252645321190357208251953125">
        <ele>2.400000095367431640625</ele>
        <time>2020-01-05T03:06:51.000Z</time>
        <extensions>
          <ns3:TrackPointExtension>
            <ns3:hr>193</ns3:hr>
            <ns3:cad>61</ns3:cad>
          </ns3:TrackPointExtension>
        </extensions>
      </trkpt>
      <trkpt lat="23.2352023757994174957275390625" lon="113.23249912820756435394287109375">
        <ele>2.2000000476837158203125</ele>
        <time>2020-01-05T03:06:52.000Z</time>
        <extensions>
          <ns3:TrackPointExtension>
            <ns3:hr>190</ns3:hr>
            <ns3:cad>61</ns3:cad>
          </ns3:TrackPointExtension>
        </extensions>
      </trkpt>
      <trkpt lat="23.2352023757994174957275390625" lon="113.23249912820756435394287109375">
        <ele>2.2000000476837158203125</ele>
        <time>2020-01-05T03:06:53.000Z</time>
        <extensions>
          <ns3:TrackPointExtension>
            <ns3:hr>190</ns3:hr>
            <ns3:cad>61</ns3:cad>
          </ns3:TrackPointExtension>
        </extensions>
      </trkpt>
      <trkpt lat="23.23519944213330745697021484375" lon="113.23245336301624774932861328125">
        <ele>2</ele>
        <time>2020-01-05T03:06:56.000Z</time>
        <extensions>
          <ns3:TrackPointExtension>
            <ns3:hr>191</ns3:hr>
            <ns3:cad>62</ns3:cad>
          </ns3:TrackPointExtension>
        </extensions>
      </trkpt>
      <trkpt lat="23.2352325506508350372314453125" lon="113.23234054259955883026123046875">
        <ele>2.400000095367431640625</ele>
        <time>2020-01-05T03:07:05.000Z</time>
        <extensions>
          <ns3:TrackPointExtension>
            <ns3:hr>189</ns3:hr>
            <ns3:cad>61</ns3:cad>
          </ns3:TrackPointExtension>
        </extensions>
      </trkpt>
      <trkpt lat="23.2352878712117671966552734375" lon="113.23218514211475849151611328125">
        <ele>2.7999999523162841796875</ele>
        <time>2020-01-05T03:07:13.000Z</time>
        <extensions>
          <ns3:TrackPointExtension>
            <ns3:hr>186</ns3:hr>
            <ns3:cad>81</ns3:cad>
          </ns3:TrackPointExtension>
        </extensions>
      </trkpt>
      <trkpt lat="23.23529876768589019775390625" lon="113.2321319170296192169189453125">
        <ele>3</ele>
        <time>2020-01-05T03:07:15.000Z</time>
        <extensions>
          <ns3:TrackPointExtension>
            <ns3:hr>182</ns3:hr>
            <ns3:cad>83</ns3:cad>
          </ns3:TrackPointExtension>
        </extensions>
      </trkpt>
      <trkpt lat="23.23534159921109676361083984375" lon="113.231932930648326873779296875">
        <ele>2</ele>
        <time>2020-01-05T03:07:22.000Z</time>
        <extensions>
          <ns3:TrackPointExtension>
            <ns3:hr>181</ns3:hr>
            <ns3:cad>84</ns3:cad>
          </ns3:TrackPointExtension>
        </extensions>
      </trkpt>
      <trkpt lat="23.2353450357913970947265625" lon="113.23179312050342559814453125">
        <ele>1</ele>
        <time>2020-01-05T03:07:27.000Z</time>
        <extensions>
          <ns3:TrackPointExtension>
            <ns3:hr>186</ns3:hr>
            <ns3:cad>84</ns3:cad>
          </ns3:TrackPointExtension>
        </extensions>
      </trkpt>
      <trkpt lat="23.23533623479306697845458984375" lon="113.2316958904266357421875">
        <ele>0.4000000059604644775390625</ele>
        <time>2020-01-05T03:07:31.000Z</time>
        <extensions>
          <ns3:TrackPointExtension>
            <ns3:hr>190</ns3:hr>
            <ns3:cad>83</ns3:cad>
          </ns3:TrackPointExtension>
        </extensions>
      </trkpt>
      <trkpt lat="23.23531888425350189208984375" lon="113.231574855744838714599609375">
        <ele>0</ele>
        <time>2020-01-05T03:07:36.000Z</time>
        <extensions>
          <ns3:TrackPointExtension>
            <ns3:hr>193</ns3:hr>
            <ns3:cad>82</ns3:cad>
          </ns3:TrackPointExtension>
        </extensions>
      </trkpt>
      <trkpt lat="23.23531544767320156097412109375" lon="113.23137226514518260955810546875">
        <ele>1.2000000476837158203125</ele>
        <time>2020-01-05T03:07:45.000Z</time>
        <extensions>
          <ns3:TrackPointExtension>
            <ns3:hr>191</ns3:hr>
            <ns3:cad>82</ns3:cad>
          </ns3:TrackPointExtension>
        </extensions>
      </trkpt>
      <trkpt lat="23.2352645695209503173828125" lon="113.231165148317813873291015625">
        <ele>1.39999997615814208984375</ele>
        <time>2020-01-05T03:07:54.000Z</time>
        <extensions>
          <ns3:TrackPointExtension>
            <ns3:hr>191</ns3:hr>
            <ns3:cad>83</ns3:cad>
          </ns3:TrackPointExtension>
        </extensions>
      </trkpt>
      <trkpt lat="23.23526314459741115570068359375" lon="113.23096171952784061431884765625">
        <ele>1.2000000476837158203125</ele>
        <time>2020-01-05T03:08:01.000Z</time>
        <extensions>
          <ns3:TrackPointExtension>
            <ns3:hr>193</ns3:hr>
            <ns3:cad>82</ns3:cad>
          </ns3:TrackPointExtension>
        </extensions>
      </trkpt>
      <trkpt lat="23.235282003879547119140625" lon="113.23073809035122394561767578125">
        <ele>0.20000000298023223876953125</ele>
        <time>2020-01-05T03:08:08.000Z</time>
        <extensions>
          <ns3:TrackPointExtension>
            <ns3:hr>194</ns3:hr>
            <ns3:cad>81</ns3:cad>
          </ns3:TrackPointExtension>
        </extensions>
      </trkpt>
      <trkpt lat="23.23528024367988109588623046875" lon="113.23053323663771152496337890625">
        <ele>0.20000000298023223876953125</ele>
        <time>2020-01-05T03:08:16.000Z</time>
        <extensions>
          <ns3:TrackPointExtension>
            <ns3:hr>194</ns3:hr>
            <ns3:cad>83</ns3:cad>
          </ns3:TrackPointExtension>
        </extensions>
      </trkpt>
      <trkpt lat="23.23529876768589019775390625" lon="113.23043449781835079193115234375">
        <ele>-0.60000002384185791015625</ele>
        <time>2020-01-05T03:08:20.000Z</time>
        <extensions>
          <ns3:TrackPointExtension>
            <ns3:hr>197</ns3:hr>
            <ns3:cad>81</ns3:cad>
          </ns3:TrackPointExtension>
        </extensions>
      </trkpt>
      <trkpt lat="23.23529968969523906707763671875" lon="113.23034849949181079864501953125">
        <ele>-0.800000011920928955078125</ele>
        <time>2020-01-05T03:08:23.000Z</time>
        <extensions>
          <ns3:TrackPointExtension>
            <ns3:hr>194</ns3:hr>
            <ns3:cad>81</ns3:cad>
          </ns3:TrackPointExtension>
        </extensions>
      </trkpt>
      <trkpt lat="23.2352771423757076263427734375" lon="113.2301430590450763702392578125">
        <ele>-1</ele>
        <time>2020-01-05T03:08:31.000Z</time>
        <extensions>
          <ns3:TrackPointExtension>
            <ns3:hr>194</ns3:hr>
            <ns3:cad>82</ns3:cad>
          </ns3:TrackPointExtension>
        </extensions>
      </trkpt>
      <trkpt lat="23.2352020405232906341552734375" lon="113.22995371185243129730224609375">
        <ele>-1</ele>
        <time>2020-01-05T03:08:40.000Z</time>
        <extensions>
          <ns3:TrackPointExtension>
            <ns3:hr>194</ns3:hr>
            <ns3:cad>82</ns3:cad>
          </ns3:TrackPointExtension>
        </extensions>
      </trkpt>
      <trkpt lat="23.2351115159690380096435546875" lon="113.22977685369551181793212890625">
        <ele>-1.39999997615814208984375</ele>
        <time>2020-01-05T03:08:48.000Z</time>
        <extensions>
          <ns3:TrackPointExtension>
            <ns3:hr>193</ns3:hr>
            <ns3:cad>83</ns3:cad>
          </ns3:TrackPointExtension>
        </extensions>
      </trkpt>
      <trkpt lat="23.2349596358835697174072265625" lon="113.22966210544109344482421875">
        <ele>-2.599999904632568359375</ele>
        <time>2020-01-05T03:08:56.000Z</time>
        <extensions>
          <ns3:TrackPointExtension>
            <ns3:hr>194</ns3:hr>
            <ns3:cad>82</ns3:cad>
          </ns3:TrackPointExtension>
        </extensions>
      </trkpt>
      <trkpt lat="23.2347604818642139434814453125" lon="113.22960846126079559326171875">
        <ele>-2.2000000476837158203125</ele>
        <time>2020-01-05T03:09:04.000Z</time>
        <extensions>
          <ns3:TrackPointExtension>
            <ns3:hr>195</ns3:hr>
            <ns3:cad>82</ns3:cad>
          </ns3:TrackPointExtension>
        </extensions>
      </trkpt>
      <trkpt lat="23.234679512679576873779296875" lon="113.22961122728884220123291015625">
        <ele>-2</ele>
        <time>2020-01-05T03:09:07.000Z</time>
        <extensions>
          <ns3:TrackPointExtension>
            <ns3:hr>192</ns3:hr>
            <ns3:cad>85</ns3:cad>
          </ns3:TrackPointExtension>
        </extensions>
      </trkpt>
      <trkpt lat="23.23455319739878177642822265625" lon="113.229654729366302490234375">
        <ele>-1.60000002384185791015625</ele>
        <time>2020-01-05T03:09:12.000Z</time>
        <extensions>
          <ns3:TrackPointExtension>
            <ns3:hr>193</ns3:hr>
            <ns3:cad>85</ns3:cad>
          </ns3:TrackPointExtension>
        </extensions>
      </trkpt>
      <trkpt lat="23.23438522405922412872314453125" lon="113.22975757531821727752685546875">
        <ele>-1.2000000476837158203125</ele>
        <time>2020-01-05T03:09:21.000Z</time>
        <extensions>
          <ns3:TrackPointExtension>
            <ns3:hr>194</ns3:hr>
            <ns3:cad>83</ns3:cad>
          </ns3:TrackPointExtension>
        </extensions>
      </trkpt>
      <trkpt lat="23.2342216931283473968505859375" lon="113.229858577251434326171875">
        <ele>0.4000000059604644775390625</ele>
        <time>2020-01-05T03:09:30.000Z</time>
        <extensions>
          <ns3:TrackPointExtension>
            <ns3:hr>195</ns3:hr>
            <ns3:cad>82</ns3:cad>
          </ns3:TrackPointExtension>
        </extensions>
      </trkpt>
      <trkpt lat="23.2340557314455509185791015625" lon="113.22994449175894260406494140625">
        <ele>2.400000095367431640625</ele>
        <time>2020-01-05T03:09:39.000Z</time>
        <extensions>
          <ns3:TrackPointExtension>
            <ns3:hr>195</ns3:hr>
            <ns3:cad>81</ns3:cad>
          </ns3:TrackPointExtension>
        </extensions>
      </trkpt>
      <trkpt lat="23.2340205274522304534912109375" lon="113.2299564778804779052734375">
        <ele>2.7999999523162841796875</ele>
        <time>2020-01-05T03:09:41.000Z</time>
        <extensions>
          <ns3:TrackPointExtension>
            <ns3:hr>198</ns3:hr>
            <ns3:cad>81</ns3:cad>
          </ns3:TrackPointExtension>
        </extensions>
      </trkpt>
      <trkpt lat="23.23394425213336944580078125" lon="113.229978270828723907470703125">
        <ele>3.400000095367431640625</ele>
        <time>2020-01-05T03:09:45.000Z</time>
        <extensions>
          <ns3:TrackPointExtension>
            <ns3:hr>195</ns3:hr>
            <ns3:cad>82</ns3:cad>
          </ns3:TrackPointExtension>
        </extensions>
      </trkpt>
      <trkpt lat="23.23375121690332889556884765625" lon="113.23004457168281078338623046875">
        <ele>4.400000095367431640625</ele>
        <time>2020-01-05T03:09:54.000Z</time>
        <extensions>
          <ns3:TrackPointExtension>
            <ns3:hr>196</ns3:hr>
            <ns3:cad>83</ns3:cad>
          </ns3:TrackPointExtension>
        </extensions>
      </trkpt>
      <trkpt lat="23.2335896976292133331298828125" lon="113.2301584817469120025634765625">
        <ele>4.80000019073486328125</ele>
        <time>2020-01-05T03:10:01.000Z</time>
        <extensions>
          <ns3:TrackPointExtension>
            <ns3:hr>196</ns3:hr>
            <ns3:cad>82</ns3:cad>
          </ns3:TrackPointExtension>
        </extensions>
      </trkpt>
      <trkpt lat="23.2334166951477527618408203125" lon="113.2302702963352203369140625">
        <ele>3</ele>
        <time>2020-01-05T03:10:10.000Z</time>
        <extensions>
          <ns3:TrackPointExtension>
            <ns3:hr>196</ns3:hr>
            <ns3:cad>83</ns3:cad>
          </ns3:TrackPointExtension>
        </extensions>
      </trkpt>
      <trkpt lat="23.23336062021553516387939453125" lon="113.2303070090711116790771484375">
        <ele>1.7999999523162841796875</ele>
        <time>2020-01-05T03:10:13.000Z</time>
        <extensions>
          <ns3:TrackPointExtension>
            <ns3:hr>193</ns3:hr>
            <ns3:cad>83</ns3:cad>
          </ns3:TrackPointExtension>
        </extensions>
      </trkpt>
      <trkpt lat="23.23332373984158039093017578125" lon="113.230331651866436004638671875">
        <ele>1.7999999523162841796875</ele>
        <time>2020-01-05T03:10:15.000Z</time>
        <extensions>
          <ns3:TrackPointExtension>
            <ns3:hr>196</ns3:hr>
            <ns3:cad>82</ns3:cad>
          </ns3:TrackPointExtension>
        </extensions>
      </trkpt>
      <trkpt lat="23.23316364549100399017333984375" lon="113.2304454781115055084228515625">
        <ele>1.2000000476837158203125</ele>
        <time>2020-01-05T03:10:23.000Z</time>
        <extensions>
          <ns3:TrackPointExtension>
            <ns3:hr>194</ns3:hr>
            <ns3:cad>83</ns3:cad>
          </ns3:TrackPointExtension>
        </extensions>
      </trkpt>
      <trkpt lat="23.23301863856613636016845703125" lon="113.23056911118328571319580078125">
        <ele>0.60000002384185791015625</ele>
        <time>2020-01-05T03:10:31.000Z</time>
        <extensions>
          <ns3:TrackPointExtension>
            <ns3:hr>195</ns3:hr>
            <ns3:cad>83</ns3:cad>
          </ns3:TrackPointExtension>
        </extensions>
      </trkpt>
      <trkpt lat="23.2328631542623043060302734375" lon="113.23068193159997463226318359375">
        <ele>0.4000000059604644775390625</ele>
        <time>2020-01-05T03:10:40.000Z</time>
        <extensions>
          <ns3:TrackPointExtension>
            <ns3:hr>197</ns3:hr>
            <ns3:cad>84</ns3:cad>
          </ns3:TrackPointExtension>
        </extensions>
      </trkpt>
      <trkpt lat="23.2326988689601421356201171875" lon="113.23077312670648097991943359375">
        <ele>1</ele>
        <time>2020-01-05T03:10:48.000Z</time>
        <extensions>
          <ns3:TrackPointExtension>
            <ns3:hr>196</ns3:hr>
            <ns3:cad>83</ns3:cad>
          </ns3:TrackPointExtension>
        </extensions>
      </trkpt>
      <trkpt lat="23.23252192698419094085693359375" lon="113.2308514975011348724365234375">
        <ele>2.400000095367431640625</ele>
        <time>2020-01-05T03:10:56.000Z</time>
        <extensions>
          <ns3:TrackPointExtension>
            <ns3:hr>196</ns3:hr>
            <ns3:cad>82</ns3:cad>
          </ns3:TrackPointExtension>
        </extensions>
      </trkpt>
      <trkpt lat="23.232484795153141021728515625" lon="113.23087446391582489013671875">
        <ele>3.2000000476837158203125</ele>
        <time>2020-01-05T03:10:58.000Z</time>
        <extensions>
          <ns3:TrackPointExtension>
            <ns3:hr>191</ns3:hr>
            <ns3:cad>82</ns3:cad>
          </ns3:TrackPointExtension>
        </extensions>
      </trkpt>
      <trkpt lat="23.2324279658496379852294921875" lon="113.23091193102300167083740234375">
        <ele>4.599999904632568359375</ele>
        <time>2020-01-05T03:11:01.000Z</time>
        <extensions>
          <ns3:TrackPointExtension>
            <ns3:hr>196</ns3:hr>
            <ns3:cad>83</ns3:cad>
          </ns3:TrackPointExtension>
        </extensions>
      </trkpt>
      <trkpt lat="23.23237306438386440277099609375" lon="113.23095434345304965972900390625">
        <ele>5.400000095367431640625</ele>
        <time>2020-01-05T03:11:04.000Z</time>
        <extensions>
          <ns3:TrackPointExtension>
            <ns3:hr>196</ns3:hr>
            <ns3:cad>81</ns3:cad>
          </ns3:TrackPointExtension>
        </extensions>
      </trkpt>
      <trkpt lat="23.2323133014142513275146484375" lon="113.2310017012059688568115234375">
        <ele>6</ele>
        <time>2020-01-05T03:11:07.000Z</time>
        <extensions>
          <ns3:TrackPointExtension>
            <ns3:hr>197</ns3:hr>
            <ns3:cad>82</ns3:cad>
          </ns3:TrackPointExtension>
        </extensions>
      </trkpt>
      <trkpt lat="23.2322187535464763641357421875" lon="113.231077976524829864501953125">
        <ele>6.19999980926513671875</ele>
        <time>2020-01-05T03:11:12.000Z</time>
        <extensions>
          <ns3:TrackPointExtension>
            <ns3:hr>196</ns3:hr>
            <ns3:cad>82</ns3:cad>
          </ns3:TrackPointExtension>
        </extensions>
      </trkpt>
      <trkpt lat="23.23211364448070526123046875" lon="113.23124687187373638153076171875">
        <ele>3.599999904632568359375</ele>
        <time>2020-01-05T03:11:23.000Z</time>
        <extensions>
          <ns3:TrackPointExtension>
            <ns3:hr>192</ns3:hr>
            <ns3:cad>82</ns3:cad>
          </ns3:TrackPointExtension>
        </extensions>
      </trkpt>
      <trkpt lat="23.2320065237581729888916015625" lon="113.2314241491258144378662109375">
        <ele>0.60000002384185791015625</ele>
        <time>2020-01-05T03:11:38.000Z</time>
        <extensions>
          <ns3:TrackPointExtension>
            <ns3:hr>190</ns3:hr>
            <ns3:cad>82</ns3:cad>
          </ns3:TrackPointExtension>
        </extensions>
      </trkpt>
      <trkpt lat="23.23196905665099620819091796875" lon="113.23151039890944957733154296875">
        <ele>-0.20000000298023223876953125</ele>
        <time>2020-01-05T03:11:42.000Z</time>
        <extensions>
          <ns3:TrackPointExtension>
            <ns3:hr>187</ns3:hr>
            <ns3:cad>82</ns3:cad>
          </ns3:TrackPointExtension>
        </extensions>
      </trkpt>
      <trkpt lat="23.23194994591176509857177734375" lon="113.2315790466964244842529296875">
        <ele>-0.4000000059604644775390625</ele>
        <time>2020-01-05T03:11:45.000Z</time>
        <extensions>
          <ns3:TrackPointExtension>
            <ns3:hr>184</ns3:hr>
            <ns3:cad>82</ns3:cad>
          </ns3:TrackPointExtension>
        </extensions>
      </trkpt>
      <trkpt lat="23.2319332659244537353515625" lon="113.2317098043859004974365234375">
        <ele>-0.4000000059604644775390625</ele>
        <time>2020-01-05T03:11:51.000Z</time>
        <extensions>
          <ns3:TrackPointExtension>
            <ns3:hr>187</ns3:hr>
            <ns3:cad>82</ns3:cad>
          </ns3:TrackPointExtension>
        </extensions>
      </trkpt>
      <trkpt lat="23.2319357804954051971435546875" lon="113.23175749741494655609130859375">
        <ele>-0.4000000059604644775390625</ele>
        <time>2020-01-05T03:11:53.000Z</time>
        <extensions>
          <ns3:TrackPointExtension>
            <ns3:hr>190</ns3:hr>
            <ns3:cad>82</ns3:cad>
          </ns3:TrackPointExtension>
        </extensions>
      </trkpt>
      <trkpt lat="23.23192429728806018829345703125" lon="113.2319575734436511993408203125">
        <ele>1.39999997615814208984375</ele>
        <time>2020-01-05T03:12:00.000Z</time>
        <extensions>
          <ns3:TrackPointExtension>
            <ns3:hr>190</ns3:hr>
            <ns3:cad>83</ns3:cad>
          </ns3:TrackPointExtension>
        </extensions>
      </trkpt>
      <trkpt lat="23.2319144904613494873046875" lon="113.232029490172863006591796875">
        <ele>2</ele>
        <time>2020-01-05T03:12:04.000Z</time>
        <extensions>
          <ns3:TrackPointExtension>
            <ns3:hr>187</ns3:hr>
            <ns3:cad>84</ns3:cad>
          </ns3:TrackPointExtension>
        </extensions>
      </trkpt>
      <trkpt lat="23.231899738311767578125" lon="113.2321329228579998016357421875">
        <ele>2.7999999523162841796875</ele>
        <time>2020-01-05T03:12:08.000Z</time>
        <extensions>
          <ns3:TrackPointExtension>
            <ns3:hr>193</ns3:hr>
            <ns3:cad>83</ns3:cad>
          </ns3:TrackPointExtension>
        </extensions>
      </trkpt>
      <trkpt lat="23.23189579881727695465087890625" lon="113.23215982876718044281005859375">
        <ele>3</ele>
        <time>2020-01-05T03:12:09.000Z</time>
        <extensions>
          <ns3:TrackPointExtension>
            <ns3:hr>193</ns3:hr>
            <ns3:cad>83</ns3:cad>
          </ns3:TrackPointExtension>
        </extensions>
      </trkpt>
      <trkpt lat="23.2318429090082645416259765625" lon="113.23237423785030841827392578125">
        <ele>7.19999980926513671875</ele>
        <time>2020-01-05T03:12:17.000Z</time>
        <extensions>
          <ns3:TrackPointExtension>
            <ns3:hr>193</ns3:hr>
            <ns3:cad>83</ns3:cad>
          </ns3:TrackPointExtension>
        </extensions>
      </trkpt>
      <trkpt lat="23.231765963137149810791015625" lon="113.23255897499620914459228515625">
        <ele>7.599999904632568359375</ele>
        <time>2020-01-05T03:12:25.000Z</time>
        <extensions>
          <ns3:TrackPointExtension>
            <ns3:hr>194</ns3:hr>
            <ns3:cad>82</ns3:cad>
          </ns3:TrackPointExtension>
        </extensions>
      </trkpt>
      <trkpt lat="23.23166043497622013092041015625" lon="113.23270901106297969818115234375">
        <ele>8</ele>
        <time>2020-01-05T03:12:32.000Z</time>
        <extensions>
          <ns3:TrackPointExtension>
            <ns3:hr>194</ns3:hr>
            <ns3:cad>82</ns3:cad>
          </ns3:TrackPointExtension>
        </extensions>
      </trkpt>
      <trkpt lat="23.2316360436379909515380859375" lon="113.2327397726476192474365234375">
        <ele>7.599999904632568359375</ele>
        <time>2020-01-05T03:12:34.000Z</time>
        <extensions>
          <ns3:TrackPointExtension>
            <ns3:hr>193</ns3:hr>
            <ns3:cad>83</ns3:cad>
          </ns3:TrackPointExtension>
        </extensions>
      </trkpt>
      <trkpt lat="23.23159354738891124725341796875" lon="113.23278947733342647552490234375">
        <ele>6.80000019073486328125</ele>
        <time>2020-01-05T03:12:37.000Z</time>
        <extensions>
          <ns3:TrackPointExtension>
            <ns3:hr>194</ns3:hr>
            <ns3:cad>83</ns3:cad>
          </ns3:TrackPointExtension>
        </extensions>
      </trkpt>
      <trkpt lat="23.23155012913048267364501953125" lon="113.2328477315604686737060546875">
        <ele>5.400000095367431640625</ele>
        <time>2020-01-05T03:12:40.000Z</time>
        <extensions>
          <ns3:TrackPointExtension>
            <ns3:hr>194</ns3:hr>
            <ns3:cad>82</ns3:cad>
          </ns3:TrackPointExtension>
        </extensions>
      </trkpt>
      <trkpt lat="23.23143227957189083099365234375" lon="113.2330046407878398895263671875">
        <ele>2.2000000476837158203125</ele>
        <time>2020-01-05T03:12:52.000Z</time>
        <extensions>
          <ns3:TrackPointExtension>
            <ns3:hr>193</ns3:hr>
            <ns3:cad>61</ns3:cad>
          </ns3:TrackPointExtension>
        </extensions>
      </trkpt>
      <trkpt lat="23.23135550133883953094482421875" lon="113.2330690138041973114013671875">
        <ele>0.800000011920928955078125</ele>
        <time>2020-01-05T03:13:00.000Z</time>
        <extensions>
          <ns3:TrackPointExtension>
            <ns3:hr>190</ns3:hr>
            <ns3:cad>61</ns3:cad>
          </ns3:TrackPointExtension>
        </extensions>
      </trkpt>
      <trkpt lat="23.23121049441397190093994140625" lon="113.233203627169132232666015625">
        <ele>-1.60000002384185791015625</ele>
        <time>2020-01-05T03:13:16.000Z</time>
        <extensions>
          <ns3:TrackPointExtension>
            <ns3:hr>189</ns3:hr>
            <ns3:cad>62</ns3:cad>
          </ns3:TrackPointExtension>
        </extensions>
      </trkpt>
      <trkpt lat="23.23115265928208827972412109375" lon="113.23325031436979770660400390625">
        <ele>-2.599999904632568359375</ele>
        <time>2020-01-05T03:13:21.000Z</time>
        <extensions>
          <ns3:TrackPointExtension>
            <ns3:hr>186</ns3:hr>
            <ns3:cad>63</ns3:cad>
          </ns3:TrackPointExtension>
        </extensions>
      </trkpt>
      <trkpt lat="23.23110186494886875152587890625" lon="113.2332856021821498870849609375">
        <ele>-3.2000000476837158203125</ele>
        <time>2020-01-05T03:13:26.000Z</time>
        <extensions>
          <ns3:TrackPointExtension>
            <ns3:hr>183</ns3:hr>
            <ns3:cad>63</ns3:cad>
          </ns3:TrackPointExtension>
        </extensions>
      </trkpt>
      <trkpt lat="23.23101368732750415802001953125" lon="113.23334637098014354705810546875">
        <ele>-3.2000000476837158203125</ele>
        <time>2020-01-05T03:13:34.000Z</time>
        <extensions>
          <ns3:TrackPointExtension>
            <ns3:hr>180</ns3:hr>
            <ns3:cad>65</ns3:cad>
          </ns3:TrackPointExtension>
        </extensions>
      </trkpt>
      <trkpt lat="23.2309515774250030517578125" lon="113.23340085335075855255126953125">
        <ele>-2</ele>
        <time>2020-01-05T03:13:41.000Z</time>
        <extensions>
          <ns3:TrackPointExtension>
            <ns3:hr>177</ns3:hr>
            <ns3:cad>63</ns3:cad>
          </ns3:TrackPointExtension>
        </extensions>
      </trkpt>
      <trkpt lat="23.23093020357191562652587890625" lon="113.2334297709167003631591796875">
        <ele>-1.60000002384185791015625</ele>
        <time>2020-01-05T03:13:44.000Z</time>
        <extensions>
          <ns3:TrackPointExtension>
            <ns3:hr>174</ns3:hr>
            <ns3:cad>60</ns3:cad>
          </ns3:TrackPointExtension>
        </extensions>
      </trkpt>
      <trkpt lat="23.23091746307909488677978515625" lon="113.2334374822676181793212890625">
        <ele>-1.39999997615814208984375</ele>
        <time>2020-01-05T03:13:45.000Z</time>
        <extensions>
          <ns3:TrackPointExtension>
            <ns3:hr>171</ns3:hr>
            <ns3:cad>60</ns3:cad>
          </ns3:TrackPointExtension>
        </extensions>
      </trkpt>
      <trkpt lat="23.23090690188109874725341796875" lon="113.23344728909432888031005859375">
        <ele>-1.2000000476837158203125</ele>
        <time>2020-01-05T03:13:46.000Z</time>
        <extensions>
          <ns3:TrackPointExtension>
            <ns3:hr>176</ns3:hr>
            <ns3:cad>60</ns3:cad>
          </ns3:TrackPointExtension>
        </extensions>
      </trkpt>
      <trkpt lat="23.2307629846036434173583984375" lon="113.23355088941752910614013671875">
        <ele>1</ele>
        <time>2020-01-05T03:13:57.000Z</time>
        <extensions>
          <ns3:TrackPointExtension>
            <ns3:hr>174</ns3:hr>
            <ns3:cad>61</ns3:cad>
          </ns3:TrackPointExtension>
        </extensions>
      </trkpt>
      <trkpt lat="23.23068025521934032440185546875" lon="113.2336389832198619842529296875">
        <ele>1.7999999523162841796875</ele>
        <time>2020-01-05T03:14:05.000Z</time>
        <extensions>
          <ns3:TrackPointExtension>
            <ns3:hr>170</ns3:hr>
            <ns3:cad>63</ns3:cad>
          </ns3:TrackPointExtension>
        </extensions>
      </trkpt>
      <trkpt lat="23.230652846395969390869140625" lon="113.23366169817745685577392578125">
        <ele>2.2000000476837158203125</ele>
        <time>2020-01-05T03:14:07.000Z</time>
        <extensions>
          <ns3:TrackPointExtension>
            <ns3:hr>167</ns3:hr>
            <ns3:cad>63</ns3:cad>
          </ns3:TrackPointExtension>
        </extensions>
      </trkpt>
      <trkpt lat="23.23058067820966243743896484375" lon="113.23373529128730297088623046875">
        <ele>3</ele>
        <time>2020-01-05T03:14:12.000Z</time>
        <extensions>
          <ns3:TrackPointExtension>
            <ns3:hr>168</ns3:hr>
            <ns3:cad>61</ns3:cad>
          </ns3:TrackPointExtension>
        </extensions>
      </trkpt>
      <trkpt lat="23.23041538707911968231201171875" lon="113.23383889161050319671630859375">
        <ele>3.7999999523162841796875</ele>
        <time>2020-01-05T03:14:26.000Z</time>
        <extensions>
          <ns3:TrackPointExtension>
            <ns3:hr>166</ns3:hr>
            <ns3:cad>63</ns3:cad>
          </ns3:TrackPointExtension>
        </extensions>
      </trkpt>
      <trkpt lat="23.2303841225802898406982421875" lon="113.2338616065680980682373046875">
        <ele>3.599999904632568359375</ele>
        <time>2020-01-05T03:14:29.000Z</time>
        <extensions>
          <ns3:TrackPointExtension>
            <ns3:hr>163</ns3:hr>
            <ns3:cad>63</ns3:cad>
          </ns3:TrackPointExtension>
        </extensions>
      </trkpt>
      <trkpt lat="23.23020332492887973785400390625" lon="113.23396311141550540924072265625">
        <ele>3</ele>
        <time>2020-01-05T03:14:37.000Z</time>
        <extensions>
          <ns3:TrackPointExtension>
            <ns3:hr>163</ns3:hr>
            <ns3:cad>81</ns3:cad>
          </ns3:TrackPointExtension>
        </extensions>
      </trkpt>
      <trkpt lat="23.23010743595659732818603515625" lon="113.23401130735874176025390625">
        <ele>3</ele>
        <time>2020-01-05T03:14:40.000Z</time>
        <extensions>
          <ns3:TrackPointExtension>
            <ns3:hr>171</ns3:hr>
            <ns3:cad>82</ns3:cad>
          </ns3:TrackPointExtension>
        </extensions>
      </trkpt>
      <trkpt lat="23.23007206432521343231201171875" lon="113.2340285740792751312255859375">
        <ele>3</ele>
        <time>2020-01-05T03:14:41.000Z</time>
        <extensions>
          <ns3:TrackPointExtension>
            <ns3:hr>169</ns3:hr>
            <ns3:cad>83</ns3:cad>
          </ns3:TrackPointExtension>
        </extensions>
      </trkpt>
      <trkpt lat="23.2299928553402423858642578125" lon="113.2340624369680881500244140625">
        <ele>3</ele>
        <time>2020-01-05T03:14:43.000Z</time>
        <extensions>
          <ns3:TrackPointExtension>
            <ns3:hr>174</ns3:hr>
            <ns3:cad>83</ns3:cad>
          </ns3:TrackPointExtension>
        </extensions>
      </trkpt>
      <trkpt lat="23.22991959750652313232421875" lon="113.23409906588494777679443359375">
        <ele>3</ele>
        <time>2020-01-05T03:14:45.000Z</time>
        <extensions>
          <ns3:TrackPointExtension>
            <ns3:hr>182</ns3:hr>
            <ns3:cad>84</ns3:cad>
          </ns3:TrackPointExtension>
        </extensions>
      </trkpt>
      <trkpt lat="23.22984457947313785552978515625" lon="113.2341335155069828033447265625">
        <ele>3.599999904632568359375</ele>
        <time>2020-01-05T03:14:46.000Z</time>
        <extensions>
          <ns3:TrackPointExtension>
            <ns3:hr>181</ns3:hr>
            <ns3:cad>84</ns3:cad>
          </ns3:TrackPointExtension>
        </extensions>
      </trkpt>
      <trkpt lat="23.22984457947313785552978515625" lon="113.2341335155069828033447265625">
        <ele>3.599999904632568359375</ele>
        <time>2020-01-05T03:14:47.000Z</time>
        <extensions>
          <ns3:TrackPointExtension>
            <ns3:hr>185</ns3:hr>
            <ns3:cad>84</ns3:cad>
          </ns3:TrackPointExtension>
        </extensions>
      </trkpt>
      <trkpt lat="23.22981440462172031402587890625" lon="113.234152458608150482177734375">
        <ele>3.7999999523162841796875</ele>
        <time>2020-01-05T03:14:48.000Z</time>
        <extensions>
          <ns3:TrackPointExtension>
            <ns3:hr>182</ns3:hr>
            <ns3:cad>84</ns3:cad>
          </ns3:TrackPointExtension>
        </extensions>
      </trkpt>
      <trkpt lat="23.22962849400937557220458984375" lon="113.2342045940458774566650390625">
        <ele>4.19999980926513671875</ele>
        <time>2020-01-05T03:14:52.000Z</time>
        <extensions>
          <ns3:TrackPointExtension>
            <ns3:hr>180</ns3:hr>
            <ns3:cad>84</ns3:cad>
          </ns3:TrackPointExtension>
        </extensions>
      </trkpt>
      <trkpt lat="23.2295834831893444061279296875" lon="113.23421121574938297271728515625">
        <ele>4</ele>
        <time>2020-01-05T03:14:53.000Z</time>
        <extensions>
          <ns3:TrackPointExtension>
            <ns3:hr>185</ns3:hr>
            <ns3:cad>84</ns3:cad>
          </ns3:TrackPointExtension>
        </extensions>
      </trkpt>
      <trkpt lat="23.22939849458634853363037109375" lon="113.234245665371417999267578125">
        <ele>2.599999904632568359375</ele>
        <time>2020-01-05T03:15:00.000Z</time>
        <extensions>
          <ns3:TrackPointExtension>
            <ns3:hr>188</ns3:hr>
            <ns3:cad>83</ns3:cad>
          </ns3:TrackPointExtension>
        </extensions>
      </trkpt>
      <trkpt lat="23.22932942770421504974365234375" lon="113.23424809612333774566650390625">
        <ele>2</ele>
        <time>2020-01-05T03:15:03.000Z</time>
        <extensions>
          <ns3:TrackPointExtension>
            <ns3:hr>194</ns3:hr>
            <ns3:cad>84</ns3:cad>
          </ns3:TrackPointExtension>
        </extensions>
      </trkpt>
      <trkpt lat="23.22913832031190395355224609375" lon="113.23426117189228534698486328125">
        <ele>1</ele>
        <time>2020-01-05T03:15:11.000Z</time>
        <extensions>
          <ns3:TrackPointExtension>
            <ns3:hr>195</ns3:hr>
            <ns3:cad>83</ns3:cad>
          </ns3:TrackPointExtension>
        </extensions>
      </trkpt>
      <trkpt lat="23.22898258455097675323486328125" lon="113.23428514413535594940185546875">
        <ele>0.4000000059604644775390625</ele>
        <time>2020-01-05T03:15:18.000Z</time>
        <extensions>
          <ns3:TrackPointExtension>
            <ns3:hr>192</ns3:hr>
            <ns3:cad>84</ns3:cad>
          </ns3:TrackPointExtension>
        </extensions>
      </trkpt>
      <trkpt lat="23.22880648076534271240234375" lon="113.234327472746372222900390625">
        <ele>1</ele>
        <time>2020-01-05T03:15:25.000Z</time>
        <extensions>
          <ns3:TrackPointExtension>
            <ns3:hr>197</ns3:hr>
            <ns3:cad>84</ns3:cad>
          </ns3:TrackPointExtension>
        </extensions>
      </trkpt>
      <trkpt lat="23.22872559539973735809326171875" lon="113.2343460805714130401611328125">
        <ele>1.2000000476837158203125</ele>
        <time>2020-01-05T03:15:28.000Z</time>
        <extensions>
          <ns3:TrackPointExtension>
            <ns3:hr>193</ns3:hr>
            <ns3:cad>84</ns3:cad>
          </ns3:TrackPointExtension>
        </extensions>
      </trkpt>
      <trkpt lat="23.22866021655499935150146484375" lon="113.2343698851764202117919921875">
        <ele>1.60000002384185791015625</ele>
        <time>2020-01-05T03:15:31.000Z</time>
        <extensions>
          <ns3:TrackPointExtension>
            <ns3:hr>196</ns3:hr>
            <ns3:cad>84</ns3:cad>
          </ns3:TrackPointExtension>
        </extensions>
      </trkpt>
      <trkpt lat="23.22857178747653961181640625" lon="113.23442160151898860931396484375">
        <ele>2.2000000476837158203125</ele>
        <time>2020-01-05T03:15:37.000Z</time>
        <extensions>
          <ns3:TrackPointExtension>
            <ns3:hr>191</ns3:hr>
            <ns3:cad>84</ns3:cad>
          </ns3:TrackPointExtension>
        </extensions>
      </trkpt>
      <trkpt lat="23.22855829261243343353271484375" lon="113.23442948050796985626220703125">
        <ele>2.2000000476837158203125</ele>
        <time>2020-01-05T03:15:38.000Z</time>
        <extensions>
          <ns3:TrackPointExtension>
            <ns3:hr>188</ns3:hr>
            <ns3:cad>66</ns3:cad>
          </ns3:TrackPointExtension>
        </extensions>
      </trkpt>
      <trkpt lat="23.22838093154132366180419921875" lon="113.234498798847198486328125">
        <ele>2.400000095367431640625</ele>
        <time>2020-01-05T03:15:51.000Z</time>
        <extensions>
          <ns3:TrackPointExtension>
            <ns3:hr>187</ns3:hr>
            <ns3:cad>61</ns3:cad>
          </ns3:TrackPointExtension>
        </extensions>
      </trkpt>
      <trkpt lat="23.22827582247555255889892578125" lon="113.234555460512638092041015625">
        <ele>3.599999904632568359375</ele>
        <time>2020-01-05T03:16:03.000Z</time>
        <extensions>
          <ns3:TrackPointExtension>
            <ns3:hr>186</ns3:hr>
            <ns3:cad>61</ns3:cad>
          </ns3:TrackPointExtension>
        </extensions>
      </trkpt>
      <trkpt lat="23.22823240421712398529052734375" lon="113.2345827855169773101806640625">
        <ele>3.7999999523162841796875</ele>
        <time>2020-01-05T03:16:07.000Z</time>
        <extensions>
          <ns3:TrackPointExtension>
            <ns3:hr>186</ns3:hr>
            <ns3:cad>61</ns3:cad>
          </ns3:TrackPointExtension>
        </extensions>
      </trkpt>
      <trkpt lat="23.22818747721612453460693359375" lon="113.2346075959503650665283203125">
        <ele>3.7999999523162841796875</ele>
        <time>2020-01-05T03:16:09.000Z</time>
        <extensions>
          <ns3:TrackPointExtension>
            <ns3:hr>193</ns3:hr>
            <ns3:cad>61</ns3:cad>
          </ns3:TrackPointExtension>
        </extensions>
      </trkpt>
      <trkpt lat="23.22816769592463970184326171875" lon="113.23462008498609066009521484375">
        <ele>3.7999999523162841796875</ele>
        <time>2020-01-05T03:16:10.000Z</time>
        <extensions>
          <ns3:TrackPointExtension>
            <ns3:hr>193</ns3:hr>
            <ns3:cad>61</ns3:cad>
          </ns3:TrackPointExtension>
        </extensions>
      </trkpt>
      <trkpt lat="23.22812578640878200531005859375" lon="113.23464740999042987823486328125">
        <ele>3.599999904632568359375</ele>
        <time>2020-01-05T03:16:12.000Z</time>
        <extensions>
          <ns3:TrackPointExtension>
            <ns3:hr>184</ns3:hr>
            <ns3:cad>61</ns3:cad>
          </ns3:TrackPointExtension>
        </extensions>
      </trkpt>
      <trkpt lat="23.2280888222157955169677734375" lon="113.23466249741613864898681640625">
        <ele>3.2000000476837158203125</ele>
        <time>2020-01-05T03:16:14.000Z</time>
        <extensions>
          <ns3:TrackPointExtension>
            <ns3:hr>188</ns3:hr>
            <ns3:cad>63</ns3:cad>
          </ns3:TrackPointExtension>
        </extensions>
      </trkpt>
      <trkpt lat="23.2280708849430084228515625" lon="113.2346672751009464263916015625">
        <ele>3</ele>
        <time>2020-01-05T03:16:15.000Z</time>
        <extensions>
          <ns3:TrackPointExtension>
            <ns3:hr>192</ns3:hr>
            <ns3:cad>63</ns3:cad>
          </ns3:TrackPointExtension>
        </extensions>
      </trkpt>
      <trkpt lat="23.22789997793734073638916015625" lon="113.23475562036037445068359375">
        <ele>1</ele>
        <time>2020-01-05T03:16:21.000Z</time>
        <extensions>
          <ns3:TrackPointExtension>
            <ns3:hr>189</ns3:hr>
            <ns3:cad>85</ns3:cad>
          </ns3:TrackPointExtension>
        </extensions>
      </trkpt>
      <trkpt lat="23.22779260575771331787109375" lon="113.2348174788057804107666015625">
        <ele>-0.20000000298023223876953125</ele>
        <time>2020-01-05T03:16:24.000Z</time>
        <extensions>
          <ns3:TrackPointExtension>
            <ns3:hr>186</ns3:hr>
            <ns3:cad>85</ns3:cad>
          </ns3:TrackPointExtension>
        </extensions>
      </trkpt>
      <trkpt lat="23.22773887775838375091552734375" lon="113.23486366309225559234619140625">
        <ele>-1</ele>
        <time>2020-01-05T03:16:26.000Z</time>
        <extensions>
          <ns3:TrackPointExtension>
            <ns3:hr>184</ns3:hr>
            <ns3:cad>85</ns3:cad>
          </ns3:TrackPointExtension>
        </extensions>
      </trkpt>
      <trkpt lat="23.22759211063385009765625" lon="113.23499274440109729766845703125">
        <ele>-2.7999999523162841796875</ele>
        <time>2020-01-05T03:16:32.000Z</time>
        <extensions>
          <ns3:TrackPointExtension>
            <ns3:hr>185</ns3:hr>
            <ns3:cad>83</ns3:cad>
          </ns3:TrackPointExtension>
        </extensions>
      </trkpt>
      <trkpt lat="23.22757090441882610321044921875" lon="113.23501219041645526885986328125">
        <ele>-3</ele>
        <time>2020-01-05T03:16:33.000Z</time>
        <extensions>
          <ns3:TrackPointExtension>
            <ns3:hr>186</ns3:hr>
            <ns3:cad>83</ns3:cad>
          </ns3:TrackPointExtension>
        </extensions>
      </trkpt>
      <trkpt lat="23.2275315932929515838623046875" lon="113.23505334556102752685546875">
        <ele>-3.2000000476837158203125</ele>
        <time>2020-01-05T03:16:35.000Z</time>
        <extensions>
          <ns3:TrackPointExtension>
            <ns3:hr>190</ns3:hr>
            <ns3:cad>83</ns3:cad>
          </ns3:TrackPointExtension>
        </extensions>
      </trkpt>
      <trkpt lat="23.22749555110931396484375" lon="113.23509332723915576934814453125">
        <ele>-2.7999999523162841796875</ele>
        <time>2020-01-05T03:16:37.000Z</time>
        <extensions>
          <ns3:TrackPointExtension>
            <ns3:hr>193</ns3:hr>
            <ns3:cad>83</ns3:cad>
          </ns3:TrackPointExtension>
        </extensions>
      </trkpt>
      <trkpt lat="23.227459006011486053466796875" lon="113.23512970469892024993896484375">
        <ele>-2.400000095367431640625</ele>
        <time>2020-01-05T03:16:39.000Z</time>
        <extensions>
          <ns3:TrackPointExtension>
            <ns3:hr>190</ns3:hr>
            <ns3:cad>84</ns3:cad>
          </ns3:TrackPointExtension>
        </extensions>
      </trkpt>
      <trkpt lat="23.22738893330097198486328125" lon="113.23518083430826663970947265625">
        <ele>-1.7999999523162841796875</ele>
        <time>2020-01-05T03:16:42.000Z</time>
        <extensions>
          <ns3:TrackPointExtension>
            <ns3:hr>194</ns3:hr>
            <ns3:cad>84</ns3:cad>
          </ns3:TrackPointExtension>
        </extensions>
      </trkpt>
      <trkpt lat="23.22732045315206050872802734375" lon="113.2352281920611858367919921875">
        <ele>-0.800000011920928955078125</ele>
        <time>2020-01-05T03:16:45.000Z</time>
        <extensions>
          <ns3:TrackPointExtension>
            <ns3:hr>197</ns3:hr>
            <ns3:cad>84</ns3:cad>
          </ns3:TrackPointExtension>
        </extensions>
      </trkpt>
      <trkpt lat="23.22727317921817302703857421875" lon="113.23526482097804546356201171875">
        <ele>0</ele>
        <time>2020-01-05T03:16:47.000Z</time>
        <extensions>
          <ns3:TrackPointExtension>
            <ns3:hr>193</ns3:hr>
            <ns3:cad>84</ns3:cad>
          </ns3:TrackPointExtension>
        </extensions>
      </trkpt>
      <trkpt lat="23.2272509671747684478759765625" lon="113.2352825067937374114990234375">
        <ele>0.4000000059604644775390625</ele>
        <time>2020-01-05T03:16:48.000Z</time>
        <extensions>
          <ns3:TrackPointExtension>
            <ns3:hr>190</ns3:hr>
            <ns3:cad>84</ns3:cad>
          </ns3:TrackPointExtension>
        </extensions>
      </trkpt>
      <trkpt lat="23.22720210067927837371826171875" lon="113.2353224046528339385986328125">
        <ele>1</ele>
        <time>2020-01-05T03:16:50.000Z</time>
        <extensions>
          <ns3:TrackPointExtension>
            <ns3:hr>193</ns3:hr>
            <ns3:cad>85</ns3:cad>
          </ns3:TrackPointExtension>
        </extensions>
      </trkpt>
      <trkpt lat="23.22704787366092205047607421875" lon="113.2354504801332950592041015625">
        <ele>1.39999997615814208984375</ele>
        <time>2020-01-05T03:16:57.000Z</time>
        <extensions>
          <ns3:TrackPointExtension>
            <ns3:hr>192</ns3:hr>
            <ns3:cad>83</ns3:cad>
          </ns3:TrackPointExtension>
        </extensions>
      </trkpt>
      <trkpt lat="23.22700177319347858428955078125" lon="113.23548249900341033935546875">
        <ele>1.39999997615814208984375</ele>
        <time>2020-01-05T03:16:59.000Z</time>
        <extensions>
          <ns3:TrackPointExtension>
            <ns3:hr>195</ns3:hr>
            <ns3:cad>83</ns3:cad>
          </ns3:TrackPointExtension>
        </extensions>
      </trkpt>
      <trkpt lat="23.2268369011580944061279296875" lon="113.23561132885515689849853515625">
        <ele>-1</ele>
        <time>2020-01-05T03:17:07.000Z</time>
        <extensions>
          <ns3:TrackPointExtension>
            <ns3:hr>197</ns3:hr>
            <ns3:cad>83</ns3:cad>
          </ns3:TrackPointExtension>
        </extensions>
      </trkpt>
      <trkpt lat="23.22682223282754421234130859375" lon="113.23562490753829479217529296875">
        <ele>-1.39999997615814208984375</ele>
        <time>2020-01-05T03:17:08.000Z</time>
        <extensions>
          <ns3:TrackPointExtension>
            <ns3:hr>198</ns3:hr>
            <ns3:cad>81</ns3:cad>
          </ns3:TrackPointExtension>
        </extensions>
      </trkpt>
      <trkpt lat="23.22667957283556461334228515625" lon="113.23575817979872226715087890625">
        <ele>-3.400000095367431640625</ele>
        <time>2020-01-05T03:17:17.000Z</time>
        <extensions>
          <ns3:TrackPointExtension>
            <ns3:hr>196</ns3:hr>
            <ns3:cad>83</ns3:cad>
          </ns3:TrackPointExtension>
        </extensions>
      </trkpt>
      <trkpt lat="23.2265572808682918548583984375" lon="113.23585624806582927703857421875">
        <ele>-2.7999999523162841796875</ele>
        <time>2020-01-05T03:17:24.000Z</time>
        <extensions>
          <ns3:TrackPointExtension>
            <ns3:hr>199</ns3:hr>
            <ns3:cad>82</ns3:cad>
          </ns3:TrackPointExtension>
        </extensions>
      </trkpt>
      <trkpt lat="23.22641034610569477081298828125" lon="113.2359941303730010986328125">
        <ele>-0.800000011920928955078125</ele>
        <time>2020-01-05T03:17:33.000Z</time>
        <extensions>
          <ns3:TrackPointExtension>
            <ns3:hr>196</ns3:hr>
            <ns3:cad>83</ns3:cad>
          </ns3:TrackPointExtension>
        </extensions>
      </trkpt>
      <trkpt lat="23.2262860424816608428955078125" lon="113.23614793829619884490966796875">
        <ele>1.2000000476837158203125</ele>
        <time>2020-01-05T03:17:42.000Z</time>
        <extensions>
          <ns3:TrackPointExtension>
            <ns3:hr>195</ns3:hr>
            <ns3:cad>82</ns3:cad>
          </ns3:TrackPointExtension>
        </extensions>
      </trkpt>
      <trkpt lat="23.22615218348801136016845703125" lon="113.23631440289318561553955078125">
        <ele>1.2000000476837158203125</ele>
        <time>2020-01-05T03:17:50.000Z</time>
        <extensions>
          <ns3:TrackPointExtension>
            <ns3:hr>195</ns3:hr>
            <ns3:cad>84</ns3:cad>
          </ns3:TrackPointExtension>
        </extensions>
      </trkpt>
      <trkpt lat="23.22612619958817958831787109375" lon="113.23635287582874298095703125">
        <ele>1.2000000476837158203125</ele>
        <time>2020-01-05T03:17:52.000Z</time>
        <extensions>
          <ns3:TrackPointExtension>
            <ns3:hr>192</ns3:hr>
            <ns3:cad>84</ns3:cad>
          </ns3:TrackPointExtension>
        </extensions>
      </trkpt>
      <trkpt lat="23.22608462534844875335693359375" lon="113.2364392094314098358154296875">
        <ele>1.39999997615814208984375</ele>
        <time>2020-01-05T03:17:56.000Z</time>
        <extensions>
          <ns3:TrackPointExtension>
            <ns3:hr>196</ns3:hr>
            <ns3:cad>83</ns3:cad>
          </ns3:TrackPointExtension>
        </extensions>
      </trkpt>
      <trkpt lat="23.22599275968968868255615234375" lon="113.23660693131387233734130859375">
        <ele>1.7999999523162841796875</ele>
        <time>2020-01-05T03:18:04.000Z</time>
        <extensions>
          <ns3:TrackPointExtension>
            <ns3:hr>195</ns3:hr>
            <ns3:cad>84</ns3:cad>
          </ns3:TrackPointExtension>
        </extensions>
      </trkpt>
      <trkpt lat="23.2259179092943668365478515625" lon="113.236792422831058502197265625">
        <ele>2.400000095367431640625</ele>
        <time>2020-01-05T03:18:12.000Z</time>
        <extensions>
          <ns3:TrackPointExtension>
            <ns3:hr>194</ns3:hr>
            <ns3:cad>84</ns3:cad>
          </ns3:TrackPointExtension>
        </extensions>
      </trkpt>
      <trkpt lat="23.22585797868669033050537109375" lon="113.2369991205632686614990234375">
        <ele>1.60000002384185791015625</ele>
        <time>2020-01-05T03:18:20.000Z</time>
        <extensions>
          <ns3:TrackPointExtension>
            <ns3:hr>193</ns3:hr>
            <ns3:cad>84</ns3:cad>
          </ns3:TrackPointExtension>
        </extensions>
      </trkpt>
      <trkpt lat="23.22580886073410511016845703125" lon="113.23720456101000308990478515625">
        <ele>0.60000002384185791015625</ele>
        <time>2020-01-05T03:18:28.000Z</time>
        <extensions>
          <ns3:TrackPointExtension>
            <ns3:hr>194</ns3:hr>
            <ns3:cad>83</ns3:cad>
          </ns3:TrackPointExtension>
        </extensions>
      </trkpt>
      <trkpt lat="23.22575622238218784332275390625" lon="113.23739265091717243194580078125">
        <ele>-0.800000011920928955078125</ele>
        <time>2020-01-05T03:18:36.000Z</time>
        <extensions>
          <ns3:TrackPointExtension>
            <ns3:hr>195</ns3:hr>
            <ns3:cad>84</ns3:cad>
          </ns3:TrackPointExtension>
        </extensions>
      </trkpt>
      <trkpt lat="23.225704841315746307373046875" lon="113.23760437779128551483154296875">
        <ele>-0.20000000298023223876953125</ele>
        <time>2020-01-05T03:18:45.000Z</time>
        <extensions>
          <ns3:TrackPointExtension>
            <ns3:hr>195</ns3:hr>
            <ns3:cad>83</ns3:cad>
          </ns3:TrackPointExtension>
        </extensions>
      </trkpt>
      <trkpt lat="23.22566284798085689544677734375" lon="113.23780554346740245819091796875">
        <ele>0</ele>
        <time>2020-01-05T03:18:54.000Z</time>
        <extensions>
          <ns3:TrackPointExtension>
            <ns3:hr>194</ns3:hr>
            <ns3:cad>82</ns3:cad>
          </ns3:TrackPointExtension>
        </extensions>
      </trkpt>
      <trkpt lat="23.22561892680823802947998046875" lon="113.23801274411380290985107421875">
        <ele>0.60000002384185791015625</ele>
        <time>2020-01-05T03:19:03.000Z</time>
        <extensions>
          <ns3:TrackPointExtension>
            <ns3:hr>193</ns3:hr>
            <ns3:cad>83</ns3:cad>
          </ns3:TrackPointExtension>
        </extensions>
      </trkpt>
      <trkpt lat="23.22558741085231304168701171875" lon="113.23822564445436000823974609375">
        <ele>0.800000011920928955078125</ele>
        <time>2020-01-05T03:19:11.000Z</time>
        <extensions>
          <ns3:TrackPointExtension>
            <ns3:hr>195</ns3:hr>
            <ns3:cad>84</ns3:cad>
          </ns3:TrackPointExtension>
        </extensions>
      </trkpt>
      <trkpt lat="23.22559847496449947357177734375" lon="113.23843292891979217529296875">
        <ele>2</ele>
        <time>2020-01-05T03:19:19.000Z</time>
        <extensions>
          <ns3:TrackPointExtension>
            <ns3:hr>194</ns3:hr>
            <ns3:cad>85</ns3:cad>
          </ns3:TrackPointExtension>
        </extensions>
      </trkpt>
      <trkpt lat="23.2255973853170871734619140625" lon="113.23862873017787933349609375">
        <ele>3</ele>
        <time>2020-01-05T03:19:26.000Z</time>
        <extensions>
          <ns3:TrackPointExtension>
            <ns3:hr>194</ns3:hr>
            <ns3:cad>84</ns3:cad>
          </ns3:TrackPointExtension>
        </extensions>
      </trkpt>
      <trkpt lat="23.2256032526493072509765625" lon="113.23876476846635341644287109375">
        <ele>3</ele>
        <time>2020-01-05T03:19:32.000Z</time>
        <extensions>
          <ns3:TrackPointExtension>
            <ns3:hr>196</ns3:hr>
            <ns3:cad>83</ns3:cad>
          </ns3:TrackPointExtension>
        </extensions>
      </trkpt>
      <trkpt lat="23.22560937143862247467041015625" lon="113.238972388207912445068359375">
        <ele>1.60000002384185791015625</ele>
        <time>2020-01-05T03:19:41.000Z</time>
        <extensions>
          <ns3:TrackPointExtension>
            <ns3:hr>196</ns3:hr>
            <ns3:cad>82</ns3:cad>
          </ns3:TrackPointExtension>
        </extensions>
      </trkpt>
      <trkpt lat="23.22560886852443218231201171875" lon="113.23918126523494720458984375">
        <ele>-1</ele>
        <time>2020-01-05T03:19:50.000Z</time>
        <extensions>
          <ns3:TrackPointExtension>
            <ns3:hr>194</ns3:hr>
            <ns3:cad>83</ns3:cad>
          </ns3:TrackPointExtension>
        </extensions>
      </trkpt>
      <trkpt lat="23.2256138138473033905029296875" lon="113.23922694660723209381103515625">
        <ele>-1.39999997615814208984375</ele>
        <time>2020-01-05T03:19:52.000Z</time>
        <extensions>
          <ns3:TrackPointExtension>
            <ns3:hr>194</ns3:hr>
            <ns3:cad>84</ns3:cad>
          </ns3:TrackPointExtension>
        </extensions>
      </trkpt>
      <trkpt lat="23.22562026791274547576904296875" lon="113.2392771542072296142578125">
        <ele>-1.60000002384185791015625</ele>
        <time>2020-01-05T03:19:54.000Z</time>
        <extensions>
          <ns3:TrackPointExtension>
            <ns3:hr>197</ns3:hr>
            <ns3:cad>83</ns3:cad>
          </ns3:TrackPointExtension>
        </extensions>
      </trkpt>
      <trkpt lat="23.225618340075016021728515625" lon="113.2393296249210834503173828125">
        <ele>-1.7999999523162841796875</ele>
        <time>2020-01-05T03:19:56.000Z</time>
        <extensions>
          <ns3:TrackPointExtension>
            <ns3:hr>194</ns3:hr>
            <ns3:cad>84</ns3:cad>
          </ns3:TrackPointExtension>
        </extensions>
      </trkpt>
      <trkpt lat="23.225609622895717620849609375" lon="113.239512853324413299560546875">
        <ele>-2.599999904632568359375</ele>
        <time>2020-01-05T03:20:03.000Z</time>
        <extensions>
          <ns3:TrackPointExtension>
            <ns3:hr>190</ns3:hr>
            <ns3:cad>84</ns3:cad>
          </ns3:TrackPointExtension>
        </extensions>
      </trkpt>
      <trkpt lat="23.22561272419989109039306640625" lon="113.2396806590259075164794921875">
        <ele>-3.599999904632568359375</ele>
        <time>2020-01-05T03:20:09.000Z</time>
        <extensions>
          <ns3:TrackPointExtension>
            <ns3:hr>191</ns3:hr>
            <ns3:cad>83</ns3:cad>
          </ns3:TrackPointExtension>
        </extensions>
      </trkpt>
      <trkpt lat="23.22562311775982379913330078125" lon="113.23980412445962429046630859375">
        <ele>-1.7999999523162841796875</ele>
        <time>2020-01-05T03:20:13.000Z</time>
        <extensions>
          <ns3:TrackPointExtension>
            <ns3:hr>193</ns3:hr>
            <ns3:cad>84</ns3:cad>
          </ns3:TrackPointExtension>
        </extensions>
      </trkpt>
      <trkpt lat="23.225621692836284637451171875" lon="113.23986078612506389617919921875">
        <ele>-1</ele>
        <time>2020-01-05T03:20:15.000Z</time>
        <extensions>
          <ns3:TrackPointExtension>
            <ns3:hr>196</ns3:hr>
            <ns3:cad>84</ns3:cad>
          </ns3:TrackPointExtension>
        </extensions>
      </trkpt>
      <trkpt lat="23.22564122267067432403564453125" lon="113.24003093875944614410400390625">
        <ele>0.800000011920928955078125</ele>
        <time>2020-01-05T03:20:22.000Z</time>
        <extensions>
          <ns3:TrackPointExtension>
            <ns3:hr>196</ns3:hr>
            <ns3:cad>83</ns3:cad>
          </ns3:TrackPointExtension>
        </extensions>
      </trkpt>
      <trkpt lat="23.22562881745398044586181640625" lon="113.24023135006427764892578125">
        <ele>2.599999904632568359375</ele>
        <time>2020-01-05T03:20:30.000Z</time>
        <extensions>
          <ns3:TrackPointExtension>
            <ns3:hr>195</ns3:hr>
            <ns3:cad>82</ns3:cad>
          </ns3:TrackPointExtension>
        </extensions>
      </trkpt>
      <trkpt lat="23.22562261484563350677490234375" lon="113.24038851074874401092529296875">
        <ele>0.800000011920928955078125</ele>
        <time>2020-01-05T03:20:37.000Z</time>
        <extensions>
          <ns3:TrackPointExtension>
            <ns3:hr>192</ns3:hr>
            <ns3:cad>84</ns3:cad>
          </ns3:TrackPointExtension>
        </extensions>
      </trkpt>
      <trkpt lat="23.22562546469271183013916015625" lon="113.24043477885425090789794921875">
        <ele>0.60000002384185791015625</ele>
        <time>2020-01-05T03:20:39.000Z</time>
        <extensions>
          <ns3:TrackPointExtension>
            <ns3:hr>188</ns3:hr>
            <ns3:cad>84</ns3:cad>
          </ns3:TrackPointExtension>
        </extensions>
      </trkpt>
      <trkpt lat="23.225629068911075592041015625" lon="113.2404823042452335357666015625">
        <ele>0.4000000059604644775390625</ele>
        <time>2020-01-05T03:20:41.000Z</time>
        <extensions>
          <ns3:TrackPointExtension>
            <ns3:hr>192</ns3:hr>
            <ns3:cad>84</ns3:cad>
          </ns3:TrackPointExtension>
        </extensions>
      </trkpt>
      <trkpt lat="23.225633762776851654052734375" lon="113.2406848110258579254150390625">
        <ele>-0.60000002384185791015625</ele>
        <time>2020-01-05T03:20:49.000Z</time>
        <extensions>
          <ns3:TrackPointExtension>
            <ns3:hr>195</ns3:hr>
            <ns3:cad>83</ns3:cad>
          </ns3:TrackPointExtension>
        </extensions>
      </trkpt>
      <trkpt lat="23.22567424736917018890380859375" lon="113.2408956997096538543701171875">
        <ele>0.60000002384185791015625</ele>
        <time>2020-01-05T03:20:58.000Z</time>
        <extensions>
          <ns3:TrackPointExtension>
            <ns3:hr>197</ns3:hr>
            <ns3:cad>84</ns3:cad>
          </ns3:TrackPointExtension>
        </extensions>
      </trkpt>
      <trkpt lat="23.2257100380957126617431640625" lon="113.24108789674937725067138671875">
        <ele>2.2000000476837158203125</ele>
        <time>2020-01-05T03:21:07.000Z</time>
        <extensions>
          <ns3:TrackPointExtension>
            <ns3:hr>195</ns3:hr>
            <ns3:cad>80</ns3:cad>
          </ns3:TrackPointExtension>
        </extensions>
      </trkpt>
      <trkpt lat="23.22571900673210620880126953125" lon="113.2411344163119792938232421875">
        <ele>2.400000095367431640625</ele>
        <time>2020-01-05T03:21:09.000Z</time>
        <extensions>
          <ns3:TrackPointExtension>
            <ns3:hr>192</ns3:hr>
            <ns3:cad>80</ns3:cad>
          </ns3:TrackPointExtension>
        </extensions>
      </trkpt>
      <trkpt lat="23.22573040612041950225830078125" lon="113.241179175674915313720703125">
        <ele>2.599999904632568359375</ele>
        <time>2020-01-05T03:21:11.000Z</time>
        <extensions>
          <ns3:TrackPointExtension>
            <ns3:hr>196</ns3:hr>
            <ns3:cad>82</ns3:cad>
          </ns3:TrackPointExtension>
        </extensions>
      </trkpt>
      <trkpt lat="23.22574834339320659637451171875" lon="113.24124011211097240447998046875">
        <ele>2.7999999523162841796875</ele>
        <time>2020-01-05T03:21:14.000Z</time>
        <extensions>
          <ns3:TrackPointExtension>
            <ns3:hr>193</ns3:hr>
            <ns3:cad>82</ns3:cad>
          </ns3:TrackPointExtension>
        </extensions>
      </trkpt>
      <trkpt lat="23.2257881574332714080810546875" lon="113.24133465997874736785888671875">
        <ele>2.7999999523162841796875</ele>
        <time>2020-01-05T03:21:19.000Z</time>
        <extensions>
          <ns3:TrackPointExtension>
            <ns3:hr>195</ns3:hr>
            <ns3:cad>82</ns3:cad>
          </ns3:TrackPointExtension>
        </extensions>
      </trkpt>
      <trkpt lat="23.22586149908602237701416015625" lon="113.24142417870461940765380859375">
        <ele>2.2000000476837158203125</ele>
        <time>2020-01-05T03:21:25.000Z</time>
        <extensions>
          <ns3:TrackPointExtension>
            <ns3:hr>192</ns3:hr>
            <ns3:cad>82</ns3:cad>
          </ns3:TrackPointExtension>
        </extensions>
      </trkpt>
      <trkpt lat="23.2259155623614788055419921875" lon="113.2414717040956020355224609375">
        <ele>1.7999999523162841796875</ele>
        <time>2020-01-05T03:21:30.000Z</time>
        <extensions>
          <ns3:TrackPointExtension>
            <ns3:hr>189</ns3:hr>
            <ns3:cad>82</ns3:cad>
          </ns3:TrackPointExtension>
        </extensions>
      </trkpt>
      <trkpt lat="23.225933499634265899658203125" lon="113.24146784842014312744140625">
        <ele>1.60000002384185791015625</ele>
        <time>2020-01-05T03:21:33.000Z</time>
        <extensions>
          <ns3:TrackPointExtension>
            <ns3:hr>188</ns3:hr>
            <ns3:cad>82</ns3:cad>
          </ns3:TrackPointExtension>
        </extensions>
      </trkpt>
      <trkpt lat="23.22593995369970798492431640625" lon="113.2414720393717288970947265625">
        <ele>1.60000002384185791015625</ele>
        <time>2020-01-05T03:21:34.000Z</time>
        <extensions>
          <ns3:TrackPointExtension>
            <ns3:hr>191</ns3:hr>
            <ns3:cad>82</ns3:cad>
          </ns3:TrackPointExtension>
        </extensions>
      </trkpt>
      <trkpt lat="23.225998543202877044677734375" lon="113.24153180234134197235107421875">
        <ele>1.2000000476837158203125</ele>
        <time>2020-01-05T03:21:38.000Z</time>
        <extensions>
          <ns3:TrackPointExtension>
            <ns3:hr>190</ns3:hr>
            <ns3:cad>82</ns3:cad>
          </ns3:TrackPointExtension>
        </extensions>
      </trkpt>
      <trkpt lat="23.226022012531757354736328125" lon="113.2415677607059478759765625">
        <ele>1</ele>
        <time>2020-01-05T03:21:40.000Z</time>
        <extensions>
          <ns3:TrackPointExtension>
            <ns3:hr>188</ns3:hr>
            <ns3:cad>63</ns3:cad>
          </ns3:TrackPointExtension>
        </extensions>
      </trkpt>
      <trkpt lat="23.22610256262123584747314453125" lon="113.24167597107589244842529296875">
        <ele>1</ele>
        <time>2020-01-05T03:21:51.000Z</time>
        <extensions>
          <ns3:TrackPointExtension>
            <ns3:hr>186</ns3:hr>
            <ns3:cad>61</ns3:cad>
          </ns3:TrackPointExtension>
        </extensions>
      </trkpt>
      <trkpt lat="23.22614975273609161376953125" lon="113.2417017035186290740966796875">
        <ele>1</ele>
        <time>2020-01-05T03:22:03.000Z</time>
        <extensions>
          <ns3:TrackPointExtension>
            <ns3:hr>183</ns3:hr>
            <ns3:cad>0</ns3:cad>
          </ns3:TrackPointExtension>
        </extensions>
      </trkpt>
      <trkpt lat="23.2262122817337512969970703125" lon="113.24174218811094760894775390625">
        <ele>0.800000011920928955078125</ele>
        <time>2020-01-05T03:22:06.000Z</time>
        <extensions>
          <ns3:TrackPointExtension>
            <ns3:hr>181</ns3:hr>
            <ns3:cad>81</ns3:cad>
          </ns3:TrackPointExtension>
        </extensions>
      </trkpt>
      <trkpt lat="23.22637950070202350616455078125" lon="113.24181787669658660888671875">
        <ele>0.60000002384185791015625</ele>
        <time>2020-01-05T03:22:13.000Z</time>
        <extensions>
          <ns3:TrackPointExtension>
            <ns3:hr>182</ns3:hr>
            <ns3:cad>85</ns3:cad>
          </ns3:TrackPointExtension>
        </extensions>
      </trkpt>
      <trkpt lat="23.22656541131436824798583984375" lon="113.2418918050825595855712890625">
        <ele>0</ele>
        <time>2020-01-05T03:22:20.000Z</time>
        <extensions>
          <ns3:TrackPointExtension>
            <ns3:hr>185</ns3:hr>
            <ns3:cad>85</ns3:cad>
          </ns3:TrackPointExtension>
        </extensions>
      </trkpt>
      <trkpt lat="23.22667823173105716705322265625" lon="113.24193379841744899749755859375">
        <ele>0</ele>
        <time>2020-01-05T03:22:24.000Z</time>
        <extensions>
          <ns3:TrackPointExtension>
            <ns3:hr>182</ns3:hr>
            <ns3:cad>81</ns3:cad>
          </ns3:TrackPointExtension>
        </extensions>
      </trkpt>
      <trkpt lat="23.22680689394474029541015625" lon="113.2419514842331409454345703125">
        <ele>0</ele>
        <time>2020-01-05T03:22:28.000Z</time>
        <extensions>
          <ns3:TrackPointExtension>
            <ns3:hr>185</ns3:hr>
            <ns3:cad>83</ns3:cad>
          </ns3:TrackPointExtension>
        </extensions>
      </trkpt>
      <trkpt lat="23.22683908045291900634765625" lon="113.2419491373002529144287109375">
        <ele>0</ele>
        <time>2020-01-05T03:22:29.000Z</time>
        <extensions>
          <ns3:TrackPointExtension>
            <ns3:hr>190</ns3:hr>
            <ns3:cad>83</ns3:cad>
          </ns3:TrackPointExtension>
        </extensions>
      </trkpt>
      <trkpt lat="23.22692968882620334625244140625" lon="113.24190882034599781036376953125">
        <ele>0.20000000298023223876953125</ele>
        <time>2020-01-05T03:22:32.000Z</time>
        <extensions>
          <ns3:TrackPointExtension>
            <ns3:hr>193</ns3:hr>
            <ns3:cad>83</ns3:cad>
          </ns3:TrackPointExtension>
        </extensions>
      </trkpt>
      <trkpt lat="23.226951397955417633056640625" lon="113.24188761413097381591796875">
        <ele>0.20000000298023223876953125</ele>
        <time>2020-01-05T03:22:33.000Z</time>
        <extensions>
          <ns3:TrackPointExtension>
            <ns3:hr>196</ns3:hr>
            <ns3:cad>83</ns3:cad>
          </ns3:TrackPointExtension>
        </extensions>
      </trkpt>
      <trkpt lat="23.2269689999520778656005859375" lon="113.24186238460242748260498046875">
        <ele>0.4000000059604644775390625</ele>
        <time>2020-01-05T03:22:34.000Z</time>
        <extensions>
          <ns3:TrackPointExtension>
            <ns3:hr>193</ns3:hr>
            <ns3:cad>83</ns3:cad>
          </ns3:TrackPointExtension>
        </extensions>
      </trkpt>
      <trkpt lat="23.22698517702519893646240234375" lon="113.241838328540325164794921875">
        <ele>0.800000011920928955078125</ele>
        <time>2020-01-05T03:22:35.000Z</time>
        <extensions>
          <ns3:TrackPointExtension>
            <ns3:hr>189</ns3:hr>
            <ns3:cad>82</ns3:cad>
          </ns3:TrackPointExtension>
        </extensions>
      </trkpt>
      <trkpt lat="23.2270021922886371612548828125" lon="113.24181796051561832427978515625">
        <ele>1</ele>
        <time>2020-01-05T03:22:36.000Z</time>
        <extensions>
          <ns3:TrackPointExtension>
            <ns3:hr>183</ns3:hr>
            <ns3:cad>82</ns3:cad>
          </ns3:TrackPointExtension>
        </extensions>
      </trkpt>
      <trkpt lat="23.2270202971994876861572265625" lon="113.241801448166370391845703125">
        <ele>1.39999997615814208984375</ele>
        <time>2020-01-05T03:22:37.000Z</time>
        <extensions>
          <ns3:TrackPointExtension>
            <ns3:hr>186</ns3:hr>
            <ns3:cad>82</ns3:cad>
          </ns3:TrackPointExtension>
        </extensions>
      </trkpt>
      <trkpt lat="23.22703161276876926422119140625" lon="113.24179214425384998321533203125">
        <ele>1.39999997615814208984375</ele>
        <time>2020-01-05T03:22:38.000Z</time>
        <extensions>
          <ns3:TrackPointExtension>
            <ns3:hr>194</ns3:hr>
            <ns3:cad>82</ns3:cad>
          </ns3:TrackPointExtension>
        </extensions>
      </trkpt>
      <trkpt lat="23.227039910852909088134765625" lon="113.24178636074066162109375">
        <ele>1.60000002384185791015625</ele>
        <time>2020-01-05T03:22:39.000Z</time>
        <extensions>
          <ns3:TrackPointExtension>
            <ns3:hr>201</ns3:hr>
            <ns3:cad>82</ns3:cad>
          </ns3:TrackPointExtension>
        </extensions>
      </trkpt>
      <trkpt lat="23.2270457781851291656494140625" lon="113.24178091250360012054443359375">
        <ele>1.60000002384185791015625</ele>
        <time>2020-01-05T03:22:40.000Z</time>
        <extensions>
          <ns3:TrackPointExtension>
            <ns3:hr>201</ns3:hr>
            <ns3:cad>82</ns3:cad>
          </ns3:TrackPointExtension>
        </extensions>
      </trkpt>
      <trkpt lat="23.2270511426031589508056640625" lon="113.24177454225718975067138671875">
        <ele>1.60000002384185791015625</ele>
        <time>2020-01-05T03:22:41.000Z</time>
        <extensions>
          <ns3:TrackPointExtension>
            <ns3:hr>195</ns3:hr>
            <ns3:cad>82</ns3:cad>
          </ns3:TrackPointExtension>
        </extensions>
      </trkpt>
      <trkpt lat="23.2270789705216884613037109375" lon="113.24176716618239879608154296875">
        <ele>1.60000002384185791015625</ele>
        <time>2020-01-05T03:22:45.000Z</time>
        <extensions>
          <ns3:TrackPointExtension>
            <ns3:hr>192</ns3:hr>
            <ns3:cad>0</ns3:cad>
          </ns3:TrackPointExtension>
        </extensions>
      </trkpt>
      <trkpt lat="23.2270789705216884613037109375" lon="113.24176716618239879608154296875">
        <ele>1.60000002384185791015625</ele>
        <time>2020-01-05T03:22:49.000Z</time>
        <extensions>
          <ns3:TrackPointExtension>
            <ns3:hr>196</ns3:hr>
            <ns3:cad>0</ns3:cad>
          </ns3:TrackPointExtension>
        </extensions>
      </trkpt>
      <trkpt lat="23.22708626277744770050048828125" lon="113.24176901020109653472900390625">
        <ele>1.60000002384185791015625</ele>
        <time>2020-01-05T03:22:56.000Z</time>
        <extensions>
          <ns3:TrackPointExtension>
            <ns3:hr>193</ns3:hr>
            <ns3:cad>0</ns3:cad>
          </ns3:TrackPointExtension>
        </extensions>
      </trkpt>
      <trkpt lat="23.22708626277744770050048828125" lon="113.24176901020109653472900390625">
        <ele>1.60000002384185791015625</ele>
        <time>2020-01-05T03:23:15.000Z</time>
        <extensions>
          <ns3:TrackPointExtension>
            <ns3:hr>190</ns3:hr>
            <ns3:cad>0</ns3:cad>
          </ns3:TrackPointExtension>
        </extensions>
      </trkpt>
      <trkpt lat="23.22708626277744770050048828125" lon="113.24176901020109653472900390625">
        <ele>1.60000002384185791015625</ele>
        <time>2020-01-05T03:23:16.000Z</time>
        <extensions>
          <ns3:TrackPointExtension>
            <ns3:hr>187</ns3:hr>
            <ns3:cad>0</ns3:cad>
          </ns3:TrackPointExtension>
        </extensions>
      </trkpt>
      <trkpt lat="23.22708626277744770050048828125" lon="113.24176901020109653472900390625">
        <ele>1.60000002384185791015625</ele>
        <time>2020-01-05T03:23:33.000Z</time>
        <extensions>
          <ns3:TrackPointExtension>
            <ns3:hr>184</ns3:hr>
            <ns3:cad>0</ns3:cad>
          </ns3:TrackPointExtension>
        </extensions>
      </trkpt>
      <trkpt lat="23.2270836643874645233154296875" lon="113.24176423251628875732421875">
        <ele>1.60000002384185791015625</ele>
        <time>2020-01-05T03:23:39.000Z</time>
        <extensions>
          <ns3:TrackPointExtension>
            <ns3:hr>181</ns3:hr>
            <ns3:cad>0</ns3:cad>
          </ns3:TrackPointExtension>
        </extensions>
      </trkpt>
      <trkpt lat="23.22706304490566253662109375" lon="113.24170899577438831329345703125">
        <ele>1.7999999523162841796875</ele>
        <time>2020-01-05T03:23:54.000Z</time>
        <extensions>
          <ns3:TrackPointExtension>
            <ns3:hr>180</ns3:hr>
            <ns3:cad>61</ns3:cad>
          </ns3:TrackPointExtension>
        </extensions>
      </trkpt>
      <trkpt lat="23.2270327024161815643310546875" lon="113.241660296916961669921875">
        <ele>2.2000000476837158203125</ele>
        <time>2020-01-05T03:24:01.000Z</time>
        <extensions>
          <ns3:TrackPointExtension>
            <ns3:hr>179</ns3:hr>
            <ns3:cad>59</ns3:cad>
          </ns3:TrackPointExtension>
        </extensions>
      </trkpt>
      <trkpt lat="23.22702473960816860198974609375" lon="113.241601288318634033203125">
        <ele>2.400000095367431640625</ele>
        <time>2020-01-05T03:24:13.000Z</time>
        <extensions>
          <ns3:TrackPointExtension>
            <ns3:hr>176</ns3:hr>
            <ns3:cad>0</ns3:cad>
          </ns3:TrackPointExtension>
        </extensions>
      </trkpt>
      <trkpt lat="23.2270249910652637481689453125" lon="113.2416007854044437408447265625">
        <ele>2.400000095367431640625</ele>
        <time>2020-01-05T03:24:18.000Z</time>
        <extensions>
          <ns3:TrackPointExtension>
            <ns3:hr>173</ns3:hr>
            <ns3:cad>0</ns3:cad>
          </ns3:TrackPointExtension>
        </extensions>
      </trkpt>
      <trkpt lat="23.22702507488429546356201171875" lon="113.24160137213766574859619140625">
        <ele>2.400000095367431640625</ele>
        <time>2020-01-05T03:24:22.000Z</time>
        <extensions>
          <ns3:TrackPointExtension>
            <ns3:hr>170</ns3:hr>
            <ns3:cad>0</ns3:cad>
          </ns3:TrackPointExtension>
        </extensions>
      </trkpt>
      <trkpt lat="23.227025158703327178955078125" lon="113.241601288318634033203125">
        <ele>2.400000095367431640625</ele>
        <time>2020-01-05T03:24:31.000Z</time>
        <extensions>
          <ns3:TrackPointExtension>
            <ns3:hr>165</ns3:hr>
            <ns3:cad>0</ns3:cad>
          </ns3:TrackPointExtension>
        </extensions>
      </trkpt>
      <trkpt lat="23.22702473960816860198974609375" lon="113.241601288318634033203125">
        <ele>2.400000095367431640625</ele>
        <time>2020-01-05T03:24:34.000Z</time>
        <extensions>
          <ns3:TrackPointExtension>
            <ns3:hr>169</ns3:hr>
            <ns3:cad>0</ns3:cad>
          </ns3:TrackPointExtension>
        </extensions>
      </trkpt>
      <trkpt lat="23.22701937519013881683349609375" lon="113.2415974326431751251220703125">
        <ele>2.400000095367431640625</ele>
        <time>2020-01-05T03:24:40.000Z</time>
        <extensions>
          <ns3:TrackPointExtension>
            <ns3:hr>166</ns3:hr>
            <ns3:cad>0</ns3:cad>
          </ns3:TrackPointExtension>
        </extensions>
      </trkpt>
      <trkpt lat="23.2270575128495693206787109375" lon="113.24159030802547931671142578125">
        <ele>2.400000095367431640625</ele>
        <time>2020-01-05T03:24:50.000Z</time>
        <extensions>
          <ns3:TrackPointExtension>
            <ns3:hr>163</ns3:hr>
            <ns3:cad>61</ns3:cad>
          </ns3:TrackPointExtension>
        </extensions>
      </trkpt>
      <trkpt lat="23.22705592028796672821044921875" lon="113.2415977679193019866943359375">
        <ele>2.400000095367431640625</ele>
        <time>2020-01-05T03:24:52.000Z</time>
        <extensions>
          <ns3:TrackPointExtension>
            <ns3:hr>160</ns3:hr>
            <ns3:cad>61</ns3:cad>
          </ns3:TrackPointExtension>
        </extensions>
      </trkpt>
      <trkpt lat="23.2270395755767822265625" lon="113.24158913455903530120849609375">
        <ele>2.400000095367431640625</ele>
        <time>2020-01-05T03:24:55.000Z</time>
        <extensions>
          <ns3:TrackPointExtension>
            <ns3:hr>163</ns3:hr>
            <ns3:cad>0</ns3:cad>
          </ns3:TrackPointExtension>
        </extensions>
      </trkpt>
      <trkpt lat="23.227031528949737548828125" lon="113.24157924391329288482666015625">
        <ele>2.599999904632568359375</ele>
        <time>2020-01-05T03:25:00.000Z</time>
        <extensions>
          <ns3:TrackPointExtension>
            <ns3:hr>162</ns3:hr>
            <ns3:cad>61</ns3:cad>
          </ns3:TrackPointExtension>
        </extensions>
      </trkpt>
    </trkseg>
  </trk>
</gpx>
