<gpx xmlns:ns3="http://www.garmin.com/xmlschemas/TrackPointExtension/v1" xmlns="http://www.topografix.com/GPX/1/1" xmlns:xsi="http://www.w3.org/2001/XMLSchema-instance" xmlns:ns2="http://www.garmin.com/xmlschemas/GpxExtensions/v3" creator="Garmin Connect" version="1.1" xsi:schemaLocation="http://www.topografix.com/GPX/1/1 http://www.topografix.com/GPX/11.xsd">
  <extensions>
<distance>5009.39</distance>
<average_hr>142.0</average_hr>
<average_speed>2.0</average_speed>
<start_time>2021-04-01T13:04:43+00:00</start_time>
<end_time>2021-04-01T13:46:27.386000+00:00</end_time>
<moving_time>2411.723</moving_time>
<elapsed_time>2751.216</elapsed_time>
</extensions>
<metadata>
    <link href="connect.garmin.com">
      <text>Garmin Connect</text>
    </link>
    <time>2021-04-01T13:04:43.000Z</time>
  </metadata>
  <trk>
    <name>广州市 跑步</name>
    <type>running</type>
    <trkseg>
      <trkpt lat="23.17684614099562168121337890625" lon="113.25504116714000701904296875">
        <ele>7.19999980926513671875</ele>
        <time>2021-04-01T13:05:34.000Z</time>
        <extensions>
          <ns3:TrackPointExtension>
            <ns3:hr>171</ns3:hr>
            <ns3:cad>84</ns3:cad>
          </ns3:TrackPointExtension>
        </extensions>
      </trkpt>
      <trkpt lat="23.17689056508243083953857421875" lon="113.25503622181713581085205078125">
        <ele>7.400000095367431640625</ele>
        <time>2021-04-01T13:05:36.000Z</time>
        <extensions>
          <ns3:TrackPointExtension>
            <ns3:hr>168</ns3:hr>
            <ns3:cad>84</ns3:cad>
          </ns3:TrackPointExtension>
        </extensions>
      </trkpt>
      <trkpt lat="23.17691219039261341094970703125" lon="113.25502297841012477874755859375">
        <ele>7.80000019073486328125</ele>
        <time>2021-04-01T13:05:37.000Z</time>
        <extensions>
          <ns3:TrackPointExtension>
            <ns3:hr>165</ns3:hr>
            <ns3:cad>83</ns3:cad>
          </ns3:TrackPointExtension>
        </extensions>
      </trkpt>
      <trkpt lat="23.17703624255955219268798828125" lon="113.25494318269193172454833984375">
        <ele>10.19999980926513671875</ele>
        <time>2021-04-01T13:05:44.000Z</time>
        <extensions>
          <ns3:TrackPointExtension>
            <ns3:hr>176</ns3:hr>
            <ns3:cad>81</ns3:cad>
          </ns3:TrackPointExtension>
        </extensions>
      </trkpt>
      <trkpt lat="23.1770955026149749755859375" lon="113.2549169473350048065185546875">
        <ele>11</ele>
        <time>2021-04-01T13:05:48.000Z</time>
        <extensions>
          <ns3:TrackPointExtension>
            <ns3:hr>180</ns3:hr>
            <ns3:cad>82</ns3:cad>
          </ns3:TrackPointExtension>
        </extensions>
      </trkpt>
      <trkpt lat="23.177107907831668853759765625" lon="113.254912085831165313720703125">
        <ele>11.19999980926513671875</ele>
        <time>2021-04-01T13:05:49.000Z</time>
        <extensions>
          <ns3:TrackPointExtension>
            <ns3:hr>176</ns3:hr>
            <ns3:cad>82</ns3:cad>
          </ns3:TrackPointExtension>
        </extensions>
      </trkpt>
      <trkpt lat="23.177120983600616455078125" lon="113.25490479357540607452392578125">
        <ele>11.3999996185302734375</ele>
        <time>2021-04-01T13:05:50.000Z</time>
        <extensions>
          <ns3:TrackPointExtension>
            <ns3:hr>181</ns3:hr>
            <ns3:cad>82</ns3:cad>
          </ns3:TrackPointExtension>
        </extensions>
      </trkpt>
      <trkpt lat="23.17713439464569091796875" lon="113.2548978365957736968994140625">
        <ele>11.6000003814697265625</ele>
        <time>2021-04-01T13:05:51.000Z</time>
        <extensions>
          <ns3:TrackPointExtension>
            <ns3:hr>178</ns3:hr>
            <ns3:cad>83</ns3:cad>
          </ns3:TrackPointExtension>
        </extensions>
      </trkpt>
      <trkpt lat="23.17714872770011425018310546875" lon="113.2548918016254901885986328125">
        <ele>11.80000019073486328125</ele>
        <time>2021-04-01T13:05:52.000Z</time>
        <extensions>
          <ns3:TrackPointExtension>
            <ns3:hr>175</ns3:hr>
            <ns3:cad>83</ns3:cad>
          </ns3:TrackPointExtension>
        </extensions>
      </trkpt>
      <trkpt lat="23.177231959998607635498046875" lon="113.25485969893634319305419921875">
        <ele>13.3999996185302734375</ele>
        <time>2021-04-01T13:05:58.000Z</time>
        <extensions>
          <ns3:TrackPointExtension>
            <ns3:hr>172</ns3:hr>
            <ns3:cad>82</ns3:cad>
          </ns3:TrackPointExtension>
        </extensions>
      </trkpt>
      <trkpt lat="23.17727143876254558563232421875" lon="113.2548475451767444610595703125">
        <ele>14</ele>
        <time>2021-04-01T13:06:01.000Z</time>
        <extensions>
          <ns3:TrackPointExtension>
            <ns3:hr>169</ns3:hr>
            <ns3:cad>83</ns3:cad>
          </ns3:TrackPointExtension>
        </extensions>
      </trkpt>
      <trkpt lat="23.17729725502431392669677734375" lon="113.25483807362616062164306640625">
        <ele>14.3999996185302734375</ele>
        <time>2021-04-01T13:06:03.000Z</time>
        <extensions>
          <ns3:TrackPointExtension>
            <ns3:hr>173</ns3:hr>
            <ns3:cad>83</ns3:cad>
          </ns3:TrackPointExtension>
        </extensions>
      </trkpt>
      <trkpt lat="23.18010267801582813262939453125" lon="113.254594914615154266357421875">
        <ele>17</ele>
        <time>2021-04-01T13:08:12.000Z</time>
        <extensions>
          <ns3:TrackPointExtension>
            <ns3:hr>169</ns3:hr>
            <ns3:cad>80</ns3:cad>
          </ns3:TrackPointExtension>
        </extensions>
      </trkpt>
      <trkpt lat="23.18028858862817287445068359375" lon="113.25456448830664157867431640625">
        <ele>22.3999996185302734375</ele>
        <time>2021-04-01T13:08:21.000Z</time>
        <extensions>
          <ns3:TrackPointExtension>
            <ns3:hr>171</ns3:hr>
            <ns3:cad>82</ns3:cad>
          </ns3:TrackPointExtension>
        </extensions>
      </trkpt>
      <trkpt lat="23.18041079677641391754150390625" lon="113.254584185779094696044921875">
        <ele>25.6000003814697265625</ele>
        <time>2021-04-01T13:08:32.000Z</time>
        <extensions>
          <ns3:TrackPointExtension>
            <ns3:hr>169</ns3:hr>
            <ns3:cad>70</ns3:cad>
          </ns3:TrackPointExtension>
        </extensions>
      </trkpt>
      <trkpt lat="23.180478103458881378173828125" lon="113.2545994408428668975830078125">
        <ele>26.200000762939453125</ele>
        <time>2021-04-01T13:08:35.000Z</time>
        <extensions>
          <ns3:TrackPointExtension>
            <ns3:hr>168</ns3:hr>
            <ns3:cad>79</ns3:cad>
          </ns3:TrackPointExtension>
        </extensions>
      </trkpt>
      <trkpt lat="23.18052311427891254425048828125" lon="113.2546162046492099761962890625">
        <ele>26.200000762939453125</ele>
        <time>2021-04-01T13:08:37.000Z</time>
        <extensions>
          <ns3:TrackPointExtension>
            <ns3:hr>168</ns3:hr>
            <ns3:cad>78</ns3:cad>
          </ns3:TrackPointExtension>
        </extensions>
      </trkpt>
      <trkpt lat="23.18067717365920543670654296875" lon="113.254773281514644622802734375">
        <ele>26</ele>
        <time>2021-04-01T13:08:50.000Z</time>
        <extensions>
          <ns3:TrackPointExtension>
            <ns3:hr>168</ns3:hr>
            <ns3:cad>81</ns3:cad>
          </ns3:TrackPointExtension>
        </extensions>
      </trkpt>
      <trkpt lat="23.18068807013332843780517578125" lon="113.25477822683751583099365234375">
        <ele>26</ele>
        <time>2021-04-01T13:08:52.000Z</time>
        <extensions>
          <ns3:TrackPointExtension>
            <ns3:hr>169</ns3:hr>
            <ns3:cad>78</ns3:cad>
          </ns3:TrackPointExtension>
        </extensions>
      </trkpt>
      <trkpt lat="23.18070835433900356292724609375" lon="113.25478644110262393951416015625">
        <ele>26</ele>
        <time>2021-04-01T13:08:54.000Z</time>
        <extensions>
          <ns3:TrackPointExtension>
            <ns3:hr>170</ns3:hr>
            <ns3:cad>79</ns3:cad>
          </ns3:TrackPointExtension>
        </extensions>
      </trkpt>
      <trkpt lat="23.1807649321854114532470703125" lon="113.2547959126532077789306640625">
        <ele>25.799999237060546875</ele>
        <time>2021-04-01T13:08:57.000Z</time>
        <extensions>
          <ns3:TrackPointExtension>
            <ns3:hr>173</ns3:hr>
            <ns3:cad>79</ns3:cad>
          </ns3:TrackPointExtension>
        </extensions>
      </trkpt>
      <trkpt lat="23.18086040206253528594970703125" lon="113.2548076473176479339599609375">
        <ele>25.200000762939453125</ele>
        <time>2021-04-01T13:09:08.000Z</time>
        <extensions>
          <ns3:TrackPointExtension>
            <ns3:hr>174</ns3:hr>
            <ns3:cad>79</ns3:cad>
          </ns3:TrackPointExtension>
        </extensions>
      </trkpt>
      <trkpt lat="23.18103960715234279632568359375" lon="113.25484134256839752197265625">
        <ele>22.799999237060546875</ele>
        <time>2021-04-01T13:09:20.000Z</time>
        <extensions>
          <ns3:TrackPointExtension>
            <ns3:hr>174</ns3:hr>
            <ns3:cad>82</ns3:cad>
          </ns3:TrackPointExtension>
        </extensions>
      </trkpt>
      <trkpt lat="23.18124932236969470977783203125" lon="113.25488551519811153411865234375">
        <ele>21.799999237060546875</ele>
        <time>2021-04-01T13:09:26.000Z</time>
        <extensions>
          <ns3:TrackPointExtension>
            <ns3:hr>176</ns3:hr>
            <ns3:cad>82</ns3:cad>
          </ns3:TrackPointExtension>
        </extensions>
      </trkpt>
      <trkpt lat="23.18143196403980255126953125" lon="113.2549042068421840667724609375">
        <ele>19.200000762939453125</ele>
        <time>2021-04-01T13:09:31.000Z</time>
        <extensions>
          <ns3:TrackPointExtension>
            <ns3:hr>175</ns3:hr>
            <ns3:cad>82</ns3:cad>
          </ns3:TrackPointExtension>
        </extensions>
      </trkpt>
      <trkpt lat="23.1816275976598262786865234375" lon="113.25490781106054782867431640625">
        <ele>16.200000762939453125</ele>
        <time>2021-04-01T13:09:37.000Z</time>
        <extensions>
          <ns3:TrackPointExtension>
            <ns3:hr>174</ns3:hr>
            <ns3:cad>80</ns3:cad>
          </ns3:TrackPointExtension>
        </extensions>
      </trkpt>
      <trkpt lat="23.18183454684913158416748046875" lon="113.25491149909794330596923828125">
        <ele>14</ele>
        <time>2021-04-01T13:09:44.000Z</time>
        <extensions>
          <ns3:TrackPointExtension>
            <ns3:hr>173</ns3:hr>
            <ns3:cad>81</ns3:cad>
          </ns3:TrackPointExtension>
        </extensions>
      </trkpt>
      <trkpt lat="23.18202205002307891845703125" lon="113.254902027547359466552734375">
        <ele>16.799999237060546875</ele>
        <time>2021-04-01T13:09:52.000Z</time>
        <extensions>
          <ns3:TrackPointExtension>
            <ns3:hr>173</ns3:hr>
            <ns3:cad>82</ns3:cad>
          </ns3:TrackPointExtension>
        </extensions>
      </trkpt>
      <trkpt lat="23.18220100365579128265380859375" lon="113.2549330405890941619873046875">
        <ele>19.200000762939453125</ele>
        <time>2021-04-01T13:09:58.000Z</time>
        <extensions>
          <ns3:TrackPointExtension>
            <ns3:hr>173</ns3:hr>
            <ns3:cad>82</ns3:cad>
          </ns3:TrackPointExtension>
        </extensions>
      </trkpt>
      <trkpt lat="23.182400576770305633544921875" lon="113.2549769617617130279541015625">
        <ele>19.799999237060546875</ele>
        <time>2021-04-01T13:10:06.000Z</time>
        <extensions>
          <ns3:TrackPointExtension>
            <ns3:hr>175</ns3:hr>
            <ns3:cad>83</ns3:cad>
          </ns3:TrackPointExtension>
        </extensions>
      </trkpt>
      <trkpt lat="23.1825888343155384063720703125" lon="113.2550292648375034332275390625">
        <ele>18.3999996185302734375</ele>
        <time>2021-04-01T13:10:16.000Z</time>
        <extensions>
          <ns3:TrackPointExtension>
            <ns3:hr>175</ns3:hr>
            <ns3:cad>83</ns3:cad>
          </ns3:TrackPointExtension>
        </extensions>
      </trkpt>
      <trkpt lat="23.18277901969850063323974609375" lon="113.25510017573833465576171875">
        <ele>18.200000762939453125</ele>
        <time>2021-04-01T13:10:30.000Z</time>
        <extensions>
          <ns3:TrackPointExtension>
            <ns3:hr>175</ns3:hr>
            <ns3:cad>83</ns3:cad>
          </ns3:TrackPointExtension>
        </extensions>
      </trkpt>
      <trkpt lat="23.1829526089131832122802734375" lon="113.255193047225475311279296875">
        <ele>19.799999237060546875</ele>
        <time>2021-04-01T13:10:38.000Z</time>
        <extensions>
          <ns3:TrackPointExtension>
            <ns3:hr>174</ns3:hr>
            <ns3:cad>83</ns3:cad>
          </ns3:TrackPointExtension>
        </extensions>
      </trkpt>
      <trkpt lat="23.18311370909214019775390625" lon="113.255300335586071014404296875">
        <ele>21.6000003814697265625</ele>
        <time>2021-04-01T13:10:47.000Z</time>
        <extensions>
          <ns3:TrackPointExtension>
            <ns3:hr>173</ns3:hr>
            <ns3:cad>82</ns3:cad>
          </ns3:TrackPointExtension>
        </extensions>
      </trkpt>
      <trkpt lat="23.18328210152685642242431640625" lon="113.25538658536970615386962890625">
        <ele>22.3999996185302734375</ele>
        <time>2021-04-01T13:10:56.000Z</time>
        <extensions>
          <ns3:TrackPointExtension>
            <ns3:hr>172</ns3:hr>
            <ns3:cad>83</ns3:cad>
          </ns3:TrackPointExtension>
        </extensions>
      </trkpt>
      <trkpt lat="23.1833576224744319915771484375" lon="113.25543687678873538970947265625">
        <ele>21.6000003814697265625</ele>
        <time>2021-04-01T13:11:03.000Z</time>
        <extensions>
          <ns3:TrackPointExtension>
            <ns3:hr>169</ns3:hr>
            <ns3:cad>62</ns3:cad>
          </ns3:TrackPointExtension>
        </extensions>
      </trkpt>
      <trkpt lat="23.18336424417793750762939453125" lon="113.255445845425128936767578125">
        <ele>21.6000003814697265625</ele>
        <time>2021-04-01T13:11:04.000Z</time>
        <extensions>
          <ns3:TrackPointExtension>
            <ns3:hr>168</ns3:hr>
            <ns3:cad>62</ns3:cad>
          </ns3:TrackPointExtension>
        </extensions>
      </trkpt>
      <trkpt lat="23.184185586869716644287109375" lon="113.25614213012158870697021484375">
        <ele>10.19999980926513671875</ele>
        <time>2021-04-01T13:13:04.000Z</time>
        <extensions>
          <ns3:TrackPointExtension>
            <ns3:hr>144</ns3:hr>
            <ns3:cad>61</ns3:cad>
          </ns3:TrackPointExtension>
        </extensions>
      </trkpt>
      <trkpt lat="23.184185586869716644287109375" lon="113.25614213012158870697021484375">
        <ele>10.19999980926513671875</ele>
        <time>2021-04-01T13:13:05.000Z</time>
        <extensions>
          <ns3:TrackPointExtension>
            <ns3:hr>144</ns3:hr>
            <ns3:cad>61</ns3:cad>
          </ns3:TrackPointExtension>
        </extensions>
      </trkpt>
      <trkpt lat="23.1841907836496829986572265625" lon="113.256153948605060577392578125">
        <ele>10.3999996185302734375</ele>
        <time>2021-04-01T13:13:06.000Z</time>
        <extensions>
          <ns3:TrackPointExtension>
            <ns3:hr>141</ns3:hr>
            <ns3:cad>61</ns3:cad>
          </ns3:TrackPointExtension>
        </extensions>
      </trkpt>
      <trkpt lat="23.18419505842030048370361328125" lon="113.25616677291691303253173828125">
        <ele>10.6000003814697265625</ele>
        <time>2021-04-01T13:13:07.000Z</time>
        <extensions>
          <ns3:TrackPointExtension>
            <ns3:hr>136</ns3:hr>
            <ns3:cad>61</ns3:cad>
          </ns3:TrackPointExtension>
        </extensions>
      </trkpt>
      <trkpt lat="23.1842048652470111846923828125" lon="113.256184123456478118896484375">
        <ele>10.80000019073486328125</ele>
        <time>2021-04-01T13:13:09.000Z</time>
        <extensions>
          <ns3:TrackPointExtension>
            <ns3:hr>133</ns3:hr>
            <ns3:cad>60</ns3:cad>
          </ns3:TrackPointExtension>
        </extensions>
      </trkpt>
      <trkpt lat="23.1842340342700481414794921875" lon="113.25623131357133388519287109375">
        <ele>11.3999996185302734375</ele>
        <time>2021-04-01T13:13:15.000Z</time>
        <extensions>
          <ns3:TrackPointExtension>
            <ns3:hr>133</ns3:hr>
            <ns3:cad>59</ns3:cad>
          </ns3:TrackPointExtension>
        </extensions>
      </trkpt>
      <trkpt lat="23.1842618621885776519775390625" lon="113.2562600634992122650146484375">
        <ele>12</ele>
        <time>2021-04-01T13:13:18.000Z</time>
        <extensions>
          <ns3:TrackPointExtension>
            <ns3:hr>137</ns3:hr>
            <ns3:cad>61</ns3:cad>
          </ns3:TrackPointExtension>
        </extensions>
      </trkpt>
      <trkpt lat="23.18427200429141521453857421875" lon="113.2562741450965404510498046875">
        <ele>12.3999996185302734375</ele>
        <time>2021-04-01T13:13:19.000Z</time>
        <extensions>
          <ns3:TrackPointExtension>
            <ns3:hr>139</ns3:hr>
            <ns3:cad>61</ns3:cad>
          </ns3:TrackPointExtension>
        </extensions>
      </trkpt>
      <trkpt lat="23.18428541533648967742919921875" lon="113.25629107654094696044921875">
        <ele>12.6000003814697265625</ele>
        <time>2021-04-01T13:13:20.000Z</time>
        <extensions>
          <ns3:TrackPointExtension>
            <ns3:hr>142</ns3:hr>
            <ns3:cad>81</ns3:cad>
          </ns3:TrackPointExtension>
        </extensions>
      </trkpt>
      <trkpt lat="23.18429614417254924774169921875" lon="113.2563073374330997467041015625">
        <ele>12.80000019073486328125</ele>
        <time>2021-04-01T13:13:21.000Z</time>
        <extensions>
          <ns3:TrackPointExtension>
            <ns3:hr>142</ns3:hr>
            <ns3:cad>82</ns3:cad>
          </ns3:TrackPointExtension>
        </extensions>
      </trkpt>
      <trkpt lat="23.1843312643468379974365234375" lon="113.2563593052327632904052734375">
        <ele>13.6000003814697265625</ele>
        <time>2021-04-01T13:13:24.000Z</time>
        <extensions>
          <ns3:TrackPointExtension>
            <ns3:hr>137</ns3:hr>
            <ns3:cad>82</ns3:cad>
          </ns3:TrackPointExtension>
        </extensions>
      </trkpt>
      <trkpt lat="23.18436889909207820892333984375" lon="113.25641823001205921173095703125">
        <ele>14.3999996185302734375</ele>
        <time>2021-04-01T13:13:27.000Z</time>
        <extensions>
          <ns3:TrackPointExtension>
            <ns3:hr>140</ns3:hr>
            <ns3:cad>82</ns3:cad>
          </ns3:TrackPointExtension>
        </extensions>
      </trkpt>
      <trkpt lat="23.18440544418990612030029296875" lon="113.25648377649486064910888671875">
        <ele>15</ele>
        <time>2021-04-01T13:13:30.000Z</time>
        <extensions>
          <ns3:TrackPointExtension>
            <ns3:hr>144</ns3:hr>
            <ns3:cad>81</ns3:cad>
          </ns3:TrackPointExtension>
        </extensions>
      </trkpt>
      <trkpt lat="23.18448909558355808258056640625" lon="113.25661134906113147735595703125">
        <ele>15.80000019073486328125</ele>
        <time>2021-04-01T13:13:36.000Z</time>
        <extensions>
          <ns3:TrackPointExtension>
            <ns3:hr>149</ns3:hr>
            <ns3:cad>83</ns3:cad>
          </ns3:TrackPointExtension>
        </extensions>
      </trkpt>
      <trkpt lat="23.18452832289040088653564453125" lon="113.25669181533157825469970703125">
        <ele>15.6000003814697265625</ele>
        <time>2021-04-01T13:13:39.000Z</time>
        <extensions>
          <ns3:TrackPointExtension>
            <ns3:hr>146</ns3:hr>
            <ns3:cad>82</ns3:cad>
          </ns3:TrackPointExtension>
        </extensions>
      </trkpt>
      <trkpt lat="23.18454173393547534942626953125" lon="113.2567173801362514495849609375">
        <ele>15.3999996185302734375</ele>
        <time>2021-04-01T13:13:40.000Z</time>
        <extensions>
          <ns3:TrackPointExtension>
            <ns3:hr>143</ns3:hr>
            <ns3:cad>81</ns3:cad>
          </ns3:TrackPointExtension>
        </extensions>
      </trkpt>
      <trkpt lat="23.18455765955150127410888671875" lon="113.2567405141890048980712890625">
        <ele>15.3999996185302734375</ele>
        <time>2021-04-01T13:13:41.000Z</time>
        <extensions>
          <ns3:TrackPointExtension>
            <ns3:hr>140</ns3:hr>
            <ns3:cad>81</ns3:cad>
          </ns3:TrackPointExtension>
        </extensions>
      </trkpt>
      <trkpt lat="23.18458263762295246124267578125" lon="113.2567851059138774871826171875">
        <ele>15.19999980926513671875</ele>
        <time>2021-04-01T13:13:43.000Z</time>
        <extensions>
          <ns3:TrackPointExtension>
            <ns3:hr>144</ns3:hr>
            <ns3:cad>83</ns3:cad>
          </ns3:TrackPointExtension>
        </extensions>
      </trkpt>
      <trkpt lat="23.1845974735915660858154296875" lon="113.25680715031921863555908203125">
        <ele>15.19999980926513671875</ele>
        <time>2021-04-01T13:13:44.000Z</time>
        <extensions>
          <ns3:TrackPointExtension>
            <ns3:hr>147</ns3:hr>
            <ns3:cad>83</ns3:cad>
          </ns3:TrackPointExtension>
        </extensions>
      </trkpt>
      <trkpt lat="23.1846132315695285797119140625" lon="113.256829194724559783935546875">
        <ele>15.19999980926513671875</ele>
        <time>2021-04-01T13:13:45.000Z</time>
        <extensions>
          <ns3:TrackPointExtension>
            <ns3:hr>150</ns3:hr>
            <ns3:cad>83</ns3:cad>
          </ns3:TrackPointExtension>
        </extensions>
      </trkpt>
      <trkpt lat="23.18462957628071308135986328125" lon="113.2568514905869960784912109375">
        <ele>15.19999980926513671875</ele>
        <time>2021-04-01T13:13:46.000Z</time>
        <extensions>
          <ns3:TrackPointExtension>
            <ns3:hr>156</ns3:hr>
            <ns3:cad>82</ns3:cad>
          </ns3:TrackPointExtension>
        </extensions>
      </trkpt>
      <trkpt lat="23.1846464239060878753662109375" lon="113.25687219388782978057861328125">
        <ele>15</ele>
        <time>2021-04-01T13:13:47.000Z</time>
        <extensions>
          <ns3:TrackPointExtension>
            <ns3:hr>155</ns3:hr>
            <ns3:cad>82</ns3:cad>
          </ns3:TrackPointExtension>
        </extensions>
      </trkpt>
      <trkpt lat="23.18466293625533580780029296875" lon="113.25689499266445636749267578125">
        <ele>15.19999980926513671875</ele>
        <time>2021-04-01T13:13:48.000Z</time>
        <extensions>
          <ns3:TrackPointExtension>
            <ns3:hr>158</ns3:hr>
            <ns3:cad>82</ns3:cad>
          </ns3:TrackPointExtension>
        </extensions>
      </trkpt>
      <trkpt lat="23.184680454432964324951171875" lon="113.25691762380301952362060546875">
        <ele>15.19999980926513671875</ele>
        <time>2021-04-01T13:13:49.000Z</time>
        <extensions>
          <ns3:TrackPointExtension>
            <ns3:hr>164</ns3:hr>
            <ns3:cad>82</ns3:cad>
          </ns3:TrackPointExtension>
        </extensions>
      </trkpt>
      <trkpt lat="23.184697888791561126708984375" lon="113.2569376565515995025634765625">
        <ele>15.3999996185302734375</ele>
        <time>2021-04-01T13:13:50.000Z</time>
        <extensions>
          <ns3:TrackPointExtension>
            <ns3:hr>164</ns3:hr>
            <ns3:cad>82</ns3:cad>
          </ns3:TrackPointExtension>
        </extensions>
      </trkpt>
      <trkpt lat="23.1848043389618396759033203125" lon="113.2571083121001720428466796875">
        <ele>16.799999237060546875</ele>
        <time>2021-04-01T13:13:57.000Z</time>
        <extensions>
          <ns3:TrackPointExtension>
            <ns3:hr>162</ns3:hr>
            <ns3:cad>82</ns3:cad>
          </ns3:TrackPointExtension>
        </extensions>
      </trkpt>
      <trkpt lat="23.1848496012389659881591796875" lon="113.25722591020166873931884765625">
        <ele>17.3999996185302734375</ele>
        <time>2021-04-01T13:14:01.000Z</time>
        <extensions>
          <ns3:TrackPointExtension>
            <ns3:hr>161</ns3:hr>
            <ns3:cad>82</ns3:cad>
          </ns3:TrackPointExtension>
        </extensions>
      </trkpt>
      <trkpt lat="23.18488455377519130706787109375" lon="113.2573326118290424346923828125">
        <ele>17.799999237060546875</ele>
        <time>2021-04-01T13:14:05.000Z</time>
        <extensions>
          <ns3:TrackPointExtension>
            <ns3:hr>158</ns3:hr>
            <ns3:cad>81</ns3:cad>
          </ns3:TrackPointExtension>
        </extensions>
      </trkpt>
      <trkpt lat="23.184902407228946685791015625" lon="113.25738701038062572479248046875">
        <ele>17.799999237060546875</ele>
        <time>2021-04-01T13:14:07.000Z</time>
        <extensions>
          <ns3:TrackPointExtension>
            <ns3:hr>161</ns3:hr>
            <ns3:cad>82</ns3:cad>
          </ns3:TrackPointExtension>
        </extensions>
      </trkpt>
      <trkpt lat="23.18490601144731044769287109375" lon="113.25741634704172611236572265625">
        <ele>18</ele>
        <time>2021-04-01T13:14:08.000Z</time>
        <extensions>
          <ns3:TrackPointExtension>
            <ns3:hr>164</ns3:hr>
            <ns3:cad>82</ns3:cad>
          </ns3:TrackPointExtension>
        </extensions>
      </trkpt>
      <trkpt lat="23.18491280078887939453125" lon="113.25744031928479671478271484375">
        <ele>18</ele>
        <time>2021-04-01T13:14:09.000Z</time>
        <extensions>
          <ns3:TrackPointExtension>
            <ns3:hr>164</ns3:hr>
            <ns3:cad>82</ns3:cad>
          </ns3:TrackPointExtension>
        </extensions>
      </trkpt>
      <trkpt lat="23.18492931313812732696533203125" lon="113.25755649246275424957275390625">
        <ele>17.799999237060546875</ele>
        <time>2021-04-01T13:14:13.000Z</time>
        <extensions>
          <ns3:TrackPointExtension>
            <ns3:hr>168</ns3:hr>
            <ns3:cad>82</ns3:cad>
          </ns3:TrackPointExtension>
        </extensions>
      </trkpt>
      <trkpt lat="23.1849448196589946746826171875" lon="113.25764735229313373565673828125">
        <ele>17.799999237060546875</ele>
        <time>2021-04-01T13:14:16.000Z</time>
        <extensions>
          <ns3:TrackPointExtension>
            <ns3:hr>165</ns3:hr>
            <ns3:cad>83</ns3:cad>
          </ns3:TrackPointExtension>
        </extensions>
      </trkpt>
      <trkpt lat="23.18495462648570537567138671875" lon="113.25767367146909236907958984375">
        <ele>17.6000003814697265625</ele>
        <time>2021-04-01T13:14:17.000Z</time>
        <extensions>
          <ns3:TrackPointExtension>
            <ns3:hr>161</ns3:hr>
            <ns3:cad>83</ns3:cad>
          </ns3:TrackPointExtension>
        </extensions>
      </trkpt>
      <trkpt lat="23.18496636115014553070068359375" lon="113.25770300813019275665283203125">
        <ele>17.6000003814697265625</ele>
        <time>2021-04-01T13:14:18.000Z</time>
        <extensions>
          <ns3:TrackPointExtension>
            <ns3:hr>161</ns3:hr>
            <ns3:cad>83</ns3:cad>
          </ns3:TrackPointExtension>
        </extensions>
      </trkpt>
      <trkpt lat="23.1849785149097442626953125" lon="113.25773268006742000579833984375">
        <ele>17.799999237060546875</ele>
        <time>2021-04-01T13:14:19.000Z</time>
        <extensions>
          <ns3:TrackPointExtension>
            <ns3:hr>164</ns3:hr>
            <ns3:cad>83</ns3:cad>
          </ns3:TrackPointExtension>
        </extensions>
      </trkpt>
      <trkpt lat="23.18503576330840587615966796875" lon="113.2579381205141544342041015625">
        <ele>18.6000003814697265625</ele>
        <time>2021-04-01T13:14:26.000Z</time>
        <extensions>
          <ns3:TrackPointExtension>
            <ns3:hr>164</ns3:hr>
            <ns3:cad>83</ns3:cad>
          </ns3:TrackPointExtension>
        </extensions>
      </trkpt>
      <trkpt lat="23.18507348187267780303955078125" lon="113.25815445743501186370849609375">
        <ele>19.799999237060546875</ele>
        <time>2021-04-01T13:14:33.000Z</time>
        <extensions>
          <ns3:TrackPointExtension>
            <ns3:hr>163</ns3:hr>
            <ns3:cad>82</ns3:cad>
          </ns3:TrackPointExtension>
        </extensions>
      </trkpt>
      <trkpt lat="23.185084797441959381103515625" lon="113.2583664357662200927734375">
        <ele>20.799999237060546875</ele>
        <time>2021-04-01T13:14:40.000Z</time>
        <extensions>
          <ns3:TrackPointExtension>
            <ns3:hr>162</ns3:hr>
            <ns3:cad>81</ns3:cad>
          </ns3:TrackPointExtension>
        </extensions>
      </trkpt>
      <trkpt lat="23.185103237628936767578125" lon="113.25851655565202236175537109375">
        <ele>22.799999237060546875</ele>
        <time>2021-04-01T13:14:45.000Z</time>
        <extensions>
          <ns3:TrackPointExtension>
            <ns3:hr>159</ns3:hr>
            <ns3:cad>81</ns3:cad>
          </ns3:TrackPointExtension>
        </extensions>
      </trkpt>
      <trkpt lat="23.18514070473611354827880859375" lon="113.25863189063966274261474609375">
        <ele>23.200000762939453125</ele>
        <time>2021-04-01T13:14:49.000Z</time>
        <extensions>
          <ns3:TrackPointExtension>
            <ns3:hr>162</ns3:hr>
            <ns3:cad>82</ns3:cad>
          </ns3:TrackPointExtension>
        </extensions>
      </trkpt>
      <trkpt lat="23.18522335030138492584228515625" lon="113.25881344266235828399658203125">
        <ele>22.799999237060546875</ele>
        <time>2021-04-01T13:14:56.000Z</time>
        <extensions>
          <ns3:TrackPointExtension>
            <ns3:hr>161</ns3:hr>
            <ns3:cad>83</ns3:cad>
          </ns3:TrackPointExtension>
        </extensions>
      </trkpt>
      <trkpt lat="23.1853039003908634185791015625" lon="113.25893037021160125732421875">
        <ele>19.3999996185302734375</ele>
        <time>2021-04-01T13:15:01.000Z</time>
        <extensions>
          <ns3:TrackPointExtension>
            <ns3:hr>164</ns3:hr>
            <ns3:cad>84</ns3:cad>
          </ns3:TrackPointExtension>
        </extensions>
      </trkpt>
      <trkpt lat="23.1853847019374370574951171875" lon="113.2591142691671848297119140625">
        <ele>14</ele>
        <time>2021-04-01T13:15:08.000Z</time>
        <extensions>
          <ns3:TrackPointExtension>
            <ns3:hr>164</ns3:hr>
            <ns3:cad>83</ns3:cad>
          </ns3:TrackPointExtension>
        </extensions>
      </trkpt>
      <trkpt lat="23.1854371726512908935546875" lon="113.25930126942694187164306640625">
        <ele>10.3999996185302734375</ele>
        <time>2021-04-01T13:15:15.000Z</time>
        <extensions>
          <ns3:TrackPointExtension>
            <ns3:hr>164</ns3:hr>
            <ns3:cad>84</ns3:cad>
          </ns3:TrackPointExtension>
        </extensions>
      </trkpt>
      <trkpt lat="23.18550196476280689239501953125" lon="113.25949438847601413726806640625">
        <ele>9.19999980926513671875</ele>
        <time>2021-04-01T13:15:23.000Z</time>
        <extensions>
          <ns3:TrackPointExtension>
            <ns3:hr>163</ns3:hr>
            <ns3:cad>83</ns3:cad>
          </ns3:TrackPointExtension>
        </extensions>
      </trkpt>
      <trkpt lat="23.18559165112674236297607421875" lon="113.2596728391945362091064453125">
        <ele>9.3999996185302734375</ele>
        <time>2021-04-01T13:15:31.000Z</time>
        <extensions>
          <ns3:TrackPointExtension>
            <ns3:hr>163</ns3:hr>
            <ns3:cad>83</ns3:cad>
          </ns3:TrackPointExtension>
        </extensions>
      </trkpt>
      <trkpt lat="23.18570673465728759765625" lon="113.25983025133609771728515625">
        <ele>8.6000003814697265625</ele>
        <time>2021-04-01T13:15:38.000Z</time>
        <extensions>
          <ns3:TrackPointExtension>
            <ns3:hr>165</ns3:hr>
            <ns3:cad>84</ns3:cad>
          </ns3:TrackPointExtension>
        </extensions>
      </trkpt>
      <trkpt lat="23.1858078204095363616943359375" lon="113.26000568456947803497314453125">
        <ele>7.80000019073486328125</ele>
        <time>2021-04-01T13:15:46.000Z</time>
        <extensions>
          <ns3:TrackPointExtension>
            <ns3:hr>163</ns3:hr>
            <ns3:cad>84</ns3:cad>
          </ns3:TrackPointExtension>
        </extensions>
      </trkpt>
      <trkpt lat="23.185913600027561187744140625" lon="113.2601707242429256439208984375">
        <ele>7.19999980926513671875</ele>
        <time>2021-04-01T13:15:55.000Z</time>
        <extensions>
          <ns3:TrackPointExtension>
            <ns3:hr>163</ns3:hr>
            <ns3:cad>82</ns3:cad>
          </ns3:TrackPointExtension>
        </extensions>
      </trkpt>
      <trkpt lat="23.18602700717747211456298828125" lon="113.26032604090869426727294921875">
        <ele>7</ele>
        <time>2021-04-01T13:16:02.000Z</time>
        <extensions>
          <ns3:TrackPointExtension>
            <ns3:hr>166</ns3:hr>
            <ns3:cad>84</ns3:cad>
          </ns3:TrackPointExtension>
        </extensions>
      </trkpt>
      <trkpt lat="23.186133541166782379150390625" lon="113.26048663817346096038818359375">
        <ele>8.19999980926513671875</ele>
        <time>2021-04-01T13:16:08.000Z</time>
        <extensions>
          <ns3:TrackPointExtension>
            <ns3:hr>165</ns3:hr>
            <ns3:cad>84</ns3:cad>
          </ns3:TrackPointExtension>
        </extensions>
      </trkpt>
      <trkpt lat="23.1861994229257106781005859375" lon="113.260688893496990203857421875">
        <ele>9.6000003814697265625</ele>
        <time>2021-04-01T13:16:14.000Z</time>
        <extensions>
          <ns3:TrackPointExtension>
            <ns3:hr>165</ns3:hr>
            <ns3:cad>82</ns3:cad>
          </ns3:TrackPointExtension>
        </extensions>
      </trkpt>
      <trkpt lat="23.18619011901319026947021484375" lon="113.2608838565647602081298828125">
        <ele>8.6000003814697265625</ele>
        <time>2021-04-01T13:16:20.000Z</time>
        <extensions>
          <ns3:TrackPointExtension>
            <ns3:hr>164</ns3:hr>
            <ns3:cad>82</ns3:cad>
          </ns3:TrackPointExtension>
        </extensions>
      </trkpt>
      <trkpt lat="23.18612909875810146331787109375" lon="113.26108393259346485137939453125">
        <ele>7.599999904632568359375</ele>
        <time>2021-04-01T13:16:26.000Z</time>
        <extensions>
          <ns3:TrackPointExtension>
            <ns3:hr>164</ns3:hr>
            <ns3:cad>83</ns3:cad>
          </ns3:TrackPointExtension>
        </extensions>
      </trkpt>
      <trkpt lat="23.18605148233473300933837890625" lon="113.2612659037113189697265625">
        <ele>7.80000019073486328125</ele>
        <time>2021-04-01T13:16:33.000Z</time>
        <extensions>
          <ns3:TrackPointExtension>
            <ns3:hr>166</ns3:hr>
            <ns3:cad>84</ns3:cad>
          </ns3:TrackPointExtension>
        </extensions>
      </trkpt>
      <trkpt lat="23.1859466247260570526123046875" lon="113.261455334722995758056640625">
        <ele>9.6000003814697265625</ele>
        <time>2021-04-01T13:16:41.000Z</time>
        <extensions>
          <ns3:TrackPointExtension>
            <ns3:hr>164</ns3:hr>
            <ns3:cad>84</ns3:cad>
          </ns3:TrackPointExtension>
        </extensions>
      </trkpt>
      <trkpt lat="23.185873366892337799072265625" lon="113.26165205799043178558349609375">
        <ele>11</ele>
        <time>2021-04-01T13:16:49.000Z</time>
        <extensions>
          <ns3:TrackPointExtension>
            <ns3:hr>164</ns3:hr>
            <ns3:cad>83</ns3:cad>
          </ns3:TrackPointExtension>
        </extensions>
      </trkpt>
      <trkpt lat="23.18579281680285930633544921875" lon="113.2618484459817409515380859375">
        <ele>11.6000003814697265625</ele>
        <time>2021-04-01T13:16:58.000Z</time>
        <extensions>
          <ns3:TrackPointExtension>
            <ns3:hr>164</ns3:hr>
            <ns3:cad>82</ns3:cad>
          </ns3:TrackPointExtension>
        </extensions>
      </trkpt>
      <trkpt lat="23.185722827911376953125" lon="113.262032680213451385498046875">
        <ele>11.3999996185302734375</ele>
        <time>2021-04-01T13:17:08.000Z</time>
        <extensions>
          <ns3:TrackPointExtension>
            <ns3:hr>161</ns3:hr>
            <ns3:cad>83</ns3:cad>
          </ns3:TrackPointExtension>
        </extensions>
      </trkpt>
      <trkpt lat="23.18568318150937557220458984375" lon="113.262138627469539642333984375">
        <ele>10.80000019073486328125</ele>
        <time>2021-04-01T13:17:13.000Z</time>
        <extensions>
          <ns3:TrackPointExtension>
            <ns3:hr>165</ns3:hr>
            <ns3:cad>81</ns3:cad>
          </ns3:TrackPointExtension>
        </extensions>
      </trkpt>
      <trkpt lat="23.18563171662390232086181640625" lon="113.26224314980208873748779296875">
        <ele>9</ele>
        <time>2021-04-01T13:17:17.000Z</time>
        <extensions>
          <ns3:TrackPointExtension>
            <ns3:hr>168</ns3:hr>
            <ns3:cad>83</ns3:cad>
          </ns3:TrackPointExtension>
        </extensions>
      </trkpt>
      <trkpt lat="23.185550160706043243408203125" lon="113.26243258081376552581787109375">
        <ele>8.80000019073486328125</ele>
        <time>2021-04-01T13:17:25.000Z</time>
        <extensions>
          <ns3:TrackPointExtension>
            <ns3:hr>170</ns3:hr>
            <ns3:cad>82</ns3:cad>
          </ns3:TrackPointExtension>
        </extensions>
      </trkpt>
      <trkpt lat="23.1854661740362644195556640625" lon="113.262597620487213134765625">
        <ele>10</ele>
        <time>2021-04-01T13:17:33.000Z</time>
        <extensions>
          <ns3:TrackPointExtension>
            <ns3:hr>173</ns3:hr>
            <ns3:cad>83</ns3:cad>
          </ns3:TrackPointExtension>
        </extensions>
      </trkpt>
      <trkpt lat="23.18539149127900600433349609375" lon="113.2627251930534839630126953125">
        <ele>8.3999996185302734375</ele>
        <time>2021-04-01T13:17:42.000Z</time>
        <extensions>
          <ns3:TrackPointExtension>
            <ns3:hr>170</ns3:hr>
            <ns3:cad>0</ns3:cad>
          </ns3:TrackPointExtension>
        </extensions>
      </trkpt>
      <trkpt lat="23.1853674352169036865234375" lon="113.26278210617601871490478515625">
        <ele>7.400000095367431640625</ele>
        <time>2021-04-01T13:17:48.000Z</time>
        <extensions>
          <ns3:TrackPointExtension>
            <ns3:hr>169</ns3:hr>
            <ns3:cad>0</ns3:cad>
          </ns3:TrackPointExtension>
        </extensions>
      </trkpt>
      <trkpt lat="23.19379384629428386688232421875" lon="113.263052590191364288330078125">
        <ele>25.799999237060546875</ele>
        <time>2021-04-01T13:19:55.000Z</time>
        <extensions>
          <ns3:TrackPointExtension>
            <ns3:hr>129</ns3:hr>
            <ns3:cad>61</ns3:cad>
          </ns3:TrackPointExtension>
        </extensions>
      </trkpt>
      <trkpt lat="23.19379384629428386688232421875" lon="113.263052590191364288330078125">
        <ele>25.799999237060546875</ele>
        <time>2021-04-01T13:19:56.000Z</time>
        <extensions>
          <ns3:TrackPointExtension>
            <ns3:hr>129</ns3:hr>
            <ns3:cad>61</ns3:cad>
          </ns3:TrackPointExtension>
        </extensions>
      </trkpt>
      <trkpt lat="23.19372653961181640625" lon="113.2632609643042087554931640625">
        <ele>24.799999237060546875</ele>
        <time>2021-04-01T13:20:08.000Z</time>
        <extensions>
          <ns3:TrackPointExtension>
            <ns3:hr>128</ns3:hr>
            <ns3:cad>83</ns3:cad>
          </ns3:TrackPointExtension>
        </extensions>
      </trkpt>
      <trkpt lat="23.1937096081674098968505859375" lon="113.26330563984811305999755859375">
        <ele>24.3999996185302734375</ele>
        <time>2021-04-01T13:20:10.000Z</time>
        <extensions>
          <ns3:TrackPointExtension>
            <ns3:hr>133</ns3:hr>
            <ns3:cad>83</ns3:cad>
          </ns3:TrackPointExtension>
        </extensions>
      </trkpt>
      <trkpt lat="23.193698711693286895751953125" lon="113.263356350362300872802734375">
        <ele>24</ele>
        <time>2021-04-01T13:20:12.000Z</time>
        <extensions>
          <ns3:TrackPointExtension>
            <ns3:hr>136</ns3:hr>
            <ns3:cad>83</ns3:cad>
          </ns3:TrackPointExtension>
        </extensions>
      </trkpt>
      <trkpt lat="23.19369343109428882598876953125" lon="113.263403959572315216064453125">
        <ele>23.6000003814697265625</ele>
        <time>2021-04-01T13:20:14.000Z</time>
        <extensions>
          <ns3:TrackPointExtension>
            <ns3:hr>133</ns3:hr>
            <ns3:cad>83</ns3:cad>
          </ns3:TrackPointExtension>
        </extensions>
      </trkpt>
      <trkpt lat="23.19369276054203510284423828125" lon="113.2634292729198932647705078125">
        <ele>23.3999996185302734375</ele>
        <time>2021-04-01T13:20:15.000Z</time>
        <extensions>
          <ns3:TrackPointExtension>
            <ns3:hr>128</ns3:hr>
            <ns3:cad>82</ns3:cad>
          </ns3:TrackPointExtension>
        </extensions>
      </trkpt>
      <trkpt lat="23.193701393902301788330078125" lon="113.26347780413925647735595703125">
        <ele>23.200000762939453125</ele>
        <time>2021-04-01T13:20:16.000Z</time>
        <extensions>
          <ns3:TrackPointExtension>
            <ns3:hr>123</ns3:hr>
            <ns3:cad>82</ns3:cad>
          </ns3:TrackPointExtension>
        </extensions>
      </trkpt>
      <trkpt lat="23.193701393902301788330078125" lon="113.26347780413925647735595703125">
        <ele>23.200000762939453125</ele>
        <time>2021-04-01T13:20:17.000Z</time>
        <extensions>
          <ns3:TrackPointExtension>
            <ns3:hr>119</ns3:hr>
            <ns3:cad>82</ns3:cad>
          </ns3:TrackPointExtension>
        </extensions>
      </trkpt>
      <trkpt lat="23.193710781633853912353515625" lon="113.26354418881237506866455078125">
        <ele>23</ele>
        <time>2021-04-01T13:20:20.000Z</time>
        <extensions>
          <ns3:TrackPointExtension>
            <ns3:hr>125</ns3:hr>
            <ns3:cad>83</ns3:cad>
          </ns3:TrackPointExtension>
        </extensions>
      </trkpt>
      <trkpt lat="23.19370164535939693450927734375" lon="113.26356279663741588592529296875">
        <ele>23</ele>
        <time>2021-04-01T13:20:21.000Z</time>
        <extensions>
          <ns3:TrackPointExtension>
            <ns3:hr>128</ns3:hr>
            <ns3:cad>83</ns3:cad>
          </ns3:TrackPointExtension>
        </extensions>
      </trkpt>
      <trkpt lat="23.19368295371532440185546875" lon="113.2636029459536075592041015625">
        <ele>22.799999237060546875</ele>
        <time>2021-04-01T13:20:23.000Z</time>
        <extensions>
          <ns3:TrackPointExtension>
            <ns3:hr>132</ns3:hr>
            <ns3:cad>82</ns3:cad>
          </ns3:TrackPointExtension>
        </extensions>
      </trkpt>
      <trkpt lat="23.193669877946376800537109375" lon="113.26364913024008274078369140625">
        <ele>22.6000003814697265625</ele>
        <time>2021-04-01T13:20:25.000Z</time>
        <extensions>
          <ns3:TrackPointExtension>
            <ns3:hr>135</ns3:hr>
            <ns3:cad>83</ns3:cad>
          </ns3:TrackPointExtension>
        </extensions>
      </trkpt>
      <trkpt lat="23.19364540278911590576171875" lon="113.263668827712535858154296875">
        <ele>22.6000003814697265625</ele>
        <time>2021-04-01T13:20:26.000Z</time>
        <extensions>
          <ns3:TrackPointExtension>
            <ns3:hr>139</ns3:hr>
            <ns3:cad>83</ns3:cad>
          </ns3:TrackPointExtension>
        </extensions>
      </trkpt>
      <trkpt lat="23.19363676942884922027587890625" lon="113.26369254849851131439208984375">
        <ele>22.200000762939453125</ele>
        <time>2021-04-01T13:20:27.000Z</time>
        <extensions>
          <ns3:TrackPointExtension>
            <ns3:hr>142</ns3:hr>
            <ns3:cad>83</ns3:cad>
          </ns3:TrackPointExtension>
        </extensions>
      </trkpt>
      <trkpt lat="23.19360290654003620147705078125" lon="113.26373948715627193450927734375">
        <ele>21.3999996185302734375</ele>
        <time>2021-04-01T13:20:28.000Z</time>
        <extensions>
          <ns3:TrackPointExtension>
            <ns3:hr>151</ns3:hr>
            <ns3:cad>83</ns3:cad>
          </ns3:TrackPointExtension>
        </extensions>
      </trkpt>
      <trkpt lat="23.1935620866715908050537109375" lon="113.26384560205042362213134765625">
        <ele>20.200000762939453125</ele>
        <time>2021-04-01T13:20:34.000Z</time>
        <extensions>
          <ns3:TrackPointExtension>
            <ns3:hr>155</ns3:hr>
            <ns3:cad>83</ns3:cad>
          </ns3:TrackPointExtension>
        </extensions>
      </trkpt>
      <trkpt lat="23.1935225240886211395263671875" lon="113.26392330229282379150390625">
        <ele>19.200000762939453125</ele>
        <time>2021-04-01T13:20:38.000Z</time>
        <extensions>
          <ns3:TrackPointExtension>
            <ns3:hr>158</ns3:hr>
            <ns3:cad>82</ns3:cad>
          </ns3:TrackPointExtension>
        </extensions>
      </trkpt>
      <trkpt lat="23.19348178803920745849609375" lon="113.26399303972721099853515625">
        <ele>18.200000762939453125</ele>
        <time>2021-04-01T13:20:42.000Z</time>
        <extensions>
          <ns3:TrackPointExtension>
            <ns3:hr>161</ns3:hr>
            <ns3:cad>82</ns3:cad>
          </ns3:TrackPointExtension>
        </extensions>
      </trkpt>
      <trkpt lat="23.1934028305113315582275390625" lon="113.2641417346894741058349609375">
        <ele>15.3999996185302734375</ele>
        <time>2021-04-01T13:20:49.000Z</time>
        <extensions>
          <ns3:TrackPointExtension>
            <ns3:hr>158</ns3:hr>
            <ns3:cad>82</ns3:cad>
          </ns3:TrackPointExtension>
        </extensions>
      </trkpt>
      <trkpt lat="23.1933652795851230621337890625" lon="113.2641806267201900482177734375">
        <ele>14.6000003814697265625</ele>
        <time>2021-04-01T13:20:51.000Z</time>
        <extensions>
          <ns3:TrackPointExtension>
            <ns3:hr>161</ns3:hr>
            <ns3:cad>83</ns3:cad>
          </ns3:TrackPointExtension>
        </extensions>
      </trkpt>
      <trkpt lat="23.19330451078712940216064453125" lon="113.2642614282667636871337890625">
        <ele>13.6000003814697265625</ele>
        <time>2021-04-01T13:20:55.000Z</time>
        <extensions>
          <ns3:TrackPointExtension>
            <ns3:hr>164</ns3:hr>
            <ns3:cad>84</ns3:cad>
          </ns3:TrackPointExtension>
        </extensions>
      </trkpt>
      <trkpt lat="23.193234689533710479736328125" lon="113.26441280543804168701171875">
        <ele>13</ele>
        <time>2021-04-01T13:21:02.000Z</time>
        <extensions>
          <ns3:TrackPointExtension>
            <ns3:hr>161</ns3:hr>
            <ns3:cad>82</ns3:cad>
          </ns3:TrackPointExtension>
        </extensions>
      </trkpt>
      <trkpt lat="23.19322831928730010986328125" lon="113.26443082652986049652099609375">
        <ele>13</ele>
        <time>2021-04-01T13:21:03.000Z</time>
        <extensions>
          <ns3:TrackPointExtension>
            <ns3:hr>164</ns3:hr>
            <ns3:cad>83</ns3:cad>
          </ns3:TrackPointExtension>
        </extensions>
      </trkpt>
      <trkpt lat="23.19323678500950336456298828125" lon="113.2644485123455524444580078125">
        <ele>13.19999980926513671875</ele>
        <time>2021-04-01T13:21:04.000Z</time>
        <extensions>
          <ns3:TrackPointExtension>
            <ns3:hr>161</ns3:hr>
            <ns3:cad>83</ns3:cad>
          </ns3:TrackPointExtension>
        </extensions>
      </trkpt>
      <trkpt lat="23.19322790019214153289794921875" lon="113.26451347209513187408447265625">
        <ele>13.3999996185302734375</ele>
        <time>2021-04-01T13:21:09.000Z</time>
        <extensions>
          <ns3:TrackPointExtension>
            <ns3:hr>164</ns3:hr>
            <ns3:cad>71</ns3:cad>
          </ns3:TrackPointExtension>
        </extensions>
      </trkpt>
      <trkpt lat="23.193213231861591339111328125" lon="113.26455035246908664703369140625">
        <ele>13.3999996185302734375</ele>
        <time>2021-04-01T13:21:12.000Z</time>
        <extensions>
          <ns3:TrackPointExtension>
            <ns3:hr>167</ns3:hr>
            <ns3:cad>81</ns3:cad>
          </ns3:TrackPointExtension>
        </extensions>
      </trkpt>
      <trkpt lat="23.193171657621860504150390625" lon="113.2646711356937885284423828125">
        <ele>14.19999980926513671875</ele>
        <time>2021-04-01T13:21:22.000Z</time>
        <extensions>
          <ns3:TrackPointExtension>
            <ns3:hr>163</ns3:hr>
            <ns3:cad>0</ns3:cad>
          </ns3:TrackPointExtension>
        </extensions>
      </trkpt>
      <trkpt lat="23.1931952945888042449951171875" lon="113.2646962814033031463623046875">
        <ele>14.3999996185302734375</ele>
        <time>2021-04-01T13:21:24.000Z</time>
        <extensions>
          <ns3:TrackPointExtension>
            <ns3:hr>161</ns3:hr>
            <ns3:cad>0</ns3:cad>
          </ns3:TrackPointExtension>
        </extensions>
      </trkpt>
      <trkpt lat="23.19312362931668758392333984375" lon="113.26486316509544849395751953125">
        <ele>15.80000019073486328125</ele>
        <time>2021-04-01T13:21:30.000Z</time>
        <extensions>
          <ns3:TrackPointExtension>
            <ns3:hr>164</ns3:hr>
            <ns3:cad>79</ns3:cad>
          </ns3:TrackPointExtension>
        </extensions>
      </trkpt>
      <trkpt lat="23.19305623881518840789794921875" lon="113.26500289142131805419921875">
        <ele>16.200000762939453125</ele>
        <time>2021-04-01T13:21:34.000Z</time>
        <extensions>
          <ns3:TrackPointExtension>
            <ns3:hr>161</ns3:hr>
            <ns3:cad>81</ns3:cad>
          </ns3:TrackPointExtension>
        </extensions>
      </trkpt>
      <trkpt lat="23.19300611503422260284423828125" lon="113.2650758139789104461669921875">
        <ele>16.200000762939453125</ele>
        <time>2021-04-01T13:21:38.000Z</time>
        <extensions>
          <ns3:TrackPointExtension>
            <ns3:hr>164</ns3:hr>
            <ns3:cad>78</ns3:cad>
          </ns3:TrackPointExtension>
        </extensions>
      </trkpt>
      <trkpt lat="23.192919194698333740234375" lon="113.2651673443615436553955078125">
        <ele>16.3999996185302734375</ele>
        <time>2021-04-01T13:21:42.000Z</time>
        <extensions>
          <ns3:TrackPointExtension>
            <ns3:hr>161</ns3:hr>
            <ns3:cad>80</ns3:cad>
          </ns3:TrackPointExtension>
        </extensions>
      </trkpt>
      <trkpt lat="23.192798830568790435791015625" lon="113.2653470523655414581298828125">
        <ele>14.3999996185302734375</ele>
        <time>2021-04-01T13:21:49.000Z</time>
        <extensions>
          <ns3:TrackPointExtension>
            <ns3:hr>159</ns3:hr>
            <ns3:cad>81</ns3:cad>
          </ns3:TrackPointExtension>
        </extensions>
      </trkpt>
      <trkpt lat="23.1927108205854892730712890625" lon="113.2654741220176219940185546875">
        <ele>13.19999980926513671875</ele>
        <time>2021-04-01T13:21:54.000Z</time>
        <extensions>
          <ns3:TrackPointExtension>
            <ns3:hr>162</ns3:hr>
            <ns3:cad>82</ns3:cad>
          </ns3:TrackPointExtension>
        </extensions>
      </trkpt>
      <trkpt lat="23.192603699862957000732421875" lon="113.26563815586268901824951171875">
        <ele>10.3999996185302734375</ele>
        <time>2021-04-01T13:22:00.000Z</time>
        <extensions>
          <ns3:TrackPointExtension>
            <ns3:hr>160</ns3:hr>
            <ns3:cad>81</ns3:cad>
          </ns3:TrackPointExtension>
        </extensions>
      </trkpt>
      <trkpt lat="23.192560113966464996337890625" lon="113.26573111116886138916015625">
        <ele>9.3999996185302734375</ele>
        <time>2021-04-01T13:22:04.000Z</time>
        <extensions>
          <ns3:TrackPointExtension>
            <ns3:hr>163</ns3:hr>
            <ns3:cad>82</ns3:cad>
          </ns3:TrackPointExtension>
        </extensions>
      </trkpt>
      <trkpt lat="23.19243782199919223785400390625" lon="113.2659007608890533447265625">
        <ele>8.6000003814697265625</ele>
        <time>2021-04-01T13:22:11.000Z</time>
        <extensions>
          <ns3:TrackPointExtension>
            <ns3:hr>165</ns3:hr>
            <ns3:cad>83</ns3:cad>
          </ns3:TrackPointExtension>
        </extensions>
      </trkpt>
      <trkpt lat="23.19228460080921649932861328125" lon="113.26604920439422130584716796875">
        <ele>8</ele>
        <time>2021-04-01T13:22:18.000Z</time>
        <extensions>
          <ns3:TrackPointExtension>
            <ns3:hr>166</ns3:hr>
            <ns3:cad>84</ns3:cad>
          </ns3:TrackPointExtension>
        </extensions>
      </trkpt>
      <trkpt lat="23.19219139404594898223876953125" lon="113.266162611544132232666015625">
        <ele>8</ele>
        <time>2021-04-01T13:22:24.000Z</time>
        <extensions>
          <ns3:TrackPointExtension>
            <ns3:hr>164</ns3:hr>
            <ns3:cad>84</ns3:cad>
          </ns3:TrackPointExtension>
        </extensions>
      </trkpt>
      <trkpt lat="23.1920154578983783721923828125" lon="113.26626780442893505096435546875">
        <ele>7.400000095367431640625</ele>
        <time>2021-04-01T13:22:30.000Z</time>
        <extensions>
          <ns3:TrackPointExtension>
            <ns3:hr>162</ns3:hr>
            <ns3:cad>83</ns3:cad>
          </ns3:TrackPointExtension>
        </extensions>
      </trkpt>
      <trkpt lat="23.19180482067167758941650390625" lon="113.2662896811962127685546875">
        <ele>7</ele>
        <time>2021-04-01T13:22:36.000Z</time>
        <extensions>
          <ns3:TrackPointExtension>
            <ns3:hr>161</ns3:hr>
            <ns3:cad>82</ns3:cad>
          </ns3:TrackPointExtension>
        </extensions>
      </trkpt>
      <trkpt lat="23.19159611128270626068115234375" lon="113.2662486098706722259521484375">
        <ele>7.599999904632568359375</ele>
        <time>2021-04-01T13:22:42.000Z</time>
        <extensions>
          <ns3:TrackPointExtension>
            <ns3:hr>160</ns3:hr>
            <ns3:cad>82</ns3:cad>
          </ns3:TrackPointExtension>
        </extensions>
      </trkpt>
      <trkpt lat="23.19138656370341777801513671875" lon="113.2662110589444637298583984375">
        <ele>8.6000003814697265625</ele>
        <time>2021-04-01T13:22:48.000Z</time>
        <extensions>
          <ns3:TrackPointExtension>
            <ns3:hr>161</ns3:hr>
            <ns3:cad>83</ns3:cad>
          </ns3:TrackPointExtension>
        </extensions>
      </trkpt>
      <trkpt lat="23.1911856494843959808349609375" lon="113.26617225073277950286865234375">
        <ele>9.3999996185302734375</ele>
        <time>2021-04-01T13:22:54.000Z</time>
        <extensions>
          <ns3:TrackPointExtension>
            <ns3:hr>160</ns3:hr>
            <ns3:cad>82</ns3:cad>
          </ns3:TrackPointExtension>
        </extensions>
      </trkpt>
      <trkpt lat="23.190938048064708709716796875" lon="113.26619572006165981292724609375">
        <ele>10</ele>
        <time>2021-04-01T13:22:58.000Z</time>
        <extensions>
          <ns3:TrackPointExtension>
            <ns3:hr>162</ns3:hr>
            <ns3:cad>83</ns3:cad>
          </ns3:TrackPointExtension>
        </extensions>
      </trkpt>
      <trkpt lat="23.19073411636054515838623046875" lon="113.2662140764296054840087890625">
        <ele>10.19999980926513671875</ele>
        <time>2021-04-01T13:23:01.000Z</time>
        <extensions>
          <ns3:TrackPointExtension>
            <ns3:hr>164</ns3:hr>
            <ns3:cad>83</ns3:cad>
          </ns3:TrackPointExtension>
        </extensions>
      </trkpt>
      <trkpt lat="23.1902676634490489959716796875" lon="113.26638867147266864776611328125">
        <ele>12.3999996185302734375</ele>
        <time>2021-04-01T13:23:04.000Z</time>
        <extensions>
          <ns3:TrackPointExtension>
            <ns3:hr>164</ns3:hr>
            <ns3:cad>82</ns3:cad>
          </ns3:TrackPointExtension>
        </extensions>
      </trkpt>
      <trkpt lat="23.19003188051283359527587890625" lon="113.266433514654636383056640625">
        <ele>8.80000019073486328125</ele>
        <time>2021-04-01T13:23:06.000Z</time>
        <extensions>
          <ns3:TrackPointExtension>
            <ns3:hr>165</ns3:hr>
            <ns3:cad>82</ns3:cad>
          </ns3:TrackPointExtension>
        </extensions>
      </trkpt>
      <trkpt lat="23.18977237679064273834228515625" lon="113.26652479358017444610595703125">
        <ele>3.599999904632568359375</ele>
        <time>2021-04-01T13:23:07.000Z</time>
        <extensions>
          <ns3:TrackPointExtension>
            <ns3:hr>165</ns3:hr>
            <ns3:cad>82</ns3:cad>
          </ns3:TrackPointExtension>
        </extensions>
      </trkpt>
      <trkpt lat="23.18962368182837963104248046875" lon="113.26640292070806026458740234375">
        <ele>3</ele>
        <time>2021-04-01T13:23:12.000Z</time>
        <extensions>
          <ns3:TrackPointExtension>
            <ns3:hr>165</ns3:hr>
            <ns3:cad>82</ns3:cad>
          </ns3:TrackPointExtension>
        </extensions>
      </trkpt>
      <trkpt lat="23.1893620826303958892822265625" lon="113.26645195484161376953125">
        <ele>4.80000019073486328125</ele>
        <time>2021-04-01T13:23:14.000Z</time>
        <extensions>
          <ns3:TrackPointExtension>
            <ns3:hr>164</ns3:hr>
            <ns3:cad>83</ns3:cad>
          </ns3:TrackPointExtension>
        </extensions>
      </trkpt>
      <trkpt lat="23.18909260444343090057373046875" lon="113.26646746136248111724853515625">
        <ele>2.2000000476837158203125</ele>
        <time>2021-04-01T13:23:17.000Z</time>
        <extensions>
          <ns3:TrackPointExtension>
            <ns3:hr>166</ns3:hr>
            <ns3:cad>83</ns3:cad>
          </ns3:TrackPointExtension>
        </extensions>
      </trkpt>
      <trkpt lat="23.18887216039001941680908203125" lon="113.2664936967194080352783203125">
        <ele>2.2000000476837158203125</ele>
        <time>2021-04-01T13:23:19.000Z</time>
        <extensions>
          <ns3:TrackPointExtension>
            <ns3:hr>167</ns3:hr>
            <ns3:cad>83</ns3:cad>
          </ns3:TrackPointExtension>
        </extensions>
      </trkpt>
      <trkpt lat="23.18865775130689144134521484375" lon="113.2665131427347660064697265625">
        <ele>3.7999999523162841796875</ele>
        <time>2021-04-01T13:23:21.000Z</time>
        <extensions>
          <ns3:TrackPointExtension>
            <ns3:hr>166</ns3:hr>
            <ns3:cad>84</ns3:cad>
          </ns3:TrackPointExtension>
        </extensions>
      </trkpt>
      <trkpt lat="23.18358502350747585296630859375" lon="113.26676988042891025543212890625">
        <ele>13.19999980926513671875</ele>
        <time>2021-04-01T13:23:28.000Z</time>
        <extensions>
          <ns3:TrackPointExtension>
            <ns3:hr>164</ns3:hr>
            <ns3:cad>83</ns3:cad>
          </ns3:TrackPointExtension>
        </extensions>
      </trkpt>
      <trkpt lat="23.1830012239515781402587890625" lon="113.2667163200676441192626953125">
        <ele>8</ele>
        <time>2021-04-01T13:23:31.000Z</time>
        <extensions>
          <ns3:TrackPointExtension>
            <ns3:hr>166</ns3:hr>
            <ns3:cad>83</ns3:cad>
          </ns3:TrackPointExtension>
        </extensions>
      </trkpt>
      <trkpt lat="23.182775080204010009765625" lon="113.2666878215968608856201171875">
        <ele>6.19999980926513671875</ele>
        <time>2021-04-01T13:23:33.000Z</time>
        <extensions>
          <ns3:TrackPointExtension>
            <ns3:hr>166</ns3:hr>
            <ns3:cad>81</ns3:cad>
          </ns3:TrackPointExtension>
        </extensions>
      </trkpt>
      <trkpt lat="23.182552121579647064208984375" lon="113.26664214022457599639892578125">
        <ele>5.599999904632568359375</ele>
        <time>2021-04-01T13:23:36.000Z</time>
        <extensions>
          <ns3:TrackPointExtension>
            <ns3:hr>166</ns3:hr>
            <ns3:cad>82</ns3:cad>
          </ns3:TrackPointExtension>
        </extensions>
      </trkpt>
      <trkpt lat="23.18243938498198986053466796875" lon="113.26637844555079936981201171875">
        <ele>6</ele>
        <time>2021-04-01T13:23:43.000Z</time>
        <extensions>
          <ns3:TrackPointExtension>
            <ns3:hr>164</ns3:hr>
            <ns3:cad>83</ns3:cad>
          </ns3:TrackPointExtension>
        </extensions>
      </trkpt>
      <trkpt lat="23.1822522170841693878173828125" lon="113.266274929046630859375">
        <ele>8.19999980926513671875</ele>
        <time>2021-04-01T13:23:48.000Z</time>
        <extensions>
          <ns3:TrackPointExtension>
            <ns3:hr>163</ns3:hr>
            <ns3:cad>82</ns3:cad>
          </ns3:TrackPointExtension>
        </extensions>
      </trkpt>
      <trkpt lat="23.18207493983209133148193359375" lon="113.266178034245967864990234375">
        <ele>10.3999996185302734375</ele>
        <time>2021-04-01T13:23:54.000Z</time>
        <extensions>
          <ns3:TrackPointExtension>
            <ns3:hr>164</ns3:hr>
            <ns3:cad>83</ns3:cad>
          </ns3:TrackPointExtension>
        </extensions>
      </trkpt>
      <trkpt lat="23.1818757019937038421630859375" lon="113.26615498401224613189697265625">
        <ele>10.80000019073486328125</ele>
        <time>2021-04-01T13:23:59.000Z</time>
        <extensions>
          <ns3:TrackPointExtension>
            <ns3:hr>164</ns3:hr>
            <ns3:cad>82</ns3:cad>
          </ns3:TrackPointExtension>
        </extensions>
      </trkpt>
      <trkpt lat="23.1816973350942134857177734375" lon="113.26607569120824337005615234375">
        <ele>10.3999996185302734375</ele>
        <time>2021-04-01T13:24:04.000Z</time>
        <extensions>
          <ns3:TrackPointExtension>
            <ns3:hr>166</ns3:hr>
            <ns3:cad>82</ns3:cad>
          </ns3:TrackPointExtension>
        </extensions>
      </trkpt>
      <trkpt lat="23.18152089603245258331298828125" lon="113.2660078816115856170654296875">
        <ele>9.80000019073486328125</ele>
        <time>2021-04-01T13:24:10.000Z</time>
        <extensions>
          <ns3:TrackPointExtension>
            <ns3:hr>168</ns3:hr>
            <ns3:cad>82</ns3:cad>
          </ns3:TrackPointExtension>
        </extensions>
      </trkpt>
      <trkpt lat="23.18133942782878875732421875" lon="113.26594979502260684967041015625">
        <ele>8.3999996185302734375</ele>
        <time>2021-04-01T13:24:16.000Z</time>
        <extensions>
          <ns3:TrackPointExtension>
            <ns3:hr>166</ns3:hr>
            <ns3:cad>82</ns3:cad>
          </ns3:TrackPointExtension>
        </extensions>
      </trkpt>
      <trkpt lat="23.1811545230448246002197265625" lon="113.26590319164097309112548828125">
        <ele>9</ele>
        <time>2021-04-01T13:24:24.000Z</time>
        <extensions>
          <ns3:TrackPointExtension>
            <ns3:hr>167</ns3:hr>
            <ns3:cad>82</ns3:cad>
          </ns3:TrackPointExtension>
        </extensions>
      </trkpt>
      <trkpt lat="23.18096031434834003448486328125" lon="113.26587100513279438018798828125">
        <ele>11</ele>
        <time>2021-04-01T13:24:32.000Z</time>
        <extensions>
          <ns3:TrackPointExtension>
            <ns3:hr>164</ns3:hr>
            <ns3:cad>81</ns3:cad>
          </ns3:TrackPointExtension>
        </extensions>
      </trkpt>
      <trkpt lat="23.18182700313627719879150390625" lon="113.26554612256586551666259765625">
        <ele>7.19999980926513671875</ele>
        <time>2021-04-01T13:24:45.000Z</time>
        <extensions>
          <ns3:TrackPointExtension>
            <ns3:hr>164</ns3:hr>
            <ns3:cad>83</ns3:cad>
          </ns3:TrackPointExtension>
        </extensions>
      </trkpt>
      <trkpt lat="23.18165324628353118896484375" lon="113.26544009149074554443359375">
        <ele>7.400000095367431640625</ele>
        <time>2021-04-01T13:24:52.000Z</time>
        <extensions>
          <ns3:TrackPointExtension>
            <ns3:hr>164</ns3:hr>
            <ns3:cad>59</ns3:cad>
          </ns3:TrackPointExtension>
        </extensions>
      </trkpt>
      <trkpt lat="23.18155123852193355560302734375" lon="113.26537379063665866851806640625">
        <ele>8.19999980926513671875</ele>
        <time>2021-04-01T13:24:56.000Z</time>
        <extensions>
          <ns3:TrackPointExtension>
            <ns3:hr>167</ns3:hr>
            <ns3:cad>114</ns3:cad>
          </ns3:TrackPointExtension>
        </extensions>
      </trkpt>
      <trkpt lat="23.18265982903540134429931640625" lon="113.2655354775488376617431640625">
        <ele>13.80000019073486328125</ele>
        <time>2021-04-01T13:25:01.000Z</time>
        <extensions>
          <ns3:TrackPointExtension>
            <ns3:hr>164</ns3:hr>
            <ns3:cad>61</ns3:cad>
          </ns3:TrackPointExtension>
        </extensions>
      </trkpt>
      <trkpt lat="23.18393521942198276519775390625" lon="113.26565274037420749664306640625">
        <ele>-4.19999980926513671875</ele>
        <time>2021-04-01T13:25:10.000Z</time>
        <extensions>
          <ns3:TrackPointExtension>
            <ns3:hr>162</ns3:hr>
            <ns3:cad>58</ns3:cad>
          </ns3:TrackPointExtension>
        </extensions>
      </trkpt>
      <trkpt lat="23.18400956690311431884765625" lon="113.2657057978212833404541015625">
        <ele>-4.19999980926513671875</ele>
        <time>2021-04-01T13:25:13.000Z</time>
        <extensions>
          <ns3:TrackPointExtension>
            <ns3:hr>160</ns3:hr>
            <ns3:cad>61</ns3:cad>
          </ns3:TrackPointExtension>
        </extensions>
      </trkpt>
      <trkpt lat="23.18402255885303020477294921875" lon="113.265766315162181854248046875">
        <ele>-3.599999904632568359375</ele>
        <time>2021-04-01T13:25:17.000Z</time>
        <extensions>
          <ns3:TrackPointExtension>
            <ns3:hr>158</ns3:hr>
            <ns3:cad>61</ns3:cad>
          </ns3:TrackPointExtension>
        </extensions>
      </trkpt>
      <trkpt lat="23.1840449385344982147216796875" lon="113.26577863655984401702880859375">
        <ele>-3.400000095367431640625</ele>
        <time>2021-04-01T13:25:21.000Z</time>
        <extensions>
          <ns3:TrackPointExtension>
            <ns3:hr>158</ns3:hr>
            <ns3:cad>61</ns3:cad>
          </ns3:TrackPointExtension>
        </extensions>
      </trkpt>
      <trkpt lat="23.184074275195598602294921875" lon="113.26584083028137683868408203125">
        <ele>-1.60000002384185791015625</ele>
        <time>2021-04-01T13:25:25.000Z</time>
        <extensions>
          <ns3:TrackPointExtension>
            <ns3:hr>156</ns3:hr>
            <ns3:cad>58</ns3:cad>
          </ns3:TrackPointExtension>
        </extensions>
      </trkpt>
      <trkpt lat="23.18400059826672077178955078125" lon="113.26585851609706878662109375">
        <ele>-0.60000002384185791015625</ele>
        <time>2021-04-01T13:25:26.000Z</time>
        <extensions>
          <ns3:TrackPointExtension>
            <ns3:hr>152</ns3:hr>
            <ns3:cad>58</ns3:cad>
          </ns3:TrackPointExtension>
        </extensions>
      </trkpt>
      <trkpt lat="23.183981738984584808349609375" lon="113.26585449278354644775390625">
        <ele>-0.60000002384185791015625</ele>
        <time>2021-04-01T13:25:27.000Z</time>
        <extensions>
          <ns3:TrackPointExtension>
            <ns3:hr>147</ns3:hr>
            <ns3:cad>58</ns3:cad>
          </ns3:TrackPointExtension>
        </extensions>
      </trkpt>
      <trkpt lat="23.18399473093450069427490234375" lon="113.265852816402912139892578125">
        <ele>-0.60000002384185791015625</ele>
        <time>2021-04-01T13:25:28.000Z</time>
        <extensions>
          <ns3:TrackPointExtension>
            <ns3:hr>151</ns3:hr>
            <ns3:cad>0</ns3:cad>
          </ns3:TrackPointExtension>
        </extensions>
      </trkpt>
      <trkpt lat="23.18399473093450069427490234375" lon="113.265852816402912139892578125">
        <ele>-0.60000002384185791015625</ele>
        <time>2021-04-01T13:25:29.000Z</time>
        <extensions>
          <ns3:TrackPointExtension>
            <ns3:hr>156</ns3:hr>
            <ns3:cad>0</ns3:cad>
          </ns3:TrackPointExtension>
        </extensions>
      </trkpt>
      <trkpt lat="23.18392574787139892578125" lon="113.26585776172578334808349609375">
        <ele>0</ele>
        <time>2021-04-01T13:25:31.000Z</time>
        <extensions>
          <ns3:TrackPointExtension>
            <ns3:hr>158</ns3:hr>
            <ns3:cad>0</ns3:cad>
          </ns3:TrackPointExtension>
        </extensions>
      </trkpt>
      <trkpt lat="23.183906637132167816162109375" lon="113.26586698181927204132080078125">
        <ele>0.4000000059604644775390625</ele>
        <time>2021-04-01T13:25:33.000Z</time>
        <extensions>
          <ns3:TrackPointExtension>
            <ns3:hr>158</ns3:hr>
            <ns3:cad>0</ns3:cad>
          </ns3:TrackPointExtension>
        </extensions>
      </trkpt>
      <trkpt lat="23.18377487361431121826171875" lon="113.26591190882027149200439453125">
        <ele>3</ele>
        <time>2021-04-01T13:25:42.000Z</time>
        <extensions>
          <ns3:TrackPointExtension>
            <ns3:hr>156</ns3:hr>
            <ns3:cad>61</ns3:cad>
          </ns3:TrackPointExtension>
        </extensions>
      </trkpt>
      <trkpt lat="23.183783590793609619140625" lon="113.26591190882027149200439453125">
        <ele>3</ele>
        <time>2021-04-01T13:25:45.000Z</time>
        <extensions>
          <ns3:TrackPointExtension>
            <ns3:hr>153</ns3:hr>
            <ns3:cad>61</ns3:cad>
          </ns3:TrackPointExtension>
        </extensions>
      </trkpt>
      <trkpt lat="23.18371452391147613525390625" lon="113.265869915485382080078125">
        <ele>2.599999904632568359375</ele>
        <time>2021-04-01T13:25:49.000Z</time>
        <extensions>
          <ns3:TrackPointExtension>
            <ns3:hr>150</ns3:hr>
            <ns3:cad>61</ns3:cad>
          </ns3:TrackPointExtension>
        </extensions>
      </trkpt>
      <trkpt lat="23.1838655658066272735595703125" lon="113.26586547307670116424560546875">
        <ele>0.60000002384185791015625</ele>
        <time>2021-04-01T13:25:58.000Z</time>
        <extensions>
          <ns3:TrackPointExtension>
            <ns3:hr>147</ns3:hr>
            <ns3:cad>61</ns3:cad>
          </ns3:TrackPointExtension>
        </extensions>
      </trkpt>
      <trkpt lat="23.1838600337505340576171875" lon="113.26585114002227783203125">
        <ele>0.20000000298023223876953125</ele>
        <time>2021-04-01T13:26:01.000Z</time>
        <extensions>
          <ns3:TrackPointExtension>
            <ns3:hr>144</ns3:hr>
            <ns3:cad>61</ns3:cad>
          </ns3:TrackPointExtension>
        </extensions>
      </trkpt>
      <trkpt lat="23.18384863436222076416015625" lon="113.2658452726900577545166015625">
        <ele>0.20000000298023223876953125</ele>
        <time>2021-04-01T13:26:03.000Z</time>
        <extensions>
          <ns3:TrackPointExtension>
            <ns3:hr>142</ns3:hr>
            <ns3:cad>61</ns3:cad>
          </ns3:TrackPointExtension>
        </extensions>
      </trkpt>
      <trkpt lat="23.183820806443691253662109375" lon="113.26583303511142730712890625">
        <ele>0</ele>
        <time>2021-04-01T13:26:06.000Z</time>
        <extensions>
          <ns3:TrackPointExtension>
            <ns3:hr>141</ns3:hr>
            <ns3:cad>61</ns3:cad>
          </ns3:TrackPointExtension>
        </extensions>
      </trkpt>
      <trkpt lat="23.18373824469745159149169921875" lon="113.265793807804584503173828125">
        <ele>-0.20000000298023223876953125</ele>
        <time>2021-04-01T13:26:11.000Z</time>
        <extensions>
          <ns3:TrackPointExtension>
            <ns3:hr>138</ns3:hr>
            <ns3:cad>61</ns3:cad>
          </ns3:TrackPointExtension>
        </extensions>
      </trkpt>
      <trkpt lat="23.18361620418727397918701171875" lon="113.26570973731577396392822265625">
        <ele>0.60000002384185791015625</ele>
        <time>2021-04-01T13:26:23.000Z</time>
        <extensions>
          <ns3:TrackPointExtension>
            <ns3:hr>141</ns3:hr>
            <ns3:cad>61</ns3:cad>
          </ns3:TrackPointExtension>
        </extensions>
      </trkpt>
      <trkpt lat="23.183601200580596923828125" lon="113.26570102013647556304931640625">
        <ele>0.800000011920928955078125</ele>
        <time>2021-04-01T13:26:24.000Z</time>
        <extensions>
          <ns3:TrackPointExtension>
            <ns3:hr>147</ns3:hr>
            <ns3:cad>61</ns3:cad>
          </ns3:TrackPointExtension>
        </extensions>
      </trkpt>
      <trkpt lat="23.1834370829164981842041015625" lon="113.2655981741845607757568359375">
        <ele>3.599999904632568359375</ele>
        <time>2021-04-01T13:26:37.000Z</time>
        <extensions>
          <ns3:TrackPointExtension>
            <ns3:hr>145</ns3:hr>
            <ns3:cad>61</ns3:cad>
          </ns3:TrackPointExtension>
        </extensions>
      </trkpt>
      <trkpt lat="23.18339928053319454193115234375" lon="113.265572525560855865478515625">
        <ele>4.19999980926513671875</ele>
        <time>2021-04-01T13:26:39.000Z</time>
        <extensions>
          <ns3:TrackPointExtension>
            <ns3:hr>142</ns3:hr>
            <ns3:cad>61</ns3:cad>
          </ns3:TrackPointExtension>
        </extensions>
      </trkpt>
      <trkpt lat="23.18338268436491489410400390625" lon="113.26549365185201168060302734375">
        <ele>4.599999904632568359375</ele>
        <time>2021-04-01T13:26:49.000Z</time>
        <extensions>
          <ns3:TrackPointExtension>
            <ns3:hr>139</ns3:hr>
            <ns3:cad>57</ns3:cad>
          </ns3:TrackPointExtension>
        </extensions>
      </trkpt>
      <trkpt lat="23.1833911500871181488037109375" lon="113.26548007316887378692626953125">
        <ele>4.400000095367431640625</ele>
        <time>2021-04-01T13:26:51.000Z</time>
        <extensions>
          <ns3:TrackPointExtension>
            <ns3:hr>138</ns3:hr>
            <ns3:cad>57</ns3:cad>
          </ns3:TrackPointExtension>
        </extensions>
      </trkpt>
      <trkpt lat="23.183435238897800445556640625" lon="113.2653343118727207183837890625">
        <ele>3.599999904632568359375</ele>
        <time>2021-04-01T13:27:08.000Z</time>
        <extensions>
          <ns3:TrackPointExtension>
            <ns3:hr>138</ns3:hr>
            <ns3:cad>57</ns3:cad>
          </ns3:TrackPointExtension>
        </extensions>
      </trkpt>
      <trkpt lat="23.18348276428878307342529296875" lon="113.26534277759492397308349609375">
        <ele>3.599999904632568359375</ele>
        <time>2021-04-01T13:27:12.000Z</time>
        <extensions>
          <ns3:TrackPointExtension>
            <ns3:hr>138</ns3:hr>
            <ns3:cad>59</ns3:cad>
          </ns3:TrackPointExtension>
        </extensions>
      </trkpt>
      <trkpt lat="23.18363581784069538116455078125" lon="113.26537630520761013031005859375">
        <ele>0.4000000059604644775390625</ele>
        <time>2021-04-01T13:27:16.000Z</time>
        <extensions>
          <ns3:TrackPointExtension>
            <ns3:hr>138</ns3:hr>
            <ns3:cad>59</ns3:cad>
          </ns3:TrackPointExtension>
        </extensions>
      </trkpt>
      <trkpt lat="23.1837197206914424896240234375" lon="113.26541955582797527313232421875">
        <ele>-2.2000000476837158203125</ele>
        <time>2021-04-01T13:27:23.000Z</time>
        <extensions>
          <ns3:TrackPointExtension>
            <ns3:hr>138</ns3:hr>
            <ns3:cad>61</ns3:cad>
          </ns3:TrackPointExtension>
        </extensions>
      </trkpt>
      <trkpt lat="23.18366632796823978424072265625" lon="113.2654152810573577880859375">
        <ele>-0.800000011920928955078125</ele>
        <time>2021-04-01T13:27:28.000Z</time>
        <extensions>
          <ns3:TrackPointExtension>
            <ns3:hr>139</ns3:hr>
            <ns3:cad>61</ns3:cad>
          </ns3:TrackPointExtension>
        </extensions>
      </trkpt>
      <trkpt lat="23.18377965129911899566650390625" lon="113.26543916948139667510986328125">
        <ele>-3.400000095367431640625</ele>
        <time>2021-04-01T13:27:35.000Z</time>
        <extensions>
          <ns3:TrackPointExtension>
            <ns3:hr>139</ns3:hr>
            <ns3:cad>0</ns3:cad>
          </ns3:TrackPointExtension>
        </extensions>
      </trkpt>
      <trkpt lat="23.1836613826453685760498046875" lon="113.26535694301128387451171875">
        <ele>0</ele>
        <time>2021-04-01T13:27:50.000Z</time>
        <extensions>
          <ns3:TrackPointExtension>
            <ns3:hr>138</ns3:hr>
            <ns3:cad>60</ns3:cad>
          </ns3:TrackPointExtension>
        </extensions>
      </trkpt>
      <trkpt lat="23.18352199159562587738037109375" lon="113.2652501575648784637451171875">
        <ele>4.599999904632568359375</ele>
        <time>2021-04-01T13:28:06.000Z</time>
        <extensions>
          <ns3:TrackPointExtension>
            <ns3:hr>139</ns3:hr>
            <ns3:cad>61</ns3:cad>
          </ns3:TrackPointExtension>
        </extensions>
      </trkpt>
      <trkpt lat="23.1834354065358638763427734375" lon="113.26506416313350200653076171875">
        <ele>4.400000095367431640625</ele>
        <time>2021-04-01T13:28:19.000Z</time>
        <extensions>
          <ns3:TrackPointExtension>
            <ns3:hr>137</ns3:hr>
            <ns3:cad>61</ns3:cad>
          </ns3:TrackPointExtension>
        </extensions>
      </trkpt>
      <trkpt lat="23.18303718231618404388427734375" lon="113.26505024917423725128173828125">
        <ele>2.7999999523162841796875</ele>
        <time>2021-04-01T13:28:24.000Z</time>
        <extensions>
          <ns3:TrackPointExtension>
            <ns3:hr>136</ns3:hr>
            <ns3:cad>58</ns3:cad>
          </ns3:TrackPointExtension>
        </extensions>
      </trkpt>
      <trkpt lat="23.1832909025251865386962890625" lon="113.26490390114486217498779296875">
        <ele>4.400000095367431640625</ele>
        <time>2021-04-01T13:29:07.000Z</time>
        <extensions>
          <ns3:TrackPointExtension>
            <ns3:hr>133</ns3:hr>
            <ns3:cad>61</ns3:cad>
          </ns3:TrackPointExtension>
        </extensions>
      </trkpt>
      <trkpt lat="23.18335535936057567596435546875" lon="113.26484732329845428466796875">
        <ele>5.19999980926513671875</ele>
        <time>2021-04-01T13:29:20.000Z</time>
        <extensions>
          <ns3:TrackPointExtension>
            <ns3:hr>132</ns3:hr>
            <ns3:cad>61</ns3:cad>
          </ns3:TrackPointExtension>
        </extensions>
      </trkpt>
      <trkpt lat="23.183195851743221282958984375" lon="113.264774568378925323486328125">
        <ele>6</ele>
        <time>2021-04-01T13:29:33.000Z</time>
        <extensions>
          <ns3:TrackPointExtension>
            <ns3:hr>134</ns3:hr>
            <ns3:cad>61</ns3:cad>
          </ns3:TrackPointExtension>
        </extensions>
      </trkpt>
      <trkpt lat="23.18301714956760406494140625" lon="113.26470608823001384735107421875">
        <ele>5.599999904632568359375</ele>
        <time>2021-04-01T13:29:42.000Z</time>
        <extensions>
          <ns3:TrackPointExtension>
            <ns3:hr>133</ns3:hr>
            <ns3:cad>61</ns3:cad>
          </ns3:TrackPointExtension>
        </extensions>
      </trkpt>
      <trkpt lat="23.18284456618130207061767578125" lon="113.26467054896056652069091796875">
        <ele>4.400000095367431640625</ele>
        <time>2021-04-01T13:29:50.000Z</time>
        <extensions>
          <ns3:TrackPointExtension>
            <ns3:hr>132</ns3:hr>
            <ns3:cad>61</ns3:cad>
          </ns3:TrackPointExtension>
        </extensions>
      </trkpt>
      <trkpt lat="23.182603418827056884765625" lon="113.26465361751616001129150390625">
        <ele>0.800000011920928955078125</ele>
        <time>2021-04-01T13:29:55.000Z</time>
        <extensions>
          <ns3:TrackPointExtension>
            <ns3:hr>132</ns3:hr>
            <ns3:cad>58</ns3:cad>
          </ns3:TrackPointExtension>
        </extensions>
      </trkpt>
      <trkpt lat="23.18239194341003894805908203125" lon="113.26462763361632823944091796875">
        <ele>-3.599999904632568359375</ele>
        <time>2021-04-01T13:29:57.000Z</time>
        <extensions>
          <ns3:TrackPointExtension>
            <ns3:hr>132</ns3:hr>
            <ns3:cad>58</ns3:cad>
          </ns3:TrackPointExtension>
        </extensions>
      </trkpt>
      <trkpt lat="23.182019032537937164306640625" lon="113.26464615762233734130859375">
        <ele>2.599999904632568359375</ele>
        <time>2021-04-01T13:29:59.000Z</time>
        <extensions>
          <ns3:TrackPointExtension>
            <ns3:hr>131</ns3:hr>
            <ns3:cad>58</ns3:cad>
          </ns3:TrackPointExtension>
        </extensions>
      </trkpt>
      <trkpt lat="23.181672357022762298583984375" lon="113.26461724005639553070068359375">
        <ele>0.20000000298023223876953125</ele>
        <time>2021-04-01T13:30:02.000Z</time>
        <extensions>
          <ns3:TrackPointExtension>
            <ns3:hr>131</ns3:hr>
            <ns3:cad>58</ns3:cad>
          </ns3:TrackPointExtension>
        </extensions>
      </trkpt>
      <trkpt lat="23.18142391741275787353515625" lon="113.2645641826093196868896484375">
        <ele>2</ele>
        <time>2021-04-01T13:30:05.000Z</time>
        <extensions>
          <ns3:TrackPointExtension>
            <ns3:hr>131</ns3:hr>
            <ns3:cad>58</ns3:cad>
          </ns3:TrackPointExtension>
        </extensions>
      </trkpt>
      <trkpt lat="23.1812500767409801483154296875" lon="113.26448262669146060943603515625">
        <ele>3.2000000476837158203125</ele>
        <time>2021-04-01T13:30:12.000Z</time>
        <extensions>
          <ns3:TrackPointExtension>
            <ns3:hr>130</ns3:hr>
            <ns3:cad>58</ns3:cad>
          </ns3:TrackPointExtension>
        </extensions>
      </trkpt>
      <trkpt lat="23.1810841150581836700439453125" lon="113.2644123025238513946533203125">
        <ele>6</ele>
        <time>2021-04-01T13:30:18.000Z</time>
        <extensions>
          <ns3:TrackPointExtension>
            <ns3:hr>130</ns3:hr>
            <ns3:cad>61</ns3:cad>
          </ns3:TrackPointExtension>
        </extensions>
      </trkpt>
      <trkpt lat="23.180912621319293975830078125" lon="113.2643144018948078155517578125">
        <ele>5</ele>
        <time>2021-04-01T13:30:31.000Z</time>
        <extensions>
          <ns3:TrackPointExtension>
            <ns3:hr>131</ns3:hr>
            <ns3:cad>61</ns3:cad>
          </ns3:TrackPointExtension>
        </extensions>
      </trkpt>
      <trkpt lat="23.180737607181072235107421875" lon="113.2642399705946445465087890625">
        <ele>2.400000095367431640625</ele>
        <time>2021-04-01T13:30:43.000Z</time>
        <extensions>
          <ns3:TrackPointExtension>
            <ns3:hr>131</ns3:hr>
            <ns3:cad>61</ns3:cad>
          </ns3:TrackPointExtension>
        </extensions>
      </trkpt>
      <trkpt lat="23.180189765989780426025390625" lon="113.264211304485797882080078125">
        <ele>1</ele>
        <time>2021-04-01T13:30:58.000Z</time>
        <extensions>
          <ns3:TrackPointExtension>
            <ns3:hr>130</ns3:hr>
            <ns3:cad>61</ns3:cad>
          </ns3:TrackPointExtension>
        </extensions>
      </trkpt>
      <trkpt lat="23.18003796972334384918212890625" lon="113.26410963200032711029052734375">
        <ele>2.599999904632568359375</ele>
        <time>2021-04-01T13:31:04.000Z</time>
        <extensions>
          <ns3:TrackPointExtension>
            <ns3:hr>128</ns3:hr>
            <ns3:cad>61</ns3:cad>
          </ns3:TrackPointExtension>
        </extensions>
      </trkpt>
      <trkpt lat="23.17655746825039386749267578125" lon="113.263931013643741607666015625">
        <ele>10.19999980926513671875</ele>
        <time>2021-04-01T13:31:07.000Z</time>
        <extensions>
          <ns3:TrackPointExtension>
            <ns3:hr>126</ns3:hr>
            <ns3:cad>61</ns3:cad>
          </ns3:TrackPointExtension>
        </extensions>
      </trkpt>
      <trkpt lat="23.17633970640599727630615234375" lon="113.26374736614525318145751953125">
        <ele>12</ele>
        <time>2021-04-01T13:31:09.000Z</time>
        <extensions>
          <ns3:TrackPointExtension>
            <ns3:hr>126</ns3:hr>
            <ns3:cad>61</ns3:cad>
          </ns3:TrackPointExtension>
        </extensions>
      </trkpt>
      <trkpt lat="23.176449425518512725830078125" lon="113.2632844336330890655517578125">
        <ele>8</ele>
        <time>2021-04-01T13:31:14.000Z</time>
        <extensions>
          <ns3:TrackPointExtension>
            <ns3:hr>127</ns3:hr>
            <ns3:cad>56</ns3:cad>
          </ns3:TrackPointExtension>
        </extensions>
      </trkpt>
      <trkpt lat="23.17640659399330615997314453125" lon="113.263052590191364288330078125">
        <ele>8.19999980926513671875</ele>
        <time>2021-04-01T13:31:24.000Z</time>
        <extensions>
          <ns3:TrackPointExtension>
            <ns3:hr>127</ns3:hr>
            <ns3:cad>65</ns3:cad>
          </ns3:TrackPointExtension>
        </extensions>
      </trkpt>
      <trkpt lat="23.17635429091751575469970703125" lon="113.26285067014396190643310546875">
        <ele>9.80000019073486328125</ele>
        <time>2021-04-01T13:31:39.000Z</time>
        <extensions>
          <ns3:TrackPointExtension>
            <ns3:hr>129</ns3:hr>
            <ns3:cad>55</ns3:cad>
          </ns3:TrackPointExtension>
        </extensions>
      </trkpt>
      <trkpt lat="23.17624214105308055877685546875" lon="113.262698538601398468017578125">
        <ele>10.6000003814697265625</ele>
        <time>2021-04-01T13:31:55.000Z</time>
        <extensions>
          <ns3:TrackPointExtension>
            <ns3:hr>129</ns3:hr>
            <ns3:cad>61</ns3:cad>
          </ns3:TrackPointExtension>
        </extensions>
      </trkpt>
      <trkpt lat="23.17617491818964481353759765625" lon="113.2626269571483135223388671875">
        <ele>10.3999996185302734375</ele>
        <time>2021-04-01T13:32:05.000Z</time>
        <extensions>
          <ns3:TrackPointExtension>
            <ns3:hr>129</ns3:hr>
            <ns3:cad>61</ns3:cad>
          </ns3:TrackPointExtension>
        </extensions>
      </trkpt>
      <trkpt lat="23.176153041422367095947265625" lon="113.26257440261542797088623046875">
        <ele>10.3999996185302734375</ele>
        <time>2021-04-01T13:32:10.000Z</time>
        <extensions>
          <ns3:TrackPointExtension>
            <ns3:hr>129</ns3:hr>
            <ns3:cad>0</ns3:cad>
          </ns3:TrackPointExtension>
        </extensions>
      </trkpt>
      <trkpt lat="23.17610216327011585235595703125" lon="113.2625426352024078369140625">
        <ele>10.19999980926513671875</ele>
        <time>2021-04-01T13:32:17.000Z</time>
        <extensions>
          <ns3:TrackPointExtension>
            <ns3:hr>129</ns3:hr>
            <ns3:cad>0</ns3:cad>
          </ns3:TrackPointExtension>
        </extensions>
      </trkpt>
      <trkpt lat="23.1759770214557647705078125" lon="113.26249829493463039398193359375">
        <ele>10</ele>
        <time>2021-04-01T13:32:33.000Z</time>
        <extensions>
          <ns3:TrackPointExtension>
            <ns3:hr>130</ns3:hr>
            <ns3:cad>0</ns3:cad>
          </ns3:TrackPointExtension>
        </extensions>
      </trkpt>
      <trkpt lat="23.175863362848758697509765625" lon="113.2624982111155986785888671875">
        <ele>11</ele>
        <time>2021-04-01T13:33:02.000Z</time>
        <extensions>
          <ns3:TrackPointExtension>
            <ns3:hr>125</ns3:hr>
            <ns3:cad>0</ns3:cad>
          </ns3:TrackPointExtension>
        </extensions>
      </trkpt>
      <trkpt lat="23.17570419050753116607666015625" lon="113.26241564936935901641845703125">
        <ele>11</ele>
        <time>2021-04-01T13:33:38.000Z</time>
        <extensions>
          <ns3:TrackPointExtension>
            <ns3:hr>124</ns3:hr>
            <ns3:cad>58</ns3:cad>
          </ns3:TrackPointExtension>
        </extensions>
      </trkpt>
      <trkpt lat="23.1756342016160488128662109375" lon="113.262363933026790618896484375">
        <ele>9</ele>
        <time>2021-04-01T13:33:47.000Z</time>
        <extensions>
          <ns3:TrackPointExtension>
            <ns3:hr>125</ns3:hr>
            <ns3:cad>57</ns3:cad>
          </ns3:TrackPointExtension>
        </extensions>
      </trkpt>
      <trkpt lat="23.17547251470386981964111328125" lon="113.262570798397064208984375">
        <ele>9</ele>
        <time>2021-04-01T13:34:15.000Z</time>
        <extensions>
          <ns3:TrackPointExtension>
            <ns3:hr>126</ns3:hr>
            <ns3:cad>56</ns3:cad>
          </ns3:TrackPointExtension>
        </extensions>
      </trkpt>
      <trkpt lat="23.175286017358303070068359375" lon="113.2626014761626720428466796875">
        <ele>8.80000019073486328125</ele>
        <time>2021-04-01T13:34:47.000Z</time>
        <extensions>
          <ns3:TrackPointExtension>
            <ns3:hr>126</ns3:hr>
            <ns3:cad>61</ns3:cad>
          </ns3:TrackPointExtension>
        </extensions>
      </trkpt>
      <trkpt lat="23.175099603831768035888671875" lon="113.262565769255161285400390625">
        <ele>9</ele>
        <time>2021-04-01T13:35:11.000Z</time>
        <extensions>
          <ns3:TrackPointExtension>
            <ns3:hr>125</ns3:hr>
            <ns3:cad>0</ns3:cad>
          </ns3:TrackPointExtension>
        </extensions>
      </trkpt>
      <trkpt lat="23.1749760545790195465087890625" lon="113.26250173151493072509765625">
        <ele>9.19999980926513671875</ele>
        <time>2021-04-01T13:35:25.000Z</time>
        <extensions>
          <ns3:TrackPointExtension>
            <ns3:hr>126</ns3:hr>
            <ns3:cad>0</ns3:cad>
          </ns3:TrackPointExtension>
        </extensions>
      </trkpt>
      <trkpt lat="23.174814619123935699462890625" lon="113.26243844814598560333251953125">
        <ele>9.80000019073486328125</ele>
        <time>2021-04-01T13:35:49.000Z</time>
        <extensions>
          <ns3:TrackPointExtension>
            <ns3:hr>123</ns3:hr>
            <ns3:cad>61</ns3:cad>
          </ns3:TrackPointExtension>
        </extensions>
      </trkpt>
      <trkpt lat="23.1746836937963962554931640625" lon="113.26224164105951786041259765625">
        <ele>10.6000003814697265625</ele>
        <time>2021-04-01T13:35:59.000Z</time>
        <extensions>
          <ns3:TrackPointExtension>
            <ns3:hr>124</ns3:hr>
            <ns3:cad>61</ns3:cad>
          </ns3:TrackPointExtension>
        </extensions>
      </trkpt>
      <trkpt lat="23.1745636649429798126220703125" lon="113.2620760984718799591064453125">
        <ele>11.80000019073486328125</ele>
        <time>2021-04-01T13:36:10.000Z</time>
        <extensions>
          <ns3:TrackPointExtension>
            <ns3:hr>125</ns3:hr>
            <ns3:cad>0</ns3:cad>
          </ns3:TrackPointExtension>
        </extensions>
      </trkpt>
      <trkpt lat="23.17441103048622608184814453125" lon="113.2619617693126201629638671875">
        <ele>13</ele>
        <time>2021-04-01T13:36:27.000Z</time>
        <extensions>
          <ns3:TrackPointExtension>
            <ns3:hr>125</ns3:hr>
            <ns3:cad>61</ns3:cad>
          </ns3:TrackPointExtension>
        </extensions>
      </trkpt>
      <trkpt lat="23.1743423826992511749267578125" lon="113.26189211569726467132568359375">
        <ele>13.80000019073486328125</ele>
        <time>2021-04-01T13:36:32.000Z</time>
        <extensions>
          <ns3:TrackPointExtension>
            <ns3:hr>127</ns3:hr>
            <ns3:cad>61</ns3:cad>
          </ns3:TrackPointExtension>
        </extensions>
      </trkpt>
      <trkpt lat="23.17420835606753826141357421875" lon="113.26163730584084987640380859375">
        <ele>14.3999996185302734375</ele>
        <time>2021-04-01T13:36:36.000Z</time>
        <extensions>
          <ns3:TrackPointExtension>
            <ns3:hr>128</ns3:hr>
            <ns3:cad>57</ns3:cad>
          </ns3:TrackPointExtension>
        </extensions>
      </trkpt>
      <trkpt lat="23.17410827614367008209228515625" lon="113.26144267804920673370361328125">
        <ele>15.19999980926513671875</ele>
        <time>2021-04-01T13:36:39.000Z</time>
        <extensions>
          <ns3:TrackPointExtension>
            <ns3:hr>127</ns3:hr>
            <ns3:cad>0</ns3:cad>
          </ns3:TrackPointExtension>
        </extensions>
      </trkpt>
      <trkpt lat="23.1739809550344944000244140625" lon="113.2612979225814342498779296875">
        <ele>16.6000003814697265625</ele>
        <time>2021-04-01T13:36:49.000Z</time>
        <extensions>
          <ns3:TrackPointExtension>
            <ns3:hr>126</ns3:hr>
            <ns3:cad>56</ns3:cad>
          </ns3:TrackPointExtension>
        </extensions>
      </trkpt>
      <trkpt lat="23.1738109700381755828857421875" lon="113.26121603138744831085205078125">
        <ele>18.3999996185302734375</ele>
        <time>2021-04-01T13:37:03.000Z</time>
        <extensions>
          <ns3:TrackPointExtension>
            <ns3:hr>126</ns3:hr>
            <ns3:cad>60</ns3:cad>
          </ns3:TrackPointExtension>
        </extensions>
      </trkpt>
      <trkpt lat="23.17363939248025417327880859375" lon="113.261127769947052001953125">
        <ele>17</ele>
        <time>2021-04-01T13:37:20.000Z</time>
        <extensions>
          <ns3:TrackPointExtension>
            <ns3:hr>124</ns3:hr>
            <ns3:cad>57</ns3:cad>
          </ns3:TrackPointExtension>
        </extensions>
      </trkpt>
      <trkpt lat="23.1734874285757541656494140625" lon="113.26101000420749187469482421875">
        <ele>14.80000019073486328125</ele>
        <time>2021-04-01T13:37:40.000Z</time>
        <extensions>
          <ns3:TrackPointExtension>
            <ns3:hr>126</ns3:hr>
            <ns3:cad>61</ns3:cad>
          </ns3:TrackPointExtension>
        </extensions>
      </trkpt>
      <trkpt lat="23.17343495786190032958984375" lon="113.26102844439446926116943359375">
        <ele>13.3999996185302734375</ele>
        <time>2021-04-01T13:37:45.000Z</time>
        <extensions>
          <ns3:TrackPointExtension>
            <ns3:hr>127</ns3:hr>
            <ns3:cad>55</ns3:cad>
          </ns3:TrackPointExtension>
        </extensions>
      </trkpt>
      <trkpt lat="23.17338843829929828643798828125" lon="113.26100246049463748931884765625">
        <ele>11.80000019073486328125</ele>
        <time>2021-04-01T13:37:50.000Z</time>
        <extensions>
          <ns3:TrackPointExtension>
            <ns3:hr>127</ns3:hr>
            <ns3:cad>57</ns3:cad>
          </ns3:TrackPointExtension>
        </extensions>
      </trkpt>
      <trkpt lat="23.1733318604528903961181640625" lon="113.26090715825557708740234375">
        <ele>9.6000003814697265625</ele>
        <time>2021-04-01T13:38:02.000Z</time>
        <extensions>
          <ns3:TrackPointExtension>
            <ns3:hr>126</ns3:hr>
            <ns3:cad>61</ns3:cad>
          </ns3:TrackPointExtension>
        </extensions>
      </trkpt>
      <trkpt lat="23.17331819795072078704833984375" lon="113.26083633117377758026123046875">
        <ele>8.6000003814697265625</ele>
        <time>2021-04-01T13:38:09.000Z</time>
        <extensions>
          <ns3:TrackPointExtension>
            <ns3:hr>123</ns3:hr>
            <ns3:cad>57</ns3:cad>
          </ns3:TrackPointExtension>
        </extensions>
      </trkpt>
      <trkpt lat="23.1733415834605693817138671875" lon="113.26078511774539947509765625">
        <ele>7.80000019073486328125</ele>
        <time>2021-04-01T13:38:14.000Z</time>
        <extensions>
          <ns3:TrackPointExtension>
            <ns3:hr>122</ns3:hr>
            <ns3:cad>56</ns3:cad>
          </ns3:TrackPointExtension>
        </extensions>
      </trkpt>
      <trkpt lat="23.17338190041482448577880859375" lon="113.26069635339081287384033203125">
        <ele>8</ele>
        <time>2021-04-01T13:38:22.000Z</time>
        <extensions>
          <ns3:TrackPointExtension>
            <ns3:hr>119</ns3:hr>
            <ns3:cad>59</ns3:cad>
          </ns3:TrackPointExtension>
        </extensions>
      </trkpt>
      <trkpt lat="23.1733952276408672332763671875" lon="113.26065293513238430023193359375">
        <ele>8.19999980926513671875</ele>
        <time>2021-04-01T13:38:27.000Z</time>
        <extensions>
          <ns3:TrackPointExtension>
            <ns3:hr>120</ns3:hr>
            <ns3:cad>55</ns3:cad>
          </ns3:TrackPointExtension>
        </extensions>
      </trkpt>
      <trkpt lat="23.17348734475672245025634765625" lon="113.26048647053539752960205078125">
        <ele>7</ele>
        <time>2021-04-01T13:38:43.000Z</time>
        <extensions>
          <ns3:TrackPointExtension>
            <ns3:hr>123</ns3:hr>
            <ns3:cad>56</ns3:cad>
          </ns3:TrackPointExtension>
        </extensions>
      </trkpt>
      <trkpt lat="23.17349589429795742034912109375" lon="113.26048026792705059051513671875">
        <ele>7</ele>
        <time>2021-04-01T13:38:44.000Z</time>
        <extensions>
          <ns3:TrackPointExtension>
            <ns3:hr>124</ns3:hr>
            <ns3:cad>58</ns3:cad>
          </ns3:TrackPointExtension>
        </extensions>
      </trkpt>
      <trkpt lat="23.17357418127357959747314453125" lon="113.26039091683924198150634765625">
        <ele>9.80000019073486328125</ele>
        <time>2021-04-01T13:38:56.000Z</time>
        <extensions>
          <ns3:TrackPointExtension>
            <ns3:hr>122</ns3:hr>
            <ns3:cad>55</ns3:cad>
          </ns3:TrackPointExtension>
        </extensions>
      </trkpt>
      <trkpt lat="23.17357686348259449005126953125" lon="113.26036828570067882537841796875">
        <ele>10.19999980926513671875</ele>
        <time>2021-04-01T13:38:58.000Z</time>
        <extensions>
          <ns3:TrackPointExtension>
            <ns3:hr>121</ns3:hr>
            <ns3:cad>56</ns3:cad>
          </ns3:TrackPointExtension>
        </extensions>
      </trkpt>
      <trkpt lat="23.17365163005888462066650390625" lon="113.26018271036446094512939453125">
        <ele>13.6000003814697265625</ele>
        <time>2021-04-01T13:39:16.000Z</time>
        <extensions>
          <ns3:TrackPointExtension>
            <ns3:hr>122</ns3:hr>
            <ns3:cad>0</ns3:cad>
          </ns3:TrackPointExtension>
        </extensions>
      </trkpt>
      <trkpt lat="23.173759840428829193115234375" lon="113.26001800596714019775390625">
        <ele>16.3999996185302734375</ele>
        <time>2021-04-01T13:39:33.000Z</time>
        <extensions>
          <ns3:TrackPointExtension>
            <ns3:hr>124</ns3:hr>
            <ns3:cad>56</ns3:cad>
          </ns3:TrackPointExtension>
        </extensions>
      </trkpt>
      <trkpt lat="23.17382999695837497711181640625" lon="113.25982966460287570953369140625">
        <ele>15.80000019073486328125</ele>
        <time>2021-04-01T13:39:52.000Z</time>
        <extensions>
          <ns3:TrackPointExtension>
            <ns3:hr>123</ns3:hr>
            <ns3:cad>57</ns3:cad>
          </ns3:TrackPointExtension>
        </extensions>
      </trkpt>
      <trkpt lat="23.17391909658908843994140625" lon="113.259676359593868255615234375">
        <ele>12.3999996185302734375</ele>
        <time>2021-04-01T13:40:07.000Z</time>
        <extensions>
          <ns3:TrackPointExtension>
            <ns3:hr>125</ns3:hr>
            <ns3:cad>61</ns3:cad>
          </ns3:TrackPointExtension>
        </extensions>
      </trkpt>
      <trkpt lat="23.174014650285243988037109375" lon="113.25964844785630702972412109375">
        <ele>9.80000019073486328125</ele>
        <time>2021-04-01T13:40:17.000Z</time>
        <extensions>
          <ns3:TrackPointExtension>
            <ns3:hr>126</ns3:hr>
            <ns3:cad>59</ns3:cad>
          </ns3:TrackPointExtension>
        </extensions>
      </trkpt>
      <trkpt lat="23.1740634329617023468017578125" lon="113.25959128327667713165283203125">
        <ele>7.80000019073486328125</ele>
        <time>2021-04-01T13:40:25.000Z</time>
        <extensions>
          <ns3:TrackPointExtension>
            <ns3:hr>127</ns3:hr>
            <ns3:cad>60</ns3:cad>
          </ns3:TrackPointExtension>
        </extensions>
      </trkpt>
      <trkpt lat="23.1740741617977619171142578125" lon="113.25956328772008419036865234375">
        <ele>7.400000095367431640625</ele>
        <time>2021-04-01T13:40:27.000Z</time>
        <extensions>
          <ns3:TrackPointExtension>
            <ns3:hr>127</ns3:hr>
            <ns3:cad>60</ns3:cad>
          </ns3:TrackPointExtension>
        </extensions>
      </trkpt>
      <trkpt lat="23.17414917983114719390869140625" lon="113.2593747787177562713623046875">
        <ele>4.80000019073486328125</ele>
        <time>2021-04-01T13:40:40.000Z</time>
        <extensions>
          <ns3:TrackPointExtension>
            <ns3:hr>125</ns3:hr>
            <ns3:cad>61</ns3:cad>
          </ns3:TrackPointExtension>
        </extensions>
      </trkpt>
      <trkpt lat="23.17417784593999385833740234375" lon="113.25928651727735996246337890625">
        <ele>5</ele>
        <time>2021-04-01T13:40:48.000Z</time>
        <extensions>
          <ns3:TrackPointExtension>
            <ns3:hr>122</ns3:hr>
            <ns3:cad>58</ns3:cad>
          </ns3:TrackPointExtension>
        </extensions>
      </trkpt>
      <trkpt lat="23.1742042489349842071533203125" lon="113.25926371850073337554931640625">
        <ele>5.400000095367431640625</ele>
        <time>2021-04-01T13:40:53.000Z</time>
        <extensions>
          <ns3:TrackPointExtension>
            <ns3:hr>123</ns3:hr>
            <ns3:cad>58</ns3:cad>
          </ns3:TrackPointExtension>
        </extensions>
      </trkpt>
      <trkpt lat="23.17421304993331432342529296875" lon="113.25926036573946475982666015625">
        <ele>5.400000095367431640625</ele>
        <time>2021-04-01T13:40:55.000Z</time>
        <extensions>
          <ns3:TrackPointExtension>
            <ns3:hr>123</ns3:hr>
            <ns3:cad>56</ns3:cad>
          </ns3:TrackPointExtension>
        </extensions>
      </trkpt>
      <trkpt lat="23.17422109656035900115966796875" lon="113.25925114564597606658935546875">
        <ele>5.599999904632568359375</ele>
        <time>2021-04-01T13:40:57.000Z</time>
        <extensions>
          <ns3:TrackPointExtension>
            <ns3:hr>123</ns3:hr>
            <ns3:cad>53</ns3:cad>
          </ns3:TrackPointExtension>
        </extensions>
      </trkpt>
      <trkpt lat="23.174287565052509307861328125" lon="113.25906179845333099365234375">
        <ele>3.400000095367431640625</ele>
        <time>2021-04-01T13:41:12.000Z</time>
        <extensions>
          <ns3:TrackPointExtension>
            <ns3:hr>124</ns3:hr>
            <ns3:cad>61</ns3:cad>
          </ns3:TrackPointExtension>
        </extensions>
      </trkpt>
      <trkpt lat="23.17438823170959949493408203125" lon="113.258890472352504730224609375">
        <ele>1</ele>
        <time>2021-04-01T13:41:28.000Z</time>
        <extensions>
          <ns3:TrackPointExtension>
            <ns3:hr>126</ns3:hr>
            <ns3:cad>61</ns3:cad>
          </ns3:TrackPointExtension>
        </extensions>
      </trkpt>
      <trkpt lat="23.17441639490425586700439453125" lon="113.258832134306430816650390625">
        <ele>0.60000002384185791015625</ele>
        <time>2021-04-01T13:41:36.000Z</time>
        <extensions>
          <ns3:TrackPointExtension>
            <ns3:hr>125</ns3:hr>
            <ns3:cad>61</ns3:cad>
          </ns3:TrackPointExtension>
        </extensions>
      </trkpt>
      <trkpt lat="23.17446651868522167205810546875" lon="113.2587665878236293792724609375">
        <ele>0.20000000298023223876953125</ele>
        <time>2021-04-01T13:41:47.000Z</time>
        <extensions>
          <ns3:TrackPointExtension>
            <ns3:hr>125</ns3:hr>
            <ns3:cad>61</ns3:cad>
          </ns3:TrackPointExtension>
        </extensions>
      </trkpt>
      <trkpt lat="23.17453089170157909393310546875" lon="113.2585788331925868988037109375">
        <ele>1.7999999523162841796875</ele>
        <time>2021-04-01T13:42:02.000Z</time>
        <extensions>
          <ns3:TrackPointExtension>
            <ns3:hr>126</ns3:hr>
            <ns3:cad>61</ns3:cad>
          </ns3:TrackPointExtension>
        </extensions>
      </trkpt>
      <trkpt lat="23.17460834048688411712646484375" lon="113.258397616446018218994140625">
        <ele>4.400000095367431640625</ele>
        <time>2021-04-01T13:42:15.000Z</time>
        <extensions>
          <ns3:TrackPointExtension>
            <ns3:hr>127</ns3:hr>
            <ns3:cad>61</ns3:cad>
          </ns3:TrackPointExtension>
        </extensions>
      </trkpt>
      <trkpt lat="23.17465377040207386016845703125" lon="113.25831480324268341064453125">
        <ele>5.400000095367431640625</ele>
        <time>2021-04-01T13:42:22.000Z</time>
        <extensions>
          <ns3:TrackPointExtension>
            <ns3:hr>124</ns3:hr>
            <ns3:cad>61</ns3:cad>
          </ns3:TrackPointExtension>
        </extensions>
      </trkpt>
      <trkpt lat="23.1746907345950603485107421875" lon="113.25825638137757778167724609375">
        <ele>5.80000019073486328125</ele>
        <time>2021-04-01T13:42:28.000Z</time>
        <extensions>
          <ns3:TrackPointExtension>
            <ns3:hr>123</ns3:hr>
            <ns3:cad>61</ns3:cad>
          </ns3:TrackPointExtension>
        </extensions>
      </trkpt>
      <trkpt lat="23.17471780814230442047119140625" lon="113.25824615545570850372314453125">
        <ele>6.19999980926513671875</ele>
        <time>2021-04-01T13:42:31.000Z</time>
        <extensions>
          <ns3:TrackPointExtension>
            <ns3:hr>124</ns3:hr>
            <ns3:cad>61</ns3:cad>
          </ns3:TrackPointExtension>
        </extensions>
      </trkpt>
      <trkpt lat="23.17473691888153553009033203125" lon="113.25823224149644374847412109375">
        <ele>6.19999980926513671875</ele>
        <time>2021-04-01T13:42:33.000Z</time>
        <extensions>
          <ns3:TrackPointExtension>
            <ns3:hr>125</ns3:hr>
            <ns3:cad>61</ns3:cad>
          </ns3:TrackPointExtension>
        </extensions>
      </trkpt>
      <trkpt lat="23.17472350783646106719970703125" lon="113.25803442858159542083740234375">
        <ele>1.39999997615814208984375</ele>
        <time>2021-04-01T13:42:47.000Z</time>
        <extensions>
          <ns3:TrackPointExtension>
            <ns3:hr>126</ns3:hr>
            <ns3:cad>61</ns3:cad>
          </ns3:TrackPointExtension>
        </extensions>
      </trkpt>
      <trkpt lat="23.1745593063533306121826171875" lon="113.25794206000864505767822265625">
        <ele>-0.800000011920928955078125</ele>
        <time>2021-04-01T13:43:02.000Z</time>
        <extensions>
          <ns3:TrackPointExtension>
            <ns3:hr>124</ns3:hr>
            <ns3:cad>61</ns3:cad>
          </ns3:TrackPointExtension>
        </extensions>
      </trkpt>
      <trkpt lat="23.1744272075593471527099609375" lon="113.25787466950714588165283203125">
        <ele>-0.60000002384185791015625</ele>
        <time>2021-04-01T13:43:13.000Z</time>
        <extensions>
          <ns3:TrackPointExtension>
            <ns3:hr>121</ns3:hr>
            <ns3:cad>61</ns3:cad>
          </ns3:TrackPointExtension>
        </extensions>
      </trkpt>
      <trkpt lat="23.17424339242279529571533203125" lon="113.2578603364527225494384765625">
        <ele>1</ele>
        <time>2021-04-01T13:43:27.000Z</time>
        <extensions>
          <ns3:TrackPointExtension>
            <ns3:hr>123</ns3:hr>
            <ns3:cad>61</ns3:cad>
          </ns3:TrackPointExtension>
        </extensions>
      </trkpt>
      <trkpt lat="23.17414934746921062469482421875" lon="113.2577845640480518341064453125">
        <ele>2.599999904632568359375</ele>
        <time>2021-04-01T13:43:39.000Z</time>
        <extensions>
          <ns3:TrackPointExtension>
            <ns3:hr>124</ns3:hr>
            <ns3:cad>0</ns3:cad>
          </ns3:TrackPointExtension>
        </extensions>
      </trkpt>
      <trkpt lat="23.174107186496257781982421875" lon="113.25776654295623302459716796875">
        <ele>3.2000000476837158203125</ele>
        <time>2021-04-01T13:43:45.000Z</time>
        <extensions>
          <ns3:TrackPointExtension>
            <ns3:hr>124</ns3:hr>
            <ns3:cad>61</ns3:cad>
          </ns3:TrackPointExtension>
        </extensions>
      </trkpt>
      <trkpt lat="23.17393745295703411102294921875" lon="113.25769177637994289398193359375">
        <ele>4.599999904632568359375</ele>
        <time>2021-04-01T13:44:01.000Z</time>
        <extensions>
          <ns3:TrackPointExtension>
            <ns3:hr>126</ns3:hr>
            <ns3:cad>61</ns3:cad>
          </ns3:TrackPointExtension>
        </extensions>
      </trkpt>
      <trkpt lat="23.17375950515270233154296875" lon="113.25762120075523853302001953125">
        <ele>5.599999904632568359375</ele>
        <time>2021-04-01T13:44:13.000Z</time>
        <extensions>
          <ns3:TrackPointExtension>
            <ns3:hr>126</ns3:hr>
            <ns3:cad>61</ns3:cad>
          </ns3:TrackPointExtension>
        </extensions>
      </trkpt>
      <trkpt lat="23.17370292730629444122314453125" lon="113.25757476501166820526123046875">
        <ele>5.599999904632568359375</ele>
        <time>2021-04-01T13:44:23.000Z</time>
        <extensions>
          <ns3:TrackPointExtension>
            <ns3:hr>123</ns3:hr>
            <ns3:cad>61</ns3:cad>
          </ns3:TrackPointExtension>
        </extensions>
      </trkpt>
      <trkpt lat="23.173539899289608001708984375" lon="113.25747099705040454864501953125">
        <ele>5.599999904632568359375</ele>
        <time>2021-04-01T13:44:48.000Z</time>
        <extensions>
          <ns3:TrackPointExtension>
            <ns3:hr>125</ns3:hr>
            <ns3:cad>61</ns3:cad>
          </ns3:TrackPointExtension>
        </extensions>
      </trkpt>
      <trkpt lat="23.17349002696573734283447265625" lon="113.25743579305708408355712890625">
        <ele>5.400000095367431640625</ele>
        <time>2021-04-01T13:44:53.000Z</time>
        <extensions>
          <ns3:TrackPointExtension>
            <ns3:hr>125</ns3:hr>
            <ns3:cad>61</ns3:cad>
          </ns3:TrackPointExtension>
        </extensions>
      </trkpt>
      <trkpt lat="23.17330361343920230865478515625" lon="113.25737829320132732391357421875">
        <ele>1.7999999523162841796875</ele>
        <time>2021-04-01T13:45:06.000Z</time>
        <extensions>
          <ns3:TrackPointExtension>
            <ns3:hr>124</ns3:hr>
            <ns3:cad>61</ns3:cad>
          </ns3:TrackPointExtension>
        </extensions>
      </trkpt>
      <trkpt lat="23.173197247087955474853515625" lon="113.25732615776360034942626953125">
        <ele>-0.20000000298023223876953125</ele>
        <time>2021-04-01T13:45:18.000Z</time>
        <extensions>
          <ns3:TrackPointExtension>
            <ns3:hr>125</ns3:hr>
            <ns3:cad>61</ns3:cad>
          </ns3:TrackPointExtension>
        </extensions>
      </trkpt>
      <trkpt lat="23.1730690039694309234619140625" lon="113.25726471841335296630859375">
        <ele>-2</ele>
        <time>2021-04-01T13:45:35.000Z</time>
        <extensions>
          <ns3:TrackPointExtension>
            <ns3:hr>125</ns3:hr>
            <ns3:cad>61</ns3:cad>
          </ns3:TrackPointExtension>
        </extensions>
      </trkpt>
      <trkpt lat="23.172888793051242828369140625" lon="113.25723328627645969390869140625">
        <ele>-2.7999999523162841796875</ele>
        <time>2021-04-01T13:45:51.000Z</time>
        <extensions>
          <ns3:TrackPointExtension>
            <ns3:hr>125</ns3:hr>
            <ns3:cad>63</ns3:cad>
          </ns3:TrackPointExtension>
        </extensions>
      </trkpt>
      <trkpt lat="23.17286808975040912628173828125" lon="113.25721350498497486114501953125">
        <ele>-3.2000000476837158203125</ele>
        <time>2021-04-01T13:45:54.000Z</time>
        <extensions>
          <ns3:TrackPointExtension>
            <ns3:hr>125</ns3:hr>
            <ns3:cad>61</ns3:cad>
          </ns3:TrackPointExtension>
        </extensions>
      </trkpt>
      <trkpt lat="23.17275208421051502227783203125" lon="113.25716011226177215576171875">
        <ele>-4</ele>
        <time>2021-04-01T13:46:07.000Z</time>
        <extensions>
          <ns3:TrackPointExtension>
            <ns3:hr>123</ns3:hr>
            <ns3:cad>0</ns3:cad>
          </ns3:TrackPointExtension>
        </extensions>
      </trkpt>
      <trkpt lat="23.17270313389599323272705078125" lon="113.25714510865509510040283203125">
        <ele>-4.19999980926513671875</ele>
        <time>2021-04-01T13:46:10.000Z</time>
        <extensions>
          <ns3:TrackPointExtension>
            <ns3:hr>123</ns3:hr>
            <ns3:cad>0</ns3:cad>
          </ns3:TrackPointExtension>
        </extensions>
      </trkpt>
      <trkpt lat="23.172629289329051971435546875" lon="113.257078640162944793701171875">
        <ele>-6.80000019073486328125</ele>
        <time>2021-04-01T13:46:19.000Z</time>
        <extensions>
          <ns3:TrackPointExtension>
            <ns3:hr>125</ns3:hr>
            <ns3:cad>0</ns3:cad>
          </ns3:TrackPointExtension>
        </extensions>
      </trkpt>
      <trkpt lat="23.1726081669330596923828125" lon="113.25704083777964115142822265625">
        <ele>-8</ele>
        <time>2021-04-01T13:46:23.000Z</time>
        <extensions>
          <ns3:TrackPointExtension>
            <ns3:hr>123</ns3:hr>
            <ns3:cad>0</ns3:cad>
          </ns3:TrackPointExtension>
        </extensions>
      </trkpt>
      <trkpt lat="23.17246525548398494720458984375" lon="113.256904967129230499267578125">
        <ele>-14.6000003814697265625</ele>
        <time>2021-04-01T13:46:39.000Z</time>
        <extensions>
          <ns3:TrackPointExtension>
            <ns3:hr>124</ns3:hr>
            <ns3:cad>58</ns3:cad>
          </ns3:TrackPointExtension>
        </extensions>
      </trkpt>
      <trkpt lat="23.17231773398816585540771484375" lon="113.25679407455027103424072265625">
        <ele>-20.3999996185302734375</ele>
        <time>2021-04-01T13:46:55.000Z</time>
        <extensions>
          <ns3:TrackPointExtension>
            <ns3:hr>125</ns3:hr>
            <ns3:cad>57</ns3:cad>
          </ns3:TrackPointExtension>
        </extensions>
      </trkpt>
      <trkpt lat="23.17217029631137847900390625" lon="113.25667404569685459136962890625">
        <ele>-25.6000003814697265625</ele>
        <time>2021-04-01T13:47:13.000Z</time>
        <extensions>
          <ns3:TrackPointExtension>
            <ns3:hr>125</ns3:hr>
            <ns3:cad>57</ns3:cad>
          </ns3:TrackPointExtension>
        </extensions>
      </trkpt>
      <trkpt lat="23.17205521278083324432373046875" lon="113.25651562772691249847412109375">
        <ele>-28.6000003814697265625</ele>
        <time>2021-04-01T13:47:31.000Z</time>
        <extensions>
          <ns3:TrackPointExtension>
            <ns3:hr>123</ns3:hr>
            <ns3:cad>60</ns3:cad>
          </ns3:TrackPointExtension>
        </extensions>
      </trkpt>
      <trkpt lat="23.17198262549936771392822265625" lon="113.25648956000804901123046875">
        <ele>-29.3999996185302734375</ele>
        <time>2021-04-01T13:47:37.000Z</time>
        <extensions>
          <ns3:TrackPointExtension>
            <ns3:hr>120</ns3:hr>
            <ns3:cad>58</ns3:cad>
          </ns3:TrackPointExtension>
        </extensions>
      </trkpt>
      <trkpt lat="23.17183434963226318359375" lon="113.25637011788785457611083984375">
        <ele>-29.6000003814697265625</ele>
        <time>2021-04-01T13:47:54.000Z</time>
        <extensions>
          <ns3:TrackPointExtension>
            <ns3:hr>121</ns3:hr>
            <ns3:cad>56</ns3:cad>
          </ns3:TrackPointExtension>
        </extensions>
      </trkpt>
      <trkpt lat="23.17167945206165313720703125" lon="113.2562560401856899261474609375">
        <ele>-20.3999996185302734375</ele>
        <time>2021-04-01T13:48:10.000Z</time>
        <extensions>
          <ns3:TrackPointExtension>
            <ns3:hr>123</ns3:hr>
            <ns3:cad>54</ns3:cad>
          </ns3:TrackPointExtension>
        </extensions>
      </trkpt>
      <trkpt lat="23.1716640293598175048828125" lon="113.25623215176165103912353515625">
        <ele>-18.799999237060546875</ele>
        <time>2021-04-01T13:48:14.000Z</time>
        <extensions>
          <ns3:TrackPointExtension>
            <ns3:hr>123</ns3:hr>
            <ns3:cad>57</ns3:cad>
          </ns3:TrackPointExtension>
        </extensions>
      </trkpt>
      <trkpt lat="23.17163527943193912506103515625" lon="113.25619912706315517425537109375">
        <ele>-16.3999996185302734375</ele>
        <time>2021-04-01T13:48:19.000Z</time>
        <extensions>
          <ns3:TrackPointExtension>
            <ns3:hr>124</ns3:hr>
            <ns3:cad>56</ns3:cad>
          </ns3:TrackPointExtension>
        </extensions>
      </trkpt>
      <trkpt lat="23.17160711623728275299072265625" lon="113.2561812736093997955322265625">
        <ele>-14.6000003814697265625</ele>
        <time>2021-04-01T13:48:21.000Z</time>
        <extensions>
          <ns3:TrackPointExtension>
            <ns3:hr>124</ns3:hr>
            <ns3:cad>56</ns3:cad>
          </ns3:TrackPointExtension>
        </extensions>
      </trkpt>
      <trkpt lat="23.17145255394279956817626953125" lon="113.25606903992593288421630859375">
        <ele>-6.599999904632568359375</ele>
        <time>2021-04-01T13:48:39.000Z</time>
        <extensions>
          <ns3:TrackPointExtension>
            <ns3:hr>126</ns3:hr>
            <ns3:cad>0</ns3:cad>
          </ns3:TrackPointExtension>
        </extensions>
      </trkpt>
      <trkpt lat="23.17139974795281887054443359375" lon="113.2560287229716777801513671875">
        <ele>-4.19999980926513671875</ele>
        <time>2021-04-01T13:48:47.000Z</time>
        <extensions>
          <ns3:TrackPointExtension>
            <ns3:hr>124</ns3:hr>
            <ns3:cad>61</ns3:cad>
          </ns3:TrackPointExtension>
        </extensions>
      </trkpt>
      <trkpt lat="23.17136487923562526702880859375" lon="113.25599997304379940032958984375">
        <ele>-2.400000095367431640625</ele>
        <time>2021-04-01T13:48:51.000Z</time>
        <extensions>
          <ns3:TrackPointExtension>
            <ns3:hr>123</ns3:hr>
            <ns3:cad>62</ns3:cad>
          </ns3:TrackPointExtension>
        </extensions>
      </trkpt>
      <trkpt lat="23.17120964638888835906982421875" lon="113.255886398255825042724609375">
        <ele>1.60000002384185791015625</ele>
        <time>2021-04-01T13:49:09.000Z</time>
        <extensions>
          <ns3:TrackPointExtension>
            <ns3:hr>122</ns3:hr>
            <ns3:cad>61</ns3:cad>
          </ns3:TrackPointExtension>
        </extensions>
      </trkpt>
      <trkpt lat="23.17112582735717296600341796875" lon="113.2558278925716876983642578125">
        <ele>2.400000095367431640625</ele>
        <time>2021-04-01T13:49:20.000Z</time>
        <extensions>
          <ns3:TrackPointExtension>
            <ns3:hr>123</ns3:hr>
            <ns3:cad>57</ns3:cad>
          </ns3:TrackPointExtension>
        </extensions>
      </trkpt>
      <trkpt lat="23.17110202275216579437255859375" lon="113.25580987147986888885498046875">
        <ele>2.599999904632568359375</ele>
        <time>2021-04-01T13:49:23.000Z</time>
        <extensions>
          <ns3:TrackPointExtension>
            <ns3:hr>123</ns3:hr>
            <ns3:cad>57</ns3:cad>
          </ns3:TrackPointExtension>
        </extensions>
      </trkpt>
      <trkpt lat="23.1710600294172763824462890625" lon="113.25576226226985454559326171875">
        <ele>3.400000095367431640625</ele>
        <time>2021-04-01T13:49:57.000Z</time>
        <extensions>
          <ns3:TrackPointExtension>
            <ns3:hr>120</ns3:hr>
            <ns3:cad>0</ns3:cad>
          </ns3:TrackPointExtension>
        </extensions>
      </trkpt>
      <trkpt lat="23.1710801459848880767822265625" lon="113.2557182572782039642333984375">
        <ele>4.400000095367431640625</ele>
        <time>2021-04-01T13:50:09.000Z</time>
        <extensions>
          <ns3:TrackPointExtension>
            <ns3:hr>117</ns3:hr>
            <ns3:cad>55</ns3:cad>
          </ns3:TrackPointExtension>
        </extensions>
      </trkpt>
      <trkpt lat="23.17110420204699039459228515625" lon="113.25567014515399932861328125">
        <ele>5.19999980926513671875</ele>
        <time>2021-04-01T13:50:14.000Z</time>
        <extensions>
          <ns3:TrackPointExtension>
            <ns3:hr>117</ns3:hr>
            <ns3:cad>57</ns3:cad>
          </ns3:TrackPointExtension>
        </extensions>
      </trkpt>
      <trkpt lat="23.1711502186954021453857421875" lon="113.25558842159807682037353515625">
        <ele>7</ele>
        <time>2021-04-01T13:50:26.000Z</time>
        <extensions>
          <ns3:TrackPointExtension>
            <ns3:hr>114</ns3:hr>
            <ns3:cad>60</ns3:cad>
          </ns3:TrackPointExtension>
        </extensions>
      </trkpt>
      <trkpt lat="23.1711626239120960235595703125" lon="113.2555796205997467041015625">
        <ele>7.400000095367431640625</ele>
        <time>2021-04-01T13:50:28.000Z</time>
        <extensions>
          <ns3:TrackPointExtension>
            <ns3:hr>117</ns3:hr>
            <ns3:cad>60</ns3:cad>
          </ns3:TrackPointExtension>
        </extensions>
      </trkpt>
      <trkpt lat="23.17120612598955631256103515625" lon="113.25554181821644306182861328125">
        <ele>8.80000019073486328125</ele>
        <time>2021-04-01T13:50:33.000Z</time>
        <extensions>
          <ns3:TrackPointExtension>
            <ns3:hr>121</ns3:hr>
            <ns3:cad>59</ns3:cad>
          </ns3:TrackPointExtension>
        </extensions>
      </trkpt>
      <trkpt lat="23.1712246499955654144287109375" lon="113.25552052818238735198974609375">
        <ele>9.3999996185302734375</ele>
        <time>2021-04-01T13:50:35.000Z</time>
        <extensions>
          <ns3:TrackPointExtension>
            <ns3:hr>121</ns3:hr>
            <ns3:cad>59</ns3:cad>
          </ns3:TrackPointExtension>
        </extensions>
      </trkpt>
    </trkseg>
  </trk>
</gpx>
