<gpx xmlns:ns3="http://www.garmin.com/xmlschemas/TrackPointExtension/v1" xmlns="http://www.topografix.com/GPX/1/1" xmlns:xsi="http://www.w3.org/2001/XMLSchema-instance" xmlns:ns2="http://www.garmin.com/xmlschemas/GpxExtensions/v3" creator="Garmin Connect" version="1.1" xsi:schemaLocation="http://www.topografix.com/GPX/1/1 http://www.topografix.com/GPX/11.xsd">
  <extensions>
<distance>6681.96</distance>
<average_hr>142.0</average_hr>
<average_speed>2.058000087738037</average_speed>
<start_time>2023-10-31T22:36:23+00:00</start_time>
<end_time>2023-10-31T23:30:30.481000+00:00</end_time>
<moving_time>3229.326</moving_time>
<elapsed_time>3606.739</elapsed_time>
</extensions>
<metadata>
    <link href="connect.garmin.com">
      <text>Garmin Connect</text>
    </link>
    <time>2023-10-31T22:36:23.000Z</time>
  </metadata>
  <trk>
    <name>广州市 跑步</name>
    <type>running</type>
    <trkseg>
      <trkpt lat="23.178679011762142181396484375" lon="113.2512875832617282867431640625">
        <ele>17</ele>
        <time>2023-10-31T22:36:23.000Z</time>
        <extensions>
          <ns3:TrackPointExtension>
            <ns3:hr>111</ns3:hr>
            <ns3:cad>0</ns3:cad>
          </ns3:TrackPointExtension>
        </extensions>
      </trkpt>
      <trkpt lat="23.1786954402923583984375" lon="113.251327313482761383056640625">
        <ele>16.799999237060546875</ele>
        <time>2023-10-31T22:36:28.000Z</time>
        <extensions>
          <ns3:TrackPointExtension>
            <ns3:hr>110</ns3:hr>
            <ns3:cad>0</ns3:cad>
          </ns3:TrackPointExtension>
        </extensions>
      </trkpt>
      <trkpt lat="23.1787070073187351226806640625" lon="113.25135723687708377838134765625">
        <ele>16.6000003814697265625</ele>
        <time>2023-10-31T22:36:36.000Z</time>
        <extensions>
          <ns3:TrackPointExtension>
            <ns3:hr>106</ns3:hr>
            <ns3:cad>0</ns3:cad>
          </ns3:TrackPointExtension>
        </extensions>
      </trkpt>
      <trkpt lat="23.1787086836993694305419921875" lon="113.25135773979127407073974609375">
        <ele>16.6000003814697265625</ele>
        <time>2023-10-31T22:36:37.000Z</time>
        <extensions>
          <ns3:TrackPointExtension>
            <ns3:hr>106</ns3:hr>
            <ns3:cad>0</ns3:cad>
          </ns3:TrackPointExtension>
        </extensions>
      </trkpt>
      <trkpt lat="23.178712539374828338623046875" lon="113.251365534961223602294921875">
        <ele>16.3999996185302734375</ele>
        <time>2023-10-31T22:36:40.000Z</time>
        <extensions>
          <ns3:TrackPointExtension>
            <ns3:hr>105</ns3:hr>
            <ns3:cad>61</ns3:cad>
          </ns3:TrackPointExtension>
        </extensions>
      </trkpt>
      <trkpt lat="23.17872083745896816253662109375" lon="113.2514025829732418060302734375">
        <ele>16.200000762939453125</ele>
        <time>2023-10-31T22:36:46.000Z</time>
        <extensions>
          <ns3:TrackPointExtension>
            <ns3:hr>102</ns3:hr>
            <ns3:cad>0</ns3:cad>
          </ns3:TrackPointExtension>
        </extensions>
      </trkpt>
      <trkpt lat="23.1787140481173992156982421875" lon="113.2514800317585468292236328125">
        <ele>16</ele>
        <time>2023-10-31T22:36:53.000Z</time>
        <extensions>
          <ns3:TrackPointExtension>
            <ns3:hr>100</ns3:hr>
            <ns3:cad>0</ns3:cad>
          </ns3:TrackPointExtension>
        </extensions>
      </trkpt>
      <trkpt lat="23.1788330711424350738525390625" lon="113.25167139060795307159423828125">
        <ele>15.19999980926513671875</ele>
        <time>2023-10-31T22:37:01.000Z</time>
        <extensions>
          <ns3:TrackPointExtension>
            <ns3:hr>100</ns3:hr>
            <ns3:cad>83</ns3:cad>
          </ns3:TrackPointExtension>
        </extensions>
      </trkpt>
      <trkpt lat="23.17889534868299961090087890625" lon="113.2517408765852451324462890625">
        <ele>15</ele>
        <time>2023-10-31T22:37:05.000Z</time>
        <extensions>
          <ns3:TrackPointExtension>
            <ns3:hr>104</ns3:hr>
            <ns3:cad>84</ns3:cad>
          </ns3:TrackPointExtension>
        </extensions>
      </trkpt>
      <trkpt lat="23.17893189378082752227783203125" lon="113.2517918385565280914306640625">
        <ele>15</ele>
        <time>2023-10-31T22:37:07.000Z</time>
        <extensions>
          <ns3:TrackPointExtension>
            <ns3:hr>109</ns3:hr>
            <ns3:cad>84</ns3:cad>
          </ns3:TrackPointExtension>
        </extensions>
      </trkpt>
      <trkpt lat="23.17899785935878753662109375" lon="113.25188294984400272369384765625">
        <ele>15</ele>
        <time>2023-10-31T22:37:11.000Z</time>
        <extensions>
          <ns3:TrackPointExtension>
            <ns3:hr>114</ns3:hr>
            <ns3:cad>84</ns3:cad>
          </ns3:TrackPointExtension>
        </extensions>
      </trkpt>
      <trkpt lat="23.17900498397648334503173828125" lon="113.25189149938523769378662109375">
        <ele>15</ele>
        <time>2023-10-31T22:37:12.000Z</time>
        <extensions>
          <ns3:TrackPointExtension>
            <ns3:hr>118</ns3:hr>
            <ns3:cad>84</ns3:cad>
          </ns3:TrackPointExtension>
        </extensions>
      </trkpt>
      <trkpt lat="23.17902468144893646240234375" lon="113.25192578136920928955078125">
        <ele>15.3999996185302734375</ele>
        <time>2023-10-31T22:37:15.000Z</time>
        <extensions>
          <ns3:TrackPointExtension>
            <ns3:hr>122</ns3:hr>
            <ns3:cad>83</ns3:cad>
          </ns3:TrackPointExtension>
        </extensions>
      </trkpt>
      <trkpt lat="23.17902912385761737823486328125" lon="113.25193894095718860626220703125">
        <ele>15.6000003814697265625</ele>
        <time>2023-10-31T22:37:16.000Z</time>
        <extensions>
          <ns3:TrackPointExtension>
            <ns3:hr>130</ns3:hr>
            <ns3:cad>83</ns3:cad>
          </ns3:TrackPointExtension>
        </extensions>
      </trkpt>
      <trkpt lat="23.17903834395110607147216796875" lon="113.25197984464466571807861328125">
        <ele>16.3999996185302734375</ele>
        <time>2023-10-31T22:37:18.000Z</time>
        <extensions>
          <ns3:TrackPointExtension>
            <ns3:hr>133</ns3:hr>
            <ns3:cad>84</ns3:cad>
          </ns3:TrackPointExtension>
        </extensions>
      </trkpt>
      <trkpt lat="23.17905418574810028076171875" lon="113.2520069181919097900390625">
        <ele>16.6000003814697265625</ele>
        <time>2023-10-31T22:37:20.000Z</time>
        <extensions>
          <ns3:TrackPointExtension>
            <ns3:hr>136</ns3:hr>
            <ns3:cad>84</ns3:cad>
          </ns3:TrackPointExtension>
        </extensions>
      </trkpt>
      <trkpt lat="23.17912928760051727294921875" lon="113.25217916630208492279052734375">
        <ele>19</ele>
        <time>2023-10-31T22:37:29.000Z</time>
        <extensions>
          <ns3:TrackPointExtension>
            <ns3:hr>140</ns3:hr>
            <ns3:cad>85</ns3:cad>
          </ns3:TrackPointExtension>
        </extensions>
      </trkpt>
      <trkpt lat="23.17915703170001506805419921875" lon="113.25226818211376667022705078125">
        <ele>19.200000762939453125</ele>
        <time>2023-10-31T22:37:32.000Z</time>
        <extensions>
          <ns3:TrackPointExtension>
            <ns3:hr>143</ns3:hr>
            <ns3:cad>85</ns3:cad>
          </ns3:TrackPointExtension>
        </extensions>
      </trkpt>
      <trkpt lat="23.179179914295673370361328125" lon="113.25231336057186126708984375">
        <ele>19.3999996185302734375</ele>
        <time>2023-10-31T22:37:34.000Z</time>
        <extensions>
          <ns3:TrackPointExtension>
            <ns3:hr>146</ns3:hr>
            <ns3:cad>86</ns3:cad>
          </ns3:TrackPointExtension>
        </extensions>
      </trkpt>
      <trkpt lat="23.1792129389941692352294921875" lon="113.25239022262394428253173828125">
        <ele>19.3999996185302734375</ele>
        <time>2023-10-31T22:37:38.000Z</time>
        <extensions>
          <ns3:TrackPointExtension>
            <ns3:hr>142</ns3:hr>
            <ns3:cad>86</ns3:cad>
          </ns3:TrackPointExtension>
        </extensions>
      </trkpt>
      <trkpt lat="23.17922106944024562835693359375" lon="113.252414278686046600341796875">
        <ele>19.6000003814697265625</ele>
        <time>2023-10-31T22:37:39.000Z</time>
        <extensions>
          <ns3:TrackPointExtension>
            <ns3:hr>142</ns3:hr>
            <ns3:cad>86</ns3:cad>
          </ns3:TrackPointExtension>
        </extensions>
      </trkpt>
      <trkpt lat="23.17926951684057712554931640625" lon="113.25248963199555873870849609375">
        <ele>19.6000003814697265625</ele>
        <time>2023-10-31T22:37:43.000Z</time>
        <extensions>
          <ns3:TrackPointExtension>
            <ns3:hr>146</ns3:hr>
            <ns3:cad>85</ns3:cad>
          </ns3:TrackPointExtension>
        </extensions>
      </trkpt>
      <trkpt lat="23.17935752682387828826904296875" lon="113.25263799168169498443603515625">
        <ele>20</ele>
        <time>2023-10-31T22:37:49.000Z</time>
        <extensions>
          <ns3:TrackPointExtension>
            <ns3:hr>146</ns3:hr>
            <ns3:cad>85</ns3:cad>
          </ns3:TrackPointExtension>
        </extensions>
      </trkpt>
      <trkpt lat="23.179375045001506805419921875" lon="113.252671100199222564697265625">
        <ele>20.200000762939453125</ele>
        <time>2023-10-31T22:37:50.000Z</time>
        <extensions>
          <ns3:TrackPointExtension>
            <ns3:hr>150</ns3:hr>
            <ns3:cad>85</ns3:cad>
          </ns3:TrackPointExtension>
        </extensions>
      </trkpt>
      <trkpt lat="23.17939574830234050750732421875" lon="113.252702616155147552490234375">
        <ele>20.3999996185302734375</ele>
        <time>2023-10-31T22:37:51.000Z</time>
        <extensions>
          <ns3:TrackPointExtension>
            <ns3:hr>153</ns3:hr>
            <ns3:cad>85</ns3:cad>
          </ns3:TrackPointExtension>
        </extensions>
      </trkpt>
      <trkpt lat="23.1794134341180324554443359375" lon="113.2527356408536434173583984375">
        <ele>20.799999237060546875</ele>
        <time>2023-10-31T22:37:52.000Z</time>
        <extensions>
          <ns3:TrackPointExtension>
            <ns3:hr>148</ns3:hr>
            <ns3:cad>85</ns3:cad>
          </ns3:TrackPointExtension>
        </extensions>
      </trkpt>
      <trkpt lat="23.179432041943073272705078125" lon="113.25276975519955158233642578125">
        <ele>21</ele>
        <time>2023-10-31T22:37:53.000Z</time>
        <extensions>
          <ns3:TrackPointExtension>
            <ns3:hr>144</ns3:hr>
            <ns3:cad>85</ns3:cad>
          </ns3:TrackPointExtension>
        </extensions>
      </trkpt>
      <trkpt lat="23.17944872193038463592529296875" lon="113.25280814431607723236083984375">
        <ele>21.3999996185302734375</ele>
        <time>2023-10-31T22:37:54.000Z</time>
        <extensions>
          <ns3:TrackPointExtension>
            <ns3:hr>144</ns3:hr>
            <ns3:cad>85</ns3:cad>
          </ns3:TrackPointExtension>
        </extensions>
      </trkpt>
      <trkpt lat="23.1795166991651058197021484375" lon="113.2529971562325954437255859375">
        <ele>22.799999237060546875</ele>
        <time>2023-10-31T22:37:59.000Z</time>
        <extensions>
          <ns3:TrackPointExtension>
            <ns3:hr>147</ns3:hr>
            <ns3:cad>82</ns3:cad>
          </ns3:TrackPointExtension>
        </extensions>
      </trkpt>
      <trkpt lat="23.17953027784824371337890625" lon="113.25310058891773223876953125">
        <ele>22.799999237060546875</ele>
        <time>2023-10-31T22:38:03.000Z</time>
        <extensions>
          <ns3:TrackPointExtension>
            <ns3:hr>144</ns3:hr>
            <ns3:cad>83</ns3:cad>
          </ns3:TrackPointExtension>
        </extensions>
      </trkpt>
      <trkpt lat="23.1795264221727848052978515625" lon="113.25315666384994983673095703125">
        <ele>22.799999237060546875</ele>
        <time>2023-10-31T22:38:05.000Z</time>
        <extensions>
          <ns3:TrackPointExtension>
            <ns3:hr>147</ns3:hr>
            <ns3:cad>83</ns3:cad>
          </ns3:TrackPointExtension>
        </extensions>
      </trkpt>
      <trkpt lat="23.17952449433505535125732421875" lon="113.2531882636249065399169921875">
        <ele>22.799999237060546875</ele>
        <time>2023-10-31T22:38:06.000Z</time>
        <extensions>
          <ns3:TrackPointExtension>
            <ns3:hr>151</ns3:hr>
            <ns3:cad>83</ns3:cad>
          </ns3:TrackPointExtension>
        </extensions>
      </trkpt>
      <trkpt lat="23.17952164448797702789306640625" lon="113.253210224211215972900390625">
        <ele>22.6000003814697265625</ele>
        <time>2023-10-31T22:38:07.000Z</time>
        <extensions>
          <ns3:TrackPointExtension>
            <ns3:hr>154</ns3:hr>
            <ns3:cad>82</ns3:cad>
          </ns3:TrackPointExtension>
        </extensions>
      </trkpt>
      <trkpt lat="23.179521225392818450927734375" lon="113.25323780067265033721923828125">
        <ele>22.3999996185302734375</ele>
        <time>2023-10-31T22:38:08.000Z</time>
        <extensions>
          <ns3:TrackPointExtension>
            <ns3:hr>154</ns3:hr>
            <ns3:cad>82</ns3:cad>
          </ns3:TrackPointExtension>
        </extensions>
      </trkpt>
      <trkpt lat="23.1795148551464080810546875" lon="113.2532911933958530426025390625">
        <ele>22.200000762939453125</ele>
        <time>2023-10-31T22:38:10.000Z</time>
        <extensions>
          <ns3:TrackPointExtension>
            <ns3:hr>150</ns3:hr>
            <ns3:cad>83</ns3:cad>
          </ns3:TrackPointExtension>
        </extensions>
      </trkpt>
      <trkpt lat="23.1795109994709491729736328125" lon="113.25335405766963958740234375">
        <ele>22.200000762939453125</ele>
        <time>2023-10-31T22:38:12.000Z</time>
        <extensions>
          <ns3:TrackPointExtension>
            <ns3:hr>146</ns3:hr>
            <ns3:cad>83</ns3:cad>
          </ns3:TrackPointExtension>
        </extensions>
      </trkpt>
      <trkpt lat="23.17948241718113422393798828125" lon="113.25355262495577335357666015625">
        <ele>20.6000003814697265625</ele>
        <time>2023-10-31T22:38:19.000Z</time>
        <extensions>
          <ns3:TrackPointExtension>
            <ns3:hr>144</ns3:hr>
            <ns3:cad>84</ns3:cad>
          </ns3:TrackPointExtension>
        </extensions>
      </trkpt>
      <trkpt lat="23.17948065698146820068359375" lon="113.2537565566599369049072265625">
        <ele>18.799999237060546875</ele>
        <time>2023-10-31T22:38:26.000Z</time>
        <extensions>
          <ns3:TrackPointExtension>
            <ns3:hr>143</ns3:hr>
            <ns3:cad>83</ns3:cad>
          </ns3:TrackPointExtension>
        </extensions>
      </trkpt>
      <trkpt lat="23.17949004471302032470703125" lon="113.25386208482086658477783203125">
        <ele>17.799999237060546875</ele>
        <time>2023-10-31T22:38:31.000Z</time>
        <extensions>
          <ns3:TrackPointExtension>
            <ns3:hr>146</ns3:hr>
            <ns3:cad>81</ns3:cad>
          </ns3:TrackPointExtension>
        </extensions>
      </trkpt>
      <trkpt lat="23.17953757010400295257568359375" lon="113.25404916889965534210205078125">
        <ele>16.200000762939453125</ele>
        <time>2023-10-31T22:38:40.000Z</time>
        <extensions>
          <ns3:TrackPointExtension>
            <ns3:hr>148</ns3:hr>
            <ns3:cad>81</ns3:cad>
          </ns3:TrackPointExtension>
        </extensions>
      </trkpt>
      <trkpt lat="23.1795508973300457000732421875" lon="113.25405419804155826568603515625">
        <ele>16.6000003814697265625</ele>
        <time>2023-10-31T22:38:41.000Z</time>
        <extensions>
          <ns3:TrackPointExtension>
            <ns3:hr>149</ns3:hr>
            <ns3:cad>80</ns3:cad>
          </ns3:TrackPointExtension>
        </extensions>
      </trkpt>
      <trkpt lat="23.17973722703754901885986328125" lon="113.25399108231067657470703125">
        <ele>22.6000003814697265625</ele>
        <time>2023-10-31T22:38:49.000Z</time>
        <extensions>
          <ns3:TrackPointExtension>
            <ns3:hr>147</ns3:hr>
            <ns3:cad>83</ns3:cad>
          </ns3:TrackPointExtension>
        </extensions>
      </trkpt>
      <trkpt lat="23.1799307651817798614501953125" lon="113.253926374018192291259765625">
        <ele>27.3999996185302734375</ele>
        <time>2023-10-31T22:38:57.000Z</time>
        <extensions>
          <ns3:TrackPointExtension>
            <ns3:hr>147</ns3:hr>
            <ns3:cad>82</ns3:cad>
          </ns3:TrackPointExtension>
        </extensions>
      </trkpt>
      <trkpt lat="23.18012950010597705841064453125" lon="113.25389862991869449615478515625">
        <ele>27</ele>
        <time>2023-10-31T22:39:05.000Z</time>
        <extensions>
          <ns3:TrackPointExtension>
            <ns3:hr>147</ns3:hr>
            <ns3:cad>84</ns3:cad>
          </ns3:TrackPointExtension>
        </extensions>
      </trkpt>
      <trkpt lat="23.18032647483050823211669921875" lon="113.25390030629932880401611328125">
        <ele>26</ele>
        <time>2023-10-31T22:39:14.000Z</time>
        <extensions>
          <ns3:TrackPointExtension>
            <ns3:hr>147</ns3:hr>
            <ns3:cad>84</ns3:cad>
          </ns3:TrackPointExtension>
        </extensions>
      </trkpt>
      <trkpt lat="23.180513642728328704833984375" lon="113.2538598217070102691650390625">
        <ele>25.6000003814697265625</ele>
        <time>2023-10-31T22:39:23.000Z</time>
        <extensions>
          <ns3:TrackPointExtension>
            <ns3:hr>146</ns3:hr>
            <ns3:cad>84</ns3:cad>
          </ns3:TrackPointExtension>
        </extensions>
      </trkpt>
      <trkpt lat="23.1806130520999431610107421875" lon="113.253862001001834869384765625">
        <ele>25.200000762939453125</ele>
        <time>2023-10-31T22:39:27.000Z</time>
        <extensions>
          <ns3:TrackPointExtension>
            <ns3:hr>146</ns3:hr>
            <ns3:cad>84</ns3:cad>
          </ns3:TrackPointExtension>
        </extensions>
      </trkpt>
      <trkpt lat="23.1807578913867473602294921875" lon="113.25396903790533542633056640625">
        <ele>23.6000003814697265625</ele>
        <time>2023-10-31T22:39:35.000Z</time>
        <extensions>
          <ns3:TrackPointExtension>
            <ns3:hr>147</ns3:hr>
            <ns3:cad>87</ns3:cad>
          </ns3:TrackPointExtension>
        </extensions>
      </trkpt>
      <trkpt lat="23.1807753257453441619873046875" lon="113.25400960631668567657470703125">
        <ele>23</ele>
        <time>2023-10-31T22:39:38.000Z</time>
        <extensions>
          <ns3:TrackPointExtension>
            <ns3:hr>149</ns3:hr>
            <ns3:cad>0</ns3:cad>
          </ns3:TrackPointExtension>
        </extensions>
      </trkpt>
      <trkpt lat="23.1807930953800678253173828125" lon="113.25406040064990520477294921875">
        <ele>22.200000762939453125</ele>
        <time>2023-10-31T22:39:41.000Z</time>
        <extensions>
          <ns3:TrackPointExtension>
            <ns3:hr>149</ns3:hr>
            <ns3:cad>0</ns3:cad>
          </ns3:TrackPointExtension>
        </extensions>
      </trkpt>
      <trkpt lat="23.18082846701145172119140625" lon="113.25417104177176952362060546875">
        <ele>21.200000762939453125</ele>
        <time>2023-10-31T22:39:53.000Z</time>
        <extensions>
          <ns3:TrackPointExtension>
            <ns3:hr>147</ns3:hr>
            <ns3:cad>61</ns3:cad>
          </ns3:TrackPointExtension>
        </extensions>
      </trkpt>
      <trkpt lat="23.18081882782280445098876953125" lon="113.25419249944388866424560546875">
        <ele>21.3999996185302734375</ele>
        <time>2023-10-31T22:39:56.000Z</time>
        <extensions>
          <ns3:TrackPointExtension>
            <ns3:hr>145</ns3:hr>
            <ns3:cad>61</ns3:cad>
          </ns3:TrackPointExtension>
        </extensions>
      </trkpt>
      <trkpt lat="23.18082016892731189727783203125" lon="113.2543010450899600982666015625">
        <ele>21.799999237060546875</ele>
        <time>2023-10-31T22:40:05.000Z</time>
        <extensions>
          <ns3:TrackPointExtension>
            <ns3:hr>143</ns3:hr>
            <ns3:cad>81</ns3:cad>
          </ns3:TrackPointExtension>
        </extensions>
      </trkpt>
      <trkpt lat="23.18082771264016628265380859375" lon="113.2543189823627471923828125">
        <ele>21.799999237060546875</ele>
        <time>2023-10-31T22:40:08.000Z</time>
        <extensions>
          <ns3:TrackPointExtension>
            <ns3:hr>141</ns3:hr>
            <ns3:cad>81</ns3:cad>
          </ns3:TrackPointExtension>
        </extensions>
      </trkpt>
      <trkpt lat="23.18083793856203556060791015625" lon="113.25437304563820362091064453125">
        <ele>21.6000003814697265625</ele>
        <time>2023-10-31T22:40:12.000Z</time>
        <extensions>
          <ns3:TrackPointExtension>
            <ns3:hr>139</ns3:hr>
            <ns3:cad>64</ns3:cad>
          </ns3:TrackPointExtension>
        </extensions>
      </trkpt>
      <trkpt lat="23.180838525295257568359375" lon="113.25437421910464763641357421875">
        <ele>21.6000003814697265625</ele>
        <time>2023-10-31T22:40:15.000Z</time>
        <extensions>
          <ns3:TrackPointExtension>
            <ns3:hr>141</ns3:hr>
            <ns3:cad>88</ns3:cad>
          </ns3:TrackPointExtension>
        </extensions>
      </trkpt>
      <trkpt lat="23.1808505952358245849609375" lon="113.25438670814037322998046875">
        <ele>21.3999996185302734375</ele>
        <time>2023-10-31T22:40:17.000Z</time>
        <extensions>
          <ns3:TrackPointExtension>
            <ns3:hr>145</ns3:hr>
            <ns3:cad>88</ns3:cad>
          </ns3:TrackPointExtension>
        </extensions>
      </trkpt>
      <trkpt lat="23.1808806024491786956787109375" lon="113.25440254993736743927001953125">
        <ele>21</ele>
        <time>2023-10-31T22:40:22.000Z</time>
        <extensions>
          <ns3:TrackPointExtension>
            <ns3:hr>143</ns3:hr>
            <ns3:cad>88</ns3:cad>
          </ns3:TrackPointExtension>
        </extensions>
      </trkpt>
      <trkpt lat="23.1808854639530181884765625" lon="113.25440238229930400848388671875">
        <ele>20.799999237060546875</ele>
        <time>2023-10-31T22:40:23.000Z</time>
        <extensions>
          <ns3:TrackPointExtension>
            <ns3:hr>139</ns3:hr>
            <ns3:cad>88</ns3:cad>
          </ns3:TrackPointExtension>
        </extensions>
      </trkpt>
      <trkpt lat="23.18090935237705707550048828125" lon="113.25440288521349430084228515625">
        <ele>20.200000762939453125</ele>
        <time>2023-10-31T22:40:26.000Z</time>
        <extensions>
          <ns3:TrackPointExtension>
            <ns3:hr>140</ns3:hr>
            <ns3:cad>88</ns3:cad>
          </ns3:TrackPointExtension>
        </extensions>
      </trkpt>
      <trkpt lat="23.1809808500111103057861328125" lon="113.25441461987793445587158203125">
        <ele>18.6000003814697265625</ele>
        <time>2023-10-31T22:40:31.000Z</time>
        <extensions>
          <ns3:TrackPointExtension>
            <ns3:hr>139</ns3:hr>
            <ns3:cad>79</ns3:cad>
          </ns3:TrackPointExtension>
        </extensions>
      </trkpt>
      <trkpt lat="23.18100105039775371551513671875" lon="113.254415206611156463623046875">
        <ele>18.200000762939453125</ele>
        <time>2023-10-31T22:40:32.000Z</time>
        <extensions>
          <ns3:TrackPointExtension>
            <ns3:hr>143</ns3:hr>
            <ns3:cad>77</ns3:cad>
          </ns3:TrackPointExtension>
        </extensions>
      </trkpt>
      <trkpt lat="23.181033320724964141845703125" lon="113.25442953966557979583740234375">
        <ele>17.6000003814697265625</ele>
        <time>2023-10-31T22:40:34.000Z</time>
        <extensions>
          <ns3:TrackPointExtension>
            <ns3:hr>145</ns3:hr>
            <ns3:cad>80</ns3:cad>
          </ns3:TrackPointExtension>
        </extensions>
      </trkpt>
      <trkpt lat="23.18110632710158824920654296875" lon="113.2544391788542270660400390625">
        <ele>16.799999237060546875</ele>
        <time>2023-10-31T22:40:38.000Z</time>
        <extensions>
          <ns3:TrackPointExtension>
            <ns3:hr>142</ns3:hr>
            <ns3:cad>81</ns3:cad>
          </ns3:TrackPointExtension>
        </extensions>
      </trkpt>
      <trkpt lat="23.18130397237837314605712890625" lon="113.25444144196808338165283203125">
        <ele>14.6000003814697265625</ele>
        <time>2023-10-31T22:40:48.000Z</time>
        <extensions>
          <ns3:TrackPointExtension>
            <ns3:hr>144</ns3:hr>
            <ns3:cad>83</ns3:cad>
          </ns3:TrackPointExtension>
        </extensions>
      </trkpt>
      <trkpt lat="23.18140254355967044830322265625" lon="113.25442283414304256439208984375">
        <ele>13.6000003814697265625</ele>
        <time>2023-10-31T22:40:56.000Z</time>
        <extensions>
          <ns3:TrackPointExtension>
            <ns3:hr>147</ns3:hr>
            <ns3:cad>82</ns3:cad>
          </ns3:TrackPointExtension>
        </extensions>
      </trkpt>
      <trkpt lat="23.18162097595632076263427734375" lon="113.2544549368321895599365234375">
        <ele>12.80000019073486328125</ele>
        <time>2023-10-31T22:41:02.000Z</time>
        <extensions>
          <ns3:TrackPointExtension>
            <ns3:hr>147</ns3:hr>
            <ns3:cad>83</ns3:cad>
          </ns3:TrackPointExtension>
        </extensions>
      </trkpt>
      <trkpt lat="23.18182197399437427520751953125" lon="113.2544847764074802398681640625">
        <ele>12.19999980926513671875</ele>
        <time>2023-10-31T22:41:09.000Z</time>
        <extensions>
          <ns3:TrackPointExtension>
            <ns3:hr>147</ns3:hr>
            <ns3:cad>85</ns3:cad>
          </ns3:TrackPointExtension>
        </extensions>
      </trkpt>
      <trkpt lat="23.18200352601706981658935546875" lon="113.2545176334679126739501953125">
        <ele>13</ele>
        <time>2023-10-31T22:41:16.000Z</time>
        <extensions>
          <ns3:TrackPointExtension>
            <ns3:hr>147</ns3:hr>
            <ns3:cad>84</ns3:cad>
          </ns3:TrackPointExtension>
        </extensions>
      </trkpt>
      <trkpt lat="23.18218566477298736572265625" lon="113.25454068370163440704345703125">
        <ele>13.80000019073486328125</ele>
        <time>2023-10-31T22:41:24.000Z</time>
        <extensions>
          <ns3:TrackPointExtension>
            <ns3:hr>148</ns3:hr>
            <ns3:cad>84</ns3:cad>
          </ns3:TrackPointExtension>
        </extensions>
      </trkpt>
      <trkpt lat="23.18236730061471462249755859375" lon="113.25460773892700672149658203125">
        <ele>16.200000762939453125</ele>
        <time>2023-10-31T22:41:32.000Z</time>
        <extensions>
          <ns3:TrackPointExtension>
            <ns3:hr>147</ns3:hr>
            <ns3:cad>83</ns3:cad>
          </ns3:TrackPointExtension>
        </extensions>
      </trkpt>
      <trkpt lat="23.18255488760769367218017578125" lon="113.25464730150997638702392578125">
        <ele>17.3999996185302734375</ele>
        <time>2023-10-31T22:41:41.000Z</time>
        <extensions>
          <ns3:TrackPointExtension>
            <ns3:hr>146</ns3:hr>
            <ns3:cad>84</ns3:cad>
          </ns3:TrackPointExtension>
        </extensions>
      </trkpt>
      <trkpt lat="23.1827574782073497772216796875" lon="113.25466842390596866607666015625">
        <ele>17</ele>
        <time>2023-10-31T22:41:50.000Z</time>
        <extensions>
          <ns3:TrackPointExtension>
            <ns3:hr>144</ns3:hr>
            <ns3:cad>84</ns3:cad>
          </ns3:TrackPointExtension>
        </extensions>
      </trkpt>
      <trkpt lat="23.18293006159365177154541015625" lon="113.2547523267567157745361328125">
        <ele>15</ele>
        <time>2023-10-31T22:41:56.000Z</time>
        <extensions>
          <ns3:TrackPointExtension>
            <ns3:hr>142</ns3:hr>
            <ns3:cad>84</ns3:cad>
          </ns3:TrackPointExtension>
        </extensions>
      </trkpt>
      <trkpt lat="23.1830285489559173583984375" lon="113.25481007806956768035888671875">
        <ele>15.3999996185302734375</ele>
        <time>2023-10-31T22:42:00.000Z</time>
        <extensions>
          <ns3:TrackPointExtension>
            <ns3:hr>145</ns3:hr>
            <ns3:cad>84</ns3:cad>
          </ns3:TrackPointExtension>
        </extensions>
      </trkpt>
      <trkpt lat="23.183191157877445220947265625" lon="113.25490546412765979766845703125">
        <ele>17.3999996185302734375</ele>
        <time>2023-10-31T22:42:07.000Z</time>
        <extensions>
          <ns3:TrackPointExtension>
            <ns3:hr>143</ns3:hr>
            <ns3:cad>85</ns3:cad>
          </ns3:TrackPointExtension>
        </extensions>
      </trkpt>
      <trkpt lat="23.18332635797560214996337890625" lon="113.255043514072895050048828125">
        <ele>17.3999996185302734375</ele>
        <time>2023-10-31T22:42:13.000Z</time>
        <extensions>
          <ns3:TrackPointExtension>
            <ns3:hr>143</ns3:hr>
            <ns3:cad>84</ns3:cad>
          </ns3:TrackPointExtension>
        </extensions>
      </trkpt>
      <trkpt lat="23.18344403989613056182861328125" lon="113.255195729434490203857421875">
        <ele>16.3999996185302734375</ele>
        <time>2023-10-31T22:42:22.000Z</time>
        <extensions>
          <ns3:TrackPointExtension>
            <ns3:hr>143</ns3:hr>
            <ns3:cad>82</ns3:cad>
          </ns3:TrackPointExtension>
        </extensions>
      </trkpt>
      <trkpt lat="23.1834491528570652008056640625" lon="113.2551858387887477874755859375">
        <ele>16.200000762939453125</ele>
        <time>2023-10-31T22:42:24.000Z</time>
        <extensions>
          <ns3:TrackPointExtension>
            <ns3:hr>143</ns3:hr>
            <ns3:cad>84</ns3:cad>
          </ns3:TrackPointExtension>
        </extensions>
      </trkpt>
      <trkpt lat="23.183478824794292449951171875" lon="113.2551638782024383544921875">
        <ele>15.3999996185302734375</ele>
        <time>2023-10-31T22:42:27.000Z</time>
        <extensions>
          <ns3:TrackPointExtension>
            <ns3:hr>145</ns3:hr>
            <ns3:cad>84</ns3:cad>
          </ns3:TrackPointExtension>
        </extensions>
      </trkpt>
      <trkpt lat="23.183690048754215240478515625" lon="113.25505969114601612091064453125">
        <ele>11.6000003814697265625</ele>
        <time>2023-10-31T22:42:34.000Z</time>
        <extensions>
          <ns3:TrackPointExtension>
            <ns3:hr>145</ns3:hr>
            <ns3:cad>83</ns3:cad>
          </ns3:TrackPointExtension>
        </extensions>
      </trkpt>
      <trkpt lat="23.18387839011847972869873046875" lon="113.2549813203513622283935546875">
        <ele>9.6000003814697265625</ele>
        <time>2023-10-31T22:42:39.000Z</time>
        <extensions>
          <ns3:TrackPointExtension>
            <ns3:hr>146</ns3:hr>
            <ns3:cad>83</ns3:cad>
          </ns3:TrackPointExtension>
        </extensions>
      </trkpt>
      <trkpt lat="23.1840657256543636322021484375" lon="113.254921138286590576171875">
        <ele>9</ele>
        <time>2023-10-31T22:42:46.000Z</time>
        <extensions>
          <ns3:TrackPointExtension>
            <ns3:hr>145</ns3:hr>
            <ns3:cad>81</ns3:cad>
          </ns3:TrackPointExtension>
        </extensions>
      </trkpt>
      <trkpt lat="23.18426110781729221343994140625" lon="113.2549305260181427001953125">
        <ele>11</ele>
        <time>2023-10-31T22:42:53.000Z</time>
        <extensions>
          <ns3:TrackPointExtension>
            <ns3:hr>146</ns3:hr>
            <ns3:cad>82</ns3:cad>
          </ns3:TrackPointExtension>
        </extensions>
      </trkpt>
      <trkpt lat="23.1843560747802257537841796875" lon="113.25496665202081203460693359375">
        <ele>11.80000019073486328125</ele>
        <time>2023-10-31T22:42:57.000Z</time>
        <extensions>
          <ns3:TrackPointExtension>
            <ns3:hr>149</ns3:hr>
            <ns3:cad>80</ns3:cad>
          </ns3:TrackPointExtension>
        </extensions>
      </trkpt>
      <trkpt lat="23.184376694262027740478515625" lon="113.2549783028662204742431640625">
        <ele>11.80000019073486328125</ele>
        <time>2023-10-31T22:42:58.000Z</time>
        <extensions>
          <ns3:TrackPointExtension>
            <ns3:hr>153</ns3:hr>
            <ns3:cad>80</ns3:cad>
          </ns3:TrackPointExtension>
        </extensions>
      </trkpt>
      <trkpt lat="23.1844033487141132354736328125" lon="113.25499230064451694488525390625">
        <ele>12</ele>
        <time>2023-10-31T22:42:59.000Z</time>
        <extensions>
          <ns3:TrackPointExtension>
            <ns3:hr>156</ns3:hr>
            <ns3:cad>82</ns3:cad>
          </ns3:TrackPointExtension>
        </extensions>
      </trkpt>
      <trkpt lat="23.184427320957183837890625" lon="113.255003280937671661376953125">
        <ele>12</ele>
        <time>2023-10-31T22:43:00.000Z</time>
        <extensions>
          <ns3:TrackPointExtension>
            <ns3:hr>156</ns3:hr>
            <ns3:cad>83</ns3:cad>
          </ns3:TrackPointExtension>
        </extensions>
      </trkpt>
      <trkpt lat="23.18460443057119846343994140625" lon="113.25504778884351253509521484375">
        <ele>12.3999996185302734375</ele>
        <time>2023-10-31T22:43:07.000Z</time>
        <extensions>
          <ns3:TrackPointExtension>
            <ns3:hr>158</ns3:hr>
            <ns3:cad>84</ns3:cad>
          </ns3:TrackPointExtension>
        </extensions>
      </trkpt>
      <trkpt lat="23.1847882457077503204345703125" lon="113.25506153516471385955810546875">
        <ele>13</ele>
        <time>2023-10-31T22:43:14.000Z</time>
        <extensions>
          <ns3:TrackPointExtension>
            <ns3:hr>156</ns3:hr>
            <ns3:cad>84</ns3:cad>
          </ns3:TrackPointExtension>
        </extensions>
      </trkpt>
      <trkpt lat="23.18497306667268276214599609375" lon="113.25511752627789974212646484375">
        <ele>12.80000019073486328125</ele>
        <time>2023-10-31T22:43:21.000Z</time>
        <extensions>
          <ns3:TrackPointExtension>
            <ns3:hr>155</ns3:hr>
            <ns3:cad>83</ns3:cad>
          </ns3:TrackPointExtension>
        </extensions>
      </trkpt>
      <trkpt lat="23.18505085073411464691162109375" lon="113.255156837403774261474609375">
        <ele>13.3999996185302734375</ele>
        <time>2023-10-31T22:43:27.000Z</time>
        <extensions>
          <ns3:TrackPointExtension>
            <ns3:hr>152</ns3:hr>
            <ns3:cad>85</ns3:cad>
          </ns3:TrackPointExtension>
        </extensions>
      </trkpt>
      <trkpt lat="23.18524061702191829681396484375" lon="113.255105875432491302490234375">
        <ele>14.19999980926513671875</ele>
        <time>2023-10-31T22:43:36.000Z</time>
        <extensions>
          <ns3:TrackPointExtension>
            <ns3:hr>154</ns3:hr>
            <ns3:cad>81</ns3:cad>
          </ns3:TrackPointExtension>
        </extensions>
      </trkpt>
      <trkpt lat="23.1852643378078937530517578125" lon="113.25510310940444469451904296875">
        <ele>14.19999980926513671875</ele>
        <time>2023-10-31T22:43:37.000Z</time>
        <extensions>
          <ns3:TrackPointExtension>
            <ns3:hr>155</ns3:hr>
            <ns3:cad>81</ns3:cad>
          </ns3:TrackPointExtension>
        </extensions>
      </trkpt>
      <trkpt lat="23.1854210793972015380859375" lon="113.25510093010962009429931640625">
        <ele>15.19999980926513671875</ele>
        <time>2023-10-31T22:43:47.000Z</time>
        <extensions>
          <ns3:TrackPointExtension>
            <ns3:hr>154</ns3:hr>
            <ns3:cad>0</ns3:cad>
          </ns3:TrackPointExtension>
        </extensions>
      </trkpt>
      <trkpt lat="23.1869826279580593109130859375" lon="113.255138061940670013427734375">
        <ele>9.19999980926513671875</ele>
        <time>2023-10-31T22:46:15.000Z</time>
        <extensions>
          <ns3:TrackPointExtension>
            <ns3:hr>113</ns3:hr>
            <ns3:cad>0</ns3:cad>
          </ns3:TrackPointExtension>
        </extensions>
      </trkpt>
      <trkpt lat="23.1869940273463726043701171875" lon="113.25513906776905059814453125">
        <ele>9</ele>
        <time>2023-10-31T22:46:16.000Z</time>
        <extensions>
          <ns3:TrackPointExtension>
            <ns3:hr>113</ns3:hr>
            <ns3:cad>0</ns3:cad>
          </ns3:TrackPointExtension>
        </extensions>
      </trkpt>
      <trkpt lat="23.18703551776707172393798828125" lon="113.25515457428991794586181640625">
        <ele>8.6000003814697265625</ele>
        <time>2023-10-31T22:46:21.000Z</time>
        <extensions>
          <ns3:TrackPointExtension>
            <ns3:hr>110</ns3:hr>
            <ns3:cad>0</ns3:cad>
          </ns3:TrackPointExtension>
        </extensions>
      </trkpt>
      <trkpt lat="23.18714766763150691986083984375" lon="113.25518307276070117950439453125">
        <ele>7.80000019073486328125</ele>
        <time>2023-10-31T22:46:28.000Z</time>
        <extensions>
          <ns3:TrackPointExtension>
            <ns3:hr>107</ns3:hr>
            <ns3:cad>79</ns3:cad>
          </ns3:TrackPointExtension>
        </extensions>
      </trkpt>
      <trkpt lat="23.187184967100620269775390625" lon="113.25518441386520862579345703125">
        <ele>8</ele>
        <time>2023-10-31T22:46:30.000Z</time>
        <extensions>
          <ns3:TrackPointExtension>
            <ns3:hr>96</ns3:hr>
            <ns3:cad>80</ns3:cad>
          </ns3:TrackPointExtension>
        </extensions>
      </trkpt>
      <trkpt lat="23.1872045807540416717529296875" lon="113.25518357567489147186279296875">
        <ele>8</ele>
        <time>2023-10-31T22:46:31.000Z</time>
        <extensions>
          <ns3:TrackPointExtension>
            <ns3:hr>99</ns3:hr>
            <ns3:cad>80</ns3:cad>
          </ns3:TrackPointExtension>
        </extensions>
      </trkpt>
      <trkpt lat="23.18722411058843135833740234375" lon="113.25519866310060024261474609375">
        <ele>8.19999980926513671875</ele>
        <time>2023-10-31T22:46:32.000Z</time>
        <extensions>
          <ns3:TrackPointExtension>
            <ns3:hr>103</ns3:hr>
            <ns3:cad>81</ns3:cad>
          </ns3:TrackPointExtension>
        </extensions>
      </trkpt>
      <trkpt lat="23.18726241588592529296875" lon="113.25520788319408893585205078125">
        <ele>8.3999996185302734375</ele>
        <time>2023-10-31T22:46:34.000Z</time>
        <extensions>
          <ns3:TrackPointExtension>
            <ns3:hr>107</ns3:hr>
            <ns3:cad>81</ns3:cad>
          </ns3:TrackPointExtension>
        </extensions>
      </trkpt>
      <trkpt lat="23.18731698207557201385498046875" lon="113.2552223838865756988525390625">
        <ele>8.80000019073486328125</ele>
        <time>2023-10-31T22:46:37.000Z</time>
        <extensions>
          <ns3:TrackPointExtension>
            <ns3:hr>114</ns3:hr>
            <ns3:cad>82</ns3:cad>
          </ns3:TrackPointExtension>
        </extensions>
      </trkpt>
      <trkpt lat="23.187335841357707977294921875" lon="113.25522632338106632232666015625">
        <ele>9</ele>
        <time>2023-10-31T22:46:38.000Z</time>
        <extensions>
          <ns3:TrackPointExtension>
            <ns3:hr>119</ns3:hr>
            <ns3:cad>83</ns3:cad>
          </ns3:TrackPointExtension>
        </extensions>
      </trkpt>
      <trkpt lat="23.18737464956939220428466796875" lon="113.2552404887974262237548828125">
        <ele>9.3999996185302734375</ele>
        <time>2023-10-31T22:46:40.000Z</time>
        <extensions>
          <ns3:TrackPointExtension>
            <ns3:hr>123</ns3:hr>
            <ns3:cad>82</ns3:cad>
          </ns3:TrackPointExtension>
        </extensions>
      </trkpt>
      <trkpt lat="23.1874166429042816162109375" lon="113.255261443555355072021484375">
        <ele>10</ele>
        <time>2023-10-31T22:46:42.000Z</time>
        <extensions>
          <ns3:TrackPointExtension>
            <ns3:hr>126</ns3:hr>
            <ns3:cad>82</ns3:cad>
          </ns3:TrackPointExtension>
        </extensions>
      </trkpt>
      <trkpt lat="23.1874379329383373260498046875" lon="113.25527225621044635772705078125">
        <ele>10.19999980926513671875</ele>
        <time>2023-10-31T22:46:43.000Z</time>
        <extensions>
          <ns3:TrackPointExtension>
            <ns3:hr>130</ns3:hr>
            <ns3:cad>83</ns3:cad>
          </ns3:TrackPointExtension>
        </extensions>
      </trkpt>
      <trkpt lat="23.1874577142298221588134765625" lon="113.25528256595134735107421875">
        <ele>10.3999996185302734375</ele>
        <time>2023-10-31T22:46:44.000Z</time>
        <extensions>
          <ns3:TrackPointExtension>
            <ns3:hr>135</ns3:hr>
            <ns3:cad>83</ns3:cad>
          </ns3:TrackPointExtension>
        </extensions>
      </trkpt>
      <trkpt lat="23.18747757934033870697021484375" lon="113.25529195368289947509765625">
        <ele>10.3999996185302734375</ele>
        <time>2023-10-31T22:46:45.000Z</time>
        <extensions>
          <ns3:TrackPointExtension>
            <ns3:hr>132</ns3:hr>
            <ns3:cad>83</ns3:cad>
          </ns3:TrackPointExtension>
        </extensions>
      </trkpt>
      <trkpt lat="23.1876169703900814056396484375" lon="113.25526035390794277191162109375">
        <ele>11</ele>
        <time>2023-10-31T22:46:51.000Z</time>
        <extensions>
          <ns3:TrackPointExtension>
            <ns3:hr>135</ns3:hr>
            <ns3:cad>82</ns3:cad>
          </ns3:TrackPointExtension>
        </extensions>
      </trkpt>
      <trkpt lat="23.18763683550059795379638671875" lon="113.2552676461637020111083984375">
        <ele>11.19999980926513671875</ele>
        <time>2023-10-31T22:46:52.000Z</time>
        <extensions>
          <ns3:TrackPointExtension>
            <ns3:hr>138</ns3:hr>
            <ns3:cad>82</ns3:cad>
          </ns3:TrackPointExtension>
        </extensions>
      </trkpt>
      <trkpt lat="23.18765108473598957061767578125" lon="113.25527586042881011962890625">
        <ele>11.3999996185302734375</ele>
        <time>2023-10-31T22:46:53.000Z</time>
        <extensions>
          <ns3:TrackPointExtension>
            <ns3:hr>144</ns3:hr>
            <ns3:cad>82</ns3:cad>
          </ns3:TrackPointExtension>
        </extensions>
      </trkpt>
      <trkpt lat="23.18765929900109767913818359375" lon="113.255282901227474212646484375">
        <ele>11.6000003814697265625</ele>
        <time>2023-10-31T22:46:54.000Z</time>
        <extensions>
          <ns3:TrackPointExtension>
            <ns3:hr>148</ns3:hr>
            <ns3:cad>82</ns3:cad>
          </ns3:TrackPointExtension>
        </extensions>
      </trkpt>
      <trkpt lat="23.18767505697906017303466796875" lon="113.25528952293097972869873046875">
        <ele>11.80000019073486328125</ele>
        <time>2023-10-31T22:46:55.000Z</time>
        <extensions>
          <ns3:TrackPointExtension>
            <ns3:hr>153</ns3:hr>
            <ns3:cad>83</ns3:cad>
          </ns3:TrackPointExtension>
        </extensions>
      </trkpt>
      <trkpt lat="23.18769232369959354400634765625" lon="113.255297653377056121826171875">
        <ele>12</ele>
        <time>2023-10-31T22:46:56.000Z</time>
        <extensions>
          <ns3:TrackPointExtension>
            <ns3:hr>149</ns3:hr>
            <ns3:cad>83</ns3:cad>
          </ns3:TrackPointExtension>
        </extensions>
      </trkpt>
      <trkpt lat="23.18771143443882465362548828125" lon="113.25530796311795711517333984375">
        <ele>12</ele>
        <time>2023-10-31T22:46:57.000Z</time>
        <extensions>
          <ns3:TrackPointExtension>
            <ns3:hr>143</ns3:hr>
            <ns3:cad>83</ns3:cad>
          </ns3:TrackPointExtension>
        </extensions>
      </trkpt>
      <trkpt lat="23.18772987462580204010009765625" lon="113.2553159259259700775146484375">
        <ele>12</ele>
        <time>2023-10-31T22:46:58.000Z</time>
        <extensions>
          <ns3:TrackPointExtension>
            <ns3:hr>143</ns3:hr>
            <ns3:cad>82</ns3:cad>
          </ns3:TrackPointExtension>
        </extensions>
      </trkpt>
      <trkpt lat="23.187919221818447113037109375" lon="113.25535473413765430450439453125">
        <ele>12.3999996185302734375</ele>
        <time>2023-10-31T22:47:06.000Z</time>
        <extensions>
          <ns3:TrackPointExtension>
            <ns3:hr>148</ns3:hr>
            <ns3:cad>82</ns3:cad>
          </ns3:TrackPointExtension>
        </extensions>
      </trkpt>
      <trkpt lat="23.188025169074535369873046875" lon="113.2553826458752155303955078125">
        <ele>13.19999980926513671875</ele>
        <time>2023-10-31T22:47:09.000Z</time>
        <extensions>
          <ns3:TrackPointExtension>
            <ns3:hr>145</ns3:hr>
            <ns3:cad>82</ns3:cad>
          </ns3:TrackPointExtension>
        </extensions>
      </trkpt>
      <trkpt lat="23.18808593787252902984619140625" lon="113.25539630837738513946533203125">
        <ele>14</ele>
        <time>2023-10-31T22:47:11.000Z</time>
        <extensions>
          <ns3:TrackPointExtension>
            <ns3:hr>140</ns3:hr>
            <ns3:cad>83</ns3:cad>
          </ns3:TrackPointExtension>
        </extensions>
      </trkpt>
      <trkpt lat="23.1881383247673511505126953125" lon="113.25540200807154178619384765625">
        <ele>14.6000003814697265625</ele>
        <time>2023-10-31T22:47:13.000Z</time>
        <extensions>
          <ns3:TrackPointExtension>
            <ns3:hr>135</ns3:hr>
            <ns3:cad>83</ns3:cad>
          </ns3:TrackPointExtension>
        </extensions>
      </trkpt>
      <trkpt lat="23.1881594471633434295654296875" lon="113.255409635603427886962890625">
        <ele>14.80000019073486328125</ele>
        <time>2023-10-31T22:47:14.000Z</time>
        <extensions>
          <ns3:TrackPointExtension>
            <ns3:hr>135</ns3:hr>
            <ns3:cad>83</ns3:cad>
          </ns3:TrackPointExtension>
        </extensions>
      </trkpt>
      <trkpt lat="23.1882060505449771881103515625" lon="113.255421705543994903564453125">
        <ele>15.6000003814697265625</ele>
        <time>2023-10-31T22:47:16.000Z</time>
        <extensions>
          <ns3:TrackPointExtension>
            <ns3:hr>130</ns3:hr>
            <ns3:cad>83</ns3:cad>
          </ns3:TrackPointExtension>
        </extensions>
      </trkpt>
      <trkpt lat="23.1882533244788646697998046875" lon="113.25543142855167388916015625">
        <ele>16.3999996185302734375</ele>
        <time>2023-10-31T22:47:18.000Z</time>
        <extensions>
          <ns3:TrackPointExtension>
            <ns3:hr>139</ns3:hr>
            <ns3:cad>83</ns3:cad>
          </ns3:TrackPointExtension>
        </extensions>
      </trkpt>
      <trkpt lat="23.18828240968286991119384765625" lon="113.25543855316936969757080078125">
        <ele>16.3999996185302734375</ele>
        <time>2023-10-31T22:47:19.000Z</time>
        <extensions>
          <ns3:TrackPointExtension>
            <ns3:hr>142</ns3:hr>
            <ns3:cad>82</ns3:cad>
          </ns3:TrackPointExtension>
        </extensions>
      </trkpt>
      <trkpt lat="23.18835617043077945709228515625" lon="113.2554396428167819976806640625">
        <ele>16.3999996185302734375</ele>
        <time>2023-10-31T22:47:22.000Z</time>
        <extensions>
          <ns3:TrackPointExtension>
            <ns3:hr>145</ns3:hr>
            <ns3:cad>83</ns3:cad>
          </ns3:TrackPointExtension>
        </extensions>
      </trkpt>
      <trkpt lat="23.1884544901549816131591796875" lon="113.25538851320743560791015625">
        <ele>17.3999996185302734375</ele>
        <time>2023-10-31T22:47:27.000Z</time>
        <extensions>
          <ns3:TrackPointExtension>
            <ns3:hr>148</ns3:hr>
            <ns3:cad>83</ns3:cad>
          </ns3:TrackPointExtension>
        </extensions>
      </trkpt>
      <trkpt lat="23.1885396502912044525146484375" lon="113.2553516328334808349609375">
        <ele>19.799999237060546875</ele>
        <time>2023-10-31T22:47:31.000Z</time>
        <extensions>
          <ns3:TrackPointExtension>
            <ns3:hr>153</ns3:hr>
            <ns3:cad>85</ns3:cad>
          </ns3:TrackPointExtension>
        </extensions>
      </trkpt>
      <trkpt lat="23.1885533966124057769775390625" lon="113.2553347013890743255615234375">
        <ele>20.200000762939453125</ele>
        <time>2023-10-31T22:47:32.000Z</time>
        <extensions>
          <ns3:TrackPointExtension>
            <ns3:hr>145</ns3:hr>
            <ns3:cad>85</ns3:cad>
          </ns3:TrackPointExtension>
        </extensions>
      </trkpt>
      <trkpt lat="23.1885671429336071014404296875" lon="113.25532003305852413177490234375">
        <ele>20.6000003814697265625</ele>
        <time>2023-10-31T22:47:33.000Z</time>
        <extensions>
          <ns3:TrackPointExtension>
            <ns3:hr>141</ns3:hr>
            <ns3:cad>84</ns3:cad>
          </ns3:TrackPointExtension>
        </extensions>
      </trkpt>
      <trkpt lat="23.18859153427183628082275390625" lon="113.2552911154925823211669921875">
        <ele>21.200000762939453125</ele>
        <time>2023-10-31T22:47:35.000Z</time>
        <extensions>
          <ns3:TrackPointExtension>
            <ns3:hr>138</ns3:hr>
            <ns3:cad>84</ns3:cad>
          </ns3:TrackPointExtension>
        </extensions>
      </trkpt>
      <trkpt lat="23.18860628642141819000244140625" lon="113.25527778826653957366943359375">
        <ele>21.3999996185302734375</ele>
        <time>2023-10-31T22:47:36.000Z</time>
        <extensions>
          <ns3:TrackPointExtension>
            <ns3:hr>133</ns3:hr>
            <ns3:cad>84</ns3:cad>
          </ns3:TrackPointExtension>
        </extensions>
      </trkpt>
      <trkpt lat="23.18862321786582469940185546875" lon="113.2552686519920825958251953125">
        <ele>21.6000003814697265625</ele>
        <time>2023-10-31T22:47:37.000Z</time>
        <extensions>
          <ns3:TrackPointExtension>
            <ns3:hr>129</ns3:hr>
            <ns3:cad>84</ns3:cad>
          </ns3:TrackPointExtension>
        </extensions>
      </trkpt>
      <trkpt lat="23.18863998167216777801513671875" lon="113.255258761346340179443359375">
        <ele>21.799999237060546875</ele>
        <time>2023-10-31T22:47:39.000Z</time>
        <extensions>
          <ns3:TrackPointExtension>
            <ns3:hr>125</ns3:hr>
            <ns3:cad>84</ns3:cad>
          </ns3:TrackPointExtension>
        </extensions>
      </trkpt>
      <trkpt lat="23.1886616908013820648193359375" lon="113.25528332032263278961181640625">
        <ele>20.799999237060546875</ele>
        <time>2023-10-31T22:47:41.000Z</time>
        <extensions>
          <ns3:TrackPointExtension>
            <ns3:hr>125</ns3:hr>
            <ns3:cad>83</ns3:cad>
          </ns3:TrackPointExtension>
        </extensions>
      </trkpt>
      <trkpt lat="23.1889265589416027069091796875" lon="113.255392871797084808349609375">
        <ele>15.80000019073486328125</ele>
        <time>2023-10-31T22:47:46.000Z</time>
        <extensions>
          <ns3:TrackPointExtension>
            <ns3:hr>127</ns3:hr>
            <ns3:cad>83</ns3:cad>
          </ns3:TrackPointExtension>
        </extensions>
      </trkpt>
      <trkpt lat="23.1890831328928470611572265625" lon="113.25548046268522739410400390625">
        <ele>12.19999980926513671875</ele>
        <time>2023-10-31T22:47:51.000Z</time>
        <extensions>
          <ns3:TrackPointExtension>
            <ns3:hr>128</ns3:hr>
            <ns3:cad>83</ns3:cad>
          </ns3:TrackPointExtension>
        </extensions>
      </trkpt>
      <trkpt lat="23.18913937546312808990478515625" lon="113.2555046863853931427001953125">
        <ele>12.3999996185302734375</ele>
        <time>2023-10-31T22:47:56.000Z</time>
        <extensions>
          <ns3:TrackPointExtension>
            <ns3:hr>131</ns3:hr>
            <ns3:cad>83</ns3:cad>
          </ns3:TrackPointExtension>
        </extensions>
      </trkpt>
      <trkpt lat="23.1891773454844951629638671875" lon="113.255514912307262420654296875">
        <ele>12.6000003814697265625</ele>
        <time>2023-10-31T22:47:59.000Z</time>
        <extensions>
          <ns3:TrackPointExtension>
            <ns3:hr>134</ns3:hr>
            <ns3:cad>82</ns3:cad>
          </ns3:TrackPointExtension>
        </extensions>
      </trkpt>
      <trkpt lat="23.1892886571586132049560546875" lon="113.2555274851620197296142578125">
        <ele>13.19999980926513671875</ele>
        <time>2023-10-31T22:48:04.000Z</time>
        <extensions>
          <ns3:TrackPointExtension>
            <ns3:hr>137</ns3:hr>
            <ns3:cad>83</ns3:cad>
          </ns3:TrackPointExtension>
        </extensions>
      </trkpt>
      <trkpt lat="23.1894371844828128814697265625" lon="113.25554944574832916259765625">
        <ele>13.3999996185302734375</ele>
        <time>2023-10-31T22:48:12.000Z</time>
        <extensions>
          <ns3:TrackPointExtension>
            <ns3:hr>140</ns3:hr>
            <ns3:cad>83</ns3:cad>
          </ns3:TrackPointExtension>
        </extensions>
      </trkpt>
      <trkpt lat="23.18964488804340362548828125" lon="113.2555476017296314239501953125">
        <ele>12.80000019073486328125</ele>
        <time>2023-10-31T22:48:20.000Z</time>
        <extensions>
          <ns3:TrackPointExtension>
            <ns3:hr>143</ns3:hr>
            <ns3:cad>84</ns3:cad>
          </ns3:TrackPointExtension>
        </extensions>
      </trkpt>
      <trkpt lat="23.18983389995992183685302734375" lon="113.25552153401076793670654296875">
        <ele>11.80000019073486328125</ele>
        <time>2023-10-31T22:48:26.000Z</time>
        <extensions>
          <ns3:TrackPointExtension>
            <ns3:hr>145</ns3:hr>
            <ns3:cad>84</ns3:cad>
          </ns3:TrackPointExtension>
        </extensions>
      </trkpt>
      <trkpt lat="23.190031461417675018310546875" lon="113.2556032575666904449462890625">
        <ele>12.19999980926513671875</ele>
        <time>2023-10-31T22:48:33.000Z</time>
        <extensions>
          <ns3:TrackPointExtension>
            <ns3:hr>143</ns3:hr>
            <ns3:cad>83</ns3:cad>
          </ns3:TrackPointExtension>
        </extensions>
      </trkpt>
      <trkpt lat="23.19017638452351093292236328125" lon="113.25561675243079662322998046875">
        <ele>11.3999996185302734375</ele>
        <time>2023-10-31T22:48:37.000Z</time>
        <extensions>
          <ns3:TrackPointExtension>
            <ns3:hr>144</ns3:hr>
            <ns3:cad>83</ns3:cad>
          </ns3:TrackPointExtension>
        </extensions>
      </trkpt>
      <trkpt lat="23.19036665372550487518310546875" lon="113.2556525431573390960693359375">
        <ele>10.80000019073486328125</ele>
        <time>2023-10-31T22:48:43.000Z</time>
        <extensions>
          <ns3:TrackPointExtension>
            <ns3:hr>145</ns3:hr>
            <ns3:cad>84</ns3:cad>
          </ns3:TrackPointExtension>
        </extensions>
      </trkpt>
      <trkpt lat="23.19055893458425998687744140625" lon="113.25568355619907379150390625">
        <ele>11.6000003814697265625</ele>
        <time>2023-10-31T22:48:51.000Z</time>
        <extensions>
          <ns3:TrackPointExtension>
            <ns3:hr>144</ns3:hr>
            <ns3:cad>83</ns3:cad>
          </ns3:TrackPointExtension>
        </extensions>
      </trkpt>
      <trkpt lat="23.19073252379894256591796875" lon="113.2557524554431438446044921875">
        <ele>11</ele>
        <time>2023-10-31T22:48:58.000Z</time>
        <extensions>
          <ns3:TrackPointExtension>
            <ns3:hr>143</ns3:hr>
            <ns3:cad>81</ns3:cad>
          </ns3:TrackPointExtension>
        </extensions>
      </trkpt>
      <trkpt lat="23.19081240333616733551025390625" lon="113.2557789422571659088134765625">
        <ele>12.19999980926513671875</ele>
        <time>2023-10-31T22:49:04.000Z</time>
        <extensions>
          <ns3:TrackPointExtension>
            <ns3:hr>143</ns3:hr>
            <ns3:cad>81</ns3:cad>
          </ns3:TrackPointExtension>
        </extensions>
      </trkpt>
      <trkpt lat="23.190844170749187469482421875" lon="113.25578212738037109375">
        <ele>12.6000003814697265625</ele>
        <time>2023-10-31T22:49:06.000Z</time>
        <extensions>
          <ns3:TrackPointExtension>
            <ns3:hr>142</ns3:hr>
            <ns3:cad>81</ns3:cad>
          </ns3:TrackPointExtension>
        </extensions>
      </trkpt>
      <trkpt lat="23.1909492798149585723876953125" lon="113.255779780447483062744140625">
        <ele>14.19999980926513671875</ele>
        <time>2023-10-31T22:49:15.000Z</time>
        <extensions>
          <ns3:TrackPointExtension>
            <ns3:hr>139</ns3:hr>
            <ns3:cad>49</ns3:cad>
          </ns3:TrackPointExtension>
        </extensions>
      </trkpt>
      <trkpt lat="23.190965540707111358642578125" lon="113.25577852316200733184814453125">
        <ele>14.3999996185302734375</ele>
        <time>2023-10-31T22:49:17.000Z</time>
        <extensions>
          <ns3:TrackPointExtension>
            <ns3:hr>137</ns3:hr>
            <ns3:cad>124</ns3:cad>
          </ns3:TrackPointExtension>
        </extensions>
      </trkpt>
      <trkpt lat="23.19098741747438907623291015625" lon="113.25578145682811737060546875">
        <ele>14.6000003814697265625</ele>
        <time>2023-10-31T22:49:19.000Z</time>
        <extensions>
          <ns3:TrackPointExtension>
            <ns3:hr>137</ns3:hr>
            <ns3:cad>124</ns3:cad>
          </ns3:TrackPointExtension>
        </extensions>
      </trkpt>
      <trkpt lat="23.1910716556012630462646484375" lon="113.2557849772274494171142578125">
        <ele>15.6000003814697265625</ele>
        <time>2023-10-31T22:49:27.000Z</time>
        <extensions>
          <ns3:TrackPointExtension>
            <ns3:hr>140</ns3:hr>
            <ns3:cad>55</ns3:cad>
          </ns3:TrackPointExtension>
        </extensions>
      </trkpt>
      <trkpt lat="23.19125714711844921112060546875" lon="113.25579193420708179473876953125">
        <ele>17.200000762939453125</ele>
        <time>2023-10-31T22:49:41.000Z</time>
        <extensions>
          <ns3:TrackPointExtension>
            <ns3:hr>142</ns3:hr>
            <ns3:cad>59</ns3:cad>
          </ns3:TrackPointExtension>
        </extensions>
      </trkpt>
      <trkpt lat="23.191343732178211212158203125" lon="113.25582303106784820556640625">
        <ele>17.3999996185302734375</ele>
        <time>2023-10-31T22:49:52.000Z</time>
        <extensions>
          <ns3:TrackPointExtension>
            <ns3:hr>140</ns3:hr>
            <ns3:cad>55</ns3:cad>
          </ns3:TrackPointExtension>
        </extensions>
      </trkpt>
      <trkpt lat="23.1913670338690280914306640625" lon="113.2558164931833744049072265625">
        <ele>17.200000762939453125</ele>
        <time>2023-10-31T22:49:55.000Z</time>
        <extensions>
          <ns3:TrackPointExtension>
            <ns3:hr>138</ns3:hr>
            <ns3:cad>60</ns3:cad>
          </ns3:TrackPointExtension>
        </extensions>
      </trkpt>
      <trkpt lat="23.19137759506702423095703125" lon="113.25581674464046955108642578125">
        <ele>17.200000762939453125</ele>
        <time>2023-10-31T22:49:57.000Z</time>
        <extensions>
          <ns3:TrackPointExtension>
            <ns3:hr>137</ns3:hr>
            <ns3:cad>60</ns3:cad>
          </ns3:TrackPointExtension>
        </extensions>
      </trkpt>
      <trkpt lat="23.19139913655817508697509765625" lon="113.25581875629723072052001953125">
        <ele>17.3999996185302734375</ele>
        <time>2023-10-31T22:50:00.000Z</time>
        <extensions>
          <ns3:TrackPointExtension>
            <ns3:hr>142</ns3:hr>
            <ns3:cad>60</ns3:cad>
          </ns3:TrackPointExtension>
        </extensions>
      </trkpt>
      <trkpt lat="23.19140911102294921875" lon="113.2558191753923892974853515625">
        <ele>17.3999996185302734375</ele>
        <time>2023-10-31T22:50:01.000Z</time>
        <extensions>
          <ns3:TrackPointExtension>
            <ns3:hr>145</ns3:hr>
            <ns3:cad>60</ns3:cad>
          </ns3:TrackPointExtension>
        </extensions>
      </trkpt>
      <trkpt lat="23.1914377771317958831787109375" lon="113.25581205077469348907470703125">
        <ele>17.3999996185302734375</ele>
        <time>2023-10-31T22:50:03.000Z</time>
        <extensions>
          <ns3:TrackPointExtension>
            <ns3:hr>151</ns3:hr>
            <ns3:cad>57</ns3:cad>
          </ns3:TrackPointExtension>
        </extensions>
      </trkpt>
      <trkpt lat="23.1914495117962360382080078125" lon="113.25581121258437633514404296875">
        <ele>17.6000003814697265625</ele>
        <time>2023-10-31T22:50:04.000Z</time>
        <extensions>
          <ns3:TrackPointExtension>
            <ns3:hr>151</ns3:hr>
            <ns3:cad>57</ns3:cad>
          </ns3:TrackPointExtension>
        </extensions>
      </trkpt>
      <trkpt lat="23.191477842628955841064453125" lon="113.25583082623779773712158203125">
        <ele>17.6000003814697265625</ele>
        <time>2023-10-31T22:50:06.000Z</time>
        <extensions>
          <ns3:TrackPointExtension>
            <ns3:hr>150</ns3:hr>
            <ns3:cad>58</ns3:cad>
          </ns3:TrackPointExtension>
        </extensions>
      </trkpt>
      <trkpt lat="23.19157482124865055084228515625" lon="113.25587390922009944915771484375">
        <ele>18</ele>
        <time>2023-10-31T22:50:12.000Z</time>
        <extensions>
          <ns3:TrackPointExtension>
            <ns3:hr>147</ns3:hr>
            <ns3:cad>59</ns3:cad>
          </ns3:TrackPointExtension>
        </extensions>
      </trkpt>
      <trkpt lat="23.19162712432444095611572265625" lon="113.2559167407453060150146484375">
        <ele>17.6000003814697265625</ele>
        <time>2023-10-31T22:50:13.000Z</time>
        <extensions>
          <ns3:TrackPointExtension>
            <ns3:hr>144</ns3:hr>
            <ns3:cad>59</ns3:cad>
          </ns3:TrackPointExtension>
        </extensions>
      </trkpt>
      <trkpt lat="23.1916754879057407379150390625" lon="113.255895785987377166748046875">
        <ele>17.3999996185302734375</ele>
        <time>2023-10-31T22:50:17.000Z</time>
        <extensions>
          <ns3:TrackPointExtension>
            <ns3:hr>141</ns3:hr>
            <ns3:cad>60</ns3:cad>
          </ns3:TrackPointExtension>
        </extensions>
      </trkpt>
      <trkpt lat="23.191694431006908416748046875" lon="113.25590441934764385223388671875">
        <ele>17.200000762939453125</ele>
        <time>2023-10-31T22:50:18.000Z</time>
        <extensions>
          <ns3:TrackPointExtension>
            <ns3:hr>138</ns3:hr>
            <ns3:cad>58</ns3:cad>
          </ns3:TrackPointExtension>
        </extensions>
      </trkpt>
      <trkpt lat="23.19171748124063014984130859375" lon="113.25592336244881153106689453125">
        <ele>17</ele>
        <time>2023-10-31T22:50:24.000Z</time>
        <extensions>
          <ns3:TrackPointExtension>
            <ns3:hr>135</ns3:hr>
            <ns3:cad>58</ns3:cad>
          </ns3:TrackPointExtension>
        </extensions>
      </trkpt>
      <trkpt lat="23.19169552065432071685791015625" lon="113.2558711431920528411865234375">
        <ele>17.3999996185302734375</ele>
        <time>2023-10-31T22:50:27.000Z</time>
        <extensions>
          <ns3:TrackPointExtension>
            <ns3:hr>135</ns3:hr>
            <ns3:cad>57</ns3:cad>
          </ns3:TrackPointExtension>
        </extensions>
      </trkpt>
      <trkpt lat="23.1916909106075763702392578125" lon="113.255876339972019195556640625">
        <ele>17.200000762939453125</ele>
        <time>2023-10-31T22:50:30.000Z</time>
        <extensions>
          <ns3:TrackPointExtension>
            <ns3:hr>133</ns3:hr>
            <ns3:cad>61</ns3:cad>
          </ns3:TrackPointExtension>
        </extensions>
      </trkpt>
      <trkpt lat="23.19171312265098094940185546875" lon="113.25587692670524120330810546875">
        <ele>17.3999996185302734375</ele>
        <time>2023-10-31T22:50:34.000Z</time>
        <extensions>
          <ns3:TrackPointExtension>
            <ns3:hr>130</ns3:hr>
            <ns3:cad>61</ns3:cad>
          </ns3:TrackPointExtension>
        </extensions>
      </trkpt>
      <trkpt lat="23.1917455606162548065185546875" lon="113.25585010461509227752685546875">
        <ele>18</ele>
        <time>2023-10-31T22:50:40.000Z</time>
        <extensions>
          <ns3:TrackPointExtension>
            <ns3:hr>127</ns3:hr>
            <ns3:cad>60</ns3:cad>
          </ns3:TrackPointExtension>
        </extensions>
      </trkpt>
      <trkpt lat="23.19175042212009429931640625" lon="113.255846165120601654052734375">
        <ele>18</ele>
        <time>2023-10-31T22:50:41.000Z</time>
        <extensions>
          <ns3:TrackPointExtension>
            <ns3:hr>127</ns3:hr>
            <ns3:cad>58</ns3:cad>
          </ns3:TrackPointExtension>
        </extensions>
      </trkpt>
      <trkpt lat="23.1917591392993927001953125" lon="113.25583250261843204498291015625">
        <ele>18.3999996185302734375</ele>
        <time>2023-10-31T22:50:43.000Z</time>
        <extensions>
          <ns3:TrackPointExtension>
            <ns3:hr>124</ns3:hr>
            <ns3:cad>58</ns3:cad>
          </ns3:TrackPointExtension>
        </extensions>
      </trkpt>
      <trkpt lat="23.19177045486867427825927734375" lon="113.255830071866512298583984375">
        <ele>18.3999996185302734375</ele>
        <time>2023-10-31T22:50:45.000Z</time>
        <extensions>
          <ns3:TrackPointExtension>
            <ns3:hr>123</ns3:hr>
            <ns3:cad>58</ns3:cad>
          </ns3:TrackPointExtension>
        </extensions>
      </trkpt>
      <trkpt lat="23.19179442711174488067626953125" lon="113.25581188313663005828857421875">
        <ele>18.799999237060546875</ele>
        <time>2023-10-31T22:50:48.000Z</time>
        <extensions>
          <ns3:TrackPointExtension>
            <ns3:hr>121</ns3:hr>
            <ns3:cad>58</ns3:cad>
          </ns3:TrackPointExtension>
        </extensions>
      </trkpt>
      <trkpt lat="23.191853351891040802001953125" lon="113.25576611794531345367431640625">
        <ele>20</ele>
        <time>2023-10-31T22:50:54.000Z</time>
        <extensions>
          <ns3:TrackPointExtension>
            <ns3:hr>118</ns3:hr>
            <ns3:cad>62</ns3:cad>
          </ns3:TrackPointExtension>
        </extensions>
      </trkpt>
      <trkpt lat="23.191896267235279083251953125" lon="113.25582579709589481353759765625">
        <ele>18.799999237060546875</ele>
        <time>2023-10-31T22:50:57.000Z</time>
        <extensions>
          <ns3:TrackPointExtension>
            <ns3:hr>116</ns3:hr>
            <ns3:cad>59</ns3:cad>
          </ns3:TrackPointExtension>
        </extensions>
      </trkpt>
      <trkpt lat="23.1919388473033905029296875" lon="113.25582579709589481353759765625">
        <ele>18.3999996185302734375</ele>
        <time>2023-10-31T22:51:00.000Z</time>
        <extensions>
          <ns3:TrackPointExtension>
            <ns3:hr>116</ns3:hr>
            <ns3:cad>59</ns3:cad>
          </ns3:TrackPointExtension>
        </extensions>
      </trkpt>
      <trkpt lat="23.19200464524328708648681640625" lon="113.2558406330645084381103515625">
        <ele>17.799999237060546875</ele>
        <time>2023-10-31T22:51:03.000Z</time>
        <extensions>
          <ns3:TrackPointExtension>
            <ns3:hr>116</ns3:hr>
            <ns3:cad>59</ns3:cad>
          </ns3:TrackPointExtension>
        </extensions>
      </trkpt>
      <trkpt lat="23.19220279343426227569580078125" lon="113.2559133879840373992919921875">
        <ele>14.6000003814697265625</ele>
        <time>2023-10-31T22:51:09.000Z</time>
        <extensions>
          <ns3:TrackPointExtension>
            <ns3:hr>115</ns3:hr>
            <ns3:cad>81</ns3:cad>
          </ns3:TrackPointExtension>
        </extensions>
      </trkpt>
      <trkpt lat="23.1923772208392620086669921875" lon="113.2560042478144168853759765625">
        <ele>9.6000003814697265625</ele>
        <time>2023-10-31T22:51:15.000Z</time>
        <extensions>
          <ns3:TrackPointExtension>
            <ns3:hr>113</ns3:hr>
            <ns3:cad>83</ns3:cad>
          </ns3:TrackPointExtension>
        </extensions>
      </trkpt>
      <trkpt lat="23.19247889332473278045654296875" lon="113.2560233585536479949951171875">
        <ele>7.80000019073486328125</ele>
        <time>2023-10-31T22:51:19.000Z</time>
        <extensions>
          <ns3:TrackPointExtension>
            <ns3:hr>113</ns3:hr>
            <ns3:cad>81</ns3:cad>
          </ns3:TrackPointExtension>
        </extensions>
      </trkpt>
      <trkpt lat="23.19253094494342803955078125" lon="113.25602092780172824859619140625">
        <ele>7.400000095367431640625</ele>
        <time>2023-10-31T22:51:21.000Z</time>
        <extensions>
          <ns3:TrackPointExtension>
            <ns3:hr>118</ns3:hr>
            <ns3:cad>81</ns3:cad>
          </ns3:TrackPointExtension>
        </extensions>
      </trkpt>
      <trkpt lat="23.19260579533874988555908203125" lon="113.2560612447559833526611328125">
        <ele>5.80000019073486328125</ele>
        <time>2023-10-31T22:51:25.000Z</time>
        <extensions>
          <ns3:TrackPointExtension>
            <ns3:hr>121</ns3:hr>
            <ns3:cad>83</ns3:cad>
          </ns3:TrackPointExtension>
        </extensions>
      </trkpt>
      <trkpt lat="23.19264762103557586669921875" lon="113.25607021339237689971923828125">
        <ele>5.400000095367431640625</ele>
        <time>2023-10-31T22:51:28.000Z</time>
        <extensions>
          <ns3:TrackPointExtension>
            <ns3:hr>126</ns3:hr>
            <ns3:cad>83</ns3:cad>
          </ns3:TrackPointExtension>
        </extensions>
      </trkpt>
      <trkpt lat="23.19270973093807697296142578125" lon="113.2560521923005580902099609375">
        <ele>5</ele>
        <time>2023-10-31T22:51:32.000Z</time>
        <extensions>
          <ns3:TrackPointExtension>
            <ns3:hr>129</ns3:hr>
            <ns3:cad>82</ns3:cad>
          </ns3:TrackPointExtension>
        </extensions>
      </trkpt>
      <trkpt lat="23.192722387611865997314453125" lon="113.2560248672962188720703125">
        <ele>5.19999980926513671875</ele>
        <time>2023-10-31T22:51:34.000Z</time>
        <extensions>
          <ns3:TrackPointExtension>
            <ns3:hr>135</ns3:hr>
            <ns3:cad>83</ns3:cad>
          </ns3:TrackPointExtension>
        </extensions>
      </trkpt>
      <trkpt lat="23.19272532127797603607177734375" lon="113.25600164942443370819091796875">
        <ele>5.400000095367431640625</ele>
        <time>2023-10-31T22:51:35.000Z</time>
        <extensions>
          <ns3:TrackPointExtension>
            <ns3:hr>131</ns3:hr>
            <ns3:cad>83</ns3:cad>
          </ns3:TrackPointExtension>
        </extensions>
      </trkpt>
      <trkpt lat="23.192725069820880889892578125" lon="113.25598052702844142913818359375">
        <ele>5.599999904632568359375</ele>
        <time>2023-10-31T22:51:36.000Z</time>
        <extensions>
          <ns3:TrackPointExtension>
            <ns3:hr>134</ns3:hr>
            <ns3:cad>83</ns3:cad>
          </ns3:TrackPointExtension>
        </extensions>
      </trkpt>
      <trkpt lat="23.19273722358047962188720703125" lon="113.255962841212749481201171875">
        <ele>5.80000019073486328125</ele>
        <time>2023-10-31T22:51:38.000Z</time>
        <extensions>
          <ns3:TrackPointExtension>
            <ns3:hr>139</ns3:hr>
            <ns3:cad>82</ns3:cad>
          </ns3:TrackPointExtension>
        </extensions>
      </trkpt>
      <trkpt lat="23.1927597709000110626220703125" lon="113.25597055256366729736328125">
        <ele>5.80000019073486328125</ele>
        <time>2023-10-31T22:51:39.000Z</time>
        <extensions>
          <ns3:TrackPointExtension>
            <ns3:hr>142</ns3:hr>
            <ns3:cad>81</ns3:cad>
          </ns3:TrackPointExtension>
        </extensions>
      </trkpt>
      <trkpt lat="23.1927822344005107879638671875" lon="113.25596862472593784332275390625">
        <ele>5.80000019073486328125</ele>
        <time>2023-10-31T22:51:40.000Z</time>
        <extensions>
          <ns3:TrackPointExtension>
            <ns3:hr>142</ns3:hr>
            <ns3:cad>81</ns3:cad>
          </ns3:TrackPointExtension>
        </extensions>
      </trkpt>
      <trkpt lat="23.19279807619750499725341796875" lon="113.25596988201141357421875">
        <ele>5.80000019073486328125</ele>
        <time>2023-10-31T22:51:41.000Z</time>
        <extensions>
          <ns3:TrackPointExtension>
            <ns3:hr>145</ns3:hr>
            <ns3:cad>81</ns3:cad>
          </ns3:TrackPointExtension>
        </extensions>
      </trkpt>
      <trkpt lat="23.192847110331058502197265625" lon="113.255952112376689910888671875">
        <ele>6</ele>
        <time>2023-10-31T22:51:44.000Z</time>
        <extensions>
          <ns3:TrackPointExtension>
            <ns3:hr>142</ns3:hr>
            <ns3:cad>82</ns3:cad>
          </ns3:TrackPointExtension>
        </extensions>
      </trkpt>
      <trkpt lat="23.1928868405520915985107421875" lon="113.25595571659505367279052734375">
        <ele>5.80000019073486328125</ele>
        <time>2023-10-31T22:51:46.000Z</time>
        <extensions>
          <ns3:TrackPointExtension>
            <ns3:hr>145</ns3:hr>
            <ns3:cad>83</ns3:cad>
          </ns3:TrackPointExtension>
        </extensions>
      </trkpt>
      <trkpt lat="23.19291743449866771697998046875" lon="113.255966864526271820068359375">
        <ele>5.400000095367431640625</ele>
        <time>2023-10-31T22:51:48.000Z</time>
        <extensions>
          <ns3:TrackPointExtension>
            <ns3:hr>147</ns3:hr>
            <ns3:cad>83</ns3:cad>
          </ns3:TrackPointExtension>
        </extensions>
      </trkpt>
      <trkpt lat="23.19299723021686077117919921875" lon="113.25600349344313144683837890625">
        <ele>5</ele>
        <time>2023-10-31T22:51:51.000Z</time>
        <extensions>
          <ns3:TrackPointExtension>
            <ns3:hr>148</ns3:hr>
            <ns3:cad>83</ns3:cad>
          </ns3:TrackPointExtension>
        </extensions>
      </trkpt>
      <trkpt lat="23.19302757270634174346923828125" lon="113.25601556338369846343994140625">
        <ele>5.400000095367431640625</ele>
        <time>2023-10-31T22:51:52.000Z</time>
        <extensions>
          <ns3:TrackPointExtension>
            <ns3:hr>145</ns3:hr>
            <ns3:cad>83</ns3:cad>
          </ns3:TrackPointExtension>
        </extensions>
      </trkpt>
      <trkpt lat="23.19315682165324687957763671875" lon="113.25612687505781650543212890625">
        <ele>7.400000095367431640625</ele>
        <time>2023-10-31T22:51:55.000Z</time>
        <extensions>
          <ns3:TrackPointExtension>
            <ns3:hr>139</ns3:hr>
            <ns3:cad>82</ns3:cad>
          </ns3:TrackPointExtension>
        </extensions>
      </trkpt>
      <trkpt lat="23.19323075003921985626220703125" lon="113.256171382963657379150390625">
        <ele>8.19999980926513671875</ele>
        <time>2023-10-31T22:51:56.000Z</time>
        <extensions>
          <ns3:TrackPointExtension>
            <ns3:hr>138</ns3:hr>
            <ns3:cad>83</ns3:cad>
          </ns3:TrackPointExtension>
        </extensions>
      </trkpt>
      <trkpt lat="23.19340626709163188934326171875" lon="113.2562862150371074676513671875">
        <ele>9.3999996185302734375</ele>
        <time>2023-10-31T22:52:02.000Z</time>
        <extensions>
          <ns3:TrackPointExtension>
            <ns3:hr>142</ns3:hr>
            <ns3:cad>82</ns3:cad>
          </ns3:TrackPointExtension>
        </extensions>
      </trkpt>
      <trkpt lat="23.19346946664154529571533203125" lon="113.25631462968885898590087890625">
        <ele>9.80000019073486328125</ele>
        <time>2023-10-31T22:52:03.000Z</time>
        <extensions>
          <ns3:TrackPointExtension>
            <ns3:hr>148</ns3:hr>
            <ns3:cad>82</ns3:cad>
          </ns3:TrackPointExtension>
        </extensions>
      </trkpt>
      <trkpt lat="23.19346946664154529571533203125" lon="113.25631462968885898590087890625">
        <ele>9.80000019073486328125</ele>
        <time>2023-10-31T22:52:04.000Z</time>
        <extensions>
          <ns3:TrackPointExtension>
            <ns3:hr>148</ns3:hr>
            <ns3:cad>83</ns3:cad>
          </ns3:TrackPointExtension>
        </extensions>
      </trkpt>
      <trkpt lat="23.19350190460681915283203125" lon="113.2563301362097263336181640625">
        <ele>10</ele>
        <time>2023-10-31T22:52:05.000Z</time>
        <extensions>
          <ns3:TrackPointExtension>
            <ns3:hr>145</ns3:hr>
            <ns3:cad>83</ns3:cad>
          </ns3:TrackPointExtension>
        </extensions>
      </trkpt>
      <trkpt lat="23.1936619989573955535888671875" lon="113.25642577372491359710693359375">
        <ele>10</ele>
        <time>2023-10-31T22:52:09.000Z</time>
        <extensions>
          <ns3:TrackPointExtension>
            <ns3:hr>145</ns3:hr>
            <ns3:cad>83</ns3:cad>
          </ns3:TrackPointExtension>
        </extensions>
      </trkpt>
      <trkpt lat="23.1938458979129791259765625" lon="113.2564763166010379791259765625">
        <ele>10.3999996185302734375</ele>
        <time>2023-10-31T22:52:15.000Z</time>
        <extensions>
          <ns3:TrackPointExtension>
            <ns3:hr>146</ns3:hr>
            <ns3:cad>82</ns3:cad>
          </ns3:TrackPointExtension>
        </extensions>
      </trkpt>
      <trkpt lat="23.19387246854603290557861328125" lon="113.2564914040267467498779296875">
        <ele>10.3999996185302734375</ele>
        <time>2023-10-31T22:52:16.000Z</time>
        <extensions>
          <ns3:TrackPointExtension>
            <ns3:hr>143</ns3:hr>
            <ns3:cad>82</ns3:cad>
          </ns3:TrackPointExtension>
        </extensions>
      </trkpt>
      <trkpt lat="23.1939788348972797393798828125" lon="113.25652979314327239990234375">
        <ele>11.19999980926513671875</ele>
        <time>2023-10-31T22:52:20.000Z</time>
        <extensions>
          <ns3:TrackPointExtension>
            <ns3:hr>140</ns3:hr>
            <ns3:cad>83</ns3:cad>
          </ns3:TrackPointExtension>
        </extensions>
      </trkpt>
      <trkpt lat="23.19414085708558559417724609375" lon="113.25660967268049716949462890625">
        <ele>12</ele>
        <time>2023-10-31T22:52:27.000Z</time>
        <extensions>
          <ns3:TrackPointExtension>
            <ns3:hr>141</ns3:hr>
            <ns3:cad>83</ns3:cad>
          </ns3:TrackPointExtension>
        </extensions>
      </trkpt>
      <trkpt lat="23.194322995841503143310546875" lon="113.2566838525235652923583984375">
        <ele>12.3999996185302734375</ele>
        <time>2023-10-31T22:52:32.000Z</time>
        <extensions>
          <ns3:TrackPointExtension>
            <ns3:hr>140</ns3:hr>
            <ns3:cad>83</ns3:cad>
          </ns3:TrackPointExtension>
        </extensions>
      </trkpt>
      <trkpt lat="23.19445467554032802581787109375" lon="113.2567089982330799102783203125">
        <ele>11.3999996185302734375</ele>
        <time>2023-10-31T22:52:38.000Z</time>
        <extensions>
          <ns3:TrackPointExtension>
            <ns3:hr>143</ns3:hr>
            <ns3:cad>85</ns3:cad>
          </ns3:TrackPointExtension>
        </extensions>
      </trkpt>
      <trkpt lat="23.1945191323757171630859375" lon="113.25672534294426441192626953125">
        <ele>10.80000019073486328125</ele>
        <time>2023-10-31T22:52:42.000Z</time>
        <extensions>
          <ns3:TrackPointExtension>
            <ns3:hr>146</ns3:hr>
            <ns3:cad>85</ns3:cad>
          </ns3:TrackPointExtension>
        </extensions>
      </trkpt>
      <trkpt lat="23.19460890255868434906005859375" lon="113.25672961771488189697265625">
        <ele>9.80000019073486328125</ele>
        <time>2023-10-31T22:52:47.000Z</time>
        <extensions>
          <ns3:TrackPointExtension>
            <ns3:hr>146</ns3:hr>
            <ns3:cad>84</ns3:cad>
          </ns3:TrackPointExtension>
        </extensions>
      </trkpt>
      <trkpt lat="23.19472373463213443756103515625" lon="113.25671059079468250274658203125">
        <ele>8.80000019073486328125</ele>
        <time>2023-10-31T22:52:55.000Z</time>
        <extensions>
          <ns3:TrackPointExtension>
            <ns3:hr>149</ns3:hr>
            <ns3:cad>82</ns3:cad>
          </ns3:TrackPointExtension>
        </extensions>
      </trkpt>
      <trkpt lat="23.19490226916968822479248046875" lon="113.256788961589336395263671875">
        <ele>7.80000019073486328125</ele>
        <time>2023-10-31T22:53:05.000Z</time>
        <extensions>
          <ns3:TrackPointExtension>
            <ns3:hr>148</ns3:hr>
            <ns3:cad>81</ns3:cad>
          </ns3:TrackPointExtension>
        </extensions>
      </trkpt>
      <trkpt lat="23.195097483694553375244140625" lon="113.2568243332207202911376953125">
        <ele>7.19999980926513671875</ele>
        <time>2023-10-31T22:53:13.000Z</time>
        <extensions>
          <ns3:TrackPointExtension>
            <ns3:hr>147</ns3:hr>
            <ns3:cad>81</ns3:cad>
          </ns3:TrackPointExtension>
        </extensions>
      </trkpt>
      <trkpt lat="23.19515557028353214263916015625" lon="113.2568353973329067230224609375">
        <ele>7</ele>
        <time>2023-10-31T22:53:19.000Z</time>
        <extensions>
          <ns3:TrackPointExtension>
            <ns3:hr>147</ns3:hr>
            <ns3:cad>82</ns3:cad>
          </ns3:TrackPointExtension>
        </extensions>
      </trkpt>
      <trkpt lat="23.1952056102454662322998046875" lon="113.2568535022437572479248046875">
        <ele>7.19999980926513671875</ele>
        <time>2023-10-31T22:53:23.000Z</time>
        <extensions>
          <ns3:TrackPointExtension>
            <ns3:hr>148</ns3:hr>
            <ns3:cad>82</ns3:cad>
          </ns3:TrackPointExtension>
        </extensions>
      </trkpt>
      <trkpt lat="23.1953061930835247039794921875" lon="113.2569101639091968536376953125">
        <ele>7</ele>
        <time>2023-10-31T22:53:29.000Z</time>
        <extensions>
          <ns3:TrackPointExtension>
            <ns3:hr>148</ns3:hr>
            <ns3:cad>0</ns3:cad>
          </ns3:TrackPointExtension>
        </extensions>
      </trkpt>
      <trkpt lat="23.19533963687717914581298828125" lon="113.25694059021770954132080078125">
        <ele>6.599999904632568359375</ele>
        <time>2023-10-31T22:53:30.000Z</time>
        <extensions>
          <ns3:TrackPointExtension>
            <ns3:hr>148</ns3:hr>
            <ns3:cad>0</ns3:cad>
          </ns3:TrackPointExtension>
        </extensions>
      </trkpt>
      <trkpt lat="23.1975216977298259735107421875" lon="113.2582774199545383453369140625">
        <ele>11.6000003814697265625</ele>
        <time>2023-10-31T22:56:59.000Z</time>
        <extensions>
          <ns3:TrackPointExtension>
            <ns3:hr>108</ns3:hr>
            <ns3:cad>0</ns3:cad>
          </ns3:TrackPointExtension>
        </extensions>
      </trkpt>
      <trkpt lat="23.19752194918692111968994140625" lon="113.25828521512448787689208984375">
        <ele>11.6000003814697265625</ele>
        <time>2023-10-31T22:57:00.000Z</time>
        <extensions>
          <ns3:TrackPointExtension>
            <ns3:hr>108</ns3:hr>
            <ns3:cad>0</ns3:cad>
          </ns3:TrackPointExtension>
        </extensions>
      </trkpt>
      <trkpt lat="23.197515495121479034423828125" lon="113.2583535276353359222412109375">
        <ele>11.3999996185302734375</ele>
        <time>2023-10-31T22:57:06.000Z</time>
        <extensions>
          <ns3:TrackPointExtension>
            <ns3:hr>108</ns3:hr>
            <ns3:cad>63</ns3:cad>
          </ns3:TrackPointExtension>
        </extensions>
      </trkpt>
      <trkpt lat="23.1974400579929351806640625" lon="113.258552849292755126953125">
        <ele>13.6000003814697265625</ele>
        <time>2023-10-31T22:57:16.000Z</time>
        <extensions>
          <ns3:TrackPointExtension>
            <ns3:hr>106</ns3:hr>
            <ns3:cad>83</ns3:cad>
          </ns3:TrackPointExtension>
        </extensions>
      </trkpt>
      <trkpt lat="23.1974294967949390411376953125" lon="113.25862820260226726531982421875">
        <ele>13</ele>
        <time>2023-10-31T22:57:19.000Z</time>
        <extensions>
          <ns3:TrackPointExtension>
            <ns3:hr>109</ns3:hr>
            <ns3:cad>82</ns3:cad>
          </ns3:TrackPointExtension>
        </extensions>
      </trkpt>
      <trkpt lat="23.19742304272949695587158203125" lon="113.2586696930229663848876953125">
        <ele>12.6000003814697265625</ele>
        <time>2023-10-31T22:57:21.000Z</time>
        <extensions>
          <ns3:TrackPointExtension>
            <ns3:hr>114</ns3:hr>
            <ns3:cad>83</ns3:cad>
          </ns3:TrackPointExtension>
        </extensions>
      </trkpt>
      <trkpt lat="23.19741918705403804779052734375" lon="113.25872073881328105926513671875">
        <ele>12</ele>
        <time>2023-10-31T22:57:22.000Z</time>
        <extensions>
          <ns3:TrackPointExtension>
            <ns3:hr>122</ns3:hr>
            <ns3:cad>83</ns3:cad>
          </ns3:TrackPointExtension>
        </extensions>
      </trkpt>
      <trkpt lat="23.19741918705403804779052734375" lon="113.25872073881328105926513671875">
        <ele>12</ele>
        <time>2023-10-31T22:57:23.000Z</time>
        <extensions>
          <ns3:TrackPointExtension>
            <ns3:hr>122</ns3:hr>
            <ns3:cad>83</ns3:cad>
          </ns3:TrackPointExtension>
        </extensions>
      </trkpt>
      <trkpt lat="23.19741658866405487060546875" lon="113.2587756402790546417236328125">
        <ele>11.3999996185302734375</ele>
        <time>2023-10-31T22:57:24.000Z</time>
        <extensions>
          <ns3:TrackPointExtension>
            <ns3:hr>127</ns3:hr>
            <ns3:cad>83</ns3:cad>
          </ns3:TrackPointExtension>
        </extensions>
      </trkpt>
      <trkpt lat="23.19741658866405487060546875" lon="113.2587756402790546417236328125">
        <ele>11.3999996185302734375</ele>
        <time>2023-10-31T22:57:25.000Z</time>
        <extensions>
          <ns3:TrackPointExtension>
            <ns3:hr>127</ns3:hr>
            <ns3:cad>83</ns3:cad>
          </ns3:TrackPointExtension>
        </extensions>
      </trkpt>
      <trkpt lat="23.19740745238959789276123046875" lon="113.2588291168212890625">
        <ele>11</ele>
        <time>2023-10-31T22:57:26.000Z</time>
        <extensions>
          <ns3:TrackPointExtension>
            <ns3:hr>130</ns3:hr>
            <ns3:cad>83</ns3:cad>
          </ns3:TrackPointExtension>
        </extensions>
      </trkpt>
      <trkpt lat="23.19739806465804576873779296875" lon="113.25888116843998432159423828125">
        <ele>10.3999996185302734375</ele>
        <time>2023-10-31T22:57:29.000Z</time>
        <extensions>
          <ns3:TrackPointExtension>
            <ns3:hr>127</ns3:hr>
            <ns3:cad>83</ns3:cad>
          </ns3:TrackPointExtension>
        </extensions>
      </trkpt>
      <trkpt lat="23.19738163612782955169677734375" lon="113.25901544652879238128662109375">
        <ele>9</ele>
        <time>2023-10-31T22:57:33.000Z</time>
        <extensions>
          <ns3:TrackPointExtension>
            <ns3:hr>122</ns3:hr>
            <ns3:cad>83</ns3:cad>
          </ns3:TrackPointExtension>
        </extensions>
      </trkpt>
      <trkpt lat="23.19738381542265415191650390625" lon="113.25904143042862415313720703125">
        <ele>8.6000003814697265625</ele>
        <time>2023-10-31T22:57:34.000Z</time>
        <extensions>
          <ns3:TrackPointExtension>
            <ns3:hr>125</ns3:hr>
            <ns3:cad>82</ns3:cad>
          </ns3:TrackPointExtension>
        </extensions>
      </trkpt>
      <trkpt lat="23.19738708436489105224609375" lon="113.259087614715099334716796875">
        <ele>8.19999980926513671875</ele>
        <time>2023-10-31T22:57:35.000Z</time>
        <extensions>
          <ns3:TrackPointExtension>
            <ns3:hr>138</ns3:hr>
            <ns3:cad>83</ns3:cad>
          </ns3:TrackPointExtension>
        </extensions>
      </trkpt>
      <trkpt lat="23.19738708436489105224609375" lon="113.259087614715099334716796875">
        <ele>8.19999980926513671875</ele>
        <time>2023-10-31T22:57:36.000Z</time>
        <extensions>
          <ns3:TrackPointExtension>
            <ns3:hr>138</ns3:hr>
            <ns3:cad>83</ns3:cad>
          </ns3:TrackPointExtension>
        </extensions>
      </trkpt>
      <trkpt lat="23.19739001803100109100341796875" lon="113.25912491418421268463134765625">
        <ele>7.599999904632568359375</ele>
        <time>2023-10-31T22:57:37.000Z</time>
        <extensions>
          <ns3:TrackPointExtension>
            <ns3:hr>142</ns3:hr>
            <ns3:cad>83</ns3:cad>
          </ns3:TrackPointExtension>
        </extensions>
      </trkpt>
      <trkpt lat="23.1973728351294994354248046875" lon="113.25930864550173282623291015625">
        <ele>5</ele>
        <time>2023-10-31T22:57:46.000Z</time>
        <extensions>
          <ns3:TrackPointExtension>
            <ns3:hr>138</ns3:hr>
            <ns3:cad>84</ns3:cad>
          </ns3:TrackPointExtension>
        </extensions>
      </trkpt>
      <trkpt lat="23.19736805744469165802001953125" lon="113.25933161191642284393310546875">
        <ele>4.599999904632568359375</ele>
        <time>2023-10-31T22:57:47.000Z</time>
        <extensions>
          <ns3:TrackPointExtension>
            <ns3:hr>133</ns3:hr>
            <ns3:cad>84</ns3:cad>
          </ns3:TrackPointExtension>
        </extensions>
      </trkpt>
      <trkpt lat="23.19736688397824764251708984375" lon="113.259354494512081146240234375">
        <ele>4.599999904632568359375</ele>
        <time>2023-10-31T22:57:48.000Z</time>
        <extensions>
          <ns3:TrackPointExtension>
            <ns3:hr>135</ns3:hr>
            <ns3:cad>84</ns3:cad>
          </ns3:TrackPointExtension>
        </extensions>
      </trkpt>
      <trkpt lat="23.19737501442432403564453125" lon="113.2594069652259349822998046875">
        <ele>4.19999980926513671875</ele>
        <time>2023-10-31T22:57:49.000Z</time>
        <extensions>
          <ns3:TrackPointExtension>
            <ns3:hr>144</ns3:hr>
            <ns3:cad>84</ns3:cad>
          </ns3:TrackPointExtension>
        </extensions>
      </trkpt>
      <trkpt lat="23.19737501442432403564453125" lon="113.2594069652259349822998046875">
        <ele>4.19999980926513671875</ele>
        <time>2023-10-31T22:57:50.000Z</time>
        <extensions>
          <ns3:TrackPointExtension>
            <ns3:hr>144</ns3:hr>
            <ns3:cad>84</ns3:cad>
          </ns3:TrackPointExtension>
        </extensions>
      </trkpt>
      <trkpt lat="23.197355903685092926025390625" lon="113.25957837514579296112060546875">
        <ele>3.7999999523162841796875</ele>
        <time>2023-10-31T22:57:56.000Z</time>
        <extensions>
          <ns3:TrackPointExtension>
            <ns3:hr>139</ns3:hr>
            <ns3:cad>85</ns3:cad>
          </ns3:TrackPointExtension>
        </extensions>
      </trkpt>
      <trkpt lat="23.19733737967908382415771484375" lon="113.2596329413354396820068359375">
        <ele>3.400000095367431640625</ele>
        <time>2023-10-31T22:57:57.000Z</time>
        <extensions>
          <ns3:TrackPointExtension>
            <ns3:hr>139</ns3:hr>
            <ns3:cad>85</ns3:cad>
          </ns3:TrackPointExtension>
        </extensions>
      </trkpt>
      <trkpt lat="23.1973265670239925384521484375" lon="113.259663619101047515869140625">
        <ele>3.400000095367431640625</ele>
        <time>2023-10-31T22:57:59.000Z</time>
        <extensions>
          <ns3:TrackPointExtension>
            <ns3:hr>143</ns3:hr>
            <ns3:cad>85</ns3:cad>
          </ns3:TrackPointExtension>
        </extensions>
      </trkpt>
      <trkpt lat="23.19731608964502811431884765625" lon="113.2597030140459537506103515625">
        <ele>3.7999999523162841796875</ele>
        <time>2023-10-31T22:58:00.000Z</time>
        <extensions>
          <ns3:TrackPointExtension>
            <ns3:hr>146</ns3:hr>
            <ns3:cad>85</ns3:cad>
          </ns3:TrackPointExtension>
        </extensions>
      </trkpt>
      <trkpt lat="23.19731608964502811431884765625" lon="113.2597030140459537506103515625">
        <ele>3.7999999523162841796875</ele>
        <time>2023-10-31T22:58:01.000Z</time>
        <extensions>
          <ns3:TrackPointExtension>
            <ns3:hr>146</ns3:hr>
            <ns3:cad>85</ns3:cad>
          </ns3:TrackPointExtension>
        </extensions>
      </trkpt>
      <trkpt lat="23.197283484041690826416015625" lon="113.25987928546965122222900390625">
        <ele>4.80000019073486328125</ele>
        <time>2023-10-31T22:58:08.000Z</time>
        <extensions>
          <ns3:TrackPointExtension>
            <ns3:hr>143</ns3:hr>
            <ns3:cad>84</ns3:cad>
          </ns3:TrackPointExtension>
        </extensions>
      </trkpt>
      <trkpt lat="23.1972710788249969482421875" lon="113.259969390928745269775390625">
        <ele>5.599999904632568359375</ele>
        <time>2023-10-31T22:58:12.000Z</time>
        <extensions>
          <ns3:TrackPointExtension>
            <ns3:hr>139</ns3:hr>
            <ns3:cad>83</ns3:cad>
          </ns3:TrackPointExtension>
        </extensions>
      </trkpt>
      <trkpt lat="23.1972370482981204986572265625" lon="113.260037787258625030517578125">
        <ele>6.80000019073486328125</ele>
        <time>2023-10-31T22:58:14.000Z</time>
        <extensions>
          <ns3:TrackPointExtension>
            <ns3:hr>143</ns3:hr>
            <ns3:cad>83</ns3:cad>
          </ns3:TrackPointExtension>
        </extensions>
      </trkpt>
      <trkpt lat="23.19723076187074184417724609375" lon="113.26006628572940826416015625">
        <ele>7.400000095367431640625</ele>
        <time>2023-10-31T22:58:15.000Z</time>
        <extensions>
          <ns3:TrackPointExtension>
            <ns3:hr>146</ns3:hr>
            <ns3:cad>83</ns3:cad>
          </ns3:TrackPointExtension>
        </extensions>
      </trkpt>
      <trkpt lat="23.19718985818326473236083984375" lon="113.26012806035578250885009765625">
        <ele>8.6000003814697265625</ele>
        <time>2023-10-31T22:58:16.000Z</time>
        <extensions>
          <ns3:TrackPointExtension>
            <ns3:hr>150</ns3:hr>
            <ns3:cad>83</ns3:cad>
          </ns3:TrackPointExtension>
        </extensions>
      </trkpt>
      <trkpt lat="23.19718985818326473236083984375" lon="113.26012806035578250885009765625">
        <ele>8.6000003814697265625</ele>
        <time>2023-10-31T22:58:17.000Z</time>
        <extensions>
          <ns3:TrackPointExtension>
            <ns3:hr>150</ns3:hr>
            <ns3:cad>83</ns3:cad>
          </ns3:TrackPointExtension>
        </extensions>
      </trkpt>
      <trkpt lat="23.1971637904644012451171875" lon="113.26016510836780071258544921875">
        <ele>9.19999980926513671875</ele>
        <time>2023-10-31T22:58:20.000Z</time>
        <extensions>
          <ns3:TrackPointExtension>
            <ns3:hr>150</ns3:hr>
            <ns3:cad>83</ns3:cad>
          </ns3:TrackPointExtension>
        </extensions>
      </trkpt>
      <trkpt lat="23.1971260719001293182373046875" lon="113.26016410253942012786865234375">
        <ele>9.19999980926513671875</ele>
        <time>2023-10-31T22:58:22.000Z</time>
        <extensions>
          <ns3:TrackPointExtension>
            <ns3:hr>149</ns3:hr>
            <ns3:cad>83</ns3:cad>
          </ns3:TrackPointExtension>
        </extensions>
      </trkpt>
      <trkpt lat="23.19709899835288524627685546875" lon="113.26017483137547969818115234375">
        <ele>9.19999980926513671875</ele>
        <time>2023-10-31T22:58:24.000Z</time>
        <extensions>
          <ns3:TrackPointExtension>
            <ns3:hr>148</ns3:hr>
            <ns3:cad>83</ns3:cad>
          </ns3:TrackPointExtension>
        </extensions>
      </trkpt>
      <trkpt lat="23.1970466114580631256103515625" lon="113.2603780925273895263671875">
        <ele>11.3999996185302734375</ele>
        <time>2023-10-31T22:58:32.000Z</time>
        <extensions>
          <ns3:TrackPointExtension>
            <ns3:hr>148</ns3:hr>
            <ns3:cad>61</ns3:cad>
          </ns3:TrackPointExtension>
        </extensions>
      </trkpt>
      <trkpt lat="23.1970402412116527557373046875" lon="113.26047255657613277435302734375">
        <ele>12.3999996185302734375</ele>
        <time>2023-10-31T22:58:36.000Z</time>
        <extensions>
          <ns3:TrackPointExtension>
            <ns3:hr>142</ns3:hr>
            <ns3:cad>61</ns3:cad>
          </ns3:TrackPointExtension>
        </extensions>
      </trkpt>
      <trkpt lat="23.19702657870948314666748046875" lon="113.260511867702007293701171875">
        <ele>12.6000003814697265625</ele>
        <time>2023-10-31T22:58:37.000Z</time>
        <extensions>
          <ns3:TrackPointExtension>
            <ns3:hr>127</ns3:hr>
            <ns3:cad>61</ns3:cad>
          </ns3:TrackPointExtension>
        </extensions>
      </trkpt>
      <trkpt lat="23.19702657870948314666748046875" lon="113.260511867702007293701171875">
        <ele>12.6000003814697265625</ele>
        <time>2023-10-31T22:58:38.000Z</time>
        <extensions>
          <ns3:TrackPointExtension>
            <ns3:hr>127</ns3:hr>
            <ns3:cad>61</ns3:cad>
          </ns3:TrackPointExtension>
        </extensions>
      </trkpt>
      <trkpt lat="23.19701828062534332275390625" lon="113.260525278747081756591796875">
        <ele>12.6000003814697265625</ele>
        <time>2023-10-31T22:58:39.000Z</time>
        <extensions>
          <ns3:TrackPointExtension>
            <ns3:hr>124</ns3:hr>
            <ns3:cad>61</ns3:cad>
          </ns3:TrackPointExtension>
        </extensions>
      </trkpt>
      <trkpt lat="23.196997158229351043701171875" lon="113.26055319048464298248291015625">
        <ele>12.80000019073486328125</ele>
        <time>2023-10-31T22:58:40.000Z</time>
        <extensions>
          <ns3:TrackPointExtension>
            <ns3:hr>117</ns3:hr>
            <ns3:cad>61</ns3:cad>
          </ns3:TrackPointExtension>
        </extensions>
      </trkpt>
      <trkpt lat="23.196997158229351043701171875" lon="113.26055319048464298248291015625">
        <ele>12.80000019073486328125</ele>
        <time>2023-10-31T22:58:41.000Z</time>
        <extensions>
          <ns3:TrackPointExtension>
            <ns3:hr>117</ns3:hr>
            <ns3:cad>61</ns3:cad>
          </ns3:TrackPointExtension>
        </extensions>
      </trkpt>
      <trkpt lat="23.19697410799562931060791015625" lon="113.2605717144906520843505859375">
        <ele>12.80000019073486328125</ele>
        <time>2023-10-31T22:58:42.000Z</time>
        <extensions>
          <ns3:TrackPointExtension>
            <ns3:hr>118</ns3:hr>
            <ns3:cad>61</ns3:cad>
          </ns3:TrackPointExtension>
        </extensions>
      </trkpt>
      <trkpt lat="23.1969000957906246185302734375" lon="113.26075016520917415618896484375">
        <ele>12.19999980926513671875</ele>
        <time>2023-10-31T22:58:49.000Z</time>
        <extensions>
          <ns3:TrackPointExtension>
            <ns3:hr>120</ns3:hr>
            <ns3:cad>61</ns3:cad>
          </ns3:TrackPointExtension>
        </extensions>
      </trkpt>
      <trkpt lat="23.1968695856630802154541015625" lon="113.26095937751233577728271484375">
        <ele>10.6000003814697265625</ele>
        <time>2023-10-31T22:58:58.000Z</time>
        <extensions>
          <ns3:TrackPointExtension>
            <ns3:hr>121</ns3:hr>
            <ns3:cad>82</ns3:cad>
          </ns3:TrackPointExtension>
        </extensions>
      </trkpt>
      <trkpt lat="23.19685843773186206817626953125" lon="113.26110421679913997650146484375">
        <ele>10</ele>
        <time>2023-10-31T22:59:05.000Z</time>
        <extensions>
          <ns3:TrackPointExtension>
            <ns3:hr>125</ns3:hr>
            <ns3:cad>83</ns3:cad>
          </ns3:TrackPointExtension>
        </extensions>
      </trkpt>
      <trkpt lat="23.19685759954154491424560546875" lon="113.26110891066491603851318359375">
        <ele>10</ele>
        <time>2023-10-31T22:59:07.000Z</time>
        <extensions>
          <ns3:TrackPointExtension>
            <ns3:hr>131</ns3:hr>
            <ns3:cad>83</ns3:cad>
          </ns3:TrackPointExtension>
        </extensions>
      </trkpt>
      <trkpt lat="23.19685424678027629852294921875" lon="113.26111058704555034637451171875">
        <ele>10</ele>
        <time>2023-10-31T22:59:08.000Z</time>
        <extensions>
          <ns3:TrackPointExtension>
            <ns3:hr>128</ns3:hr>
            <ns3:cad>83</ns3:cad>
          </ns3:TrackPointExtension>
        </extensions>
      </trkpt>
      <trkpt lat="23.19682247936725616455078125" lon="113.26113782823085784912109375">
        <ele>9.80000019073486328125</ele>
        <time>2023-10-31T22:59:14.000Z</time>
        <extensions>
          <ns3:TrackPointExtension>
            <ns3:hr>132</ns3:hr>
            <ns3:cad>83</ns3:cad>
          </ns3:TrackPointExtension>
        </extensions>
      </trkpt>
      <trkpt lat="23.19681066088378429412841796875" lon="113.26116263866424560546875">
        <ele>9.6000003814697265625</ele>
        <time>2023-10-31T22:59:17.000Z</time>
        <extensions>
          <ns3:TrackPointExtension>
            <ns3:hr>136</ns3:hr>
            <ns3:cad>84</ns3:cad>
          </ns3:TrackPointExtension>
        </extensions>
      </trkpt>
      <trkpt lat="23.19679507054388523101806640625" lon="113.26118585653603076934814453125">
        <ele>9.6000003814697265625</ele>
        <time>2023-10-31T22:59:18.000Z</time>
        <extensions>
          <ns3:TrackPointExtension>
            <ns3:hr>139</ns3:hr>
            <ns3:cad>83</ns3:cad>
          </ns3:TrackPointExtension>
        </extensions>
      </trkpt>
      <trkpt lat="23.19679507054388523101806640625" lon="113.26118585653603076934814453125">
        <ele>9.6000003814697265625</ele>
        <time>2023-10-31T22:59:19.000Z</time>
        <extensions>
          <ns3:TrackPointExtension>
            <ns3:hr>139</ns3:hr>
            <ns3:cad>83</ns3:cad>
          </ns3:TrackPointExtension>
        </extensions>
      </trkpt>
      <trkpt lat="23.19677696563303470611572265625" lon="113.26121703721582889556884765625">
        <ele>9.3999996185302734375</ele>
        <time>2023-10-31T22:59:21.000Z</time>
        <extensions>
          <ns3:TrackPointExtension>
            <ns3:hr>142</ns3:hr>
            <ns3:cad>83</ns3:cad>
          </ns3:TrackPointExtension>
        </extensions>
      </trkpt>
      <trkpt lat="23.196749053895473480224609375" lon="113.26133094727993011474609375">
        <ele>9.19999980926513671875</ele>
        <time>2023-10-31T22:59:26.000Z</time>
        <extensions>
          <ns3:TrackPointExtension>
            <ns3:hr>137</ns3:hr>
            <ns3:cad>82</ns3:cad>
          </ns3:TrackPointExtension>
        </extensions>
      </trkpt>
      <trkpt lat="23.1967453658580780029296875" lon="113.2613522373139858245849609375">
        <ele>9.3999996185302734375</ele>
        <time>2023-10-31T22:59:27.000Z</time>
        <extensions>
          <ns3:TrackPointExtension>
            <ns3:hr>138</ns3:hr>
            <ns3:cad>83</ns3:cad>
          </ns3:TrackPointExtension>
        </extensions>
      </trkpt>
      <trkpt lat="23.19672231562435626983642578125" lon="113.2614729367196559906005859375">
        <ele>10.6000003814697265625</ele>
        <time>2023-10-31T22:59:32.000Z</time>
        <extensions>
          <ns3:TrackPointExtension>
            <ns3:hr>141</ns3:hr>
            <ns3:cad>82</ns3:cad>
          </ns3:TrackPointExtension>
        </extensions>
      </trkpt>
      <trkpt lat="23.19670169614255428314208984375" lon="113.26156840659677982330322265625">
        <ele>11</ele>
        <time>2023-10-31T22:59:36.000Z</time>
        <extensions>
          <ns3:TrackPointExtension>
            <ns3:hr>144</ns3:hr>
            <ns3:cad>83</ns3:cad>
          </ns3:TrackPointExtension>
        </extensions>
      </trkpt>
      <trkpt lat="23.19668174721300601959228515625" lon="113.26165323145687580108642578125">
        <ele>11.3999996185302734375</ele>
        <time>2023-10-31T22:59:40.000Z</time>
        <extensions>
          <ns3:TrackPointExtension>
            <ns3:hr>147</ns3:hr>
            <ns3:cad>81</ns3:cad>
          </ns3:TrackPointExtension>
        </extensions>
      </trkpt>
      <trkpt lat="23.1966769695281982421875" lon="113.26166479848325252532958984375">
        <ele>11.3999996185302734375</ele>
        <time>2023-10-31T22:59:41.000Z</time>
        <extensions>
          <ns3:TrackPointExtension>
            <ns3:hr>150</ns3:hr>
            <ns3:cad>82</ns3:cad>
          </ns3:TrackPointExtension>
        </extensions>
      </trkpt>
      <trkpt lat="23.196666240692138671875" lon="113.2616985775530338287353515625">
        <ele>11.6000003814697265625</ele>
        <time>2023-10-31T22:59:42.000Z</time>
        <extensions>
          <ns3:TrackPointExtension>
            <ns3:hr>154</ns3:hr>
            <ns3:cad>82</ns3:cad>
          </ns3:TrackPointExtension>
        </extensions>
      </trkpt>
      <trkpt lat="23.1966607086360454559326171875" lon="113.26172095723450183868408203125">
        <ele>11.3999996185302734375</ele>
        <time>2023-10-31T22:59:44.000Z</time>
        <extensions>
          <ns3:TrackPointExtension>
            <ns3:hr>150</ns3:hr>
            <ns3:cad>84</ns3:cad>
          </ns3:TrackPointExtension>
        </extensions>
      </trkpt>
      <trkpt lat="23.19665961898863315582275390625" lon="113.26177510432898998260498046875">
        <ele>11.3999996185302734375</ele>
        <time>2023-10-31T22:59:45.000Z</time>
        <extensions>
          <ns3:TrackPointExtension>
            <ns3:hr>146</ns3:hr>
            <ns3:cad>84</ns3:cad>
          </ns3:TrackPointExtension>
        </extensions>
      </trkpt>
      <trkpt lat="23.19665961898863315582275390625" lon="113.26177510432898998260498046875">
        <ele>11.3999996185302734375</ele>
        <time>2023-10-31T22:59:46.000Z</time>
        <extensions>
          <ns3:TrackPointExtension>
            <ns3:hr>146</ns3:hr>
            <ns3:cad>84</ns3:cad>
          </ns3:TrackPointExtension>
        </extensions>
      </trkpt>
      <trkpt lat="23.19667093455791473388671875" lon="113.2619941234588623046875">
        <ele>11.3999996185302734375</ele>
        <time>2023-10-31T22:59:53.000Z</time>
        <extensions>
          <ns3:TrackPointExtension>
            <ns3:hr>144</ns3:hr>
            <ns3:cad>84</ns3:cad>
          </ns3:TrackPointExtension>
        </extensions>
      </trkpt>
      <trkpt lat="23.19671116769313812255859375" lon="113.2622289843857288360595703125">
        <ele>11</ele>
        <time>2023-10-31T22:59:59.000Z</time>
        <extensions>
          <ns3:TrackPointExtension>
            <ns3:hr>146</ns3:hr>
            <ns3:cad>83</ns3:cad>
          </ns3:TrackPointExtension>
        </extensions>
      </trkpt>
      <trkpt lat="23.19674603641033172607421875" lon="113.26242989860475063323974609375">
        <ele>9</ele>
        <time>2023-10-31T23:00:04.000Z</time>
        <extensions>
          <ns3:TrackPointExtension>
            <ns3:hr>146</ns3:hr>
            <ns3:cad>85</ns3:cad>
          </ns3:TrackPointExtension>
        </extensions>
      </trkpt>
      <trkpt lat="23.19675098173320293426513671875" lon="113.26263248920440673828125">
        <ele>6.19999980926513671875</ele>
        <time>2023-10-31T23:00:10.000Z</time>
        <extensions>
          <ns3:TrackPointExtension>
            <ns3:hr>148</ns3:hr>
            <ns3:cad>84</ns3:cad>
          </ns3:TrackPointExtension>
        </extensions>
      </trkpt>
      <trkpt lat="23.196728266775608062744140625" lon="113.262841701507568359375">
        <ele>5</ele>
        <time>2023-10-31T23:00:19.000Z</time>
        <extensions>
          <ns3:TrackPointExtension>
            <ns3:hr>146</ns3:hr>
            <ns3:cad>84</ns3:cad>
          </ns3:TrackPointExtension>
        </extensions>
      </trkpt>
      <trkpt lat="23.19669775664806365966796875" lon="113.26307262293994426727294921875">
        <ele>4.599999904632568359375</ele>
        <time>2023-10-31T23:00:26.000Z</time>
        <extensions>
          <ns3:TrackPointExtension>
            <ns3:hr>146</ns3:hr>
            <ns3:cad>82</ns3:cad>
          </ns3:TrackPointExtension>
        </extensions>
      </trkpt>
      <trkpt lat="23.196673281490802764892578125" lon="113.26317320577800273895263671875">
        <ele>4</ele>
        <time>2023-10-31T23:00:29.000Z</time>
        <extensions>
          <ns3:TrackPointExtension>
            <ns3:hr>149</ns3:hr>
            <ns3:cad>82</ns3:cad>
          </ns3:TrackPointExtension>
        </extensions>
      </trkpt>
      <trkpt lat="23.19662055931985378265380859375" lon="113.263291977345943450927734375">
        <ele>2.7999999523162841796875</ele>
        <time>2023-10-31T23:00:33.000Z</time>
        <extensions>
          <ns3:TrackPointExtension>
            <ns3:hr>152</ns3:hr>
            <ns3:cad>82</ns3:cad>
          </ns3:TrackPointExtension>
        </extensions>
      </trkpt>
      <trkpt lat="23.19660899229347705841064453125" lon="113.2634591124951839447021484375">
        <ele>5</ele>
        <time>2023-10-31T23:00:38.000Z</time>
        <extensions>
          <ns3:TrackPointExtension>
            <ns3:hr>149</ns3:hr>
            <ns3:cad>81</ns3:cad>
          </ns3:TrackPointExtension>
        </extensions>
      </trkpt>
      <trkpt lat="23.1965852715075016021728515625" lon="113.263657428324222564697265625">
        <ele>7.19999980926513671875</ele>
        <time>2023-10-31T23:00:46.000Z</time>
        <extensions>
          <ns3:TrackPointExtension>
            <ns3:hr>147</ns3:hr>
            <ns3:cad>83</ns3:cad>
          </ns3:TrackPointExtension>
        </extensions>
      </trkpt>
      <trkpt lat="23.19654428400099277496337890625" lon="113.2637528143823146820068359375">
        <ele>8.19999980926513671875</ele>
        <time>2023-10-31T23:00:53.000Z</time>
        <extensions>
          <ns3:TrackPointExtension>
            <ns3:hr>150</ns3:hr>
            <ns3:cad>83</ns3:cad>
          </ns3:TrackPointExtension>
        </extensions>
      </trkpt>
      <trkpt lat="23.19652919657528400421142578125" lon="113.26389354653656482696533203125">
        <ele>9.6000003814697265625</ele>
        <time>2023-10-31T23:01:00.000Z</time>
        <extensions>
          <ns3:TrackPointExtension>
            <ns3:hr>147</ns3:hr>
            <ns3:cad>82</ns3:cad>
          </ns3:TrackPointExtension>
        </extensions>
      </trkpt>
      <trkpt lat="23.19653321988880634307861328125" lon="113.26409102417528629302978515625">
        <ele>11</ele>
        <time>2023-10-31T23:01:06.000Z</time>
        <extensions>
          <ns3:TrackPointExtension>
            <ns3:hr>147</ns3:hr>
            <ns3:cad>83</ns3:cad>
          </ns3:TrackPointExtension>
        </extensions>
      </trkpt>
      <trkpt lat="23.1965576112270355224609375" lon="113.26428917236626148223876953125">
        <ele>12.3999996185302734375</ele>
        <time>2023-10-31T23:01:13.000Z</time>
        <extensions>
          <ns3:TrackPointExtension>
            <ns3:hr>147</ns3:hr>
            <ns3:cad>83</ns3:cad>
          </ns3:TrackPointExtension>
        </extensions>
      </trkpt>
      <trkpt lat="23.1965495645999908447265625" lon="113.2645028270781040191650390625">
        <ele>13.6000003814697265625</ele>
        <time>2023-10-31T23:01:20.000Z</time>
        <extensions>
          <ns3:TrackPointExtension>
            <ns3:hr>148</ns3:hr>
            <ns3:cad>83</ns3:cad>
          </ns3:TrackPointExtension>
        </extensions>
      </trkpt>
      <trkpt lat="23.19651494733989238739013671875" lon="113.2646937668323516845703125">
        <ele>13.80000019073486328125</ele>
        <time>2023-10-31T23:01:28.000Z</time>
        <extensions>
          <ns3:TrackPointExtension>
            <ns3:hr>148</ns3:hr>
            <ns3:cad>84</ns3:cad>
          </ns3:TrackPointExtension>
        </extensions>
      </trkpt>
      <trkpt lat="23.196521066129207611083984375" lon="113.264846317470073699951171875">
        <ele>13.3999996185302734375</ele>
        <time>2023-10-31T23:01:38.000Z</time>
        <extensions>
          <ns3:TrackPointExtension>
            <ns3:hr>145</ns3:hr>
            <ns3:cad>57</ns3:cad>
          </ns3:TrackPointExtension>
        </extensions>
      </trkpt>
      <trkpt lat="23.196565322577953338623046875" lon="113.2650345750153064727783203125">
        <ele>12.3999996185302734375</ele>
        <time>2023-10-31T23:01:51.000Z</time>
        <extensions>
          <ns3:TrackPointExtension>
            <ns3:hr>142</ns3:hr>
            <ns3:cad>58</ns3:cad>
          </ns3:TrackPointExtension>
        </extensions>
      </trkpt>
      <trkpt lat="23.19654755294322967529296875" lon="113.26516256667673587799072265625">
        <ele>10.19999980926513671875</ele>
        <time>2023-10-31T23:02:02.000Z</time>
        <extensions>
          <ns3:TrackPointExtension>
            <ns3:hr>139</ns3:hr>
            <ns3:cad>61</ns3:cad>
          </ns3:TrackPointExtension>
        </extensions>
      </trkpt>
      <trkpt lat="23.19655082188546657562255859375" lon="113.2652501575648784637451171875">
        <ele>9.6000003814697265625</ele>
        <time>2023-10-31T23:02:08.000Z</time>
        <extensions>
          <ns3:TrackPointExtension>
            <ns3:hr>138</ns3:hr>
            <ns3:cad>64</ns3:cad>
          </ns3:TrackPointExtension>
        </extensions>
      </trkpt>
      <trkpt lat="23.196545876562595367431640625" lon="113.2653267681598663330078125">
        <ele>9.3999996185302734375</ele>
        <time>2023-10-31T23:02:14.000Z</time>
        <extensions>
          <ns3:TrackPointExtension>
            <ns3:hr>139</ns3:hr>
            <ns3:cad>0</ns3:cad>
          </ns3:TrackPointExtension>
        </extensions>
      </trkpt>
      <trkpt lat="23.19655769504606723785400390625" lon="113.2653804123401641845703125">
        <ele>9.19999980926513671875</ele>
        <time>2023-10-31T23:02:18.000Z</time>
        <extensions>
          <ns3:TrackPointExtension>
            <ns3:hr>139</ns3:hr>
            <ns3:cad>61</ns3:cad>
          </ns3:TrackPointExtension>
        </extensions>
      </trkpt>
      <trkpt lat="23.19656825624406337738037109375" lon="113.26548493467271327972412109375">
        <ele>9</ele>
        <time>2023-10-31T23:02:25.000Z</time>
        <extensions>
          <ns3:TrackPointExtension>
            <ns3:hr>136</ns3:hr>
            <ns3:cad>61</ns3:cad>
          </ns3:TrackPointExtension>
        </extensions>
      </trkpt>
      <trkpt lat="23.19656976498663425445556640625" lon="113.26551024802029132843017578125">
        <ele>9</ele>
        <time>2023-10-31T23:02:27.000Z</time>
        <extensions>
          <ns3:TrackPointExtension>
            <ns3:hr>133</ns3:hr>
            <ns3:cad>61</ns3:cad>
          </ns3:TrackPointExtension>
        </extensions>
      </trkpt>
      <trkpt lat="23.19659625180065631866455078125" lon="113.26563497073948383331298828125">
        <ele>9</ele>
        <time>2023-10-31T23:02:33.000Z</time>
        <extensions>
          <ns3:TrackPointExtension>
            <ns3:hr>130</ns3:hr>
            <ns3:cad>61</ns3:cad>
          </ns3:TrackPointExtension>
        </extensions>
      </trkpt>
      <trkpt lat="23.19659960456192493438720703125" lon="113.26572247780859470367431640625">
        <ele>9</ele>
        <time>2023-10-31T23:02:38.000Z</time>
        <extensions>
          <ns3:TrackPointExtension>
            <ns3:hr>127</ns3:hr>
            <ns3:cad>61</ns3:cad>
          </ns3:TrackPointExtension>
        </extensions>
      </trkpt>
      <trkpt lat="23.1965909712016582489013671875" lon="113.26574846170842647552490234375">
        <ele>9</ele>
        <time>2023-10-31T23:02:40.000Z</time>
        <extensions>
          <ns3:TrackPointExtension>
            <ns3:hr>124</ns3:hr>
            <ns3:cad>61</ns3:cad>
          </ns3:TrackPointExtension>
        </extensions>
      </trkpt>
      <trkpt lat="23.196609579026699066162109375" lon="113.2658363878726959228515625">
        <ele>9</ele>
        <time>2023-10-31T23:02:46.000Z</time>
        <extensions>
          <ns3:TrackPointExtension>
            <ns3:hr>121</ns3:hr>
            <ns3:cad>63</ns3:cad>
          </ns3:TrackPointExtension>
        </extensions>
      </trkpt>
      <trkpt lat="23.19658384658396244049072265625" lon="113.26604216359555721282958984375">
        <ele>11</ele>
        <time>2023-10-31T23:03:00.000Z</time>
        <extensions>
          <ns3:TrackPointExtension>
            <ns3:hr>119</ns3:hr>
            <ns3:cad>61</ns3:cad>
          </ns3:TrackPointExtension>
        </extensions>
      </trkpt>
      <trkpt lat="23.1965735368430614471435546875" lon="113.2661433331668376922607421875">
        <ele>10.6000003814697265625</ele>
        <time>2023-10-31T23:03:04.000Z</time>
        <extensions>
          <ns3:TrackPointExtension>
            <ns3:hr>116</ns3:hr>
            <ns3:cad>81</ns3:cad>
          </ns3:TrackPointExtension>
        </extensions>
      </trkpt>
      <trkpt lat="23.19657965563237667083740234375" lon="113.26630820520222187042236328125">
        <ele>10</ele>
        <time>2023-10-31T23:03:10.000Z</time>
        <extensions>
          <ns3:TrackPointExtension>
            <ns3:hr>120</ns3:hr>
            <ns3:cad>83</ns3:cad>
          </ns3:TrackPointExtension>
        </extensions>
      </trkpt>
      <trkpt lat="23.196571357548236846923828125" lon="113.26641599647700786590576171875">
        <ele>9.80000019073486328125</ele>
        <time>2023-10-31T23:03:14.000Z</time>
        <extensions>
          <ns3:TrackPointExtension>
            <ns3:hr>128</ns3:hr>
            <ns3:cad>83</ns3:cad>
          </ns3:TrackPointExtension>
        </extensions>
      </trkpt>
      <trkpt lat="23.19657546468079090118408203125" lon="113.266471736133098602294921875">
        <ele>9.6000003814697265625</ele>
        <time>2023-10-31T23:03:15.000Z</time>
        <extensions>
          <ns3:TrackPointExtension>
            <ns3:hr>131</ns3:hr>
            <ns3:cad>83</ns3:cad>
          </ns3:TrackPointExtension>
        </extensions>
      </trkpt>
      <trkpt lat="23.19657546468079090118408203125" lon="113.266471736133098602294921875">
        <ele>9.6000003814697265625</ele>
        <time>2023-10-31T23:03:16.000Z</time>
        <extensions>
          <ns3:TrackPointExtension>
            <ns3:hr>131</ns3:hr>
            <ns3:cad>83</ns3:cad>
          </ns3:TrackPointExtension>
        </extensions>
      </trkpt>
      <trkpt lat="23.196556605398654937744140625" lon="113.266548849642276763916015625">
        <ele>9.3999996185302734375</ele>
        <time>2023-10-31T23:03:20.000Z</time>
        <extensions>
          <ns3:TrackPointExtension>
            <ns3:hr>134</ns3:hr>
            <ns3:cad>83</ns3:cad>
          </ns3:TrackPointExtension>
        </extensions>
      </trkpt>
      <trkpt lat="23.19655752740800380706787109375" lon="113.26664063148200511932373046875">
        <ele>9.3999996185302734375</ele>
        <time>2023-10-31T23:03:25.000Z</time>
        <extensions>
          <ns3:TrackPointExtension>
            <ns3:hr>139</ns3:hr>
            <ns3:cad>83</ns3:cad>
          </ns3:TrackPointExtension>
        </extensions>
      </trkpt>
      <trkpt lat="23.196568004786968231201171875" lon="113.266752026975154876708984375">
        <ele>9.6000003814697265625</ele>
        <time>2023-10-31T23:03:29.000Z</time>
        <extensions>
          <ns3:TrackPointExtension>
            <ns3:hr>143</ns3:hr>
            <ns3:cad>83</ns3:cad>
          </ns3:TrackPointExtension>
        </extensions>
      </trkpt>
      <trkpt lat="23.19655450992286205291748046875" lon="113.2667833752930164337158203125">
        <ele>10</ele>
        <time>2023-10-31T23:03:31.000Z</time>
        <extensions>
          <ns3:TrackPointExtension>
            <ns3:hr>146</ns3:hr>
            <ns3:cad>83</ns3:cad>
          </ns3:TrackPointExtension>
        </extensions>
      </trkpt>
      <trkpt lat="23.1965534202754497528076171875" lon="113.26680131256580352783203125">
        <ele>10</ele>
        <time>2023-10-31T23:03:32.000Z</time>
        <extensions>
          <ns3:TrackPointExtension>
            <ns3:hr>143</ns3:hr>
            <ns3:cad>83</ns3:cad>
          </ns3:TrackPointExtension>
        </extensions>
      </trkpt>
      <trkpt lat="23.19655098952353000640869140625" lon="113.26685705222189426422119140625">
        <ele>10.19999980926513671875</ele>
        <time>2023-10-31T23:03:33.000Z</time>
        <extensions>
          <ns3:TrackPointExtension>
            <ns3:hr>139</ns3:hr>
            <ns3:cad>83</ns3:cad>
          </ns3:TrackPointExtension>
        </extensions>
      </trkpt>
      <trkpt lat="23.1965495645999908447265625" lon="113.2669044099748134613037109375">
        <ele>10.19999980926513671875</ele>
        <time>2023-10-31T23:03:36.000Z</time>
        <extensions>
          <ns3:TrackPointExtension>
            <ns3:hr>136</ns3:hr>
            <ns3:cad>83</ns3:cad>
          </ns3:TrackPointExtension>
        </extensions>
      </trkpt>
      <trkpt lat="23.19654093123972415924072265625" lon="113.26695017516613006591796875">
        <ele>10.3999996185302734375</ele>
        <time>2023-10-31T23:03:38.000Z</time>
        <extensions>
          <ns3:TrackPointExtension>
            <ns3:hr>140</ns3:hr>
            <ns3:cad>84</ns3:cad>
          </ns3:TrackPointExtension>
        </extensions>
      </trkpt>
      <trkpt lat="23.1965343095362186431884765625" lon="113.2669798471033573150634765625">
        <ele>10.6000003814697265625</ele>
        <time>2023-10-31T23:03:39.000Z</time>
        <extensions>
          <ns3:TrackPointExtension>
            <ns3:hr>145</ns3:hr>
            <ns3:cad>84</ns3:cad>
          </ns3:TrackPointExtension>
        </extensions>
      </trkpt>
      <trkpt lat="23.19648494012653827667236328125" lon="113.2670328207314014434814453125">
        <ele>11</ele>
        <time>2023-10-31T23:03:42.000Z</time>
        <extensions>
          <ns3:TrackPointExtension>
            <ns3:hr>149</ns3:hr>
            <ns3:cad>84</ns3:cad>
          </ns3:TrackPointExtension>
        </extensions>
      </trkpt>
      <trkpt lat="23.1964176334440708160400390625" lon="113.26703357510268688201904296875">
        <ele>11.19999980926513671875</ele>
        <time>2023-10-31T23:03:44.000Z</time>
        <extensions>
          <ns3:TrackPointExtension>
            <ns3:hr>145</ns3:hr>
            <ns3:cad>84</ns3:cad>
          </ns3:TrackPointExtension>
        </extensions>
      </trkpt>
      <trkpt lat="23.19636239670217037200927734375" lon="113.267041034996509552001953125">
        <ele>11.3999996185302734375</ele>
        <time>2023-10-31T23:03:45.000Z</time>
        <extensions>
          <ns3:TrackPointExtension>
            <ns3:hr>142</ns3:hr>
            <ns3:cad>84</ns3:cad>
          </ns3:TrackPointExtension>
        </extensions>
      </trkpt>
      <trkpt lat="23.19636239670217037200927734375" lon="113.267041034996509552001953125">
        <ele>11.3999996185302734375</ele>
        <time>2023-10-31T23:03:46.000Z</time>
        <extensions>
          <ns3:TrackPointExtension>
            <ns3:hr>142</ns3:hr>
            <ns3:cad>84</ns3:cad>
          </ns3:TrackPointExtension>
        </extensions>
      </trkpt>
      <trkpt lat="23.19632618688046932220458984375" lon="113.26702502556145191192626953125">
        <ele>11.3999996185302734375</ele>
        <time>2023-10-31T23:03:47.000Z</time>
        <extensions>
          <ns3:TrackPointExtension>
            <ns3:hr>145</ns3:hr>
            <ns3:cad>84</ns3:cad>
          </ns3:TrackPointExtension>
        </extensions>
      </trkpt>
      <trkpt lat="23.19623683579266071319580078125" lon="113.2669885642826557159423828125">
        <ele>11.6000003814697265625</ele>
        <time>2023-10-31T23:03:48.000Z</time>
        <extensions>
          <ns3:TrackPointExtension>
            <ns3:hr>153</ns3:hr>
            <ns3:cad>84</ns3:cad>
          </ns3:TrackPointExtension>
        </extensions>
      </trkpt>
      <trkpt lat="23.19623683579266071319580078125" lon="113.2669885642826557159423828125">
        <ele>11.6000003814697265625</ele>
        <time>2023-10-31T23:03:49.000Z</time>
        <extensions>
          <ns3:TrackPointExtension>
            <ns3:hr>153</ns3:hr>
            <ns3:cad>84</ns3:cad>
          </ns3:TrackPointExtension>
        </extensions>
      </trkpt>
      <trkpt lat="23.19621403701603412628173828125" lon="113.2671106047928333282470703125">
        <ele>12.19999980926513671875</ele>
        <time>2023-10-31T23:03:56.000Z</time>
        <extensions>
          <ns3:TrackPointExtension>
            <ns3:hr>156</ns3:hr>
            <ns3:cad>82</ns3:cad>
          </ns3:TrackPointExtension>
        </extensions>
      </trkpt>
      <trkpt lat="23.196220658719539642333984375" lon="113.2672175578773021697998046875">
        <ele>12.80000019073486328125</ele>
        <time>2023-10-31T23:04:00.000Z</time>
        <extensions>
          <ns3:TrackPointExtension>
            <ns3:hr>152</ns3:hr>
            <ns3:cad>84</ns3:cad>
          </ns3:TrackPointExtension>
        </extensions>
      </trkpt>
      <trkpt lat="23.1962231732904911041259765625" lon="113.2672433741390705108642578125">
        <ele>13</ele>
        <time>2023-10-31T23:04:01.000Z</time>
        <extensions>
          <ns3:TrackPointExtension>
            <ns3:hr>155</ns3:hr>
            <ns3:cad>85</ns3:cad>
          </ns3:TrackPointExtension>
        </extensions>
      </trkpt>
      <trkpt lat="23.1962137855589389801025390625" lon="113.267285786569118499755859375">
        <ele>13.19999980926513671875</ele>
        <time>2023-10-31T23:04:03.000Z</time>
        <extensions>
          <ns3:TrackPointExtension>
            <ns3:hr>146</ns3:hr>
            <ns3:cad>84</ns3:cad>
          </ns3:TrackPointExtension>
        </extensions>
      </trkpt>
      <trkpt lat="23.1962137855589389801025390625" lon="113.267285786569118499755859375">
        <ele>13.19999980926513671875</ele>
        <time>2023-10-31T23:04:04.000Z</time>
        <extensions>
          <ns3:TrackPointExtension>
            <ns3:hr>146</ns3:hr>
            <ns3:cad>84</ns3:cad>
          </ns3:TrackPointExtension>
        </extensions>
      </trkpt>
      <trkpt lat="23.19616374559700489044189453125" lon="113.2674753852188587188720703125">
        <ele>15.19999980926513671875</ele>
        <time>2023-10-31T23:04:13.000Z</time>
        <extensions>
          <ns3:TrackPointExtension>
            <ns3:hr>146</ns3:hr>
            <ns3:cad>82</ns3:cad>
          </ns3:TrackPointExtension>
        </extensions>
      </trkpt>
      <trkpt lat="23.1961490772664546966552734375" lon="113.2675672508776187896728515625">
        <ele>15.6000003814697265625</ele>
        <time>2023-10-31T23:04:17.000Z</time>
        <extensions>
          <ns3:TrackPointExtension>
            <ns3:hr>146</ns3:hr>
            <ns3:cad>83</ns3:cad>
          </ns3:TrackPointExtension>
        </extensions>
      </trkpt>
      <trkpt lat="23.19616592489182949066162109375" lon="113.2677876949310302734375">
        <ele>18</ele>
        <time>2023-10-31T23:04:25.000Z</time>
        <extensions>
          <ns3:TrackPointExtension>
            <ns3:hr>146</ns3:hr>
            <ns3:cad>85</ns3:cad>
          </ns3:TrackPointExtension>
        </extensions>
      </trkpt>
      <trkpt lat="23.19616005755960941314697265625" lon="113.26795625500380992889404296875">
        <ele>19</ele>
        <time>2023-10-31T23:04:32.000Z</time>
        <extensions>
          <ns3:TrackPointExtension>
            <ns3:hr>145</ns3:hr>
            <ns3:cad>82</ns3:cad>
          </ns3:TrackPointExtension>
        </extensions>
      </trkpt>
      <trkpt lat="23.19613516330718994140625" lon="113.26814820058643817901611328125">
        <ele>18.3999996185302734375</ele>
        <time>2023-10-31T23:04:43.000Z</time>
        <extensions>
          <ns3:TrackPointExtension>
            <ns3:hr>147</ns3:hr>
            <ns3:cad>61</ns3:cad>
          </ns3:TrackPointExtension>
        </extensions>
      </trkpt>
      <trkpt lat="23.19612242281436920166015625" lon="113.2682589255273342132568359375">
        <ele>19.200000762939453125</ele>
        <time>2023-10-31T23:04:50.000Z</time>
        <extensions>
          <ns3:TrackPointExtension>
            <ns3:hr>148</ns3:hr>
            <ns3:cad>61</ns3:cad>
          </ns3:TrackPointExtension>
        </extensions>
      </trkpt>
      <trkpt lat="23.19621286354959011077880859375" lon="113.26848708093166351318359375">
        <ele>16</ele>
        <time>2023-10-31T23:04:57.000Z</time>
        <extensions>
          <ns3:TrackPointExtension>
            <ns3:hr>148</ns3:hr>
            <ns3:cad>61</ns3:cad>
          </ns3:TrackPointExtension>
        </extensions>
      </trkpt>
      <trkpt lat="23.19630791433155536651611328125" lon="113.26868011616170406341552734375">
        <ele>13.3999996185302734375</ele>
        <time>2023-10-31T23:05:01.000Z</time>
        <extensions>
          <ns3:TrackPointExtension>
            <ns3:hr>147</ns3:hr>
            <ns3:cad>61</ns3:cad>
          </ns3:TrackPointExtension>
        </extensions>
      </trkpt>
      <trkpt lat="23.19641637615859508514404296875" lon="113.26890877448022365570068359375">
        <ele>11.19999980926513671875</ele>
        <time>2023-10-31T23:05:05.000Z</time>
        <extensions>
          <ns3:TrackPointExtension>
            <ns3:hr>146</ns3:hr>
            <ns3:cad>57</ns3:cad>
          </ns3:TrackPointExtension>
        </extensions>
      </trkpt>
      <trkpt lat="23.19645644165575504302978515625" lon="113.268999047577381134033203125">
        <ele>10.80000019073486328125</ele>
        <time>2023-10-31T23:05:10.000Z</time>
        <extensions>
          <ns3:TrackPointExtension>
            <ns3:hr>143</ns3:hr>
            <ns3:cad>57</ns3:cad>
          </ns3:TrackPointExtension>
        </extensions>
      </trkpt>
      <trkpt lat="23.19643364287912845611572265625" lon="113.2690863870084285736083984375">
        <ele>11.6000003814697265625</ele>
        <time>2023-10-31T23:05:15.000Z</time>
        <extensions>
          <ns3:TrackPointExtension>
            <ns3:hr>140</ns3:hr>
            <ns3:cad>61</ns3:cad>
          </ns3:TrackPointExtension>
        </extensions>
      </trkpt>
      <trkpt lat="23.196432888507843017578125" lon="113.269132487475872039794921875">
        <ele>12</ele>
        <time>2023-10-31T23:05:19.000Z</time>
        <extensions>
          <ns3:TrackPointExtension>
            <ns3:hr>137</ns3:hr>
            <ns3:cad>61</ns3:cad>
          </ns3:TrackPointExtension>
        </extensions>
      </trkpt>
      <trkpt lat="23.196438252925872802734375" lon="113.26922846026718616485595703125">
        <ele>13</ele>
        <time>2023-10-31T23:05:27.000Z</time>
        <extensions>
          <ns3:TrackPointExtension>
            <ns3:hr>135</ns3:hr>
            <ns3:cad>57</ns3:cad>
          </ns3:TrackPointExtension>
        </extensions>
      </trkpt>
      <trkpt lat="23.1964213214814662933349609375" lon="113.269259892404079437255859375">
        <ele>13.3999996185302734375</ele>
        <time>2023-10-31T23:05:30.000Z</time>
        <extensions>
          <ns3:TrackPointExtension>
            <ns3:hr>132</ns3:hr>
            <ns3:cad>57</ns3:cad>
          </ns3:TrackPointExtension>
        </extensions>
      </trkpt>
      <trkpt lat="23.19635636173188686370849609375" lon="113.2692617364227771759033203125">
        <ele>14.3999996185302734375</ele>
        <time>2023-10-31T23:05:34.000Z</time>
        <extensions>
          <ns3:TrackPointExtension>
            <ns3:hr>129</ns3:hr>
            <ns3:cad>57</ns3:cad>
          </ns3:TrackPointExtension>
        </extensions>
      </trkpt>
      <trkpt lat="23.19633641280233860015869140625" lon="113.2692671008408069610595703125">
        <ele>14.80000019073486328125</ele>
        <time>2023-10-31T23:05:35.000Z</time>
        <extensions>
          <ns3:TrackPointExtension>
            <ns3:hr>128</ns3:hr>
            <ns3:cad>57</ns3:cad>
          </ns3:TrackPointExtension>
        </extensions>
      </trkpt>
      <trkpt lat="23.1962654180824756622314453125" lon="113.26924572698771953582763671875">
        <ele>15.3999996185302734375</ele>
        <time>2023-10-31T23:05:40.000Z</time>
        <extensions>
          <ns3:TrackPointExtension>
            <ns3:hr>126</ns3:hr>
            <ns3:cad>0</ns3:cad>
          </ns3:TrackPointExtension>
        </extensions>
      </trkpt>
      <trkpt lat="23.1962303817272186279296875" lon="113.26913349330425262451171875">
        <ele>14.80000019073486328125</ele>
        <time>2023-10-31T23:05:43.000Z</time>
        <extensions>
          <ns3:TrackPointExtension>
            <ns3:hr>125</ns3:hr>
            <ns3:cad>0</ns3:cad>
          </ns3:TrackPointExtension>
        </extensions>
      </trkpt>
      <trkpt lat="23.1961520947515964508056640625" lon="113.2689745724201202392578125">
        <ele>13.80000019073486328125</ele>
        <time>2023-10-31T23:05:48.000Z</time>
        <extensions>
          <ns3:TrackPointExtension>
            <ns3:hr>122</ns3:hr>
            <ns3:cad>0</ns3:cad>
          </ns3:TrackPointExtension>
        </extensions>
      </trkpt>
      <trkpt lat="23.1961192376911640167236328125" lon="113.2689207606017589569091796875">
        <ele>13.3999996185302734375</ele>
        <time>2023-10-31T23:05:51.000Z</time>
        <extensions>
          <ns3:TrackPointExtension>
            <ns3:hr>117</ns3:hr>
            <ns3:cad>0</ns3:cad>
          </ns3:TrackPointExtension>
        </extensions>
      </trkpt>
      <trkpt lat="23.19610767066478729248046875" lon="113.26890307478606700897216796875">
        <ele>13.19999980926513671875</ele>
        <time>2023-10-31T23:05:52.000Z</time>
        <extensions>
          <ns3:TrackPointExtension>
            <ns3:hr>113</ns3:hr>
            <ns3:cad>0</ns3:cad>
          </ns3:TrackPointExtension>
        </extensions>
      </trkpt>
      <trkpt lat="23.1959529407322406768798828125" lon="113.26878480613231658935546875">
        <ele>12.80000019073486328125</ele>
        <time>2023-10-31T23:06:00.000Z</time>
        <extensions>
          <ns3:TrackPointExtension>
            <ns3:hr>112</ns3:hr>
            <ns3:cad>81</ns3:cad>
          </ns3:TrackPointExtension>
        </extensions>
      </trkpt>
      <trkpt lat="23.19582335650920867919921875" lon="113.26870040036737918853759765625">
        <ele>12.80000019073486328125</ele>
        <time>2023-10-31T23:06:06.000Z</time>
        <extensions>
          <ns3:TrackPointExtension>
            <ns3:hr>118</ns3:hr>
            <ns3:cad>82</ns3:cad>
          </ns3:TrackPointExtension>
        </extensions>
      </trkpt>
      <trkpt lat="23.19580114446580410003662109375" lon="113.2686875760555267333984375">
        <ele>12.80000019073486328125</ele>
        <time>2023-10-31T23:06:07.000Z</time>
        <extensions>
          <ns3:TrackPointExtension>
            <ns3:hr>124</ns3:hr>
            <ns3:cad>83</ns3:cad>
          </ns3:TrackPointExtension>
        </extensions>
      </trkpt>
      <trkpt lat="23.195778429508209228515625" lon="113.268672488629817962646484375">
        <ele>12.80000019073486328125</ele>
        <time>2023-10-31T23:06:08.000Z</time>
        <extensions>
          <ns3:TrackPointExtension>
            <ns3:hr>132</ns3:hr>
            <ns3:cad>83</ns3:cad>
          </ns3:TrackPointExtension>
        </extensions>
      </trkpt>
      <trkpt lat="23.1957542896270751953125" lon="113.26866234652698040008544921875">
        <ele>12.6000003814697265625</ele>
        <time>2023-10-31T23:06:09.000Z</time>
        <extensions>
          <ns3:TrackPointExtension>
            <ns3:hr>132</ns3:hr>
            <ns3:cad>83</ns3:cad>
          </ns3:TrackPointExtension>
        </extensions>
      </trkpt>
      <trkpt lat="23.19569117389619350433349609375" lon="113.26861339621245861053466796875">
        <ele>12.3999996185302734375</ele>
        <time>2023-10-31T23:06:12.000Z</time>
        <extensions>
          <ns3:TrackPointExtension>
            <ns3:hr>128</ns3:hr>
            <ns3:cad>82</ns3:cad>
          </ns3:TrackPointExtension>
        </extensions>
      </trkpt>
      <trkpt lat="23.19559159688651561737060546875" lon="113.26855623163282871246337890625">
        <ele>11.3999996185302734375</ele>
        <time>2023-10-31T23:06:16.000Z</time>
        <extensions>
          <ns3:TrackPointExtension>
            <ns3:hr>131</ns3:hr>
            <ns3:cad>83</ns3:cad>
          </ns3:TrackPointExtension>
        </extensions>
      </trkpt>
      <trkpt lat="23.1955211050808429718017578125" lon="113.2685147412121295928955078125">
        <ele>11</ele>
        <time>2023-10-31T23:06:19.000Z</time>
        <extensions>
          <ns3:TrackPointExtension>
            <ns3:hr>134</ns3:hr>
            <ns3:cad>82</ns3:cad>
          </ns3:TrackPointExtension>
        </extensions>
      </trkpt>
      <trkpt lat="23.19539780728518962860107421875" lon="113.26843955554068088531494140625">
        <ele>11</ele>
        <time>2023-10-31T23:06:24.000Z</time>
        <extensions>
          <ns3:TrackPointExtension>
            <ns3:hr>137</ns3:hr>
            <ns3:cad>82</ns3:cad>
          </ns3:TrackPointExtension>
        </extensions>
      </trkpt>
      <trkpt lat="23.19529521279036998748779296875" lon="113.2683977298438549041748046875">
        <ele>11.19999980926513671875</ele>
        <time>2023-10-31T23:06:30.000Z</time>
        <extensions>
          <ns3:TrackPointExtension>
            <ns3:hr>142</ns3:hr>
            <ns3:cad>83</ns3:cad>
          </ns3:TrackPointExtension>
        </extensions>
      </trkpt>
      <trkpt lat="23.19526906125247478485107421875" lon="113.26838247478008270263671875">
        <ele>11.6000003814697265625</ele>
        <time>2023-10-31T23:06:31.000Z</time>
        <extensions>
          <ns3:TrackPointExtension>
            <ns3:hr>148</ns3:hr>
            <ns3:cad>84</ns3:cad>
          </ns3:TrackPointExtension>
        </extensions>
      </trkpt>
      <trkpt lat="23.19523863494396209716796875" lon="113.26836613006889820098876953125">
        <ele>11.80000019073486328125</ele>
        <time>2023-10-31T23:06:32.000Z</time>
        <extensions>
          <ns3:TrackPointExtension>
            <ns3:hr>148</ns3:hr>
            <ns3:cad>84</ns3:cad>
          </ns3:TrackPointExtension>
        </extensions>
      </trkpt>
      <trkpt lat="23.1951895169913768768310546875" lon="113.268337883055210113525390625">
        <ele>12.19999980926513671875</ele>
        <time>2023-10-31T23:06:34.000Z</time>
        <extensions>
          <ns3:TrackPointExtension>
            <ns3:hr>143</ns3:hr>
            <ns3:cad>84</ns3:cad>
          </ns3:TrackPointExtension>
        </extensions>
      </trkpt>
      <trkpt lat="23.19513939321041107177734375" lon="113.26831919141113758087158203125">
        <ele>11.80000019073486328125</ele>
        <time>2023-10-31T23:06:35.000Z</time>
        <extensions>
          <ns3:TrackPointExtension>
            <ns3:hr>140</ns3:hr>
            <ns3:cad>84</ns3:cad>
          </ns3:TrackPointExtension>
        </extensions>
      </trkpt>
      <trkpt lat="23.19513939321041107177734375" lon="113.26831919141113758087158203125">
        <ele>11.80000019073486328125</ele>
        <time>2023-10-31T23:06:36.000Z</time>
        <extensions>
          <ns3:TrackPointExtension>
            <ns3:hr>140</ns3:hr>
            <ns3:cad>84</ns3:cad>
          </ns3:TrackPointExtension>
        </extensions>
      </trkpt>
      <trkpt lat="23.1950644589960575103759765625" lon="113.26828432269394397735595703125">
        <ele>11.3999996185302734375</ele>
        <time>2023-10-31T23:06:39.000Z</time>
        <extensions>
          <ns3:TrackPointExtension>
            <ns3:hr>144</ns3:hr>
            <ns3:cad>84</ns3:cad>
          </ns3:TrackPointExtension>
        </extensions>
      </trkpt>
      <trkpt lat="23.1949521414935588836669921875" lon="113.26822556555271148681640625">
        <ele>11</ele>
        <time>2023-10-31T23:06:44.000Z</time>
        <extensions>
          <ns3:TrackPointExtension>
            <ns3:hr>147</ns3:hr>
            <ns3:cad>83</ns3:cad>
          </ns3:TrackPointExtension>
        </extensions>
      </trkpt>
      <trkpt lat="23.19477939046919345855712890625" lon="113.2681311853229999542236328125">
        <ele>9.6000003814697265625</ele>
        <time>2023-10-31T23:06:51.000Z</time>
        <extensions>
          <ns3:TrackPointExtension>
            <ns3:hr>145</ns3:hr>
            <ns3:cad>84</ns3:cad>
          </ns3:TrackPointExtension>
        </extensions>
      </trkpt>
      <trkpt lat="23.19462952204048633575439453125" lon="113.26805792748928070068359375">
        <ele>8.19999980926513671875</ele>
        <time>2023-10-31T23:06:57.000Z</time>
        <extensions>
          <ns3:TrackPointExtension>
            <ns3:hr>148</ns3:hr>
            <ns3:cad>84</ns3:cad>
          </ns3:TrackPointExtension>
        </extensions>
      </trkpt>
      <trkpt lat="23.1945628859102725982666015625" lon="113.268016017973423004150390625">
        <ele>8.19999980926513671875</ele>
        <time>2023-10-31T23:07:00.000Z</time>
        <extensions>
          <ns3:TrackPointExtension>
            <ns3:hr>145</ns3:hr>
            <ns3:cad>84</ns3:cad>
          </ns3:TrackPointExtension>
        </extensions>
      </trkpt>
      <trkpt lat="23.19450513459742069244384765625" lon="113.26796581037342548370361328125">
        <ele>8.19999980926513671875</ele>
        <time>2023-10-31T23:07:03.000Z</time>
        <extensions>
          <ns3:TrackPointExtension>
            <ns3:hr>142</ns3:hr>
            <ns3:cad>84</ns3:cad>
          </ns3:TrackPointExtension>
        </extensions>
      </trkpt>
      <trkpt lat="23.1943809986114501953125" lon="113.2678619585931301116943359375">
        <ele>8</ele>
        <time>2023-10-31T23:07:11.000Z</time>
        <extensions>
          <ns3:TrackPointExtension>
            <ns3:hr>145</ns3:hr>
            <ns3:cad>84</ns3:cad>
          </ns3:TrackPointExtension>
        </extensions>
      </trkpt>
      <trkpt lat="23.194363228976726531982421875" lon="113.26784879900515079498291015625">
        <ele>8</ele>
        <time>2023-10-31T23:07:13.000Z</time>
        <extensions>
          <ns3:TrackPointExtension>
            <ns3:hr>145</ns3:hr>
            <ns3:cad>73</ns3:cad>
          </ns3:TrackPointExtension>
        </extensions>
      </trkpt>
      <trkpt lat="23.19421528838574886322021484375" lon="113.2677285186946392059326171875">
        <ele>10</ele>
        <time>2023-10-31T23:07:29.000Z</time>
        <extensions>
          <ns3:TrackPointExtension>
            <ns3:hr>146</ns3:hr>
            <ns3:cad>61</ns3:cad>
          </ns3:TrackPointExtension>
        </extensions>
      </trkpt>
      <trkpt lat="23.19416063837707042694091796875" lon="113.26767462305724620819091796875">
        <ele>11</ele>
        <time>2023-10-31T23:07:37.000Z</time>
        <extensions>
          <ns3:TrackPointExtension>
            <ns3:hr>145</ns3:hr>
            <ns3:cad>61</ns3:cad>
          </ns3:TrackPointExtension>
        </extensions>
      </trkpt>
      <trkpt lat="23.19414303638041019439697265625" lon="113.2676705159246921539306640625">
        <ele>11.19999980926513671875</ele>
        <time>2023-10-31T23:07:39.000Z</time>
        <extensions>
          <ns3:TrackPointExtension>
            <ns3:hr>145</ns3:hr>
            <ns3:cad>61</ns3:cad>
          </ns3:TrackPointExtension>
        </extensions>
      </trkpt>
      <trkpt lat="23.1941186450421810150146484375" lon="113.26765023171901702880859375">
        <ele>11.6000003814697265625</ele>
        <time>2023-10-31T23:07:42.000Z</time>
        <extensions>
          <ns3:TrackPointExtension>
            <ns3:hr>141</ns3:hr>
            <ns3:cad>61</ns3:cad>
          </ns3:TrackPointExtension>
        </extensions>
      </trkpt>
      <trkpt lat="23.1939553655683994293212890625" lon="113.26757839880883693695068359375">
        <ele>12.3999996185302734375</ele>
        <time>2023-10-31T23:07:55.000Z</time>
        <extensions>
          <ns3:TrackPointExtension>
            <ns3:hr>139</ns3:hr>
            <ns3:cad>0</ns3:cad>
          </ns3:TrackPointExtension>
        </extensions>
      </trkpt>
      <trkpt lat="23.19385805167257785797119140625" lon="113.26754235662519931793212890625">
        <ele>13.19999980926513671875</ele>
        <time>2023-10-31T23:08:03.000Z</time>
        <extensions>
          <ns3:TrackPointExtension>
            <ns3:hr>136</ns3:hr>
            <ns3:cad>61</ns3:cad>
          </ns3:TrackPointExtension>
        </extensions>
      </trkpt>
      <trkpt lat="23.193833492696285247802734375" lon="113.267532885074615478515625">
        <ele>13.3999996185302734375</ele>
        <time>2023-10-31T23:08:06.000Z</time>
        <extensions>
          <ns3:TrackPointExtension>
            <ns3:hr>132</ns3:hr>
            <ns3:cad>61</ns3:cad>
          </ns3:TrackPointExtension>
        </extensions>
      </trkpt>
      <trkpt lat="23.19381245411932468414306640625" lon="113.26751503162086009979248046875">
        <ele>13.6000003814697265625</ele>
        <time>2023-10-31T23:08:09.000Z</time>
        <extensions>
          <ns3:TrackPointExtension>
            <ns3:hr>129</ns3:hr>
            <ns3:cad>64</ns3:cad>
          </ns3:TrackPointExtension>
        </extensions>
      </trkpt>
      <trkpt lat="23.1937347538769245147705078125" lon="113.2674187235534191131591796875">
        <ele>13</ele>
        <time>2023-10-31T23:08:20.000Z</time>
        <extensions>
          <ns3:TrackPointExtension>
            <ns3:hr>126</ns3:hr>
            <ns3:cad>56</ns3:cad>
          </ns3:TrackPointExtension>
        </extensions>
      </trkpt>
      <trkpt lat="23.1936536170542240142822265625" lon="113.26738930307328701019287109375">
        <ele>11.80000019073486328125</ele>
        <time>2023-10-31T23:08:27.000Z</time>
        <extensions>
          <ns3:TrackPointExtension>
            <ns3:hr>123</ns3:hr>
            <ns3:cad>61</ns3:cad>
          </ns3:TrackPointExtension>
        </extensions>
      </trkpt>
      <trkpt lat="23.193547837436199188232421875" lon="113.2673261873424053192138671875">
        <ele>10.3999996185302734375</ele>
        <time>2023-10-31T23:08:36.000Z</time>
        <extensions>
          <ns3:TrackPointExtension>
            <ns3:hr>120</ns3:hr>
            <ns3:cad>61</ns3:cad>
          </ns3:TrackPointExtension>
        </extensions>
      </trkpt>
      <trkpt lat="23.1933924369513988494873046875" lon="113.267256952822208404541015625">
        <ele>8.6000003814697265625</ele>
        <time>2023-10-31T23:08:50.000Z</time>
        <extensions>
          <ns3:TrackPointExtension>
            <ns3:hr>117</ns3:hr>
            <ns3:cad>61</ns3:cad>
          </ns3:TrackPointExtension>
        </extensions>
      </trkpt>
      <trkpt lat="23.1932197697460651397705078125" lon="113.2671676017343997955322265625">
        <ele>6.80000019073486328125</ele>
        <time>2023-10-31T23:09:01.000Z</time>
        <extensions>
          <ns3:TrackPointExtension>
            <ns3:hr>118</ns3:hr>
            <ns3:cad>80</ns3:cad>
          </ns3:TrackPointExtension>
        </extensions>
      </trkpt>
      <trkpt lat="23.1931768544018268585205078125" lon="113.2671417854726314544677734375">
        <ele>7</ele>
        <time>2023-10-31T23:09:03.000Z</time>
        <extensions>
          <ns3:TrackPointExtension>
            <ns3:hr>115</ns3:hr>
            <ns3:cad>82</ns3:cad>
          </ns3:TrackPointExtension>
        </extensions>
      </trkpt>
      <trkpt lat="23.1931379623711109161376953125" lon="113.26710867695510387420654296875">
        <ele>7.19999980926513671875</ele>
        <time>2023-10-31T23:09:05.000Z</time>
        <extensions>
          <ns3:TrackPointExtension>
            <ns3:hr>112</ns3:hr>
            <ns3:cad>82</ns3:cad>
          </ns3:TrackPointExtension>
        </extensions>
      </trkpt>
      <trkpt lat="23.19308423437178134918212890625" lon="113.26706743799149990081787109375">
        <ele>7.400000095367431640625</ele>
        <time>2023-10-31T23:09:08.000Z</time>
        <extensions>
          <ns3:TrackPointExtension>
            <ns3:hr>116</ns3:hr>
            <ns3:cad>82</ns3:cad>
          </ns3:TrackPointExtension>
        </extensions>
      </trkpt>
      <trkpt lat="23.1930675543844699859619140625" lon="113.2670509256422519683837890625">
        <ele>7.599999904632568359375</ele>
        <time>2023-10-31T23:09:09.000Z</time>
        <extensions>
          <ns3:TrackPointExtension>
            <ns3:hr>123</ns3:hr>
            <ns3:cad>83</ns3:cad>
          </ns3:TrackPointExtension>
        </extensions>
      </trkpt>
      <trkpt lat="23.19302656687796115875244140625" lon="113.2670237682759761810302734375">
        <ele>7.599999904632568359375</ele>
        <time>2023-10-31T23:09:10.000Z</time>
        <extensions>
          <ns3:TrackPointExtension>
            <ns3:hr>127</ns3:hr>
            <ns3:cad>83</ns3:cad>
          </ns3:TrackPointExtension>
        </extensions>
      </trkpt>
      <trkpt lat="23.19302656687796115875244140625" lon="113.2670237682759761810302734375">
        <ele>7.599999904632568359375</ele>
        <time>2023-10-31T23:09:11.000Z</time>
        <extensions>
          <ns3:TrackPointExtension>
            <ns3:hr>127</ns3:hr>
            <ns3:cad>83</ns3:cad>
          </ns3:TrackPointExtension>
        </extensions>
      </trkpt>
      <trkpt lat="23.19300728850066661834716796875" lon="113.26700960285961627960205078125">
        <ele>7.80000019073486328125</ele>
        <time>2023-10-31T23:09:12.000Z</time>
        <extensions>
          <ns3:TrackPointExtension>
            <ns3:hr>130</ns3:hr>
            <ns3:cad>83</ns3:cad>
          </ns3:TrackPointExtension>
        </extensions>
      </trkpt>
      <trkpt lat="23.19298650138080120086669921875" lon="113.2669939287006855010986328125">
        <ele>7.80000019073486328125</ele>
        <time>2023-10-31T23:09:13.000Z</time>
        <extensions>
          <ns3:TrackPointExtension>
            <ns3:hr>134</ns3:hr>
            <ns3:cad>82</ns3:cad>
          </ns3:TrackPointExtension>
        </extensions>
      </trkpt>
      <trkpt lat="23.19291978143155574798583984375" lon="113.26695729978382587432861328125">
        <ele>8.19999980926513671875</ele>
        <time>2023-10-31T23:09:16.000Z</time>
        <extensions>
          <ns3:TrackPointExtension>
            <ns3:hr>137</ns3:hr>
            <ns3:cad>83</ns3:cad>
          </ns3:TrackPointExtension>
        </extensions>
      </trkpt>
      <trkpt lat="23.19285054691135883331298828125" lon="113.266921341419219970703125">
        <ele>8.6000003814697265625</ele>
        <time>2023-10-31T23:09:19.000Z</time>
        <extensions>
          <ns3:TrackPointExtension>
            <ns3:hr>141</ns3:hr>
            <ns3:cad>82</ns3:cad>
          </ns3:TrackPointExtension>
        </extensions>
      </trkpt>
      <trkpt lat="23.19283009506762027740478515625" lon="113.26690935529768466949462890625">
        <ele>8.6000003814697265625</ele>
        <time>2023-10-31T23:09:20.000Z</time>
        <extensions>
          <ns3:TrackPointExtension>
            <ns3:hr>146</ns3:hr>
            <ns3:cad>83</ns3:cad>
          </ns3:TrackPointExtension>
        </extensions>
      </trkpt>
      <trkpt lat="23.19280779920518398284912109375" lon="113.26689544133841991424560546875">
        <ele>8.80000019073486328125</ele>
        <time>2023-10-31T23:09:21.000Z</time>
        <extensions>
          <ns3:TrackPointExtension>
            <ns3:hr>144</ns3:hr>
            <ns3:cad>82</ns3:cad>
          </ns3:TrackPointExtension>
        </extensions>
      </trkpt>
      <trkpt lat="23.19274862296879291534423828125" lon="113.26685629785060882568359375">
        <ele>9</ele>
        <time>2023-10-31T23:09:24.000Z</time>
        <extensions>
          <ns3:TrackPointExtension>
            <ns3:hr>141</ns3:hr>
            <ns3:cad>83</ns3:cad>
          </ns3:TrackPointExtension>
        </extensions>
      </trkpt>
      <trkpt lat="23.1926772929728031158447265625" lon="113.26681178994476795196533203125">
        <ele>8.80000019073486328125</ele>
        <time>2023-10-31T23:09:28.000Z</time>
        <extensions>
          <ns3:TrackPointExtension>
            <ns3:hr>144</ns3:hr>
            <ns3:cad>83</ns3:cad>
          </ns3:TrackPointExtension>
        </extensions>
      </trkpt>
      <trkpt lat="23.1926093995571136474609375" lon="113.26675747521221637725830078125">
        <ele>8.19999980926513671875</ele>
        <time>2023-10-31T23:09:32.000Z</time>
        <extensions>
          <ns3:TrackPointExtension>
            <ns3:hr>148</ns3:hr>
            <ns3:cad>82</ns3:cad>
          </ns3:TrackPointExtension>
        </extensions>
      </trkpt>
      <trkpt lat="23.1925592757761478424072265625" lon="113.2667173258960247039794921875">
        <ele>8</ele>
        <time>2023-10-31T23:09:35.000Z</time>
        <extensions>
          <ns3:TrackPointExtension>
            <ns3:hr>151</ns3:hr>
            <ns3:cad>82</ns3:cad>
          </ns3:TrackPointExtension>
        </extensions>
      </trkpt>
      <trkpt lat="23.1923805736005306243896484375" lon="113.2666211016476154327392578125">
        <ele>7</ele>
        <time>2023-10-31T23:09:44.000Z</time>
        <extensions>
          <ns3:TrackPointExtension>
            <ns3:hr>153</ns3:hr>
            <ns3:cad>82</ns3:cad>
          </ns3:TrackPointExtension>
        </extensions>
      </trkpt>
      <trkpt lat="23.1922434456646442413330078125" lon="113.26654650270938873291015625">
        <ele>7</ele>
        <time>2023-10-31T23:09:51.000Z</time>
        <extensions>
          <ns3:TrackPointExtension>
            <ns3:hr>157</ns3:hr>
            <ns3:cad>82</ns3:cad>
          </ns3:TrackPointExtension>
        </extensions>
      </trkpt>
      <trkpt lat="23.19220312871038913726806640625" lon="113.26651968061923980712890625">
        <ele>7</ele>
        <time>2023-10-31T23:09:53.000Z</time>
        <extensions>
          <ns3:TrackPointExtension>
            <ns3:hr>161</ns3:hr>
            <ns3:cad>83</ns3:cad>
          </ns3:TrackPointExtension>
        </extensions>
      </trkpt>
      <trkpt lat="23.19218200631439685821533203125" lon="113.26651096343994140625">
        <ele>7</ele>
        <time>2023-10-31T23:09:54.000Z</time>
        <extensions>
          <ns3:TrackPointExtension>
            <ns3:hr>166</ns3:hr>
            <ns3:cad>82</ns3:cad>
          </ns3:TrackPointExtension>
        </extensions>
      </trkpt>
      <trkpt lat="23.19216339848935604095458984375" lon="113.26649998314678668975830078125">
        <ele>7</ele>
        <time>2023-10-31T23:09:55.000Z</time>
        <extensions>
          <ns3:TrackPointExtension>
            <ns3:hr>169</ns3:hr>
            <ns3:cad>82</ns3:cad>
          </ns3:TrackPointExtension>
        </extensions>
      </trkpt>
      <trkpt lat="23.19214059971272945404052734375" lon="113.2664893381297588348388671875">
        <ele>7</ele>
        <time>2023-10-31T23:09:56.000Z</time>
        <extensions>
          <ns3:TrackPointExtension>
            <ns3:hr>166</ns3:hr>
            <ns3:cad>83</ns3:cad>
          </ns3:TrackPointExtension>
        </extensions>
      </trkpt>
      <trkpt lat="23.19203213788568973541259765625" lon="113.26646377332508563995361328125">
        <ele>7</ele>
        <time>2023-10-31T23:10:01.000Z</time>
        <extensions>
          <ns3:TrackPointExtension>
            <ns3:hr>170</ns3:hr>
            <ns3:cad>83</ns3:cad>
          </ns3:TrackPointExtension>
        </extensions>
      </trkpt>
      <trkpt lat="23.19185125641524791717529296875" lon="113.266382552683353424072265625">
        <ele>7</ele>
        <time>2023-10-31T23:10:09.000Z</time>
        <extensions>
          <ns3:TrackPointExtension>
            <ns3:hr>169</ns3:hr>
            <ns3:cad>83</ns3:cad>
          </ns3:TrackPointExtension>
        </extensions>
      </trkpt>
      <trkpt lat="23.191813118755817413330078125" lon="113.266346342861652374267578125">
        <ele>7.19999980926513671875</ele>
        <time>2023-10-31T23:10:11.000Z</time>
        <extensions>
          <ns3:TrackPointExtension>
            <ns3:hr>166</ns3:hr>
            <ns3:cad>83</ns3:cad>
          </ns3:TrackPointExtension>
        </extensions>
      </trkpt>
      <trkpt lat="23.19175176322460174560546875" lon="113.2663019187748432159423828125">
        <ele>7.400000095367431640625</ele>
        <time>2023-10-31T23:10:14.000Z</time>
        <extensions>
          <ns3:TrackPointExtension>
            <ns3:hr>163</ns3:hr>
            <ns3:cad>83</ns3:cad>
          </ns3:TrackPointExtension>
        </extensions>
      </trkpt>
      <trkpt lat="23.19162838160991668701171875" lon="113.2662331871688365936279296875">
        <ele>7.599999904632568359375</ele>
        <time>2023-10-31T23:10:20.000Z</time>
        <extensions>
          <ns3:TrackPointExtension>
            <ns3:hr>156</ns3:hr>
            <ns3:cad>83</ns3:cad>
          </ns3:TrackPointExtension>
        </extensions>
      </trkpt>
      <trkpt lat="23.19160759449005126953125" lon="113.2662194408476352691650390625">
        <ele>7.599999904632568359375</ele>
        <time>2023-10-31T23:10:21.000Z</time>
        <extensions>
          <ns3:TrackPointExtension>
            <ns3:hr>156</ns3:hr>
            <ns3:cad>83</ns3:cad>
          </ns3:TrackPointExtension>
        </extensions>
      </trkpt>
      <trkpt lat="23.19157247431576251983642578125" lon="113.2661946304142475128173828125">
        <ele>7.599999904632568359375</ele>
        <time>2023-10-31T23:10:23.000Z</time>
        <extensions>
          <ns3:TrackPointExtension>
            <ns3:hr>159</ns3:hr>
            <ns3:cad>83</ns3:cad>
          </ns3:TrackPointExtension>
        </extensions>
      </trkpt>
      <trkpt lat="23.1913992203772068023681640625" lon="113.26611827127635478973388671875">
        <ele>8</ele>
        <time>2023-10-31T23:10:31.000Z</time>
        <extensions>
          <ns3:TrackPointExtension>
            <ns3:hr>157</ns3:hr>
            <ns3:cad>83</ns3:cad>
          </ns3:TrackPointExtension>
        </extensions>
      </trkpt>
      <trkpt lat="23.19132395088672637939453125" lon="113.2660575024783611297607421875">
        <ele>8</ele>
        <time>2023-10-31T23:10:36.000Z</time>
        <extensions>
          <ns3:TrackPointExtension>
            <ns3:hr>160</ns3:hr>
            <ns3:cad>85</ns3:cad>
          </ns3:TrackPointExtension>
        </extensions>
      </trkpt>
      <trkpt lat="23.19129989482462406158447265625" lon="113.26602892018854618072509765625">
        <ele>8</ele>
        <time>2023-10-31T23:10:38.000Z</time>
        <extensions>
          <ns3:TrackPointExtension>
            <ns3:hr>160</ns3:hr>
            <ns3:cad>85</ns3:cad>
          </ns3:TrackPointExtension>
        </extensions>
      </trkpt>
      <trkpt lat="23.19115974940359592437744140625" lon="113.26589078642427921295166015625">
        <ele>9</ele>
        <time>2023-10-31T23:10:56.000Z</time>
        <extensions>
          <ns3:TrackPointExtension>
            <ns3:hr>158</ns3:hr>
            <ns3:cad>61</ns3:cad>
          </ns3:TrackPointExtension>
        </extensions>
      </trkpt>
      <trkpt lat="23.19114080630242824554443359375" lon="113.26588877476751804351806640625">
        <ele>9.19999980926513671875</ele>
        <time>2023-10-31T23:10:58.000Z</time>
        <extensions>
          <ns3:TrackPointExtension>
            <ns3:hr>158</ns3:hr>
            <ns3:cad>61</ns3:cad>
          </ns3:TrackPointExtension>
        </extensions>
      </trkpt>
      <trkpt lat="23.19109403528273105621337890625" lon="113.26586932875216007232666015625">
        <ele>9.3999996185302734375</ele>
        <time>2023-10-31T23:11:03.000Z</time>
        <extensions>
          <ns3:TrackPointExtension>
            <ns3:hr>155</ns3:hr>
            <ns3:cad>61</ns3:cad>
          </ns3:TrackPointExtension>
        </extensions>
      </trkpt>
      <trkpt lat="23.1910374574363231658935546875" lon="113.265787772834300994873046875">
        <ele>9.80000019073486328125</ele>
        <time>2023-10-31T23:11:10.000Z</time>
        <extensions>
          <ns3:TrackPointExtension>
            <ns3:hr>152</ns3:hr>
            <ns3:cad>58</ns3:cad>
          </ns3:TrackPointExtension>
        </extensions>
      </trkpt>
      <trkpt lat="23.1910371221601963043212890625" lon="113.26580093242228031158447265625">
        <ele>9.80000019073486328125</ele>
        <time>2023-10-31T23:11:12.000Z</time>
        <extensions>
          <ns3:TrackPointExtension>
            <ns3:hr>151</ns3:hr>
            <ns3:cad>58</ns3:cad>
          </ns3:TrackPointExtension>
        </extensions>
      </trkpt>
      <trkpt lat="23.19101407192647457122802734375" lon="113.265822641551494598388671875">
        <ele>9.80000019073486328125</ele>
        <time>2023-10-31T23:11:15.000Z</time>
        <extensions>
          <ns3:TrackPointExtension>
            <ns3:hr>148</ns3:hr>
            <ns3:cad>58</ns3:cad>
          </ns3:TrackPointExtension>
        </extensions>
      </trkpt>
      <trkpt lat="23.19097065366804599761962890625" lon="113.26585239730775356292724609375">
        <ele>9.80000019073486328125</ele>
        <time>2023-10-31T23:11:19.000Z</time>
        <extensions>
          <ns3:TrackPointExtension>
            <ns3:hr>145</ns3:hr>
            <ns3:cad>58</ns3:cad>
          </ns3:TrackPointExtension>
        </extensions>
      </trkpt>
      <trkpt lat="23.19092287681996822357177734375" lon="113.26588139869272708892822265625">
        <ele>10</ele>
        <time>2023-10-31T23:11:24.000Z</time>
        <extensions>
          <ns3:TrackPointExtension>
            <ns3:hr>142</ns3:hr>
            <ns3:cad>62</ns3:cad>
          </ns3:TrackPointExtension>
        </extensions>
      </trkpt>
      <trkpt lat="23.1908765248954296112060546875" lon="113.2659180276095867156982421875">
        <ele>10</ele>
        <time>2023-10-31T23:11:29.000Z</time>
        <extensions>
          <ns3:TrackPointExtension>
            <ns3:hr>139</ns3:hr>
            <ns3:cad>64</ns3:cad>
          </ns3:TrackPointExtension>
        </extensions>
      </trkpt>
      <trkpt lat="23.19084006361663341522216796875" lon="113.26594141311943531036376953125">
        <ele>9.80000019073486328125</ele>
        <time>2023-10-31T23:11:33.000Z</time>
        <extensions>
          <ns3:TrackPointExtension>
            <ns3:hr>136</ns3:hr>
            <ns3:cad>64</ns3:cad>
          </ns3:TrackPointExtension>
        </extensions>
      </trkpt>
      <trkpt lat="23.19070561788976192474365234375" lon="113.2660202868282794952392578125">
        <ele>9.19999980926513671875</ele>
        <time>2023-10-31T23:11:45.000Z</time>
        <extensions>
          <ns3:TrackPointExtension>
            <ns3:hr>133</ns3:hr>
            <ns3:cad>61</ns3:cad>
          </ns3:TrackPointExtension>
        </extensions>
      </trkpt>
      <trkpt lat="23.19060050882399082183837890625" lon="113.266093544661998748779296875">
        <ele>9.3999996185302734375</ele>
        <time>2023-10-31T23:11:55.000Z</time>
        <extensions>
          <ns3:TrackPointExtension>
            <ns3:hr>130</ns3:hr>
            <ns3:cad>61</ns3:cad>
          </ns3:TrackPointExtension>
        </extensions>
      </trkpt>
      <trkpt lat="23.19058693014085292816162109375" lon="113.266096897423267364501953125">
        <ele>9.3999996185302734375</ele>
        <time>2023-10-31T23:11:57.000Z</time>
        <extensions>
          <ns3:TrackPointExtension>
            <ns3:hr>126</ns3:hr>
            <ns3:cad>61</ns3:cad>
          </ns3:TrackPointExtension>
        </extensions>
      </trkpt>
      <trkpt lat="23.19057435728609561920166015625" lon="113.2660917006433010101318359375">
        <ele>9.3999996185302734375</ele>
        <time>2023-10-31T23:11:58.000Z</time>
        <extensions>
          <ns3:TrackPointExtension>
            <ns3:hr>129</ns3:hr>
            <ns3:cad>61</ns3:cad>
          </ns3:TrackPointExtension>
        </extensions>
      </trkpt>
      <trkpt lat="23.19054401479661464691162109375" lon="113.26609279029071331024169921875">
        <ele>9.3999996185302734375</ele>
        <time>2023-10-31T23:12:00.000Z</time>
        <extensions>
          <ns3:TrackPointExtension>
            <ns3:hr>132</ns3:hr>
            <ns3:cad>61</ns3:cad>
          </ns3:TrackPointExtension>
        </extensions>
      </trkpt>
      <trkpt lat="23.1905332021415233612060546875" lon="113.26610083691775798797607421875">
        <ele>9.3999996185302734375</ele>
        <time>2023-10-31T23:12:02.000Z</time>
        <extensions>
          <ns3:TrackPointExtension>
            <ns3:hr>134</ns3:hr>
            <ns3:cad>0</ns3:cad>
          </ns3:TrackPointExtension>
        </extensions>
      </trkpt>
      <trkpt lat="23.1905295141041278839111328125" lon="113.2661046087741851806640625">
        <ele>9.3999996185302734375</ele>
        <time>2023-10-31T23:12:04.000Z</time>
        <extensions>
          <ns3:TrackPointExtension>
            <ns3:hr>133</ns3:hr>
            <ns3:cad>0</ns3:cad>
          </ns3:TrackPointExtension>
        </extensions>
      </trkpt>
      <trkpt lat="23.19048978388309478759765625" lon="113.26612397097051143646240234375">
        <ele>10</ele>
        <time>2023-10-31T23:12:09.000Z</time>
        <extensions>
          <ns3:TrackPointExtension>
            <ns3:hr>130</ns3:hr>
            <ns3:cad>62</ns3:cad>
          </ns3:TrackPointExtension>
        </extensions>
      </trkpt>
      <trkpt lat="23.19047846831381320953369140625" lon="113.26612732373178005218505859375">
        <ele>10.19999980926513671875</ele>
        <time>2023-10-31T23:12:10.000Z</time>
        <extensions>
          <ns3:TrackPointExtension>
            <ns3:hr>130</ns3:hr>
            <ns3:cad>55</ns3:cad>
          </ns3:TrackPointExtension>
        </extensions>
      </trkpt>
      <trkpt lat="23.1904621236026287078857421875" lon="113.266140483319759368896484375">
        <ele>10.3999996185302734375</ele>
        <time>2023-10-31T23:12:12.000Z</time>
        <extensions>
          <ns3:TrackPointExtension>
            <ns3:hr>129</ns3:hr>
            <ns3:cad>61</ns3:cad>
          </ns3:TrackPointExtension>
        </extensions>
      </trkpt>
      <trkpt lat="23.19038995541632175445556640625" lon="113.2662097178399562835693359375">
        <ele>10.80000019073486328125</ele>
        <time>2023-10-31T23:12:20.000Z</time>
        <extensions>
          <ns3:TrackPointExtension>
            <ns3:hr>126</ns3:hr>
            <ns3:cad>61</ns3:cad>
          </ns3:TrackPointExtension>
        </extensions>
      </trkpt>
      <trkpt lat="23.19029800593852996826171875" lon="113.26625271700322628021240234375">
        <ele>9.6000003814697265625</ele>
        <time>2023-10-31T23:12:29.000Z</time>
        <extensions>
          <ns3:TrackPointExtension>
            <ns3:hr>123</ns3:hr>
            <ns3:cad>61</ns3:cad>
          </ns3:TrackPointExtension>
        </extensions>
      </trkpt>
      <trkpt lat="23.19020572118461132049560546875" lon="113.26638028956949710845947265625">
        <ele>10.80000019073486328125</ele>
        <time>2023-10-31T23:12:42.000Z</time>
        <extensions>
          <ns3:TrackPointExtension>
            <ns3:hr>120</ns3:hr>
            <ns3:cad>61</ns3:cad>
          </ns3:TrackPointExtension>
        </extensions>
      </trkpt>
      <trkpt lat="23.1901523284614086151123046875" lon="113.266518004238605499267578125">
        <ele>15.3999996185302734375</ele>
        <time>2023-10-31T23:12:53.000Z</time>
        <extensions>
          <ns3:TrackPointExtension>
            <ns3:hr>123</ns3:hr>
            <ns3:cad>61</ns3:cad>
          </ns3:TrackPointExtension>
        </extensions>
      </trkpt>
      <trkpt lat="23.19013464264571666717529296875" lon="113.26656586490571498870849609375">
        <ele>16.200000762939453125</ele>
        <time>2023-10-31T23:12:57.000Z</time>
        <extensions>
          <ns3:TrackPointExtension>
            <ns3:hr>125</ns3:hr>
            <ns3:cad>61</ns3:cad>
          </ns3:TrackPointExtension>
        </extensions>
      </trkpt>
      <trkpt lat="23.190091140568256378173828125" lon="113.266644068062305450439453125">
        <ele>14.19999980926513671875</ele>
        <time>2023-10-31T23:13:04.000Z</time>
        <extensions>
          <ns3:TrackPointExtension>
            <ns3:hr>128</ns3:hr>
            <ns3:cad>0</ns3:cad>
          </ns3:TrackPointExtension>
        </extensions>
      </trkpt>
      <trkpt lat="23.19001444615423679351806640625" lon="113.26671657152473926544189453125">
        <ele>10.19999980926513671875</ele>
        <time>2023-10-31T23:13:12.000Z</time>
        <extensions>
          <ns3:TrackPointExtension>
            <ns3:hr>125</ns3:hr>
            <ns3:cad>0</ns3:cad>
          </ns3:TrackPointExtension>
        </extensions>
      </trkpt>
      <trkpt lat="23.189915120601654052734375" lon="113.26676485128700733184814453125">
        <ele>7.80000019073486328125</ele>
        <time>2023-10-31T23:13:24.000Z</time>
        <extensions>
          <ns3:TrackPointExtension>
            <ns3:hr>122</ns3:hr>
            <ns3:cad>61</ns3:cad>
          </ns3:TrackPointExtension>
        </extensions>
      </trkpt>
      <trkpt lat="23.18987295962870121002197265625" lon="113.26683291234076023101806640625">
        <ele>10.3999996185302734375</ele>
        <time>2023-10-31T23:13:31.000Z</time>
        <extensions>
          <ns3:TrackPointExtension>
            <ns3:hr>119</ns3:hr>
            <ns3:cad>61</ns3:cad>
          </ns3:TrackPointExtension>
        </extensions>
      </trkpt>
      <trkpt lat="23.1897919066250324249267578125" lon="113.2669945992529392242431640625">
        <ele>10.6000003814697265625</ele>
        <time>2023-10-31T23:13:49.000Z</time>
        <extensions>
          <ns3:TrackPointExtension>
            <ns3:hr>116</ns3:hr>
            <ns3:cad>61</ns3:cad>
          </ns3:TrackPointExtension>
        </extensions>
      </trkpt>
      <trkpt lat="23.1897018849849700927734375" lon="113.26716475188732147216796875">
        <ele>11</ele>
        <time>2023-10-31T23:14:04.000Z</time>
        <extensions>
          <ns3:TrackPointExtension>
            <ns3:hr>114</ns3:hr>
            <ns3:cad>61</ns3:cad>
          </ns3:TrackPointExtension>
        </extensions>
      </trkpt>
      <trkpt lat="23.1896614842116832733154296875" lon="113.2672323100268840789794921875">
        <ele>11</ele>
        <time>2023-10-31T23:14:08.000Z</time>
        <extensions>
          <ns3:TrackPointExtension>
            <ns3:hr>117</ns3:hr>
            <ns3:cad>79</ns3:cad>
          </ns3:TrackPointExtension>
        </extensions>
      </trkpt>
      <trkpt lat="23.1895838677883148193359375" lon="113.26740187592804431915283203125">
        <ele>10</ele>
        <time>2023-10-31T23:14:16.000Z</time>
        <extensions>
          <ns3:TrackPointExtension>
            <ns3:hr>124</ns3:hr>
            <ns3:cad>83</ns3:cad>
          </ns3:TrackPointExtension>
        </extensions>
      </trkpt>
      <trkpt lat="23.189563751220703125" lon="113.2674430310726165771484375">
        <ele>9.19999980926513671875</ele>
        <time>2023-10-31T23:14:18.000Z</time>
        <extensions>
          <ns3:TrackPointExtension>
            <ns3:hr>129</ns3:hr>
            <ns3:cad>83</ns3:cad>
          </ns3:TrackPointExtension>
        </extensions>
      </trkpt>
      <trkpt lat="23.18954723887145519256591796875" lon="113.267484605312347412109375">
        <ele>8.80000019073486328125</ele>
        <time>2023-10-31T23:14:20.000Z</time>
        <extensions>
          <ns3:TrackPointExtension>
            <ns3:hr>132</ns3:hr>
            <ns3:cad>83</ns3:cad>
          </ns3:TrackPointExtension>
        </extensions>
      </trkpt>
      <trkpt lat="23.18950273096561431884765625" lon="113.26758560724556446075439453125">
        <ele>8</ele>
        <time>2023-10-31T23:14:25.000Z</time>
        <extensions>
          <ns3:TrackPointExtension>
            <ns3:hr>135</ns3:hr>
            <ns3:cad>83</ns3:cad>
          </ns3:TrackPointExtension>
        </extensions>
      </trkpt>
      <trkpt lat="23.18948068656027317047119140625" lon="113.2676269300282001495361328125">
        <ele>7.80000019073486328125</ele>
        <time>2023-10-31T23:14:26.000Z</time>
        <extensions>
          <ns3:TrackPointExtension>
            <ns3:hr>141</ns3:hr>
            <ns3:cad>83</ns3:cad>
          </ns3:TrackPointExtension>
        </extensions>
      </trkpt>
      <trkpt lat="23.18948068656027317047119140625" lon="113.2676269300282001495361328125">
        <ele>7.80000019073486328125</ele>
        <time>2023-10-31T23:14:27.000Z</time>
        <extensions>
          <ns3:TrackPointExtension>
            <ns3:hr>141</ns3:hr>
            <ns3:cad>83</ns3:cad>
          </ns3:TrackPointExtension>
        </extensions>
      </trkpt>
      <trkpt lat="23.18946006707847118377685546875" lon="113.26767428778111934661865234375">
        <ele>7.80000019073486328125</ele>
        <time>2023-10-31T23:14:29.000Z</time>
        <extensions>
          <ns3:TrackPointExtension>
            <ns3:hr>145</ns3:hr>
            <ns3:cad>83</ns3:cad>
          </ns3:TrackPointExtension>
        </extensions>
      </trkpt>
      <trkpt lat="23.18944950588047504425048828125" lon="113.26769658364355564117431640625">
        <ele>7.599999904632568359375</ele>
        <time>2023-10-31T23:14:30.000Z</time>
        <extensions>
          <ns3:TrackPointExtension>
            <ns3:hr>148</ns3:hr>
            <ns3:cad>83</ns3:cad>
          </ns3:TrackPointExtension>
        </extensions>
      </trkpt>
      <trkpt lat="23.1894298084080219268798828125" lon="113.26774410903453826904296875">
        <ele>7.80000019073486328125</ele>
        <time>2023-10-31T23:14:31.000Z</time>
        <extensions>
          <ns3:TrackPointExtension>
            <ns3:hr>152</ns3:hr>
            <ns3:cad>83</ns3:cad>
          </ns3:TrackPointExtension>
        </extensions>
      </trkpt>
      <trkpt lat="23.1894298084080219268798828125" lon="113.26774410903453826904296875">
        <ele>7.80000019073486328125</ele>
        <time>2023-10-31T23:14:32.000Z</time>
        <extensions>
          <ns3:TrackPointExtension>
            <ns3:hr>152</ns3:hr>
            <ns3:cad>83</ns3:cad>
          </ns3:TrackPointExtension>
        </extensions>
      </trkpt>
      <trkpt lat="23.189410865306854248046875" lon="113.26778979040682315826416015625">
        <ele>8.19999980926513671875</ele>
        <time>2023-10-31T23:14:34.000Z</time>
        <extensions>
          <ns3:TrackPointExtension>
            <ns3:hr>156</ns3:hr>
            <ns3:cad>83</ns3:cad>
          </ns3:TrackPointExtension>
        </extensions>
      </trkpt>
      <trkpt lat="23.18939669989049434661865234375" lon="113.2678346335887908935546875">
        <ele>8.80000019073486328125</ele>
        <time>2023-10-31T23:14:35.000Z</time>
        <extensions>
          <ns3:TrackPointExtension>
            <ns3:hr>152</ns3:hr>
            <ns3:cad>83</ns3:cad>
          </ns3:TrackPointExtension>
        </extensions>
      </trkpt>
      <trkpt lat="23.18934741429984569549560546875" lon="113.267967067658901214599609375">
        <ele>10.6000003814697265625</ele>
        <time>2023-10-31T23:14:41.000Z</time>
        <extensions>
          <ns3:TrackPointExtension>
            <ns3:hr>149</ns3:hr>
            <ns3:cad>83</ns3:cad>
          </ns3:TrackPointExtension>
        </extensions>
      </trkpt>
      <trkpt lat="23.18933702073991298675537109375" lon="113.2679902017116546630859375">
        <ele>10.80000019073486328125</ele>
        <time>2023-10-31T23:14:42.000Z</time>
        <extensions>
          <ns3:TrackPointExtension>
            <ns3:hr>145</ns3:hr>
            <ns3:cad>83</ns3:cad>
          </ns3:TrackPointExtension>
        </extensions>
      </trkpt>
      <trkpt lat="23.189325369894504547119140625" lon="113.268014006316661834716796875">
        <ele>11</ele>
        <time>2023-10-31T23:14:43.000Z</time>
        <extensions>
          <ns3:TrackPointExtension>
            <ns3:hr>145</ns3:hr>
            <ns3:cad>83</ns3:cad>
          </ns3:TrackPointExtension>
        </extensions>
      </trkpt>
      <trkpt lat="23.18926309235394001007080078125" lon="113.26809992082417011260986328125">
        <ele>11.80000019073486328125</ele>
        <time>2023-10-31T23:14:47.000Z</time>
        <extensions>
          <ns3:TrackPointExtension>
            <ns3:hr>150</ns3:hr>
            <ns3:cad>84</ns3:cad>
          </ns3:TrackPointExtension>
        </extensions>
      </trkpt>
      <trkpt lat="23.1892490945756435394287109375" lon="113.26812364161014556884765625">
        <ele>12.19999980926513671875</ele>
        <time>2023-10-31T23:14:48.000Z</time>
        <extensions>
          <ns3:TrackPointExtension>
            <ns3:hr>147</ns3:hr>
            <ns3:cad>84</ns3:cad>
          </ns3:TrackPointExtension>
        </extensions>
      </trkpt>
      <trkpt lat="23.1892226077616214752197265625" lon="113.26816923916339874267578125">
        <ele>11.80000019073486328125</ele>
        <time>2023-10-31T23:14:50.000Z</time>
        <extensions>
          <ns3:TrackPointExtension>
            <ns3:hr>150</ns3:hr>
            <ns3:cad>84</ns3:cad>
          </ns3:TrackPointExtension>
        </extensions>
      </trkpt>
      <trkpt lat="23.18919402547180652618408203125" lon="113.26821626164019107818603515625">
        <ele>10.6000003814697265625</ele>
        <time>2023-10-31T23:14:52.000Z</time>
        <extensions>
          <ns3:TrackPointExtension>
            <ns3:hr>153</ns3:hr>
            <ns3:cad>84</ns3:cad>
          </ns3:TrackPointExtension>
        </extensions>
      </trkpt>
      <trkpt lat="23.189145661890506744384765625" lon="113.2683162577450275421142578125">
        <ele>8.80000019073486328125</ele>
        <time>2023-10-31T23:14:56.000Z</time>
        <extensions>
          <ns3:TrackPointExtension>
            <ns3:hr>149</ns3:hr>
            <ns3:cad>84</ns3:cad>
          </ns3:TrackPointExtension>
        </extensions>
      </trkpt>
      <trkpt lat="23.189135603606700897216796875" lon="113.26834215782582759857177734375">
        <ele>8.6000003814697265625</ele>
        <time>2023-10-31T23:14:57.000Z</time>
        <extensions>
          <ns3:TrackPointExtension>
            <ns3:hr>146</ns3:hr>
            <ns3:cad>84</ns3:cad>
          </ns3:TrackPointExtension>
        </extensions>
      </trkpt>
      <trkpt lat="23.189102075994014739990234375" lon="113.26841105706989765167236328125">
        <ele>8.3999996185302734375</ele>
        <time>2023-10-31T23:15:00.000Z</time>
        <extensions>
          <ns3:TrackPointExtension>
            <ns3:hr>149</ns3:hr>
            <ns3:cad>84</ns3:cad>
          </ns3:TrackPointExtension>
        </extensions>
      </trkpt>
      <trkpt lat="23.18907986395061016082763671875" lon="113.268455229699611663818359375">
        <ele>8.3999996185302734375</ele>
        <time>2023-10-31T23:15:02.000Z</time>
        <extensions>
          <ns3:TrackPointExtension>
            <ns3:hr>153</ns3:hr>
            <ns3:cad>83</ns3:cad>
          </ns3:TrackPointExtension>
        </extensions>
      </trkpt>
      <trkpt lat="23.18898146040737628936767578125" lon="113.26862647198140621185302734375">
        <ele>7.599999904632568359375</ele>
        <time>2023-10-31T23:15:10.000Z</time>
        <extensions>
          <ns3:TrackPointExtension>
            <ns3:hr>154</ns3:hr>
            <ns3:cad>82</ns3:cad>
          </ns3:TrackPointExtension>
        </extensions>
      </trkpt>
      <trkpt lat="23.188923038542270660400390625" lon="113.26874398626387119293212890625">
        <ele>8.19999980926513671875</ele>
        <time>2023-10-31T23:15:16.000Z</time>
        <extensions>
          <ns3:TrackPointExtension>
            <ns3:hr>157</ns3:hr>
            <ns3:cad>83</ns3:cad>
          </ns3:TrackPointExtension>
        </extensions>
      </trkpt>
      <trkpt lat="23.18884533829987049102783203125" lon="113.26893224380910396575927734375">
        <ele>8.80000019073486328125</ele>
        <time>2023-10-31T23:15:26.000Z</time>
        <extensions>
          <ns3:TrackPointExtension>
            <ns3:hr>158</ns3:hr>
            <ns3:cad>82</ns3:cad>
          </ns3:TrackPointExtension>
        </extensions>
      </trkpt>
      <trkpt lat="23.1887743435800075531005859375" lon="113.26908093877136707305908203125">
        <ele>7.400000095367431640625</ele>
        <time>2023-10-31T23:15:33.000Z</time>
        <extensions>
          <ns3:TrackPointExtension>
            <ns3:hr>161</ns3:hr>
            <ns3:cad>84</ns3:cad>
          </ns3:TrackPointExtension>
        </extensions>
      </trkpt>
      <trkpt lat="23.18868507631123065948486328125" lon="113.26925595290958881378173828125">
        <ele>11.19999980926513671875</ele>
        <time>2023-10-31T23:15:41.000Z</time>
        <extensions>
          <ns3:TrackPointExtension>
            <ns3:hr>161</ns3:hr>
            <ns3:cad>84</ns3:cad>
          </ns3:TrackPointExtension>
        </extensions>
      </trkpt>
      <trkpt lat="23.18859941326081752777099609375" lon="113.269432894885540008544921875">
        <ele>14</ele>
        <time>2023-10-31T23:15:50.000Z</time>
        <extensions>
          <ns3:TrackPointExtension>
            <ns3:hr>158</ns3:hr>
            <ns3:cad>83</ns3:cad>
          </ns3:TrackPointExtension>
        </extensions>
      </trkpt>
      <trkpt lat="23.1885654665529727935791015625" lon="113.269512690603733062744140625">
        <ele>15</ele>
        <time>2023-10-31T23:15:57.000Z</time>
        <extensions>
          <ns3:TrackPointExtension>
            <ns3:hr>155</ns3:hr>
            <ns3:cad>67</ns3:cad>
          </ns3:TrackPointExtension>
        </extensions>
      </trkpt>
      <trkpt lat="23.18847787566483020782470703125" lon="113.26969399116933345794677734375">
        <ele>14.6000003814697265625</ele>
        <time>2023-10-31T23:16:14.000Z</time>
        <extensions>
          <ns3:TrackPointExtension>
            <ns3:hr>153</ns3:hr>
            <ns3:cad>58</ns3:cad>
          </ns3:TrackPointExtension>
        </extensions>
      </trkpt>
      <trkpt lat="23.1884573400020599365234375" lon="113.269714526832103729248046875">
        <ele>14.19999980926513671875</ele>
        <time>2023-10-31T23:16:17.000Z</time>
        <extensions>
          <ns3:TrackPointExtension>
            <ns3:hr>152</ns3:hr>
            <ns3:cad>60</ns3:cad>
          </ns3:TrackPointExtension>
        </extensions>
      </trkpt>
      <trkpt lat="23.1884367205202579498291015625" lon="113.269729949533939361572265625">
        <ele>13.6000003814697265625</ele>
        <time>2023-10-31T23:16:20.000Z</time>
        <extensions>
          <ns3:TrackPointExtension>
            <ns3:hr>149</ns3:hr>
            <ns3:cad>60</ns3:cad>
          </ns3:TrackPointExtension>
        </extensions>
      </trkpt>
      <trkpt lat="23.18840646184980869293212890625" lon="113.2697589509189128875732421875">
        <ele>12.6000003814697265625</ele>
        <time>2023-10-31T23:16:24.000Z</time>
        <extensions>
          <ns3:TrackPointExtension>
            <ns3:hr>147</ns3:hr>
            <ns3:cad>61</ns3:cad>
          </ns3:TrackPointExtension>
        </extensions>
      </trkpt>
      <trkpt lat="23.18835985846817493438720703125" lon="113.26980228535830974578857421875">
        <ele>11.6000003814697265625</ele>
        <time>2023-10-31T23:16:29.000Z</time>
        <extensions>
          <ns3:TrackPointExtension>
            <ns3:hr>144</ns3:hr>
            <ns3:cad>61</ns3:cad>
          </ns3:TrackPointExtension>
        </extensions>
      </trkpt>
      <trkpt lat="23.1882781349122524261474609375" lon="113.26984427869319915771484375">
        <ele>10.80000019073486328125</ele>
        <time>2023-10-31T23:16:37.000Z</time>
        <extensions>
          <ns3:TrackPointExtension>
            <ns3:hr>141</ns3:hr>
            <ns3:cad>61</ns3:cad>
          </ns3:TrackPointExtension>
        </extensions>
      </trkpt>
      <trkpt lat="23.188209570944309234619140625" lon="113.26985358260571956634521484375">
        <ele>9.80000019073486328125</ele>
        <time>2023-10-31T23:16:44.000Z</time>
        <extensions>
          <ns3:TrackPointExtension>
            <ns3:hr>138</ns3:hr>
            <ns3:cad>59</ns3:cad>
          </ns3:TrackPointExtension>
        </extensions>
      </trkpt>
      <trkpt lat="23.188169002532958984375" lon="113.2698444463312625885009765625">
        <ele>9</ele>
        <time>2023-10-31T23:16:49.000Z</time>
        <extensions>
          <ns3:TrackPointExtension>
            <ns3:hr>137</ns3:hr>
            <ns3:cad>0</ns3:cad>
          </ns3:TrackPointExtension>
        </extensions>
      </trkpt>
      <trkpt lat="23.18813321180641651153564453125" lon="113.2698239944875240325927734375">
        <ele>8.19999980926513671875</ele>
        <time>2023-10-31T23:16:52.000Z</time>
        <extensions>
          <ns3:TrackPointExtension>
            <ns3:hr>134</ns3:hr>
            <ns3:cad>0</ns3:cad>
          </ns3:TrackPointExtension>
        </extensions>
      </trkpt>
      <trkpt lat="23.18795450963079929351806640625" lon="113.26970555819571018218994140625">
        <ele>4.80000019073486328125</ele>
        <time>2023-10-31T23:16:59.000Z</time>
        <extensions>
          <ns3:TrackPointExtension>
            <ns3:hr>132</ns3:hr>
            <ns3:cad>77</ns3:cad>
          </ns3:TrackPointExtension>
        </extensions>
      </trkpt>
      <trkpt lat="23.187871277332305908203125" lon="113.26967152766883373260498046875">
        <ele>4.80000019073486328125</ele>
        <time>2023-10-31T23:17:02.000Z</time>
        <extensions>
          <ns3:TrackPointExtension>
            <ns3:hr>124</ns3:hr>
            <ns3:cad>78</ns3:cad>
          </ns3:TrackPointExtension>
        </extensions>
      </trkpt>
      <trkpt lat="23.18784973584115505218505859375" lon="113.26966482214629650115966796875">
        <ele>5</ele>
        <time>2023-10-31T23:17:03.000Z</time>
        <extensions>
          <ns3:TrackPointExtension>
            <ns3:hr>126</ns3:hr>
            <ns3:cad>80</ns3:cad>
          </ns3:TrackPointExtension>
        </extensions>
      </trkpt>
      <trkpt lat="23.18779424764215946197509765625" lon="113.26965727843344211578369140625">
        <ele>5.19999980926513671875</ele>
        <time>2023-10-31T23:17:05.000Z</time>
        <extensions>
          <ns3:TrackPointExtension>
            <ns3:hr>137</ns3:hr>
            <ns3:cad>81</ns3:cad>
          </ns3:TrackPointExtension>
        </extensions>
      </trkpt>
      <trkpt lat="23.1877715326845645904541015625" lon="113.26965409331023693084716796875">
        <ele>5.400000095367431640625</ele>
        <time>2023-10-31T23:17:06.000Z</time>
        <extensions>
          <ns3:TrackPointExtension>
            <ns3:hr>136</ns3:hr>
            <ns3:cad>81</ns3:cad>
          </ns3:TrackPointExtension>
        </extensions>
      </trkpt>
      <trkpt lat="23.1876028887927532196044921875" lon="113.26960958540439605712890625">
        <ele>6.400000095367431640625</ele>
        <time>2023-10-31T23:17:13.000Z</time>
        <extensions>
          <ns3:TrackPointExtension>
            <ns3:hr>139</ns3:hr>
            <ns3:cad>82</ns3:cad>
          </ns3:TrackPointExtension>
        </extensions>
      </trkpt>
      <trkpt lat="23.187544383108615875244140625" lon="113.2695966772735118865966796875">
        <ele>7</ele>
        <time>2023-10-31T23:17:15.000Z</time>
        <extensions>
          <ns3:TrackPointExtension>
            <ns3:hr>145</ns3:hr>
            <ns3:cad>82</ns3:cad>
          </ns3:TrackPointExtension>
        </extensions>
      </trkpt>
      <trkpt lat="23.187506496906280517578125" lon="113.26958737336099147796630859375">
        <ele>7.400000095367431640625</ele>
        <time>2023-10-31T23:17:16.000Z</time>
        <extensions>
          <ns3:TrackPointExtension>
            <ns3:hr>154</ns3:hr>
            <ns3:cad>82</ns3:cad>
          </ns3:TrackPointExtension>
        </extensions>
      </trkpt>
      <trkpt lat="23.18746693432331085205078125" lon="113.26957278884947299957275390625">
        <ele>7.599999904632568359375</ele>
        <time>2023-10-31T23:17:17.000Z</time>
        <extensions>
          <ns3:TrackPointExtension>
            <ns3:hr>151</ns3:hr>
            <ns3:cad>82</ns3:cad>
          </ns3:TrackPointExtension>
        </extensions>
      </trkpt>
      <trkpt lat="23.18728161044418811798095703125" lon="113.26948083937168121337890625">
        <ele>7.19999980926513671875</ele>
        <time>2023-10-31T23:17:22.000Z</time>
        <extensions>
          <ns3:TrackPointExtension>
            <ns3:hr>152</ns3:hr>
            <ns3:cad>81</ns3:cad>
          </ns3:TrackPointExtension>
        </extensions>
      </trkpt>
      <trkpt lat="23.1871841289103031158447265625" lon="113.26943616382777690887451171875">
        <ele>6.80000019073486328125</ele>
        <time>2023-10-31T23:17:26.000Z</time>
        <extensions>
          <ns3:TrackPointExtension>
            <ns3:hr>155</ns3:hr>
            <ns3:cad>81</ns3:cad>
          </ns3:TrackPointExtension>
        </extensions>
      </trkpt>
      <trkpt lat="23.187147080898284912109375" lon="113.26942048966884613037109375">
        <ele>6.80000019073486328125</ele>
        <time>2023-10-31T23:17:28.000Z</time>
        <extensions>
          <ns3:TrackPointExtension>
            <ns3:hr>158</ns3:hr>
            <ns3:cad>83</ns3:cad>
          </ns3:TrackPointExtension>
        </extensions>
      </trkpt>
      <trkpt lat="23.18712604232132434844970703125" lon="113.26941470615565776824951171875">
        <ele>7</ele>
        <time>2023-10-31T23:17:29.000Z</time>
        <extensions>
          <ns3:TrackPointExtension>
            <ns3:hr>165</ns3:hr>
            <ns3:cad>83</ns3:cad>
          </ns3:TrackPointExtension>
        </extensions>
      </trkpt>
      <trkpt lat="23.18707960657775402069091796875" lon="113.2693934999406337738037109375">
        <ele>7</ele>
        <time>2023-10-31T23:17:30.000Z</time>
        <extensions>
          <ns3:TrackPointExtension>
            <ns3:hr>164</ns3:hr>
            <ns3:cad>84</ns3:cad>
          </ns3:TrackPointExtension>
        </extensions>
      </trkpt>
      <trkpt lat="23.18705161102116107940673828125" lon="113.2693787477910518646240234375">
        <ele>6.80000019073486328125</ele>
        <time>2023-10-31T23:17:32.000Z</time>
        <extensions>
          <ns3:TrackPointExtension>
            <ns3:hr>161</ns3:hr>
            <ns3:cad>84</ns3:cad>
          </ns3:TrackPointExtension>
        </extensions>
      </trkpt>
      <trkpt lat="23.1870312429964542388916015625" lon="113.26936282217502593994140625">
        <ele>6.80000019073486328125</ele>
        <time>2023-10-31T23:17:33.000Z</time>
        <extensions>
          <ns3:TrackPointExtension>
            <ns3:hr>158</ns3:hr>
            <ns3:cad>84</ns3:cad>
          </ns3:TrackPointExtension>
        </extensions>
      </trkpt>
      <trkpt lat="23.1869848072528839111328125" lon="113.2693375088274478912353515625">
        <ele>6.80000019073486328125</ele>
        <time>2023-10-31T23:17:35.000Z</time>
        <extensions>
          <ns3:TrackPointExtension>
            <ns3:hr>162</ns3:hr>
            <ns3:cad>83</ns3:cad>
          </ns3:TrackPointExtension>
        </extensions>
      </trkpt>
      <trkpt lat="23.186933510005474090576171875" lon="113.269285373389720916748046875">
        <ele>6.400000095367431640625</ele>
        <time>2023-10-31T23:17:38.000Z</time>
        <extensions>
          <ns3:TrackPointExtension>
            <ns3:hr>155</ns3:hr>
            <ns3:cad>84</ns3:cad>
          </ns3:TrackPointExtension>
        </extensions>
      </trkpt>
      <trkpt lat="23.18689721636474132537841796875" lon="113.26926785521209239959716796875">
        <ele>6.599999904632568359375</ele>
        <time>2023-10-31T23:17:39.000Z</time>
        <extensions>
          <ns3:TrackPointExtension>
            <ns3:hr>156</ns3:hr>
            <ns3:cad>84</ns3:cad>
          </ns3:TrackPointExtension>
        </extensions>
      </trkpt>
      <trkpt lat="23.18676830269396305084228515625" lon="113.2691816054284572601318359375">
        <ele>5.400000095367431640625</ele>
        <time>2023-10-31T23:17:48.000Z</time>
        <extensions>
          <ns3:TrackPointExtension>
            <ns3:hr>153</ns3:hr>
            <ns3:cad>59</ns3:cad>
          </ns3:TrackPointExtension>
        </extensions>
      </trkpt>
      <trkpt lat="23.18669906817376613616943359375" lon="113.26913659460842609405517578125">
        <ele>4.599999904632568359375</ele>
        <time>2023-10-31T23:17:53.000Z</time>
        <extensions>
          <ns3:TrackPointExtension>
            <ns3:hr>148</ns3:hr>
            <ns3:cad>60</ns3:cad>
          </ns3:TrackPointExtension>
        </extensions>
      </trkpt>
      <trkpt lat="23.186617009341716766357421875" lon="113.2690899074077606201171875">
        <ele>4</ele>
        <time>2023-10-31T23:18:00.000Z</time>
        <extensions>
          <ns3:TrackPointExtension>
            <ns3:hr>153</ns3:hr>
            <ns3:cad>61</ns3:cad>
          </ns3:TrackPointExtension>
        </extensions>
      </trkpt>
      <trkpt lat="23.18660468794405460357666015625" lon="113.2690843753516674041748046875">
        <ele>4</ele>
        <time>2023-10-31T23:18:01.000Z</time>
        <extensions>
          <ns3:TrackPointExtension>
            <ns3:hr>153</ns3:hr>
            <ns3:cad>61</ns3:cad>
          </ns3:TrackPointExtension>
        </extensions>
      </trkpt>
      <trkpt lat="23.1865618564188480377197265625" lon="113.26905864290893077850341796875">
        <ele>4</ele>
        <time>2023-10-31T23:18:05.000Z</time>
        <extensions>
          <ns3:TrackPointExtension>
            <ns3:hr>156</ns3:hr>
            <ns3:cad>61</ns3:cad>
          </ns3:TrackPointExtension>
        </extensions>
      </trkpt>
      <trkpt lat="23.18650075234472751617431640625" lon="113.26901857741177082061767578125">
        <ele>4.599999904632568359375</ele>
        <time>2023-10-31T23:18:11.000Z</time>
        <extensions>
          <ns3:TrackPointExtension>
            <ns3:hr>153</ns3:hr>
            <ns3:cad>61</ns3:cad>
          </ns3:TrackPointExtension>
        </extensions>
      </trkpt>
      <trkpt lat="23.1864086352288722991943359375" lon="113.26897784136235713958740234375">
        <ele>5</ele>
        <time>2023-10-31T23:18:20.000Z</time>
        <extensions>
          <ns3:TrackPointExtension>
            <ns3:hr>150</ns3:hr>
            <ns3:cad>61</ns3:cad>
          </ns3:TrackPointExtension>
        </extensions>
      </trkpt>
      <trkpt lat="23.1862986646592617034912109375" lon="113.26892470009624958038330078125">
        <ele>5.599999904632568359375</ele>
        <time>2023-10-31T23:18:29.000Z</time>
        <extensions>
          <ns3:TrackPointExtension>
            <ns3:hr>147</ns3:hr>
            <ns3:cad>85</ns3:cad>
          </ns3:TrackPointExtension>
        </extensions>
      </trkpt>
      <trkpt lat="23.1861135922372341156005859375" lon="113.26885948888957500457763671875">
        <ele>6.599999904632568359375</ele>
        <time>2023-10-31T23:18:39.000Z</time>
        <extensions>
          <ns3:TrackPointExtension>
            <ns3:hr>143</ns3:hr>
            <ns3:cad>83</ns3:cad>
          </ns3:TrackPointExtension>
        </extensions>
      </trkpt>
      <trkpt lat="23.18610034883022308349609375" lon="113.2688553817570209503173828125">
        <ele>6.599999904632568359375</ele>
        <time>2023-10-31T23:18:40.000Z</time>
        <extensions>
          <ns3:TrackPointExtension>
            <ns3:hr>140</ns3:hr>
            <ns3:cad>83</ns3:cad>
          </ns3:TrackPointExtension>
        </extensions>
      </trkpt>
      <trkpt lat="23.1860790587961673736572265625" lon="113.26884658075869083404541015625">
        <ele>6.80000019073486328125</ele>
        <time>2023-10-31T23:18:41.000Z</time>
        <extensions>
          <ns3:TrackPointExtension>
            <ns3:hr>140</ns3:hr>
            <ns3:cad>83</ns3:cad>
          </ns3:TrackPointExtension>
        </extensions>
      </trkpt>
      <trkpt lat="23.1860116682946681976318359375" lon="113.268813304603099822998046875">
        <ele>7</ele>
        <time>2023-10-31T23:18:44.000Z</time>
        <extensions>
          <ns3:TrackPointExtension>
            <ns3:hr>143</ns3:hr>
            <ns3:cad>82</ns3:cad>
          </ns3:TrackPointExtension>
        </extensions>
      </trkpt>
      <trkpt lat="23.1859895400702953338623046875" lon="113.2688003964722156524658203125">
        <ele>7.19999980926513671875</ele>
        <time>2023-10-31T23:18:45.000Z</time>
        <extensions>
          <ns3:TrackPointExtension>
            <ns3:hr>147</ns3:hr>
            <ns3:cad>82</ns3:cad>
          </ns3:TrackPointExtension>
        </extensions>
      </trkpt>
      <trkpt lat="23.18596892058849334716796875" lon="113.26878589577972888946533203125">
        <ele>7.19999980926513671875</ele>
        <time>2023-10-31T23:18:46.000Z</time>
        <extensions>
          <ns3:TrackPointExtension>
            <ns3:hr>147</ns3:hr>
            <ns3:cad>82</ns3:cad>
          </ns3:TrackPointExtension>
        </extensions>
      </trkpt>
      <trkpt lat="23.1858339719474315643310546875" lon="113.26873761601746082305908203125">
        <ele>7.19999980926513671875</ele>
        <time>2023-10-31T23:18:51.000Z</time>
        <extensions>
          <ns3:TrackPointExtension>
            <ns3:hr>150</ns3:hr>
            <ns3:cad>82</ns3:cad>
          </ns3:TrackPointExtension>
        </extensions>
      </trkpt>
      <trkpt lat="23.185677230358123779296875" lon="113.2686592452228069305419921875">
        <ele>7.80000019073486328125</ele>
        <time>2023-10-31T23:18:57.000Z</time>
        <extensions>
          <ns3:TrackPointExtension>
            <ns3:hr>155</ns3:hr>
            <ns3:cad>82</ns3:cad>
          </ns3:TrackPointExtension>
        </extensions>
      </trkpt>
      <trkpt lat="23.18550967611372470855712890625" lon="113.26855950057506561279296875">
        <ele>8.80000019073486328125</ele>
        <time>2023-10-31T23:19:06.000Z</time>
        <extensions>
          <ns3:TrackPointExtension>
            <ns3:hr>160</ns3:hr>
            <ns3:cad>82</ns3:cad>
          </ns3:TrackPointExtension>
        </extensions>
      </trkpt>
      <trkpt lat="23.18549173884093761444091796875" lon="113.2685509510338306427001953125">
        <ele>9</ele>
        <time>2023-10-31T23:19:07.000Z</time>
        <extensions>
          <ns3:TrackPointExtension>
            <ns3:hr>164</ns3:hr>
            <ns3:cad>82</ns3:cad>
          </ns3:TrackPointExtension>
        </extensions>
      </trkpt>
      <trkpt lat="23.185410015285015106201171875" lon="113.2685093767940998077392578125">
        <ele>9.19999980926513671875</ele>
        <time>2023-10-31T23:19:11.000Z</time>
        <extensions>
          <ns3:TrackPointExtension>
            <ns3:hr>160</ns3:hr>
            <ns3:cad>83</ns3:cad>
          </ns3:TrackPointExtension>
        </extensions>
      </trkpt>
      <trkpt lat="23.18530247546732425689697265625" lon="113.26847006566822528839111328125">
        <ele>9.19999980926513671875</ele>
        <time>2023-10-31T23:19:15.000Z</time>
        <extensions>
          <ns3:TrackPointExtension>
            <ns3:hr>156</ns3:hr>
            <ns3:cad>81</ns3:cad>
          </ns3:TrackPointExtension>
        </extensions>
      </trkpt>
      <trkpt lat="23.18510734476149082183837890625" lon="113.26839630492031574249267578125">
        <ele>9</ele>
        <time>2023-10-31T23:19:22.000Z</time>
        <extensions>
          <ns3:TrackPointExtension>
            <ns3:hr>160</ns3:hr>
            <ns3:cad>82</ns3:cad>
          </ns3:TrackPointExtension>
        </extensions>
      </trkpt>
      <trkpt lat="23.1849213503301143646240234375" lon="113.2683236338198184967041015625">
        <ele>8.19999980926513671875</ele>
        <time>2023-10-31T23:19:30.000Z</time>
        <extensions>
          <ns3:TrackPointExtension>
            <ns3:hr>159</ns3:hr>
            <ns3:cad>83</ns3:cad>
          </ns3:TrackPointExtension>
        </extensions>
      </trkpt>
      <trkpt lat="23.18474792875349521636962890625" lon="113.26823034323751926422119140625">
        <ele>8.3999996185302734375</ele>
        <time>2023-10-31T23:19:37.000Z</time>
        <extensions>
          <ns3:TrackPointExtension>
            <ns3:hr>157</ns3:hr>
            <ns3:cad>83</ns3:cad>
          </ns3:TrackPointExtension>
        </extensions>
      </trkpt>
      <trkpt lat="23.18461448885500431060791015625" lon="113.26817192137241363525390625">
        <ele>8.80000019073486328125</ele>
        <time>2023-10-31T23:19:43.000Z</time>
        <extensions>
          <ns3:TrackPointExtension>
            <ns3:hr>154</ns3:hr>
            <ns3:cad>83</ns3:cad>
          </ns3:TrackPointExtension>
        </extensions>
      </trkpt>
      <trkpt lat="23.18444073200225830078125" lon="113.26805767603218555450439453125">
        <ele>9.6000003814697265625</ele>
        <time>2023-10-31T23:19:50.000Z</time>
        <extensions>
          <ns3:TrackPointExtension>
            <ns3:hr>155</ns3:hr>
            <ns3:cad>85</ns3:cad>
          </ns3:TrackPointExtension>
        </extensions>
      </trkpt>
      <trkpt lat="23.18427720107138156890869140625" lon="113.2679270021617412567138671875">
        <ele>10</ele>
        <time>2023-10-31T23:19:58.000Z</time>
        <extensions>
          <ns3:TrackPointExtension>
            <ns3:hr>156</ns3:hr>
            <ns3:cad>85</ns3:cad>
          </ns3:TrackPointExtension>
        </extensions>
      </trkpt>
      <trkpt lat="23.18411677144467830657958984375" lon="113.26782985590398311614990234375">
        <ele>10</ele>
        <time>2023-10-31T23:20:05.000Z</time>
        <extensions>
          <ns3:TrackPointExtension>
            <ns3:hr>158</ns3:hr>
            <ns3:cad>85</ns3:cad>
          </ns3:TrackPointExtension>
        </extensions>
      </trkpt>
      <trkpt lat="23.18405784666538238525390625" lon="113.26779029332101345062255859375">
        <ele>10</ele>
        <time>2023-10-31T23:20:11.000Z</time>
        <extensions>
          <ns3:TrackPointExtension>
            <ns3:hr>156</ns3:hr>
            <ns3:cad>85</ns3:cad>
          </ns3:TrackPointExtension>
        </extensions>
      </trkpt>
      <trkpt lat="23.1840384006500244140625" lon="113.26777906157076358795166015625">
        <ele>10</ele>
        <time>2023-10-31T23:20:13.000Z</time>
        <extensions>
          <ns3:TrackPointExtension>
            <ns3:hr>156</ns3:hr>
            <ns3:cad>81</ns3:cad>
          </ns3:TrackPointExtension>
        </extensions>
      </trkpt>
      <trkpt lat="23.18400428630411624908447265625" lon="113.2677555084228515625">
        <ele>10</ele>
        <time>2023-10-31T23:20:16.000Z</time>
        <extensions>
          <ns3:TrackPointExtension>
            <ns3:hr>155</ns3:hr>
            <ns3:cad>81</ns3:cad>
          </ns3:TrackPointExtension>
        </extensions>
      </trkpt>
      <trkpt lat="23.18385156802833080291748046875" lon="113.26764713041484355926513671875">
        <ele>9.6000003814697265625</ele>
        <time>2023-10-31T23:20:30.000Z</time>
        <extensions>
          <ns3:TrackPointExtension>
            <ns3:hr>154</ns3:hr>
            <ns3:cad>61</ns3:cad>
          </ns3:TrackPointExtension>
        </extensions>
      </trkpt>
      <trkpt lat="23.18375651724636554718017578125" lon="113.26757269911468029022216796875">
        <ele>8.80000019073486328125</ele>
        <time>2023-10-31T23:20:40.000Z</time>
        <extensions>
          <ns3:TrackPointExtension>
            <ns3:hr>153</ns3:hr>
            <ns3:cad>58</ns3:cad>
          </ns3:TrackPointExtension>
        </extensions>
      </trkpt>
      <trkpt lat="23.18371452391147613525390625" lon="113.2675464637577533721923828125">
        <ele>8.3999996185302734375</ele>
        <time>2023-10-31T23:20:46.000Z</time>
        <extensions>
          <ns3:TrackPointExtension>
            <ns3:hr>150</ns3:hr>
            <ns3:cad>0</ns3:cad>
          </ns3:TrackPointExtension>
        </extensions>
      </trkpt>
      <trkpt lat="23.1837083213031291961669921875" lon="113.26754000969231128692626953125">
        <ele>8.3999996185302734375</ele>
        <time>2023-10-31T23:20:47.000Z</time>
        <extensions>
          <ns3:TrackPointExtension>
            <ns3:hr>149</ns3:hr>
            <ns3:cad>0</ns3:cad>
          </ns3:TrackPointExtension>
        </extensions>
      </trkpt>
      <trkpt lat="23.18367269821465015411376953125" lon="113.2675226591527462005615234375">
        <ele>8.19999980926513671875</ele>
        <time>2023-10-31T23:20:51.000Z</time>
        <extensions>
          <ns3:TrackPointExtension>
            <ns3:hr>146</ns3:hr>
            <ns3:cad>55</ns3:cad>
          </ns3:TrackPointExtension>
        </extensions>
      </trkpt>
      <trkpt lat="23.18361268378794193267822265625" lon="113.267473876476287841796875">
        <ele>7.599999904632568359375</ele>
        <time>2023-10-31T23:20:55.000Z</time>
        <extensions>
          <ns3:TrackPointExtension>
            <ns3:hr>143</ns3:hr>
            <ns3:cad>80</ns3:cad>
          </ns3:TrackPointExtension>
        </extensions>
      </trkpt>
      <trkpt lat="23.18354546092450618743896484375" lon="113.267419226467609405517578125">
        <ele>7</ele>
        <time>2023-10-31T23:21:01.000Z</time>
        <extensions>
          <ns3:TrackPointExtension>
            <ns3:hr>140</ns3:hr>
            <ns3:cad>61</ns3:cad>
          </ns3:TrackPointExtension>
        </extensions>
      </trkpt>
      <trkpt lat="23.183510340750217437744140625" lon="113.26738645322620868682861328125">
        <ele>6.80000019073486328125</ele>
        <time>2023-10-31T23:21:05.000Z</time>
        <extensions>
          <ns3:TrackPointExtension>
            <ns3:hr>143</ns3:hr>
            <ns3:cad>61</ns3:cad>
          </ns3:TrackPointExtension>
        </extensions>
      </trkpt>
      <trkpt lat="23.1834920682013034820556640625" lon="113.26736918650567531585693359375">
        <ele>6.80000019073486328125</ele>
        <time>2023-10-31T23:21:07.000Z</time>
        <extensions>
          <ns3:TrackPointExtension>
            <ns3:hr>147</ns3:hr>
            <ns3:cad>0</ns3:cad>
          </ns3:TrackPointExtension>
        </extensions>
      </trkpt>
      <trkpt lat="23.1834354065358638763427734375" lon="113.2673271931707859039306640625">
        <ele>7</ele>
        <time>2023-10-31T23:21:13.000Z</time>
        <extensions>
          <ns3:TrackPointExtension>
            <ns3:hr>147</ns3:hr>
            <ns3:cad>61</ns3:cad>
          </ns3:TrackPointExtension>
        </extensions>
      </trkpt>
      <trkpt lat="23.183258213102817535400390625" lon="113.2672178931534290313720703125">
        <ele>6.80000019073486328125</ele>
        <time>2023-10-31T23:21:24.000Z</time>
        <extensions>
          <ns3:TrackPointExtension>
            <ns3:hr>147</ns3:hr>
            <ns3:cad>81</ns3:cad>
          </ns3:TrackPointExtension>
        </extensions>
      </trkpt>
      <trkpt lat="23.1831371784210205078125" lon="113.2671394385397434234619140625">
        <ele>7.19999980926513671875</ele>
        <time>2023-10-31T23:21:31.000Z</time>
        <extensions>
          <ns3:TrackPointExtension>
            <ns3:hr>144</ns3:hr>
            <ns3:cad>83</ns3:cad>
          </ns3:TrackPointExtension>
        </extensions>
      </trkpt>
      <trkpt lat="23.183113373816013336181640625" lon="113.26711714267730712890625">
        <ele>7.19999980926513671875</ele>
        <time>2023-10-31T23:21:34.000Z</time>
        <extensions>
          <ns3:TrackPointExtension>
            <ns3:hr>150</ns3:hr>
            <ns3:cad>83</ns3:cad>
          </ns3:TrackPointExtension>
        </extensions>
      </trkpt>
      <trkpt lat="23.18310272879898548126220703125" lon="113.26711052097380161285400390625">
        <ele>7.400000095367431640625</ele>
        <time>2023-10-31T23:21:35.000Z</time>
        <extensions>
          <ns3:TrackPointExtension>
            <ns3:hr>150</ns3:hr>
            <ns3:cad>83</ns3:cad>
          </ns3:TrackPointExtension>
        </extensions>
      </trkpt>
      <trkpt lat="23.1830642558634281158447265625" lon="113.26709903776645660400390625">
        <ele>7.400000095367431640625</ele>
        <time>2023-10-31T23:21:38.000Z</time>
        <extensions>
          <ns3:TrackPointExtension>
            <ns3:hr>144</ns3:hr>
            <ns3:cad>83</ns3:cad>
          </ns3:TrackPointExtension>
        </extensions>
      </trkpt>
      <trkpt lat="23.1830642558634281158447265625" lon="113.26709903776645660400390625">
        <ele>7.400000095367431640625</ele>
        <time>2023-10-31T23:21:39.000Z</time>
        <extensions>
          <ns3:TrackPointExtension>
            <ns3:hr>144</ns3:hr>
            <ns3:cad>83</ns3:cad>
          </ns3:TrackPointExtension>
        </extensions>
      </trkpt>
      <trkpt lat="23.18303315900266170501708984375" lon="113.2670713774859905242919921875">
        <ele>7.599999904632568359375</ele>
        <time>2023-10-31T23:21:43.000Z</time>
        <extensions>
          <ns3:TrackPointExtension>
            <ns3:hr>149</ns3:hr>
            <ns3:cad>61</ns3:cad>
          </ns3:TrackPointExtension>
        </extensions>
      </trkpt>
      <trkpt lat="23.18301455117762088775634765625" lon="113.26706123538315296173095703125">
        <ele>7.599999904632568359375</ele>
        <time>2023-10-31T23:21:45.000Z</time>
        <extensions>
          <ns3:TrackPointExtension>
            <ns3:hr>153</ns3:hr>
            <ns3:cad>61</ns3:cad>
          </ns3:TrackPointExtension>
        </extensions>
      </trkpt>
      <trkpt lat="23.18290181457996368408203125" lon="113.26700205914676189422607421875">
        <ele>7.400000095367431640625</ele>
        <time>2023-10-31T23:21:55.000Z</time>
        <extensions>
          <ns3:TrackPointExtension>
            <ns3:hr>150</ns3:hr>
            <ns3:cad>61</ns3:cad>
          </ns3:TrackPointExtension>
        </extensions>
      </trkpt>
      <trkpt lat="23.18286434747278690338134765625" lon="113.26698378659784793853759765625">
        <ele>7.19999980926513671875</ele>
        <time>2023-10-31T23:21:59.000Z</time>
        <extensions>
          <ns3:TrackPointExtension>
            <ns3:hr>147</ns3:hr>
            <ns3:cad>61</ns3:cad>
          </ns3:TrackPointExtension>
        </extensions>
      </trkpt>
      <trkpt lat="23.182806260883808135986328125" lon="113.2669352553784847259521484375">
        <ele>6.80000019073486328125</ele>
        <time>2023-10-31T23:22:05.000Z</time>
        <extensions>
          <ns3:TrackPointExtension>
            <ns3:hr>144</ns3:hr>
            <ns3:cad>61</ns3:cad>
          </ns3:TrackPointExtension>
        </extensions>
      </trkpt>
      <trkpt lat="23.1827812828123569488525390625" lon="113.26690868474543094635009765625">
        <ele>6.80000019073486328125</ele>
        <time>2023-10-31T23:22:09.000Z</time>
        <extensions>
          <ns3:TrackPointExtension>
            <ns3:hr>141</ns3:hr>
            <ns3:cad>61</ns3:cad>
          </ns3:TrackPointExtension>
        </extensions>
      </trkpt>
      <trkpt lat="23.1827618367969989776611328125" lon="113.26689192093908786773681640625">
        <ele>6.599999904632568359375</ele>
        <time>2023-10-31T23:22:13.000Z</time>
        <extensions>
          <ns3:TrackPointExtension>
            <ns3:hr>138</ns3:hr>
            <ns3:cad>61</ns3:cad>
          </ns3:TrackPointExtension>
        </extensions>
      </trkpt>
      <trkpt lat="23.182747922837734222412109375" lon="113.26687884517014026641845703125">
        <ele>6.599999904632568359375</ele>
        <time>2023-10-31T23:22:15.000Z</time>
        <extensions>
          <ns3:TrackPointExtension>
            <ns3:hr>133</ns3:hr>
            <ns3:cad>61</ns3:cad>
          </ns3:TrackPointExtension>
        </extensions>
      </trkpt>
      <trkpt lat="23.18273476324975490570068359375" lon="113.26687364839017391204833984375">
        <ele>6.400000095367431640625</ele>
        <time>2023-10-31T23:22:16.000Z</time>
        <extensions>
          <ns3:TrackPointExtension>
            <ns3:hr>133</ns3:hr>
            <ns3:cad>61</ns3:cad>
          </ns3:TrackPointExtension>
        </extensions>
      </trkpt>
      <trkpt lat="23.1826193444430828094482421875" lon="113.26682670973241329193115234375">
        <ele>6</ele>
        <time>2023-10-31T23:22:25.000Z</time>
        <extensions>
          <ns3:TrackPointExtension>
            <ns3:hr>134</ns3:hr>
            <ns3:cad>61</ns3:cad>
          </ns3:TrackPointExtension>
        </extensions>
      </trkpt>
      <trkpt lat="23.18254868499934673309326171875" lon="113.26676920987665653228759765625">
        <ele>5.80000019073486328125</ele>
        <time>2023-10-31T23:22:32.000Z</time>
        <extensions>
          <ns3:TrackPointExtension>
            <ns3:hr>132</ns3:hr>
            <ns3:cad>61</ns3:cad>
          </ns3:TrackPointExtension>
        </extensions>
      </trkpt>
      <trkpt lat="23.18253225646913051605224609375" lon="113.26675998978316783905029296875">
        <ele>5.80000019073486328125</ele>
        <time>2023-10-31T23:22:34.000Z</time>
        <extensions>
          <ns3:TrackPointExtension>
            <ns3:hr>131</ns3:hr>
            <ns3:cad>61</ns3:cad>
          </ns3:TrackPointExtension>
        </extensions>
      </trkpt>
      <trkpt lat="23.18252169527113437652587890625" lon="113.26673920266330242156982421875">
        <ele>6</ele>
        <time>2023-10-31T23:22:36.000Z</time>
        <extensions>
          <ns3:TrackPointExtension>
            <ns3:hr>124</ns3:hr>
            <ns3:cad>61</ns3:cad>
          </ns3:TrackPointExtension>
        </extensions>
      </trkpt>
      <trkpt lat="23.1824947893619537353515625" lon="113.2667107880115509033203125">
        <ele>6</ele>
        <time>2023-10-31T23:22:39.000Z</time>
        <extensions>
          <ns3:TrackPointExtension>
            <ns3:hr>120</ns3:hr>
            <ns3:cad>61</ns3:cad>
          </ns3:TrackPointExtension>
        </extensions>
      </trkpt>
      <trkpt lat="23.18233695812523365020751953125" lon="113.26655932702124118804931640625">
        <ele>7</ele>
        <time>2023-10-31T23:22:54.000Z</time>
        <extensions>
          <ns3:TrackPointExtension>
            <ns3:hr>119</ns3:hr>
            <ns3:cad>81</ns3:cad>
          </ns3:TrackPointExtension>
        </extensions>
      </trkpt>
      <trkpt lat="23.18219245411455631256103515625" lon="113.26646268367767333984375">
        <ele>8.6000003814697265625</ele>
        <time>2023-10-31T23:23:01.000Z</time>
        <extensions>
          <ns3:TrackPointExtension>
            <ns3:hr>126</ns3:hr>
            <ns3:cad>83</ns3:cad>
          </ns3:TrackPointExtension>
        </extensions>
      </trkpt>
      <trkpt lat="23.1821730919182300567626953125" lon="113.2664501108229160308837890625">
        <ele>8.80000019073486328125</ele>
        <time>2023-10-31T23:23:02.000Z</time>
        <extensions>
          <ns3:TrackPointExtension>
            <ns3:hr>126</ns3:hr>
            <ns3:cad>83</ns3:cad>
          </ns3:TrackPointExtension>
        </extensions>
      </trkpt>
      <trkpt lat="23.18215456791222095489501953125" lon="113.266435526311397552490234375">
        <ele>9.19999980926513671875</ele>
        <time>2023-10-31T23:23:03.000Z</time>
        <extensions>
          <ns3:TrackPointExtension>
            <ns3:hr>130</ns3:hr>
            <ns3:cad>83</ns3:cad>
          </ns3:TrackPointExtension>
        </extensions>
      </trkpt>
      <trkpt lat="23.1821271590888500213623046875" lon="113.266414739191532135009765625">
        <ele>9.3999996185302734375</ele>
        <time>2023-10-31T23:23:05.000Z</time>
        <extensions>
          <ns3:TrackPointExtension>
            <ns3:hr>133</ns3:hr>
            <ns3:cad>83</ns3:cad>
          </ns3:TrackPointExtension>
        </extensions>
      </trkpt>
      <trkpt lat="23.18211047910153865814208984375" lon="113.26640543527901172637939453125">
        <ele>9.3999996185302734375</ele>
        <time>2023-10-31T23:23:06.000Z</time>
        <extensions>
          <ns3:TrackPointExtension>
            <ns3:hr>136</ns3:hr>
            <ns3:cad>83</ns3:cad>
          </ns3:TrackPointExtension>
        </extensions>
      </trkpt>
      <trkpt lat="23.1820691563189029693603515625" lon="113.266387917101383209228515625">
        <ele>9.6000003814697265625</ele>
        <time>2023-10-31T23:23:07.000Z</time>
        <extensions>
          <ns3:TrackPointExtension>
            <ns3:hr>141</ns3:hr>
            <ns3:cad>83</ns3:cad>
          </ns3:TrackPointExtension>
        </extensions>
      </trkpt>
      <trkpt lat="23.1820691563189029693603515625" lon="113.266387917101383209228515625">
        <ele>9.6000003814697265625</ele>
        <time>2023-10-31T23:23:08.000Z</time>
        <extensions>
          <ns3:TrackPointExtension>
            <ns3:hr>141</ns3:hr>
            <ns3:cad>83</ns3:cad>
          </ns3:TrackPointExtension>
        </extensions>
      </trkpt>
      <trkpt lat="23.18203051574528217315673828125" lon="113.2663699798285961151123046875">
        <ele>10</ele>
        <time>2023-10-31T23:23:10.000Z</time>
        <extensions>
          <ns3:TrackPointExtension>
            <ns3:hr>144</ns3:hr>
            <ns3:cad>83</ns3:cad>
          </ns3:TrackPointExtension>
        </extensions>
      </trkpt>
      <trkpt lat="23.1819152645766735076904296875" lon="113.266312815248966217041015625">
        <ele>10.6000003814697265625</ele>
        <time>2023-10-31T23:23:15.000Z</time>
        <extensions>
          <ns3:TrackPointExtension>
            <ns3:hr>148</ns3:hr>
            <ns3:cad>82</ns3:cad>
          </ns3:TrackPointExtension>
        </extensions>
      </trkpt>
      <trkpt lat="23.18189322017133235931396484375" lon="113.266302756965160369873046875">
        <ele>10.80000019073486328125</ele>
        <time>2023-10-31T23:23:16.000Z</time>
        <extensions>
          <ns3:TrackPointExtension>
            <ns3:hr>151</ns3:hr>
            <ns3:cad>82</ns3:cad>
          </ns3:TrackPointExtension>
        </extensions>
      </trkpt>
      <trkpt lat="23.18185483105480670928955078125" lon="113.26629278250038623809814453125">
        <ele>11</ele>
        <time>2023-10-31T23:23:18.000Z</time>
        <extensions>
          <ns3:TrackPointExtension>
            <ns3:hr>148</ns3:hr>
            <ns3:cad>84</ns3:cad>
          </ns3:TrackPointExtension>
        </extensions>
      </trkpt>
      <trkpt lat="23.18182096816599369049072265625" lon="113.2662744261324405670166015625">
        <ele>10.80000019073486328125</ele>
        <time>2023-10-31T23:23:20.000Z</time>
        <extensions>
          <ns3:TrackPointExtension>
            <ns3:hr>145</ns3:hr>
            <ns3:cad>83</ns3:cad>
          </ns3:TrackPointExtension>
        </extensions>
      </trkpt>
      <trkpt lat="23.18177796900272369384765625" lon="113.26625975780189037322998046875">
        <ele>10.80000019073486328125</ele>
        <time>2023-10-31T23:23:22.000Z</time>
        <extensions>
          <ns3:TrackPointExtension>
            <ns3:hr>148</ns3:hr>
            <ns3:cad>83</ns3:cad>
          </ns3:TrackPointExtension>
        </extensions>
      </trkpt>
      <trkpt lat="23.1817037053406238555908203125" lon="113.26620711944997310638427734375">
        <ele>10.6000003814697265625</ele>
        <time>2023-10-31T23:23:26.000Z</time>
        <extensions>
          <ns3:TrackPointExtension>
            <ns3:hr>152</ns3:hr>
            <ns3:cad>82</ns3:cad>
          </ns3:TrackPointExtension>
        </extensions>
      </trkpt>
      <trkpt lat="23.18164478056132793426513671875" lon="113.266104273498058319091796875">
        <ele>10.19999980926513671875</ele>
        <time>2023-10-31T23:23:33.000Z</time>
        <extensions>
          <ns3:TrackPointExtension>
            <ns3:hr>149</ns3:hr>
            <ns3:cad>82</ns3:cad>
          </ns3:TrackPointExtension>
        </extensions>
      </trkpt>
      <trkpt lat="23.18163841031491756439208984375" lon="113.26609211973845958709716796875">
        <ele>10.19999980926513671875</ele>
        <time>2023-10-31T23:23:34.000Z</time>
        <extensions>
          <ns3:TrackPointExtension>
            <ns3:hr>154</ns3:hr>
            <ns3:cad>82</ns3:cad>
          </ns3:TrackPointExtension>
        </extensions>
      </trkpt>
      <trkpt lat="23.1816128455102443695068359375" lon="113.26606814749538898468017578125">
        <ele>10.19999980926513671875</ele>
        <time>2023-10-31T23:23:37.000Z</time>
        <extensions>
          <ns3:TrackPointExtension>
            <ns3:hr>151</ns3:hr>
            <ns3:cad>61</ns3:cad>
          </ns3:TrackPointExtension>
        </extensions>
      </trkpt>
      <trkpt lat="23.181590549647808074951171875" lon="113.2660712487995624542236328125">
        <ele>10</ele>
        <time>2023-10-31T23:23:41.000Z</time>
        <extensions>
          <ns3:TrackPointExtension>
            <ns3:hr>147</ns3:hr>
            <ns3:cad>61</ns3:cad>
          </ns3:TrackPointExtension>
        </extensions>
      </trkpt>
      <trkpt lat="23.18158057518303394317626953125" lon="113.2660719193518161773681640625">
        <ele>10</ele>
        <time>2023-10-31T23:23:43.000Z</time>
        <extensions>
          <ns3:TrackPointExtension>
            <ns3:hr>146</ns3:hr>
            <ns3:cad>61</ns3:cad>
          </ns3:TrackPointExtension>
        </extensions>
      </trkpt>
      <trkpt lat="23.18155693821609020233154296875" lon="113.2660658843815326690673828125">
        <ele>9.80000019073486328125</ele>
        <time>2023-10-31T23:23:45.000Z</time>
        <extensions>
          <ns3:TrackPointExtension>
            <ns3:hr>145</ns3:hr>
            <ns3:cad>61</ns3:cad>
          </ns3:TrackPointExtension>
        </extensions>
      </trkpt>
      <trkpt lat="23.18148971535265445709228515625" lon="113.26611458323895931243896484375">
        <ele>9.19999980926513671875</ele>
        <time>2023-10-31T23:23:51.000Z</time>
        <extensions>
          <ns3:TrackPointExtension>
            <ns3:hr>145</ns3:hr>
            <ns3:cad>61</ns3:cad>
          </ns3:TrackPointExtension>
        </extensions>
      </trkpt>
      <trkpt lat="23.1814757175743579864501953125" lon="113.26610033400356769561767578125">
        <ele>9</ele>
        <time>2023-10-31T23:23:55.000Z</time>
        <extensions>
          <ns3:TrackPointExtension>
            <ns3:hr>142</ns3:hr>
            <ns3:cad>61</ns3:cad>
          </ns3:TrackPointExtension>
        </extensions>
      </trkpt>
      <trkpt lat="23.181460462510585784912109375" lon="113.266076780855655670166015625">
        <ele>8.80000019073486328125</ele>
        <time>2023-10-31T23:24:00.000Z</time>
        <extensions>
          <ns3:TrackPointExtension>
            <ns3:hr>145</ns3:hr>
            <ns3:cad>0</ns3:cad>
          </ns3:TrackPointExtension>
        </extensions>
      </trkpt>
      <trkpt lat="23.1814468838274478912353515625" lon="113.2660702429711818695068359375">
        <ele>8.6000003814697265625</ele>
        <time>2023-10-31T23:24:02.000Z</time>
        <extensions>
          <ns3:TrackPointExtension>
            <ns3:hr>145</ns3:hr>
            <ns3:cad>0</ns3:cad>
          </ns3:TrackPointExtension>
        </extensions>
      </trkpt>
      <trkpt lat="23.18139734677970409393310546875" lon="113.26604668982326984405517578125">
        <ele>8</ele>
        <time>2023-10-31T23:24:08.000Z</time>
        <extensions>
          <ns3:TrackPointExtension>
            <ns3:hr>142</ns3:hr>
            <ns3:cad>61</ns3:cad>
          </ns3:TrackPointExtension>
        </extensions>
      </trkpt>
      <trkpt lat="23.1813020445406436920166015625" lon="113.26603529043495655059814453125">
        <ele>7.19999980926513671875</ele>
        <time>2023-10-31T23:24:13.000Z</time>
        <extensions>
          <ns3:TrackPointExtension>
            <ns3:hr>139</ns3:hr>
            <ns3:cad>60</ns3:cad>
          </ns3:TrackPointExtension>
        </extensions>
      </trkpt>
      <trkpt lat="23.181131221354007720947265625" lon="113.2659411616623401641845703125">
        <ele>9.19999980926513671875</ele>
        <time>2023-10-31T23:24:21.000Z</time>
        <extensions>
          <ns3:TrackPointExtension>
            <ns3:hr>140</ns3:hr>
            <ns3:cad>81</ns3:cad>
          </ns3:TrackPointExtension>
        </extensions>
      </trkpt>
      <trkpt lat="23.1810222566127777099609375" lon="113.2658399082720279693603515625">
        <ele>10.80000019073486328125</ele>
        <time>2023-10-31T23:24:28.000Z</time>
        <extensions>
          <ns3:TrackPointExtension>
            <ns3:hr>137</ns3:hr>
            <ns3:cad>79</ns3:cad>
          </ns3:TrackPointExtension>
        </extensions>
      </trkpt>
      <trkpt lat="23.180996440351009368896484375" lon="113.265824653208255767822265625">
        <ele>11</ele>
        <time>2023-10-31T23:24:30.000Z</time>
        <extensions>
          <ns3:TrackPointExtension>
            <ns3:hr>134</ns3:hr>
            <ns3:cad>77</ns3:cad>
          </ns3:TrackPointExtension>
        </extensions>
      </trkpt>
      <trkpt lat="23.18095645867288112640380859375" lon="113.26580244116485118865966796875">
        <ele>11.3999996185302734375</ele>
        <time>2023-10-31T23:24:34.000Z</time>
        <extensions>
          <ns3:TrackPointExtension>
            <ns3:hr>133</ns3:hr>
            <ns3:cad>61</ns3:cad>
          </ns3:TrackPointExtension>
        </extensions>
      </trkpt>
      <trkpt lat="23.1809484958648681640625" lon="113.2657990045845508575439453125">
        <ele>11.3999996185302734375</ele>
        <time>2023-10-31T23:24:35.000Z</time>
        <extensions>
          <ns3:TrackPointExtension>
            <ns3:hr>138</ns3:hr>
            <ns3:cad>61</ns3:cad>
          </ns3:TrackPointExtension>
        </extensions>
      </trkpt>
      <trkpt lat="23.18093868903815746307373046875" lon="113.265791796147823333740234375">
        <ele>11.6000003814697265625</ele>
        <time>2023-10-31T23:24:36.000Z</time>
        <extensions>
          <ns3:TrackPointExtension>
            <ns3:hr>139</ns3:hr>
            <ns3:cad>61</ns3:cad>
          </ns3:TrackPointExtension>
        </extensions>
      </trkpt>
      <trkpt lat="23.18077708594501018524169921875" lon="113.26569599099457263946533203125">
        <ele>13</ele>
        <time>2023-10-31T23:24:49.000Z</time>
        <extensions>
          <ns3:TrackPointExtension>
            <ns3:hr>139</ns3:hr>
            <ns3:cad>61</ns3:cad>
          </ns3:TrackPointExtension>
        </extensions>
      </trkpt>
      <trkpt lat="23.18064616061747074127197265625" lon="113.26559071429073810577392578125">
        <ele>13.6000003814697265625</ele>
        <time>2023-10-31T23:25:01.000Z</time>
        <extensions>
          <ns3:TrackPointExtension>
            <ns3:hr>136</ns3:hr>
            <ns3:cad>61</ns3:cad>
          </ns3:TrackPointExtension>
        </extensions>
      </trkpt>
      <trkpt lat="23.18061548285186290740966796875" lon="113.26556171290576457977294921875">
        <ele>13.80000019073486328125</ele>
        <time>2023-10-31T23:25:04.000Z</time>
        <extensions>
          <ns3:TrackPointExtension>
            <ns3:hr>133</ns3:hr>
            <ns3:cad>61</ns3:cad>
          </ns3:TrackPointExtension>
        </extensions>
      </trkpt>
      <trkpt lat="23.1805369444191455841064453125" lon="113.26550471596419811248779296875">
        <ele>14</ele>
        <time>2023-10-31T23:25:12.000Z</time>
        <extensions>
          <ns3:TrackPointExtension>
            <ns3:hr>131</ns3:hr>
            <ns3:cad>61</ns3:cad>
          </ns3:TrackPointExtension>
        </extensions>
      </trkpt>
      <trkpt lat="23.180482797324657440185546875" lon="113.26546381227672100067138671875">
        <ele>14</ele>
        <time>2023-10-31T23:25:19.000Z</time>
        <extensions>
          <ns3:TrackPointExtension>
            <ns3:hr>130</ns3:hr>
            <ns3:cad>61</ns3:cad>
          </ns3:TrackPointExtension>
        </extensions>
      </trkpt>
      <trkpt lat="23.18038732744753360748291015625" lon="113.2653832621872425079345703125">
        <ele>13.80000019073486328125</ele>
        <time>2023-10-31T23:25:28.000Z</time>
        <extensions>
          <ns3:TrackPointExtension>
            <ns3:hr>127</ns3:hr>
            <ns3:cad>61</ns3:cad>
          </ns3:TrackPointExtension>
        </extensions>
      </trkpt>
      <trkpt lat="23.18027903325855731964111328125" lon="113.2652518339455127716064453125">
        <ele>13.6000003814697265625</ele>
        <time>2023-10-31T23:25:35.000Z</time>
        <extensions>
          <ns3:TrackPointExtension>
            <ns3:hr>122</ns3:hr>
            <ns3:cad>82</ns3:cad>
          </ns3:TrackPointExtension>
        </extensions>
      </trkpt>
      <trkpt lat="23.1802201084792613983154296875" lon="113.26521755196154117584228515625">
        <ele>13.19999980926513671875</ele>
        <time>2023-10-31T23:25:38.000Z</time>
        <extensions>
          <ns3:TrackPointExtension>
            <ns3:hr>131</ns3:hr>
            <ns3:cad>82</ns3:cad>
          </ns3:TrackPointExtension>
        </extensions>
      </trkpt>
      <trkpt lat="23.18016193807125091552734375" lon="113.26518452726304531097412109375">
        <ele>12.80000019073486328125</ele>
        <time>2023-10-31T23:25:41.000Z</time>
        <extensions>
          <ns3:TrackPointExtension>
            <ns3:hr>138</ns3:hr>
            <ns3:cad>83</ns3:cad>
          </ns3:TrackPointExtension>
        </extensions>
      </trkpt>
      <trkpt lat="23.1801138259470462799072265625" lon="113.2651730440557003021240234375">
        <ele>12.80000019073486328125</ele>
        <time>2023-10-31T23:25:43.000Z</time>
        <extensions>
          <ns3:TrackPointExtension>
            <ns3:hr>144</ns3:hr>
            <ns3:cad>83</ns3:cad>
          </ns3:TrackPointExtension>
        </extensions>
      </trkpt>
      <trkpt lat="23.1799300946295261383056640625" lon="113.26508897356688976287841796875">
        <ele>12.19999980926513671875</ele>
        <time>2023-10-31T23:25:51.000Z</time>
        <extensions>
          <ns3:TrackPointExtension>
            <ns3:hr>146</ns3:hr>
            <ns3:cad>83</ns3:cad>
          </ns3:TrackPointExtension>
        </extensions>
      </trkpt>
      <trkpt lat="23.1798868440091609954833984375" lon="113.26506298966705799102783203125">
        <ele>12</ele>
        <time>2023-10-31T23:25:53.000Z</time>
        <extensions>
          <ns3:TrackPointExtension>
            <ns3:hr>143</ns3:hr>
            <ns3:cad>85</ns3:cad>
          </ns3:TrackPointExtension>
        </extensions>
      </trkpt>
      <trkpt lat="23.17980478517711162567138671875" lon="113.26501890085637569427490234375">
        <ele>11.6000003814697265625</ele>
        <time>2023-10-31T23:25:56.000Z</time>
        <extensions>
          <ns3:TrackPointExtension>
            <ns3:hr>146</ns3:hr>
            <ns3:cad>84</ns3:cad>
          </ns3:TrackPointExtension>
        </extensions>
      </trkpt>
      <trkpt lat="23.1797497160732746124267578125" lon="113.26496358029544353485107421875">
        <ele>11</ele>
        <time>2023-10-31T23:25:59.000Z</time>
        <extensions>
          <ns3:TrackPointExtension>
            <ns3:hr>151</ns3:hr>
            <ns3:cad>85</ns3:cad>
          </ns3:TrackPointExtension>
        </extensions>
      </trkpt>
      <trkpt lat="23.1797039508819580078125" lon="113.2649298012256622314453125">
        <ele>10.6000003814697265625</ele>
        <time>2023-10-31T23:26:01.000Z</time>
        <extensions>
          <ns3:TrackPointExtension>
            <ns3:hr>154</ns3:hr>
            <ns3:cad>86</ns3:cad>
          </ns3:TrackPointExtension>
        </extensions>
      </trkpt>
      <trkpt lat="23.17957914434373378753662109375" lon="113.264824189245700836181640625">
        <ele>11</ele>
        <time>2023-10-31T23:26:07.000Z</time>
        <extensions>
          <ns3:TrackPointExtension>
            <ns3:hr>151</ns3:hr>
            <ns3:cad>83</ns3:cad>
          </ns3:TrackPointExtension>
        </extensions>
      </trkpt>
      <trkpt lat="23.17955131642520427703857421875" lon="113.264775574207305908203125">
        <ele>11</ele>
        <time>2023-10-31T23:26:09.000Z</time>
        <extensions>
          <ns3:TrackPointExtension>
            <ns3:hr>148</ns3:hr>
            <ns3:cad>83</ns3:cad>
          </ns3:TrackPointExtension>
        </extensions>
      </trkpt>
      <trkpt lat="23.179499767720699310302734375" lon="113.26468597166240215301513671875">
        <ele>11.19999980926513671875</ele>
        <time>2023-10-31T23:26:14.000Z</time>
        <extensions>
          <ns3:TrackPointExtension>
            <ns3:hr>145</ns3:hr>
            <ns3:cad>83</ns3:cad>
          </ns3:TrackPointExtension>
        </extensions>
      </trkpt>
      <trkpt lat="23.1794583611190319061279296875" lon="113.2646325789391994476318359375">
        <ele>12</ele>
        <time>2023-10-31T23:26:18.000Z</time>
        <extensions>
          <ns3:TrackPointExtension>
            <ns3:hr>149</ns3:hr>
            <ns3:cad>84</ns3:cad>
          </ns3:TrackPointExtension>
        </extensions>
      </trkpt>
      <trkpt lat="23.1794167868793010711669921875" lon="113.26463048346340656280517578125">
        <ele>13</ele>
        <time>2023-10-31T23:26:19.000Z</time>
        <extensions>
          <ns3:TrackPointExtension>
            <ns3:hr>153</ns3:hr>
            <ns3:cad>85</ns3:cad>
          </ns3:TrackPointExtension>
        </extensions>
      </trkpt>
      <trkpt lat="23.1794167868793010711669921875" lon="113.26463048346340656280517578125">
        <ele>13</ele>
        <time>2023-10-31T23:26:20.000Z</time>
        <extensions>
          <ns3:TrackPointExtension>
            <ns3:hr>153</ns3:hr>
            <ns3:cad>85</ns3:cad>
          </ns3:TrackPointExtension>
        </extensions>
      </trkpt>
      <trkpt lat="23.1793628074228763580322265625" lon="113.26459829695522785186767578125">
        <ele>14.3999996185302734375</ele>
        <time>2023-10-31T23:26:23.000Z</time>
        <extensions>
          <ns3:TrackPointExtension>
            <ns3:hr>150</ns3:hr>
            <ns3:cad>84</ns3:cad>
          </ns3:TrackPointExtension>
        </extensions>
      </trkpt>
      <trkpt lat="23.17932852543890476226806640625" lon="113.26457767747342586517333984375">
        <ele>14.6000003814697265625</ele>
        <time>2023-10-31T23:26:25.000Z</time>
        <extensions>
          <ns3:TrackPointExtension>
            <ns3:hr>147</ns3:hr>
            <ns3:cad>84</ns3:cad>
          </ns3:TrackPointExtension>
        </extensions>
      </trkpt>
      <trkpt lat="23.179295919835567474365234375" lon="113.26454901136457920074462890625">
        <ele>14.80000019073486328125</ele>
        <time>2023-10-31T23:26:27.000Z</time>
        <extensions>
          <ns3:TrackPointExtension>
            <ns3:hr>151</ns3:hr>
            <ns3:cad>83</ns3:cad>
          </ns3:TrackPointExtension>
        </extensions>
      </trkpt>
      <trkpt lat="23.1792357377707958221435546875" lon="113.26448245905339717864990234375">
        <ele>15</ele>
        <time>2023-10-31T23:26:31.000Z</time>
        <extensions>
          <ns3:TrackPointExtension>
            <ns3:hr>154</ns3:hr>
            <ns3:cad>83</ns3:cad>
          </ns3:TrackPointExtension>
        </extensions>
      </trkpt>
      <trkpt lat="23.1792256794869899749755859375" lon="113.2644666172564029693603515625">
        <ele>15.19999980926513671875</ele>
        <time>2023-10-31T23:26:32.000Z</time>
        <extensions>
          <ns3:TrackPointExtension>
            <ns3:hr>150</ns3:hr>
            <ns3:cad>83</ns3:cad>
          </ns3:TrackPointExtension>
        </extensions>
      </trkpt>
      <trkpt lat="23.17915786989033222198486328125" lon="113.2643898390233516693115234375">
        <ele>15.3999996185302734375</ele>
        <time>2023-10-31T23:26:37.000Z</time>
        <extensions>
          <ns3:TrackPointExtension>
            <ns3:hr>149</ns3:hr>
            <ns3:cad>83</ns3:cad>
          </ns3:TrackPointExtension>
        </extensions>
      </trkpt>
      <trkpt lat="23.17911847494542598724365234375" lon="113.26435371302068233489990234375">
        <ele>15</ele>
        <time>2023-10-31T23:26:41.000Z</time>
        <extensions>
          <ns3:TrackPointExtension>
            <ns3:hr>152</ns3:hr>
            <ns3:cad>82</ns3:cad>
          </ns3:TrackPointExtension>
        </extensions>
      </trkpt>
      <trkpt lat="23.17909919656813144683837890625" lon="113.26434549875557422637939453125">
        <ele>14.6000003814697265625</ele>
        <time>2023-10-31T23:26:42.000Z</time>
        <extensions>
          <ns3:TrackPointExtension>
            <ns3:hr>153</ns3:hr>
            <ns3:cad>61</ns3:cad>
          </ns3:TrackPointExtension>
        </extensions>
      </trkpt>
      <trkpt lat="23.17890825681388378143310546875" lon="113.26434717513620853424072265625">
        <ele>12.80000019073486328125</ele>
        <time>2023-10-31T23:26:52.000Z</time>
        <extensions>
          <ns3:TrackPointExtension>
            <ns3:hr>153</ns3:hr>
            <ns3:cad>61</ns3:cad>
          </ns3:TrackPointExtension>
        </extensions>
      </trkpt>
      <trkpt lat="23.17880163900554180145263671875" lon="113.2643268071115016937255859375">
        <ele>11.19999980926513671875</ele>
        <time>2023-10-31T23:27:00.000Z</time>
        <extensions>
          <ns3:TrackPointExtension>
            <ns3:hr>150</ns3:hr>
            <ns3:cad>61</ns3:cad>
          </ns3:TrackPointExtension>
        </extensions>
      </trkpt>
      <trkpt lat="23.17870952188968658447265625" lon="113.26430643908679485321044921875">
        <ele>10.6000003814697265625</ele>
        <time>2023-10-31T23:27:06.000Z</time>
        <extensions>
          <ns3:TrackPointExtension>
            <ns3:hr>147</ns3:hr>
            <ns3:cad>61</ns3:cad>
          </ns3:TrackPointExtension>
        </extensions>
      </trkpt>
      <trkpt lat="23.17867624573409557342529296875" lon="113.26430040411651134490966796875">
        <ele>10.19999980926513671875</ele>
        <time>2023-10-31T23:27:08.000Z</time>
        <extensions>
          <ns3:TrackPointExtension>
            <ns3:hr>146</ns3:hr>
            <ns3:cad>61</ns3:cad>
          </ns3:TrackPointExtension>
        </extensions>
      </trkpt>
      <trkpt lat="23.178501315414905548095703125" lon="113.264201916754245758056640625">
        <ele>8.19999980926513671875</ele>
        <time>2023-10-31T23:27:20.000Z</time>
        <extensions>
          <ns3:TrackPointExtension>
            <ns3:hr>144</ns3:hr>
            <ns3:cad>61</ns3:cad>
          </ns3:TrackPointExtension>
        </extensions>
      </trkpt>
      <trkpt lat="23.17832252942025661468505859375" lon="113.26412438414990901947021484375">
        <ele>8.6000003814697265625</ele>
        <time>2023-10-31T23:27:29.000Z</time>
        <extensions>
          <ns3:TrackPointExtension>
            <ns3:hr>142</ns3:hr>
            <ns3:cad>82</ns3:cad>
          </ns3:TrackPointExtension>
        </extensions>
      </trkpt>
      <trkpt lat="23.17830341868102550506591796875" lon="113.2641155831515789031982421875">
        <ele>8.80000019073486328125</ele>
        <time>2023-10-31T23:27:31.000Z</time>
        <extensions>
          <ns3:TrackPointExtension>
            <ns3:hr>136</ns3:hr>
            <ns3:cad>82</ns3:cad>
          </ns3:TrackPointExtension>
        </extensions>
      </trkpt>
      <trkpt lat="23.17829646170139312744140625" lon="113.26410929672420024871826171875">
        <ele>8.80000019073486328125</ele>
        <time>2023-10-31T23:27:32.000Z</time>
        <extensions>
          <ns3:TrackPointExtension>
            <ns3:hr>140</ns3:hr>
            <ns3:cad>74</ns3:cad>
          </ns3:TrackPointExtension>
        </extensions>
      </trkpt>
      <trkpt lat="23.1782909296452999114990234375" lon="113.26410024426877498626708984375">
        <ele>8.6000003814697265625</ele>
        <time>2023-10-31T23:27:33.000Z</time>
        <extensions>
          <ns3:TrackPointExtension>
            <ns3:hr>143</ns3:hr>
            <ns3:cad>74</ns3:cad>
          </ns3:TrackPointExtension>
        </extensions>
      </trkpt>
      <trkpt lat="23.17828464321792125701904296875" lon="113.2640857435762882232666015625">
        <ele>8.80000019073486328125</ele>
        <time>2023-10-31T23:27:34.000Z</time>
        <extensions>
          <ns3:TrackPointExtension>
            <ns3:hr>143</ns3:hr>
            <ns3:cad>74</ns3:cad>
          </ns3:TrackPointExtension>
        </extensions>
      </trkpt>
      <trkpt lat="23.178265281021595001220703125" lon="113.26404609717428684234619140625">
        <ele>8.80000019073486328125</ele>
        <time>2023-10-31T23:27:36.000Z</time>
        <extensions>
          <ns3:TrackPointExtension>
            <ns3:hr>146</ns3:hr>
            <ns3:cad>74</ns3:cad>
          </ns3:TrackPointExtension>
        </extensions>
      </trkpt>
      <trkpt lat="23.17820685915648937225341796875" lon="113.2639901898801326751708984375">
        <ele>9.3999996185302734375</ele>
        <time>2023-10-31T23:27:39.000Z</time>
        <extensions>
          <ns3:TrackPointExtension>
            <ns3:hr>149</ns3:hr>
            <ns3:cad>82</ns3:cad>
          </ns3:TrackPointExtension>
        </extensions>
      </trkpt>
      <trkpt lat="23.17818573676049709320068359375" lon="113.26397853903472423553466796875">
        <ele>9.6000003814697265625</ele>
        <time>2023-10-31T23:27:40.000Z</time>
        <extensions>
          <ns3:TrackPointExtension>
            <ns3:hr>154</ns3:hr>
            <ns3:cad>82</ns3:cad>
          </ns3:TrackPointExtension>
        </extensions>
      </trkpt>
      <trkpt lat="23.17815908230841159820556640625" lon="113.263973258435726165771484375">
        <ele>10</ele>
        <time>2023-10-31T23:27:41.000Z</time>
        <extensions>
          <ns3:TrackPointExtension>
            <ns3:hr>159</ns3:hr>
            <ns3:cad>82</ns3:cad>
          </ns3:TrackPointExtension>
        </extensions>
      </trkpt>
      <trkpt lat="23.17811633460223674774169921875" lon="113.26396563090384006500244140625">
        <ele>10.3999996185302734375</ele>
        <time>2023-10-31T23:27:42.000Z</time>
        <extensions>
          <ns3:TrackPointExtension>
            <ns3:hr>152</ns3:hr>
            <ns3:cad>82</ns3:cad>
          </ns3:TrackPointExtension>
        </extensions>
      </trkpt>
      <trkpt lat="23.17800435237586498260498046875" lon="113.2639241404831409454345703125">
        <ele>11.80000019073486328125</ele>
        <time>2023-10-31T23:27:48.000Z</time>
        <extensions>
          <ns3:TrackPointExtension>
            <ns3:hr>148</ns3:hr>
            <ns3:cad>83</ns3:cad>
          </ns3:TrackPointExtension>
        </extensions>
      </trkpt>
      <trkpt lat="23.1779284961521625518798828125" lon="113.26388030312955379486083984375">
        <ele>12.3999996185302734375</ele>
        <time>2023-10-31T23:27:51.000Z</time>
        <extensions>
          <ns3:TrackPointExtension>
            <ns3:hr>145</ns3:hr>
            <ns3:cad>82</ns3:cad>
          </ns3:TrackPointExtension>
        </extensions>
      </trkpt>
      <trkpt lat="23.17785716615617275238037109375" lon="113.2638228870928287506103515625">
        <ele>12.80000019073486328125</ele>
        <time>2023-10-31T23:27:54.000Z</time>
        <extensions>
          <ns3:TrackPointExtension>
            <ns3:hr>150</ns3:hr>
            <ns3:cad>83</ns3:cad>
          </ns3:TrackPointExtension>
        </extensions>
      </trkpt>
      <trkpt lat="23.177753984928131103515625" lon="113.263751305639743804931640625">
        <ele>12.3999996185302734375</ele>
        <time>2023-10-31T23:27:58.000Z</time>
        <extensions>
          <ns3:TrackPointExtension>
            <ns3:hr>146</ns3:hr>
            <ns3:cad>84</ns3:cad>
          </ns3:TrackPointExtension>
        </extensions>
      </trkpt>
      <trkpt lat="23.1776495464146137237548828125" lon="113.26368031091988086700439453125">
        <ele>12.3999996185302734375</ele>
        <time>2023-10-31T23:28:02.000Z</time>
        <extensions>
          <ns3:TrackPointExtension>
            <ns3:hr>149</ns3:hr>
            <ns3:cad>83</ns3:cad>
          </ns3:TrackPointExtension>
        </extensions>
      </trkpt>
      <trkpt lat="23.177624233067035675048828125" lon="113.263663463294506072998046875">
        <ele>12.3999996185302734375</ele>
        <time>2023-10-31T23:28:03.000Z</time>
        <extensions>
          <ns3:TrackPointExtension>
            <ns3:hr>152</ns3:hr>
            <ns3:cad>83</ns3:cad>
          </ns3:TrackPointExtension>
        </extensions>
      </trkpt>
      <trkpt lat="23.177597410976886749267578125" lon="113.26364946551620960235595703125">
        <ele>12.3999996185302734375</ele>
        <time>2023-10-31T23:28:04.000Z</time>
        <extensions>
          <ns3:TrackPointExtension>
            <ns3:hr>155</ns3:hr>
            <ns3:cad>83</ns3:cad>
          </ns3:TrackPointExtension>
        </extensions>
      </trkpt>
      <trkpt lat="23.17757369019091129302978515625" lon="113.26363454572856426239013671875">
        <ele>12.6000003814697265625</ele>
        <time>2023-10-31T23:28:05.000Z</time>
        <extensions>
          <ns3:TrackPointExtension>
            <ns3:hr>155</ns3:hr>
            <ns3:cad>82</ns3:cad>
          </ns3:TrackPointExtension>
        </extensions>
      </trkpt>
      <trkpt lat="23.17745466716587543487548828125" lon="113.263564221560955047607421875">
        <ele>12.80000019073486328125</ele>
        <time>2023-10-31T23:28:10.000Z</time>
        <extensions>
          <ns3:TrackPointExtension>
            <ns3:hr>150</ns3:hr>
            <ns3:cad>84</ns3:cad>
          </ns3:TrackPointExtension>
        </extensions>
      </trkpt>
      <trkpt lat="23.1774066388607025146484375" lon="113.263536393642425537109375">
        <ele>13</ele>
        <time>2023-10-31T23:28:12.000Z</time>
        <extensions>
          <ns3:TrackPointExtension>
            <ns3:hr>155</ns3:hr>
            <ns3:cad>84</ns3:cad>
          </ns3:TrackPointExtension>
        </extensions>
      </trkpt>
      <trkpt lat="23.177242018282413482666015625" lon="113.26345123350620269775390625">
        <ele>11.3999996185302734375</ele>
        <time>2023-10-31T23:28:20.000Z</time>
        <extensions>
          <ns3:TrackPointExtension>
            <ns3:hr>154</ns3:hr>
            <ns3:cad>84</ns3:cad>
          </ns3:TrackPointExtension>
        </extensions>
      </trkpt>
      <trkpt lat="23.177067339420318603515625" lon="113.26332692988216876983642578125">
        <ele>9.6000003814697265625</ele>
        <time>2023-10-31T23:28:29.000Z</time>
        <extensions>
          <ns3:TrackPointExtension>
            <ns3:hr>154</ns3:hr>
            <ns3:cad>84</ns3:cad>
          </ns3:TrackPointExtension>
        </extensions>
      </trkpt>
      <trkpt lat="23.177016712725162506103515625" lon="113.2632824219763278961181640625">
        <ele>8.80000019073486328125</ele>
        <time>2023-10-31T23:28:32.000Z</time>
        <extensions>
          <ns3:TrackPointExtension>
            <ns3:hr>157</ns3:hr>
            <ns3:cad>85</ns3:cad>
          </ns3:TrackPointExtension>
        </extensions>
      </trkpt>
      <trkpt lat="23.17698226310312747955322265625" lon="113.26323489658534526824951171875">
        <ele>8.3999996185302734375</ele>
        <time>2023-10-31T23:28:35.000Z</time>
        <extensions>
          <ns3:TrackPointExtension>
            <ns3:hr>160</ns3:hr>
            <ns3:cad>85</ns3:cad>
          </ns3:TrackPointExtension>
        </extensions>
      </trkpt>
      <trkpt lat="23.176942281424999237060546875" lon="113.26321377418935298919677734375">
        <ele>8.19999980926513671875</ele>
        <time>2023-10-31T23:28:37.000Z</time>
        <extensions>
          <ns3:TrackPointExtension>
            <ns3:hr>164</ns3:hr>
            <ns3:cad>85</ns3:cad>
          </ns3:TrackPointExtension>
        </extensions>
      </trkpt>
      <trkpt lat="23.17687363363802433013916015625" lon="113.263196088373661041259765625">
        <ele>7.400000095367431640625</ele>
        <time>2023-10-31T23:28:40.000Z</time>
        <extensions>
          <ns3:TrackPointExtension>
            <ns3:hr>167</ns3:hr>
            <ns3:cad>84</ns3:cad>
          </ns3:TrackPointExtension>
        </extensions>
      </trkpt>
      <trkpt lat="23.17669644020497798919677734375" lon="113.26310413889586925506591796875">
        <ele>8.19999980926513671875</ele>
        <time>2023-10-31T23:28:47.000Z</time>
        <extensions>
          <ns3:TrackPointExtension>
            <ns3:hr>167</ns3:hr>
            <ns3:cad>83</ns3:cad>
          </ns3:TrackPointExtension>
        </extensions>
      </trkpt>
      <trkpt lat="23.1765424646437168121337890625" lon="113.263019733130931854248046875">
        <ele>8.80000019073486328125</ele>
        <time>2023-10-31T23:28:54.000Z</time>
        <extensions>
          <ns3:TrackPointExtension>
            <ns3:hr>164</ns3:hr>
            <ns3:cad>81</ns3:cad>
          </ns3:TrackPointExtension>
        </extensions>
      </trkpt>
      <trkpt lat="23.17637893371284008026123046875" lon="113.26291076838970184326171875">
        <ele>9.19999980926513671875</ele>
        <time>2023-10-31T23:29:02.000Z</time>
        <extensions>
          <ns3:TrackPointExtension>
            <ns3:hr>163</ns3:hr>
            <ns3:cad>81</ns3:cad>
          </ns3:TrackPointExtension>
        </extensions>
      </trkpt>
      <trkpt lat="23.17629092372953891754150390625" lon="113.262730054557323455810546875">
        <ele>10.80000019073486328125</ele>
        <time>2023-10-31T23:29:17.000Z</time>
        <extensions>
          <ns3:TrackPointExtension>
            <ns3:hr>161</ns3:hr>
            <ns3:cad>61</ns3:cad>
          </ns3:TrackPointExtension>
        </extensions>
      </trkpt>
      <trkpt lat="23.176267705857753753662109375" lon="113.26267263852059841156005859375">
        <ele>10.80000019073486328125</ele>
        <time>2023-10-31T23:29:22.000Z</time>
        <extensions>
          <ns3:TrackPointExtension>
            <ns3:hr>158</ns3:hr>
            <ns3:cad>0</ns3:cad>
          </ns3:TrackPointExtension>
        </extensions>
      </trkpt>
      <trkpt lat="23.17624599672853946685791015625" lon="113.2626413740217685699462890625">
        <ele>10.80000019073486328125</ele>
        <time>2023-10-31T23:29:25.000Z</time>
        <extensions>
          <ns3:TrackPointExtension>
            <ns3:hr>158</ns3:hr>
            <ns3:cad>61</ns3:cad>
          </ns3:TrackPointExtension>
        </extensions>
      </trkpt>
      <trkpt lat="23.17613594233989715576171875" lon="113.26252578757703304290771484375">
        <ele>10.3999996185302734375</ele>
        <time>2023-10-31T23:29:37.000Z</time>
        <extensions>
          <ns3:TrackPointExtension>
            <ns3:hr>155</ns3:hr>
            <ns3:cad>0</ns3:cad>
          </ns3:TrackPointExtension>
        </extensions>
      </trkpt>
      <trkpt lat="23.176114149391651153564453125" lon="113.26251388527452945709228515625">
        <ele>10.3999996185302734375</ele>
        <time>2023-10-31T23:29:39.000Z</time>
        <extensions>
          <ns3:TrackPointExtension>
            <ns3:hr>152</ns3:hr>
            <ns3:cad>0</ns3:cad>
          </ns3:TrackPointExtension>
        </extensions>
      </trkpt>
      <trkpt lat="23.1760915182530879974365234375" lon="113.2624970376491546630859375">
        <ele>10.19999980926513671875</ele>
        <time>2023-10-31T23:29:42.000Z</time>
        <extensions>
          <ns3:TrackPointExtension>
            <ns3:hr>149</ns3:hr>
            <ns3:cad>61</ns3:cad>
          </ns3:TrackPointExtension>
        </extensions>
      </trkpt>
      <trkpt lat="23.17601465620100498199462890625" lon="113.262473903596401214599609375">
        <ele>10</ele>
        <time>2023-10-31T23:29:48.000Z</time>
        <extensions>
          <ns3:TrackPointExtension>
            <ns3:hr>146</ns3:hr>
            <ns3:cad>0</ns3:cad>
          </ns3:TrackPointExtension>
        </extensions>
      </trkpt>
      <trkpt lat="23.17598280496895313262939453125" lon="113.262457139790058135986328125">
        <ele>10.19999980926513671875</ele>
        <time>2023-10-31T23:29:52.000Z</time>
        <extensions>
          <ns3:TrackPointExtension>
            <ns3:hr>143</ns3:hr>
            <ns3:cad>61</ns3:cad>
          </ns3:TrackPointExtension>
        </extensions>
      </trkpt>
      <trkpt lat="23.1759379617869853973388671875" lon="113.26242587529122829437255859375">
        <ele>10.3999996185302734375</ele>
        <time>2023-10-31T23:29:57.000Z</time>
        <extensions>
          <ns3:TrackPointExtension>
            <ns3:hr>140</ns3:hr>
            <ns3:cad>61</ns3:cad>
          </ns3:TrackPointExtension>
        </extensions>
      </trkpt>
      <trkpt lat="23.1759165041148662567138671875" lon="113.26241321861743927001953125">
        <ele>10.19999980926513671875</ele>
        <time>2023-10-31T23:30:01.000Z</time>
        <extensions>
          <ns3:TrackPointExtension>
            <ns3:hr>139</ns3:hr>
            <ns3:cad>61</ns3:cad>
          </ns3:TrackPointExtension>
        </extensions>
      </trkpt>
      <trkpt lat="23.17582488991320133209228515625" lon="113.26233283616602420806884765625">
        <ele>8.80000019073486328125</ele>
        <time>2023-10-31T23:30:12.000Z</time>
        <extensions>
          <ns3:TrackPointExtension>
            <ns3:hr>136</ns3:hr>
            <ns3:cad>61</ns3:cad>
          </ns3:TrackPointExtension>
        </extensions>
      </trkpt>
      <trkpt lat="23.17578348331153392791748046875" lon="113.2622985541820526123046875">
        <ele>8.19999980926513671875</ele>
        <time>2023-10-31T23:30:18.000Z</time>
        <extensions>
          <ns3:TrackPointExtension>
            <ns3:hr>135</ns3:hr>
            <ns3:cad>61</ns3:cad>
          </ns3:TrackPointExtension>
        </extensions>
      </trkpt>
      <trkpt lat="23.17576990462839603424072265625" lon="113.2623012363910675048828125">
        <ele>8.3999996185302734375</ele>
        <time>2023-10-31T23:30:20.000Z</time>
        <extensions>
          <ns3:TrackPointExtension>
            <ns3:hr>135</ns3:hr>
            <ns3:cad>61</ns3:cad>
          </ns3:TrackPointExtension>
        </extensions>
      </trkpt>
      <trkpt lat="23.17574928514659404754638671875" lon="113.26229310594499111175537109375">
        <ele>8.3999996185302734375</ele>
        <time>2023-10-31T23:30:23.000Z</time>
        <extensions>
          <ns3:TrackPointExtension>
            <ns3:hr>135</ns3:hr>
            <ns3:cad>61</ns3:cad>
          </ns3:TrackPointExtension>
        </extensions>
      </trkpt>
      <trkpt lat="23.17567032761871814727783203125" lon="113.26223040930926799774169921875">
        <ele>6</ele>
        <time>2023-10-31T23:30:34.000Z</time>
        <extensions>
          <ns3:TrackPointExtension>
            <ns3:hr>134</ns3:hr>
            <ns3:cad>61</ns3:cad>
          </ns3:TrackPointExtension>
        </extensions>
      </trkpt>
      <trkpt lat="23.1756134144961833953857421875" lon="113.262198306620121002197265625">
        <ele>4.599999904632568359375</ele>
        <time>2023-10-31T23:30:40.000Z</time>
        <extensions>
          <ns3:TrackPointExtension>
            <ns3:hr>131</ns3:hr>
            <ns3:cad>61</ns3:cad>
          </ns3:TrackPointExtension>
        </extensions>
      </trkpt>
      <trkpt lat="23.1755785457789897918701171875" lon="113.2622288167476654052734375">
        <ele>5</ele>
        <time>2023-10-31T23:30:42.000Z</time>
        <extensions>
          <ns3:TrackPointExtension>
            <ns3:hr>128</ns3:hr>
            <ns3:cad>61</ns3:cad>
          </ns3:TrackPointExtension>
        </extensions>
      </trkpt>
      <trkpt lat="23.17550436593592166900634765625" lon="113.26233166269958019256591796875">
        <ele>6.400000095367431640625</ele>
        <time>2023-10-31T23:30:51.000Z</time>
        <extensions>
          <ns3:TrackPointExtension>
            <ns3:hr>125</ns3:hr>
            <ns3:cad>61</ns3:cad>
          </ns3:TrackPointExtension>
        </extensions>
      </trkpt>
      <trkpt lat="23.17548391409218311309814453125" lon="113.2623332552611827850341796875">
        <ele>6</ele>
        <time>2023-10-31T23:30:52.000Z</time>
        <extensions>
          <ns3:TrackPointExtension>
            <ns3:hr>123</ns3:hr>
            <ns3:cad>61</ns3:cad>
          </ns3:TrackPointExtension>
        </extensions>
      </trkpt>
      <trkpt lat="23.1753247417509555816650390625" lon="113.26222655363380908966064453125">
        <ele>2.599999904632568359375</ele>
        <time>2023-10-31T23:31:06.000Z</time>
        <extensions>
          <ns3:TrackPointExtension>
            <ns3:hr>121</ns3:hr>
            <ns3:cad>61</ns3:cad>
          </ns3:TrackPointExtension>
        </extensions>
      </trkpt>
      <trkpt lat="23.17525374703109264373779296875" lon="113.26215731911361217498779296875">
        <ele>0.60000002384185791015625</ele>
        <time>2023-10-31T23:31:14.000Z</time>
        <extensions>
          <ns3:TrackPointExtension>
            <ns3:hr>123</ns3:hr>
            <ns3:cad>0</ns3:cad>
          </ns3:TrackPointExtension>
        </extensions>
      </trkpt>
      <trkpt lat="23.17522399127483367919921875" lon="113.26213695108890533447265625">
        <ele>0.4000000059604644775390625</ele>
        <time>2023-10-31T23:31:17.000Z</time>
        <extensions>
          <ns3:TrackPointExtension>
            <ns3:hr>123</ns3:hr>
            <ns3:cad>0</ns3:cad>
          </ns3:TrackPointExtension>
        </extensions>
      </trkpt>
      <trkpt lat="23.1752016954123973846435546875" lon="113.262113146483898162841796875">
        <ele>0.4000000059604644775390625</ele>
        <time>2023-10-31T23:31:19.000Z</time>
        <extensions>
          <ns3:TrackPointExtension>
            <ns3:hr>123</ns3:hr>
            <ns3:cad>0</ns3:cad>
          </ns3:TrackPointExtension>
        </extensions>
      </trkpt>
      <trkpt lat="23.17511661909520626068115234375" lon="113.26201784424483776092529296875">
        <ele>2.2000000476837158203125</ele>
        <time>2023-10-31T23:31:27.000Z</time>
        <extensions>
          <ns3:TrackPointExtension>
            <ns3:hr>120</ns3:hr>
            <ns3:cad>59</ns3:cad>
          </ns3:TrackPointExtension>
        </extensions>
      </trkpt>
      <trkpt lat="23.1749985180795192718505859375" lon="113.2618608511984348297119140625">
        <ele>5.400000095367431640625</ele>
        <time>2023-10-31T23:31:42.000Z</time>
        <extensions>
          <ns3:TrackPointExtension>
            <ns3:hr>123</ns3:hr>
            <ns3:cad>61</ns3:cad>
          </ns3:TrackPointExtension>
        </extensions>
      </trkpt>
      <trkpt lat="23.1748325563967227935791015625" lon="113.26174425892531871795654296875">
        <ele>8.3999996185302734375</ele>
        <time>2023-10-31T23:31:50.000Z</time>
        <extensions>
          <ns3:TrackPointExtension>
            <ns3:hr>123</ns3:hr>
            <ns3:cad>81</ns3:cad>
          </ns3:TrackPointExtension>
        </extensions>
      </trkpt>
      <trkpt lat="23.174769692122936248779296875" lon="113.26170184649527072906494140625">
        <ele>9.6000003814697265625</ele>
        <time>2023-10-31T23:31:52.000Z</time>
        <extensions>
          <ns3:TrackPointExtension>
            <ns3:hr>126</ns3:hr>
            <ns3:cad>82</ns3:cad>
          </ns3:TrackPointExtension>
        </extensions>
      </trkpt>
      <trkpt lat="23.17465645261108875274658203125" lon="113.2616412453353404998779296875">
        <ele>11.6000003814697265625</ele>
        <time>2023-10-31T23:31:55.000Z</time>
        <extensions>
          <ns3:TrackPointExtension>
            <ns3:hr>130</ns3:hr>
            <ns3:cad>82</ns3:cad>
          </ns3:TrackPointExtension>
        </extensions>
      </trkpt>
      <trkpt lat="23.1745904870331287384033203125" lon="113.26160277239978313446044921875">
        <ele>12.3999996185302734375</ele>
        <time>2023-10-31T23:31:57.000Z</time>
        <extensions>
          <ns3:TrackPointExtension>
            <ns3:hr>135</ns3:hr>
            <ns3:cad>82</ns3:cad>
          </ns3:TrackPointExtension>
        </extensions>
      </trkpt>
      <trkpt lat="23.1745606474578380584716796875" lon="113.26158315874636173248291015625">
        <ele>12.80000019073486328125</ele>
        <time>2023-10-31T23:31:58.000Z</time>
        <extensions>
          <ns3:TrackPointExtension>
            <ns3:hr>139</ns3:hr>
            <ns3:cad>83</ns3:cad>
          </ns3:TrackPointExtension>
        </extensions>
      </trkpt>
      <trkpt lat="23.17450121976435184478759765625" lon="113.26154091395437717437744140625">
        <ele>13.3999996185302734375</ele>
        <time>2023-10-31T23:32:00.000Z</time>
        <extensions>
          <ns3:TrackPointExtension>
            <ns3:hr>143</ns3:hr>
            <ns3:cad>83</ns3:cad>
          </ns3:TrackPointExtension>
        </extensions>
      </trkpt>
      <trkpt lat="23.17436342127621173858642578125" lon="113.26143496669828891754150390625">
        <ele>14.80000019073486328125</ele>
        <time>2023-10-31T23:32:06.000Z</time>
        <extensions>
          <ns3:TrackPointExtension>
            <ns3:hr>147</ns3:hr>
            <ns3:cad>83</ns3:cad>
          </ns3:TrackPointExtension>
        </extensions>
      </trkpt>
      <trkpt lat="23.17427842877805233001708984375" lon="113.26136841438710689544677734375">
        <ele>15.19999980926513671875</ele>
        <time>2023-10-31T23:32:09.000Z</time>
        <extensions>
          <ns3:TrackPointExtension>
            <ns3:hr>151</ns3:hr>
            <ns3:cad>83</ns3:cad>
          </ns3:TrackPointExtension>
        </extensions>
      </trkpt>
      <trkpt lat="23.1742575578391551971435546875" lon="113.26135248877108097076416015625">
        <ele>15.3999996185302734375</ele>
        <time>2023-10-31T23:32:10.000Z</time>
        <extensions>
          <ns3:TrackPointExtension>
            <ns3:hr>155</ns3:hr>
            <ns3:cad>83</ns3:cad>
          </ns3:TrackPointExtension>
        </extensions>
      </trkpt>
      <trkpt lat="23.17423383705317974090576171875" lon="113.26133773662149906158447265625">
        <ele>15.3999996185302734375</ele>
        <time>2023-10-31T23:32:11.000Z</time>
        <extensions>
          <ns3:TrackPointExtension>
            <ns3:hr>154</ns3:hr>
            <ns3:cad>83</ns3:cad>
          </ns3:TrackPointExtension>
        </extensions>
      </trkpt>
      <trkpt lat="23.1742072664201259613037109375" lon="113.26133497059345245361328125">
        <ele>15.6000003814697265625</ele>
        <time>2023-10-31T23:32:12.000Z</time>
        <extensions>
          <ns3:TrackPointExtension>
            <ns3:hr>158</ns3:hr>
            <ns3:cad>84</ns3:cad>
          </ns3:TrackPointExtension>
        </extensions>
      </trkpt>
      <trkpt lat="23.174138031899929046630859375" lon="113.26134343631565570831298828125">
        <ele>15.80000019073486328125</ele>
        <time>2023-10-31T23:32:16.000Z</time>
        <extensions>
          <ns3:TrackPointExtension>
            <ns3:hr>155</ns3:hr>
            <ns3:cad>83</ns3:cad>
          </ns3:TrackPointExtension>
        </extensions>
      </trkpt>
      <trkpt lat="23.1739916838705539703369140625" lon="113.26122022233903408050537109375">
        <ele>17.6000003814697265625</ele>
        <time>2023-10-31T23:32:24.000Z</time>
        <extensions>
          <ns3:TrackPointExtension>
            <ns3:hr>157</ns3:hr>
            <ns3:cad>84</ns3:cad>
          </ns3:TrackPointExtension>
        </extensions>
      </trkpt>
      <trkpt lat="23.17390945740044116973876953125" lon="113.26123581267893314361572265625">
        <ele>17.799999237060546875</ele>
        <time>2023-10-31T23:32:27.000Z</time>
        <extensions>
          <ns3:TrackPointExtension>
            <ns3:hr>162</ns3:hr>
            <ns3:cad>83</ns3:cad>
          </ns3:TrackPointExtension>
        </extensions>
      </trkpt>
      <trkpt lat="23.173800073564052581787109375" lon="113.26117596589028835296630859375">
        <ele>19.200000762939453125</ele>
        <time>2023-10-31T23:32:32.000Z</time>
        <extensions>
          <ns3:TrackPointExtension>
            <ns3:hr>157</ns3:hr>
            <ns3:cad>84</ns3:cad>
          </ns3:TrackPointExtension>
        </extensions>
      </trkpt>
      <trkpt lat="23.17372404970228672027587890625" lon="113.26112131588160991668701171875">
        <ele>18.6000003814697265625</ele>
        <time>2023-10-31T23:32:36.000Z</time>
        <extensions>
          <ns3:TrackPointExtension>
            <ns3:hr>160</ns3:hr>
            <ns3:cad>84</ns3:cad>
          </ns3:TrackPointExtension>
        </extensions>
      </trkpt>
      <trkpt lat="23.17365699447691440582275390625" lon="113.261070437729358673095703125">
        <ele>18</ele>
        <time>2023-10-31T23:32:42.000Z</time>
        <extensions>
          <ns3:TrackPointExtension>
            <ns3:hr>155</ns3:hr>
            <ns3:cad>84</ns3:cad>
          </ns3:TrackPointExtension>
        </extensions>
      </trkpt>
      <trkpt lat="23.17365816794335842132568359375" lon="113.26106482185423374176025390625">
        <ele>18.200000762939453125</ele>
        <time>2023-10-31T23:32:43.000Z</time>
        <extensions>
          <ns3:TrackPointExtension>
            <ns3:hr>158</ns3:hr>
            <ns3:cad>84</ns3:cad>
          </ns3:TrackPointExtension>
        </extensions>
      </trkpt>
      <trkpt lat="23.17365699447691440582275390625" lon="113.26103766448795795440673828125">
        <ele>18.3999996185302734375</ele>
        <time>2023-10-31T23:32:46.000Z</time>
        <extensions>
          <ns3:TrackPointExtension>
            <ns3:hr>161</ns3:hr>
            <ns3:cad>59</ns3:cad>
          </ns3:TrackPointExtension>
        </extensions>
      </trkpt>
      <trkpt lat="23.1736597605049610137939453125" lon="113.2610280252993106842041015625">
        <ele>18.200000762939453125</ele>
        <time>2023-10-31T23:32:47.000Z</time>
        <extensions>
          <ns3:TrackPointExtension>
            <ns3:hr>156</ns3:hr>
            <ns3:cad>59</ns3:cad>
          </ns3:TrackPointExtension>
        </extensions>
      </trkpt>
      <trkpt lat="23.1736743450164794921875" lon="113.2608208246529102325439453125">
        <ele>14</ele>
        <time>2023-10-31T23:33:03.000Z</time>
        <extensions>
          <ns3:TrackPointExtension>
            <ns3:hr>157</ns3:hr>
            <ns3:cad>61</ns3:cad>
          </ns3:TrackPointExtension>
        </extensions>
      </trkpt>
      <trkpt lat="23.17370116710662841796875" lon="113.26077246107161045074462890625">
        <ele>13.3999996185302734375</ele>
        <time>2023-10-31T23:33:08.000Z</time>
        <extensions>
          <ns3:TrackPointExtension>
            <ns3:hr>155</ns3:hr>
            <ns3:cad>61</ns3:cad>
          </ns3:TrackPointExtension>
        </extensions>
      </trkpt>
      <trkpt lat="23.17372262477874755859375" lon="113.2607380114495754241943359375">
        <ele>13.3999996185302734375</ele>
        <time>2023-10-31T23:33:11.000Z</time>
        <extensions>
          <ns3:TrackPointExtension>
            <ns3:hr>152</ns3:hr>
            <ns3:cad>61</ns3:cad>
          </ns3:TrackPointExtension>
        </extensions>
      </trkpt>
      <trkpt lat="23.17377048544585704803466796875" lon="113.26068579219281673431396484375">
        <ele>14</ele>
        <time>2023-10-31T23:33:16.000Z</time>
        <extensions>
          <ns3:TrackPointExtension>
            <ns3:hr>149</ns3:hr>
            <ns3:cad>61</ns3:cad>
          </ns3:TrackPointExtension>
        </extensions>
      </trkpt>
      <trkpt lat="23.17377534694969654083251953125" lon="113.26067808084189891815185546875">
        <ele>14.19999980926513671875</ele>
        <time>2023-10-31T23:33:17.000Z</time>
        <extensions>
          <ns3:TrackPointExtension>
            <ns3:hr>149</ns3:hr>
            <ns3:cad>61</ns3:cad>
          </ns3:TrackPointExtension>
        </extensions>
      </trkpt>
      <trkpt lat="23.17380418069660663604736328125" lon="113.26063332147896289825439453125">
        <ele>14.6000003814697265625</ele>
        <time>2023-10-31T23:33:20.000Z</time>
        <extensions>
          <ns3:TrackPointExtension>
            <ns3:hr>147</ns3:hr>
            <ns3:cad>57</ns3:cad>
          </ns3:TrackPointExtension>
        </extensions>
      </trkpt>
      <trkpt lat="23.17381373606622219085693359375" lon="113.2606072537600994110107421875">
        <ele>14.3999996185302734375</ele>
        <time>2023-10-31T23:33:22.000Z</time>
        <extensions>
          <ns3:TrackPointExtension>
            <ns3:hr>144</ns3:hr>
            <ns3:cad>57</ns3:cad>
          </ns3:TrackPointExtension>
        </extensions>
      </trkpt>
      <trkpt lat="23.17382119596004486083984375" lon="113.2605167292058467864990234375">
        <ele>14.19999980926513671875</ele>
        <time>2023-10-31T23:33:30.000Z</time>
        <extensions>
          <ns3:TrackPointExtension>
            <ns3:hr>141</ns3:hr>
            <ns3:cad>61</ns3:cad>
          </ns3:TrackPointExtension>
        </extensions>
      </trkpt>
      <trkpt lat="23.173810802400112152099609375" lon="113.26041924767196178436279296875">
        <ele>14.3999996185302734375</ele>
        <time>2023-10-31T23:33:37.000Z</time>
        <extensions>
          <ns3:TrackPointExtension>
            <ns3:hr>138</ns3:hr>
            <ns3:cad>61</ns3:cad>
          </ns3:TrackPointExtension>
        </extensions>
      </trkpt>
      <trkpt lat="23.1738052703440189361572265625" lon="113.260395526885986328125">
        <ele>14.3999996185302734375</ele>
        <time>2023-10-31T23:33:39.000Z</time>
        <extensions>
          <ns3:TrackPointExtension>
            <ns3:hr>137</ns3:hr>
            <ns3:cad>61</ns3:cad>
          </ns3:TrackPointExtension>
        </extensions>
      </trkpt>
      <trkpt lat="23.17382697947323322296142578125" lon="113.2603779248893260955810546875">
        <ele>14.80000019073486328125</ele>
        <time>2023-10-31T23:33:42.000Z</time>
        <extensions>
          <ns3:TrackPointExtension>
            <ns3:hr>136</ns3:hr>
            <ns3:cad>61</ns3:cad>
          </ns3:TrackPointExtension>
        </extensions>
      </trkpt>
      <trkpt lat="23.17386545240879058837890625" lon="113.2602096162736415863037109375">
        <ele>16</ele>
        <time>2023-10-31T23:33:55.000Z</time>
        <extensions>
          <ns3:TrackPointExtension>
            <ns3:hr>133</ns3:hr>
            <ns3:cad>61</ns3:cad>
          </ns3:TrackPointExtension>
        </extensions>
      </trkpt>
      <trkpt lat="23.173835277557373046875" lon="113.26016125269234180450439453125">
        <ele>15.80000019073486328125</ele>
        <time>2023-10-31T23:33:58.000Z</time>
        <extensions>
          <ns3:TrackPointExtension>
            <ns3:hr>134</ns3:hr>
            <ns3:cad>61</ns3:cad>
          </ns3:TrackPointExtension>
        </extensions>
      </trkpt>
      <trkpt lat="23.1738672964274883270263671875" lon="113.2600587420165538787841796875">
        <ele>17</ele>
        <time>2023-10-31T23:34:06.000Z</time>
        <extensions>
          <ns3:TrackPointExtension>
            <ns3:hr>133</ns3:hr>
            <ns3:cad>82</ns3:cad>
          </ns3:TrackPointExtension>
        </extensions>
      </trkpt>
      <trkpt lat="23.17389420233666896820068359375" lon="113.26003166846930980682373046875">
        <ele>17.6000003814697265625</ele>
        <time>2023-10-31T23:34:08.000Z</time>
        <extensions>
          <ns3:TrackPointExtension>
            <ns3:hr>130</ns3:hr>
            <ns3:cad>82</ns3:cad>
          </ns3:TrackPointExtension>
        </extensions>
      </trkpt>
      <trkpt lat="23.17389336414635181427001953125" lon="113.25988615863025188446044921875">
        <ele>16.3999996185302734375</ele>
        <time>2023-10-31T23:34:14.000Z</time>
        <extensions>
          <ns3:TrackPointExtension>
            <ns3:hr>134</ns3:hr>
            <ns3:cad>82</ns3:cad>
          </ns3:TrackPointExtension>
        </extensions>
      </trkpt>
      <trkpt lat="23.17387978546321392059326171875" lon="113.25986721552908420562744140625">
        <ele>16.200000762939453125</ele>
        <time>2023-10-31T23:34:15.000Z</time>
        <extensions>
          <ns3:TrackPointExtension>
            <ns3:hr>140</ns3:hr>
            <ns3:cad>82</ns3:cad>
          </ns3:TrackPointExtension>
        </extensions>
      </trkpt>
      <trkpt lat="23.17388364113867282867431640625" lon="113.25979663990437984466552734375">
        <ele>15.6000003814697265625</ele>
        <time>2023-10-31T23:34:18.000Z</time>
        <extensions>
          <ns3:TrackPointExtension>
            <ns3:hr>143</ns3:hr>
            <ns3:cad>82</ns3:cad>
          </ns3:TrackPointExtension>
        </extensions>
      </trkpt>
      <trkpt lat="23.173932172358036041259765625" lon="113.25971969403326511383056640625">
        <ele>13.3999996185302734375</ele>
        <time>2023-10-31T23:34:21.000Z</time>
        <extensions>
          <ns3:TrackPointExtension>
            <ns3:hr>147</ns3:hr>
            <ns3:cad>81</ns3:cad>
          </ns3:TrackPointExtension>
        </extensions>
      </trkpt>
      <trkpt lat="23.173945583403110504150390625" lon="113.2596932910382747650146484375">
        <ele>12.3999996185302734375</ele>
        <time>2023-10-31T23:34:22.000Z</time>
        <extensions>
          <ns3:TrackPointExtension>
            <ns3:hr>151</ns3:hr>
            <ns3:cad>81</ns3:cad>
          </ns3:TrackPointExtension>
        </extensions>
      </trkpt>
      <trkpt lat="23.17396762780845165252685546875" lon="113.25964492745697498321533203125">
        <ele>10.6000003814697265625</ele>
        <time>2023-10-31T23:34:23.000Z</time>
        <extensions>
          <ns3:TrackPointExtension>
            <ns3:hr>151</ns3:hr>
            <ns3:cad>82</ns3:cad>
          </ns3:TrackPointExtension>
        </extensions>
      </trkpt>
      <trkpt lat="23.17397617734968662261962890625" lon="113.2596010901033878326416015625">
        <ele>8.80000019073486328125</ele>
        <time>2023-10-31T23:34:26.000Z</time>
        <extensions>
          <ns3:TrackPointExtension>
            <ns3:hr>157</ns3:hr>
            <ns3:cad>82</ns3:cad>
          </ns3:TrackPointExtension>
        </extensions>
      </trkpt>
      <trkpt lat="23.1740029156208038330078125" lon="113.25954258441925048828125">
        <ele>7</ele>
        <time>2023-10-31T23:34:29.000Z</time>
        <extensions>
          <ns3:TrackPointExtension>
            <ns3:hr>161</ns3:hr>
            <ns3:cad>82</ns3:cad>
          </ns3:TrackPointExtension>
        </extensions>
      </trkpt>
      <trkpt lat="23.174025714397430419921875" lon="113.25949874706566333770751953125">
        <ele>6.19999980926513671875</ele>
        <time>2023-10-31T23:34:31.000Z</time>
        <extensions>
          <ns3:TrackPointExtension>
            <ns3:hr>166</ns3:hr>
            <ns3:cad>82</ns3:cad>
          </ns3:TrackPointExtension>
        </extensions>
      </trkpt>
      <trkpt lat="23.174077682197093963623046875" lon="113.25943035073578357696533203125">
        <ele>5</ele>
        <time>2023-10-31T23:34:34.000Z</time>
        <extensions>
          <ns3:TrackPointExtension>
            <ns3:hr>163</ns3:hr>
            <ns3:cad>82</ns3:cad>
          </ns3:TrackPointExtension>
        </extensions>
      </trkpt>
      <trkpt lat="23.174092769622802734375" lon="113.2594056241214275360107421875">
        <ele>4.400000095367431640625</ele>
        <time>2023-10-31T23:34:35.000Z</time>
        <extensions>
          <ns3:TrackPointExtension>
            <ns3:hr>157</ns3:hr>
            <ns3:cad>82</ns3:cad>
          </ns3:TrackPointExtension>
        </extensions>
      </trkpt>
      <trkpt lat="23.17412168718874454498291015625" lon="113.25936019420623779296875">
        <ele>4.400000095367431640625</ele>
        <time>2023-10-31T23:34:37.000Z</time>
        <extensions>
          <ns3:TrackPointExtension>
            <ns3:hr>160</ns3:hr>
            <ns3:cad>83</ns3:cad>
          </ns3:TrackPointExtension>
        </extensions>
      </trkpt>
      <trkpt lat="23.17417533136904239654541015625" lon="113.259265311062335968017578125">
        <ele>5</ele>
        <time>2023-10-31T23:34:41.000Z</time>
        <extensions>
          <ns3:TrackPointExtension>
            <ns3:hr>157</ns3:hr>
            <ns3:cad>82</ns3:cad>
          </ns3:TrackPointExtension>
        </extensions>
      </trkpt>
      <trkpt lat="23.17418823949992656707763671875" lon="113.259240500628948211669921875">
        <ele>5.19999980926513671875</ele>
        <time>2023-10-31T23:34:42.000Z</time>
        <extensions>
          <ns3:TrackPointExtension>
            <ns3:hr>154</ns3:hr>
            <ns3:cad>83</ns3:cad>
          </ns3:TrackPointExtension>
        </extensions>
      </trkpt>
      <trkpt lat="23.1742143072187900543212890625" lon="113.25919766910374164581298828125">
        <ele>5</ele>
        <time>2023-10-31T23:34:44.000Z</time>
        <extensions>
          <ns3:TrackPointExtension>
            <ns3:hr>160</ns3:hr>
            <ns3:cad>82</ns3:cad>
          </ns3:TrackPointExtension>
        </extensions>
      </trkpt>
      <trkpt lat="23.17427909933030605316162109375" lon="113.25911619700491428375244140625">
        <ele>4.19999980926513671875</ele>
        <time>2023-10-31T23:34:48.000Z</time>
        <extensions>
          <ns3:TrackPointExtension>
            <ns3:hr>157</ns3:hr>
            <ns3:cad>83</ns3:cad>
          </ns3:TrackPointExtension>
        </extensions>
      </trkpt>
      <trkpt lat="23.17429401911795139312744140625" lon="113.25909943319857120513916015625">
        <ele>4</ele>
        <time>2023-10-31T23:34:49.000Z</time>
        <extensions>
          <ns3:TrackPointExtension>
            <ns3:hr>153</ns3:hr>
            <ns3:cad>83</ns3:cad>
          </ns3:TrackPointExtension>
        </extensions>
      </trkpt>
      <trkpt lat="23.17431665025651454925537109375" lon="113.259054087102413177490234375">
        <ele>3.400000095367431640625</ele>
        <time>2023-10-31T23:34:51.000Z</time>
        <extensions>
          <ns3:TrackPointExtension>
            <ns3:hr>157</ns3:hr>
            <ns3:cad>83</ns3:cad>
          </ns3:TrackPointExtension>
        </extensions>
      </trkpt>
      <trkpt lat="23.174338527023792266845703125" lon="113.25900681316852569580078125">
        <ele>2.599999904632568359375</ele>
        <time>2023-10-31T23:34:53.000Z</time>
        <extensions>
          <ns3:TrackPointExtension>
            <ns3:hr>161</ns3:hr>
            <ns3:cad>84</ns3:cad>
          </ns3:TrackPointExtension>
        </extensions>
      </trkpt>
      <trkpt lat="23.1743480823934078216552734375" lon="113.2589825056493282318115234375">
        <ele>2.400000095367431640625</ele>
        <time>2023-10-31T23:34:54.000Z</time>
        <extensions>
          <ns3:TrackPointExtension>
            <ns3:hr>164</ns3:hr>
            <ns3:cad>84</ns3:cad>
          </ns3:TrackPointExtension>
        </extensions>
      </trkpt>
      <trkpt lat="23.1743611581623554229736328125" lon="113.25895786285400390625">
        <ele>2</ele>
        <time>2023-10-31T23:34:55.000Z</time>
        <extensions>
          <ns3:TrackPointExtension>
            <ns3:hr>164</ns3:hr>
            <ns3:cad>84</ns3:cad>
          </ns3:TrackPointExtension>
        </extensions>
      </trkpt>
      <trkpt lat="23.1744087673723697662353515625" lon="113.2588480599224567413330078125">
        <ele>0.60000002384185791015625</ele>
        <time>2023-10-31T23:34:59.000Z</time>
        <extensions>
          <ns3:TrackPointExtension>
            <ns3:hr>161</ns3:hr>
            <ns3:cad>84</ns3:cad>
          </ns3:TrackPointExtension>
        </extensions>
      </trkpt>
      <trkpt lat="23.17444154061377048492431640625" lon="113.25876868329942226409912109375">
        <ele>0</ele>
        <time>2023-10-31T23:35:02.000Z</time>
        <extensions>
          <ns3:TrackPointExtension>
            <ns3:hr>165</ns3:hr>
            <ns3:cad>84</ns3:cad>
          </ns3:TrackPointExtension>
        </extensions>
      </trkpt>
      <trkpt lat="23.17446199245750904083251953125" lon="113.258709423243999481201171875">
        <ele>-0.4000000059604644775390625</ele>
        <time>2023-10-31T23:35:04.000Z</time>
        <extensions>
          <ns3:TrackPointExtension>
            <ns3:hr>169</ns3:hr>
            <ns3:cad>83</ns3:cad>
          </ns3:TrackPointExtension>
        </extensions>
      </trkpt>
      <trkpt lat="23.17449904046952724456787109375" lon="113.258626945316791534423828125">
        <ele>0.20000000298023223876953125</ele>
        <time>2023-10-31T23:35:07.000Z</time>
        <extensions>
          <ns3:TrackPointExtension>
            <ns3:hr>165</ns3:hr>
            <ns3:cad>83</ns3:cad>
          </ns3:TrackPointExtension>
        </extensions>
      </trkpt>
      <trkpt lat="23.17459275014698505401611328125" lon="113.2584507577121257781982421875">
        <ele>4.19999980926513671875</ele>
        <time>2023-10-31T23:35:14.000Z</time>
        <extensions>
          <ns3:TrackPointExtension>
            <ns3:hr>163</ns3:hr>
            <ns3:cad>84</ns3:cad>
          </ns3:TrackPointExtension>
        </extensions>
      </trkpt>
      <trkpt lat="23.1746841967105865478515625" lon="113.2582589797675609588623046875">
        <ele>5.80000019073486328125</ele>
        <time>2023-10-31T23:35:22.000Z</time>
        <extensions>
          <ns3:TrackPointExtension>
            <ns3:hr>162</ns3:hr>
            <ns3:cad>84</ns3:cad>
          </ns3:TrackPointExtension>
        </extensions>
      </trkpt>
      <trkpt lat="23.1747673451900482177734375" lon="113.25810936279594898223876953125">
        <ele>4</ele>
        <time>2023-10-31T23:35:34.000Z</time>
        <extensions>
          <ns3:TrackPointExtension>
            <ns3:hr>159</ns3:hr>
            <ns3:cad>84</ns3:cad>
          </ns3:TrackPointExtension>
        </extensions>
      </trkpt>
      <trkpt lat="23.1747722066938877105712890625" lon="113.25809494592249393463134765625">
        <ele>3.7999999523162841796875</ele>
        <time>2023-10-31T23:35:37.000Z</time>
        <extensions>
          <ns3:TrackPointExtension>
            <ns3:hr>159</ns3:hr>
            <ns3:cad>56</ns3:cad>
          </ns3:TrackPointExtension>
        </extensions>
      </trkpt>
      <trkpt lat="23.1747644953429698944091796875" lon="113.25803979299962520599365234375">
        <ele>2.2000000476837158203125</ele>
        <time>2023-10-31T23:35:43.000Z</time>
        <extensions>
          <ns3:TrackPointExtension>
            <ns3:hr>159</ns3:hr>
            <ns3:cad>57</ns3:cad>
          </ns3:TrackPointExtension>
        </extensions>
      </trkpt>
      <trkpt lat="23.17476399242877960205078125" lon="113.2578895054757595062255859375">
        <ele>0.20000000298023223876953125</ele>
        <time>2023-10-31T23:35:55.000Z</time>
        <extensions>
          <ns3:TrackPointExtension>
            <ns3:hr>156</ns3:hr>
            <ns3:cad>61</ns3:cad>
          </ns3:TrackPointExtension>
        </extensions>
      </trkpt>
      <trkpt lat="23.17478989250957965850830078125" lon="113.25774625875055789947509765625">
        <ele>-1.39999997615814208984375</ele>
        <time>2023-10-31T23:36:06.000Z</time>
        <extensions>
          <ns3:TrackPointExtension>
            <ns3:hr>153</ns3:hr>
            <ns3:cad>61</ns3:cad>
          </ns3:TrackPointExtension>
        </extensions>
      </trkpt>
      <trkpt lat="23.17480263300240039825439453125" lon="113.257660008966922760009765625">
        <ele>-1</ele>
        <time>2023-10-31T23:36:12.000Z</time>
        <extensions>
          <ns3:TrackPointExtension>
            <ns3:hr>150</ns3:hr>
            <ns3:cad>61</ns3:cad>
          </ns3:TrackPointExtension>
        </extensions>
      </trkpt>
      <trkpt lat="23.17481688223779201507568359375" lon="113.257523886859416961669921875">
        <ele>0.4000000059604644775390625</ele>
        <time>2023-10-31T23:36:21.000Z</time>
        <extensions>
          <ns3:TrackPointExtension>
            <ns3:hr>148</ns3:hr>
            <ns3:cad>61</ns3:cad>
          </ns3:TrackPointExtension>
        </extensions>
      </trkpt>
      <trkpt lat="23.17478184588253498077392578125" lon="113.25748826377093791961669921875">
        <ele>0.60000002384185791015625</ele>
        <time>2023-10-31T23:36:25.000Z</time>
        <extensions>
          <ns3:TrackPointExtension>
            <ns3:hr>145</ns3:hr>
            <ns3:cad>61</ns3:cad>
          </ns3:TrackPointExtension>
        </extensions>
      </trkpt>
      <trkpt lat="23.1747259385883808135986328125" lon="113.25745389796793460845947265625">
        <ele>0.800000011920928955078125</ele>
        <time>2023-10-31T23:36:30.000Z</time>
        <extensions>
          <ns3:TrackPointExtension>
            <ns3:hr>142</ns3:hr>
            <ns3:cad>61</ns3:cad>
          </ns3:TrackPointExtension>
        </extensions>
      </trkpt>
    </trkseg>
  </trk>
</gpx>
