<gpx xmlns:ns3="http://www.garmin.com/xmlschemas/TrackPointExtension/v1" xmlns="http://www.topografix.com/GPX/1/1" xmlns:xsi="http://www.w3.org/2001/XMLSchema-instance" xmlns:ns2="http://www.garmin.com/xmlschemas/GpxExtensions/v3" creator="Garmin Connect" version="1.1" xsi:schemaLocation="http://www.topografix.com/GPX/1/1 http://www.topografix.com/GPX/11.xsd">
  <extensions>
<distance>6662.62</distance>
<average_hr>156.0</average_hr>
<average_speed>2.115999937057495</average_speed>
<start_time>2023-12-02T10:50:07+00:00</start_time>
<end_time>2023-12-02T11:42:35.862000+00:00</end_time>
<moving_time>3146.304</moving_time>
<elapsed_time>3148.862</elapsed_time>
</extensions>
<metadata>
    <link href="connect.garmin.com">
      <text>Garmin Connect</text>
    </link>
    <time>2023-12-02T10:50:07.000Z</time>
  </metadata>
  <trk>
    <name>广州市 跑步</name>
    <type>running</type>
    <trkseg>
      <trkpt lat="23.39351515285670757293701171875" lon="113.2479237578809261322021484375">
        <ele>0</ele>
        <time>2023-12-02T10:50:07.000Z</time>
        <extensions>
          <ns3:TrackPointExtension>
            <ns3:hr>71</ns3:hr>
            <ns3:cad>0</ns3:cad>
          </ns3:TrackPointExtension>
        </extensions>
      </trkpt>
      <trkpt lat="23.39352764189243316650390625" lon="113.24792568571865558624267578125">
        <ele>0</ele>
        <time>2023-12-02T10:50:08.000Z</time>
        <extensions>
          <ns3:TrackPointExtension>
            <ns3:hr>71</ns3:hr>
            <ns3:cad>0</ns3:cad>
          </ns3:TrackPointExtension>
        </extensions>
      </trkpt>
      <trkpt lat="23.39333460666239261627197265625" lon="113.24794177897274494171142578125">
        <ele>-0.800000011920928955078125</ele>
        <time>2023-12-02T10:50:22.000Z</time>
        <extensions>
          <ns3:TrackPointExtension>
            <ns3:hr>69</ns3:hr>
            <ns3:cad>81</ns3:cad>
          </ns3:TrackPointExtension>
        </extensions>
      </trkpt>
      <trkpt lat="23.3931724168360233306884765625" lon="113.2479514181613922119140625">
        <ele>1.39999997615814208984375</ele>
        <time>2023-12-02T10:50:29.000Z</time>
        <extensions>
          <ns3:TrackPointExtension>
            <ns3:hr>73</ns3:hr>
            <ns3:cad>83</ns3:cad>
          </ns3:TrackPointExtension>
        </extensions>
      </trkpt>
      <trkpt lat="23.39312707073986530303955078125" lon="113.24795636348426342010498046875">
        <ele>2.400000095367431640625</ele>
        <time>2023-12-02T10:50:31.000Z</time>
        <extensions>
          <ns3:TrackPointExtension>
            <ns3:hr>76</ns3:hr>
            <ns3:cad>83</ns3:cad>
          </ns3:TrackPointExtension>
        </extensions>
      </trkpt>
      <trkpt lat="23.39305699802935123443603515625" lon="113.24796742759644985198974609375">
        <ele>4.19999980926513671875</ele>
        <time>2023-12-02T10:50:34.000Z</time>
        <extensions>
          <ns3:TrackPointExtension>
            <ns3:hr>80</ns3:hr>
            <ns3:cad>83</ns3:cad>
          </ns3:TrackPointExtension>
        </extensions>
      </trkpt>
      <trkpt lat="23.39291869662702083587646484375" lon="113.24797664768993854522705078125">
        <ele>5.400000095367431640625</ele>
        <time>2023-12-02T10:50:40.000Z</time>
        <extensions>
          <ns3:TrackPointExtension>
            <ns3:hr>86</ns3:hr>
            <ns3:cad>83</ns3:cad>
          </ns3:TrackPointExtension>
        </extensions>
      </trkpt>
      <trkpt lat="23.39283697307109832763671875" lon="113.24798687361180782318115234375">
        <ele>5.599999904632568359375</ele>
        <time>2023-12-02T10:50:44.000Z</time>
        <extensions>
          <ns3:TrackPointExtension>
            <ns3:hr>93</ns3:hr>
            <ns3:cad>84</ns3:cad>
          </ns3:TrackPointExtension>
        </extensions>
      </trkpt>
      <trkpt lat="23.3928130008280277252197265625" lon="113.24798854999244213104248046875">
        <ele>5.80000019073486328125</ele>
        <time>2023-12-02T10:50:45.000Z</time>
        <extensions>
          <ns3:TrackPointExtension>
            <ns3:hr>93</ns3:hr>
            <ns3:cad>84</ns3:cad>
          </ns3:TrackPointExtension>
        </extensions>
      </trkpt>
      <trkpt lat="23.39270831085741519927978515625" lon="113.2479975186288356781005859375">
        <ele>6</ele>
        <time>2023-12-02T10:50:49.000Z</time>
        <extensions>
          <ns3:TrackPointExtension>
            <ns3:hr>90</ns3:hr>
            <ns3:cad>83</ns3:cad>
          </ns3:TrackPointExtension>
        </extensions>
      </trkpt>
      <trkpt lat="23.3926839195191860198974609375" lon="113.2480005361139774322509765625">
        <ele>5.80000019073486328125</ele>
        <time>2023-12-02T10:50:50.000Z</time>
        <extensions>
          <ns3:TrackPointExtension>
            <ns3:hr>87</ns3:hr>
            <ns3:cad>83</ns3:cad>
          </ns3:TrackPointExtension>
        </extensions>
      </trkpt>
      <trkpt lat="23.392634131014347076416015625" lon="113.24800279922783374786376953125">
        <ele>5.599999904632568359375</ele>
        <time>2023-12-02T10:50:52.000Z</time>
        <extensions>
          <ns3:TrackPointExtension>
            <ns3:hr>83</ns3:hr>
            <ns3:cad>83</ns3:cad>
          </ns3:TrackPointExtension>
        </extensions>
      </trkpt>
      <trkpt lat="23.392565064132213592529296875" lon="113.24799106456339359283447265625">
        <ele>5.400000095367431640625</ele>
        <time>2023-12-02T10:50:55.000Z</time>
        <extensions>
          <ns3:TrackPointExtension>
            <ns3:hr>86</ns3:hr>
            <ns3:cad>83</ns3:cad>
          </ns3:TrackPointExtension>
        </extensions>
      </trkpt>
      <trkpt lat="23.39253514073789119720458984375" lon="113.2479970157146453857421875">
        <ele>5.19999980926513671875</ele>
        <time>2023-12-02T10:50:56.000Z</time>
        <extensions>
          <ns3:TrackPointExtension>
            <ns3:hr>95</ns3:hr>
            <ns3:cad>83</ns3:cad>
          </ns3:TrackPointExtension>
        </extensions>
      </trkpt>
      <trkpt lat="23.39251242578029632568359375" lon="113.24799508787691593170166015625">
        <ele>5.19999980926513671875</ele>
        <time>2023-12-02T10:50:57.000Z</time>
        <extensions>
          <ns3:TrackPointExtension>
            <ns3:hr>93</ns3:hr>
            <ns3:cad>82</ns3:cad>
          </ns3:TrackPointExtension>
        </extensions>
      </trkpt>
      <trkpt lat="23.392458446323871612548828125" lon="113.2479911483824253082275390625">
        <ele>5</ele>
        <time>2023-12-02T10:50:59.000Z</time>
        <extensions>
          <ns3:TrackPointExtension>
            <ns3:hr>96</ns3:hr>
            <ns3:cad>82</ns3:cad>
          </ns3:TrackPointExtension>
        </extensions>
      </trkpt>
      <trkpt lat="23.3923543430864810943603515625" lon="113.24797027744352817535400390625">
        <ele>5</ele>
        <time>2023-12-02T10:51:03.000Z</time>
        <extensions>
          <ns3:TrackPointExtension>
            <ns3:hr>92</ns3:hr>
            <ns3:cad>83</ns3:cad>
          </ns3:TrackPointExtension>
        </extensions>
      </trkpt>
      <trkpt lat="23.39225091040134429931640625" lon="113.2479351572692394256591796875">
        <ele>5</ele>
        <time>2023-12-02T10:51:07.000Z</time>
        <extensions>
          <ns3:TrackPointExtension>
            <ns3:hr>95</ns3:hr>
            <ns3:cad>84</ns3:cad>
          </ns3:TrackPointExtension>
        </extensions>
      </trkpt>
      <trkpt lat="23.39217639528214931488037109375" lon="113.247896097600460052490234375">
        <ele>5</ele>
        <time>2023-12-02T10:51:10.000Z</time>
        <extensions>
          <ns3:TrackPointExtension>
            <ns3:hr>99</ns3:hr>
            <ns3:cad>84</ns3:cad>
          </ns3:TrackPointExtension>
        </extensions>
      </trkpt>
      <trkpt lat="23.39215393178164958953857421875" lon="113.24788101017475128173828125">
        <ele>5.19999980926513671875</ele>
        <time>2023-12-02T10:51:11.000Z</time>
        <extensions>
          <ns3:TrackPointExtension>
            <ns3:hr>103</ns3:hr>
            <ns3:cad>84</ns3:cad>
          </ns3:TrackPointExtension>
        </extensions>
      </trkpt>
      <trkpt lat="23.392129205167293548583984375" lon="113.2478687725961208343505859375">
        <ele>5.19999980926513671875</ele>
        <time>2023-12-02T10:51:12.000Z</time>
        <extensions>
          <ns3:TrackPointExtension>
            <ns3:hr>110</ns3:hr>
            <ns3:cad>84</ns3:cad>
          </ns3:TrackPointExtension>
        </extensions>
      </trkpt>
      <trkpt lat="23.39208033867180347442626953125" lon="113.24784572236239910125732421875">
        <ele>5.400000095367431640625</ele>
        <time>2023-12-02T10:51:14.000Z</time>
        <extensions>
          <ns3:TrackPointExtension>
            <ns3:hr>114</ns3:hr>
            <ns3:cad>84</ns3:cad>
          </ns3:TrackPointExtension>
        </extensions>
      </trkpt>
      <trkpt lat="23.3920552767813205718994140625" lon="113.2478335686028003692626953125">
        <ele>5.400000095367431640625</ele>
        <time>2023-12-02T10:51:15.000Z</time>
        <extensions>
          <ns3:TrackPointExtension>
            <ns3:hr>124</ns3:hr>
            <ns3:cad>84</ns3:cad>
          </ns3:TrackPointExtension>
        </extensions>
      </trkpt>
      <trkpt lat="23.392030298709869384765625" lon="113.247823007404804229736328125">
        <ele>5.599999904632568359375</ele>
        <time>2023-12-02T10:51:16.000Z</time>
        <extensions>
          <ns3:TrackPointExtension>
            <ns3:hr>124</ns3:hr>
            <ns3:cad>84</ns3:cad>
          </ns3:TrackPointExtension>
        </extensions>
      </trkpt>
      <trkpt lat="23.39200406335294246673583984375" lon="113.2478131167590618133544921875">
        <ele>5.80000019073486328125</ele>
        <time>2023-12-02T10:51:17.000Z</time>
        <extensions>
          <ns3:TrackPointExtension>
            <ns3:hr>128</ns3:hr>
            <ns3:cad>84</ns3:cad>
          </ns3:TrackPointExtension>
        </extensions>
      </trkpt>
      <trkpt lat="23.39198243804275989532470703125" lon="113.24779995717108249664306640625">
        <ele>5.80000019073486328125</ele>
        <time>2023-12-02T10:51:18.000Z</time>
        <extensions>
          <ns3:TrackPointExtension>
            <ns3:hr>153</ns3:hr>
            <ns3:cad>84</ns3:cad>
          </ns3:TrackPointExtension>
        </extensions>
      </trkpt>
      <trkpt lat="23.39196014218032360076904296875" lon="113.247790150344371795654296875">
        <ele>6</ele>
        <time>2023-12-02T10:51:19.000Z</time>
        <extensions>
          <ns3:TrackPointExtension>
            <ns3:hr>153</ns3:hr>
            <ns3:cad>84</ns3:cad>
          </ns3:TrackPointExtension>
        </extensions>
      </trkpt>
      <trkpt lat="23.3917920850217342376708984375" lon="113.2477313093841075897216796875">
        <ele>6.599999904632568359375</ele>
        <time>2023-12-02T10:51:26.000Z</time>
        <extensions>
          <ns3:TrackPointExtension>
            <ns3:hr>150</ns3:hr>
            <ns3:cad>84</ns3:cad>
          </ns3:TrackPointExtension>
        </extensions>
      </trkpt>
      <trkpt lat="23.391720838844776153564453125" lon="113.24770130217075347900390625">
        <ele>6.599999904632568359375</ele>
        <time>2023-12-02T10:51:29.000Z</time>
        <extensions>
          <ns3:TrackPointExtension>
            <ns3:hr>147</ns3:hr>
            <ns3:cad>84</ns3:cad>
          </ns3:TrackPointExtension>
        </extensions>
      </trkpt>
      <trkpt lat="23.391669876873493194580078125" lon="113.24768126942217350006103515625">
        <ele>6.400000095367431640625</ele>
        <time>2023-12-02T10:51:31.000Z</time>
        <extensions>
          <ns3:TrackPointExtension>
            <ns3:hr>144</ns3:hr>
            <ns3:cad>84</ns3:cad>
          </ns3:TrackPointExtension>
        </extensions>
      </trkpt>
      <trkpt lat="23.391642384231090545654296875" lon="113.2476723007857799530029296875">
        <ele>6.400000095367431640625</ele>
        <time>2023-12-02T10:51:32.000Z</time>
        <extensions>
          <ns3:TrackPointExtension>
            <ns3:hr>149</ns3:hr>
            <ns3:cad>84</ns3:cad>
          </ns3:TrackPointExtension>
        </extensions>
      </trkpt>
      <trkpt lat="23.39156367816030979156494140625" lon="113.24764790944755077362060546875">
        <ele>5.80000019073486328125</ele>
        <time>2023-12-02T10:51:35.000Z</time>
        <extensions>
          <ns3:TrackPointExtension>
            <ns3:hr>144</ns3:hr>
            <ns3:cad>85</ns3:cad>
          </ns3:TrackPointExtension>
        </extensions>
      </trkpt>
      <trkpt lat="23.391489498317241668701171875" lon="113.24762293137609958648681640625">
        <ele>4.80000019073486328125</ele>
        <time>2023-12-02T10:51:38.000Z</time>
        <extensions>
          <ns3:TrackPointExtension>
            <ns3:hr>156</ns3:hr>
            <ns3:cad>84</ns3:cad>
          </ns3:TrackPointExtension>
        </extensions>
      </trkpt>
      <trkpt lat="23.39146636426448822021484375" lon="113.2476119510829448699951171875">
        <ele>4.400000095367431640625</ele>
        <time>2023-12-02T10:51:39.000Z</time>
        <extensions>
          <ns3:TrackPointExtension>
            <ns3:hr>160</ns3:hr>
            <ns3:cad>84</ns3:cad>
          </ns3:TrackPointExtension>
        </extensions>
      </trkpt>
      <trkpt lat="23.39136586524546146392822265625" lon="113.2475811056792736053466796875">
        <ele>3.2000000476837158203125</ele>
        <time>2023-12-02T10:51:43.000Z</time>
        <extensions>
          <ns3:TrackPointExtension>
            <ns3:hr>157</ns3:hr>
            <ns3:cad>84</ns3:cad>
          </ns3:TrackPointExtension>
        </extensions>
      </trkpt>
      <trkpt lat="23.3912378735840320587158203125" lon="113.24754715897142887115478515625">
        <ele>2.400000095367431640625</ele>
        <time>2023-12-02T10:51:48.000Z</time>
        <extensions>
          <ns3:TrackPointExtension>
            <ns3:hr>161</ns3:hr>
            <ns3:cad>85</ns3:cad>
          </ns3:TrackPointExtension>
        </extensions>
      </trkpt>
      <trkpt lat="23.39104450307786464691162109375" lon="113.24748043902218341827392578125">
        <ele>1.60000002384185791015625</ele>
        <time>2023-12-02T10:51:56.000Z</time>
        <extensions>
          <ns3:TrackPointExtension>
            <ns3:hr>161</ns3:hr>
            <ns3:cad>83</ns3:cad>
          </ns3:TrackPointExtension>
        </extensions>
      </trkpt>
      <trkpt lat="23.39084903709590435028076171875" lon="113.24742210097610950469970703125">
        <ele>3.599999904632568359375</ele>
        <time>2023-12-02T10:52:04.000Z</time>
        <extensions>
          <ns3:TrackPointExtension>
            <ns3:hr>158</ns3:hr>
            <ns3:cad>83</ns3:cad>
          </ns3:TrackPointExtension>
        </extensions>
      </trkpt>
      <trkpt lat="23.39075683616101741790771484375" lon="113.247399888932704925537109375">
        <ele>4.400000095367431640625</ele>
        <time>2023-12-02T10:52:07.000Z</time>
        <extensions>
          <ns3:TrackPointExtension>
            <ns3:hr>155</ns3:hr>
            <ns3:cad>82</ns3:cad>
          </ns3:TrackPointExtension>
        </extensions>
      </trkpt>
      <trkpt lat="23.39070403017103672027587890625" lon="113.24737449176609516143798828125">
        <ele>4.80000019073486328125</ele>
        <time>2023-12-02T10:52:09.000Z</time>
        <extensions>
          <ns3:TrackPointExtension>
            <ns3:hr>152</ns3:hr>
            <ns3:cad>82</ns3:cad>
          </ns3:TrackPointExtension>
        </extensions>
      </trkpt>
      <trkpt lat="23.39067787863314151763916015625" lon="113.24736594222486019134521484375">
        <ele>5.19999980926513671875</ele>
        <time>2023-12-02T10:52:10.000Z</time>
        <extensions>
          <ns3:TrackPointExtension>
            <ns3:hr>148</ns3:hr>
            <ns3:cad>82</ns3:cad>
          </ns3:TrackPointExtension>
        </extensions>
      </trkpt>
      <trkpt lat="23.39065440930426120758056640625" lon="113.24735403992235660552978515625">
        <ele>5.400000095367431640625</ele>
        <time>2023-12-02T10:52:11.000Z</time>
        <extensions>
          <ns3:TrackPointExtension>
            <ns3:hr>148</ns3:hr>
            <ns3:cad>83</ns3:cad>
          </ns3:TrackPointExtension>
        </extensions>
      </trkpt>
      <trkpt lat="23.3905512280762195587158203125" lon="113.2473028264939785003662109375">
        <ele>6.19999980926513671875</ele>
        <time>2023-12-02T10:52:15.000Z</time>
        <extensions>
          <ns3:TrackPointExtension>
            <ns3:hr>145</ns3:hr>
            <ns3:cad>83</ns3:cad>
          </ns3:TrackPointExtension>
        </extensions>
      </trkpt>
      <trkpt lat="23.39039607904851436614990234375" lon="113.2471982203423976898193359375">
        <ele>6.599999904632568359375</ele>
        <time>2023-12-02T10:52:22.000Z</time>
        <extensions>
          <ns3:TrackPointExtension>
            <ns3:hr>146</ns3:hr>
            <ns3:cad>83</ns3:cad>
          </ns3:TrackPointExtension>
        </extensions>
      </trkpt>
      <trkpt lat="23.390270769596099853515625" lon="113.2470530457794666290283203125">
        <ele>6.19999980926513671875</ele>
        <time>2023-12-02T10:52:30.000Z</time>
        <extensions>
          <ns3:TrackPointExtension>
            <ns3:hr>144</ns3:hr>
            <ns3:cad>84</ns3:cad>
          </ns3:TrackPointExtension>
        </extensions>
      </trkpt>
      <trkpt lat="23.39020597748458385467529296875" lon="113.2469628565013408660888671875">
        <ele>5.400000095367431640625</ele>
        <time>2023-12-02T10:52:34.000Z</time>
        <extensions>
          <ns3:TrackPointExtension>
            <ns3:hr>141</ns3:hr>
            <ns3:cad>83</ns3:cad>
          </ns3:TrackPointExtension>
        </extensions>
      </trkpt>
      <trkpt lat="23.39007404632866382598876953125" lon="113.24681256897747516632080078125">
        <ele>3.599999904632568359375</ele>
        <time>2023-12-02T10:52:41.000Z</time>
        <extensions>
          <ns3:TrackPointExtension>
            <ns3:hr>139</ns3:hr>
            <ns3:cad>85</ns3:cad>
          </ns3:TrackPointExtension>
        </extensions>
      </trkpt>
      <trkpt lat="23.3899582922458648681640625" lon="113.246628083288669586181640625">
        <ele>2</ele>
        <time>2023-12-02T10:52:47.000Z</time>
        <extensions>
          <ns3:TrackPointExtension>
            <ns3:hr>139</ns3:hr>
            <ns3:cad>84</ns3:cad>
          </ns3:TrackPointExtension>
        </extensions>
      </trkpt>
      <trkpt lat="23.3898756466805934906005859375" lon="113.24642666615545749664306640625">
        <ele>2.2000000476837158203125</ele>
        <time>2023-12-02T10:52:53.000Z</time>
        <extensions>
          <ns3:TrackPointExtension>
            <ns3:hr>137</ns3:hr>
            <ns3:cad>83</ns3:cad>
          </ns3:TrackPointExtension>
        </extensions>
      </trkpt>
      <trkpt lat="23.389774896204471588134765625" lon="113.24623974971473217010498046875">
        <ele>2.599999904632568359375</ele>
        <time>2023-12-02T10:53:00.000Z</time>
        <extensions>
          <ns3:TrackPointExtension>
            <ns3:hr>138</ns3:hr>
            <ns3:cad>83</ns3:cad>
          </ns3:TrackPointExtension>
        </extensions>
      </trkpt>
      <trkpt lat="23.3897123672068119049072265625" lon="113.24610999785363674163818359375">
        <ele>2.7999999523162841796875</ele>
        <time>2023-12-02T10:53:05.000Z</time>
        <extensions>
          <ns3:TrackPointExtension>
            <ns3:hr>135</ns3:hr>
            <ns3:cad>84</ns3:cad>
          </ns3:TrackPointExtension>
        </extensions>
      </trkpt>
      <trkpt lat="23.389629386365413665771484375" lon="113.24592995457351207733154296875">
        <ele>3.2000000476837158203125</ele>
        <time>2023-12-02T10:53:11.000Z</time>
        <extensions>
          <ns3:TrackPointExtension>
            <ns3:hr>135</ns3:hr>
            <ns3:cad>83</ns3:cad>
          </ns3:TrackPointExtension>
        </extensions>
      </trkpt>
      <trkpt lat="23.38955654762685298919677734375" lon="113.24574823491275310516357421875">
        <ele>3.400000095367431640625</ele>
        <time>2023-12-02T10:53:18.000Z</time>
        <extensions>
          <ns3:TrackPointExtension>
            <ns3:hr>134</ns3:hr>
            <ns3:cad>82</ns3:cad>
          </ns3:TrackPointExtension>
        </extensions>
      </trkpt>
      <trkpt lat="23.38947189040482044219970703125" lon="113.24556467123329639434814453125">
        <ele>3.599999904632568359375</ele>
        <time>2023-12-02T10:53:25.000Z</time>
        <extensions>
          <ns3:TrackPointExtension>
            <ns3:hr>136</ns3:hr>
            <ns3:cad>82</ns3:cad>
          </ns3:TrackPointExtension>
        </extensions>
      </trkpt>
      <trkpt lat="23.3893978781998157501220703125" lon="113.2453914172947406768798828125">
        <ele>3.7999999523162841796875</ele>
        <time>2023-12-02T10:53:31.000Z</time>
        <extensions>
          <ns3:TrackPointExtension>
            <ns3:hr>140</ns3:hr>
            <ns3:cad>83</ns3:cad>
          </ns3:TrackPointExtension>
        </extensions>
      </trkpt>
      <trkpt lat="23.389320261776447296142578125" lon="113.24521263130009174346923828125">
        <ele>3.599999904632568359375</ele>
        <time>2023-12-02T10:53:37.000Z</time>
        <extensions>
          <ns3:TrackPointExtension>
            <ns3:hr>140</ns3:hr>
            <ns3:cad>82</ns3:cad>
          </ns3:TrackPointExtension>
        </extensions>
      </trkpt>
      <trkpt lat="23.38923149742186069488525390625" lon="113.245018087327480316162109375">
        <ele>4.19999980926513671875</ele>
        <time>2023-12-02T10:53:44.000Z</time>
        <extensions>
          <ns3:TrackPointExtension>
            <ns3:hr>138</ns3:hr>
            <ns3:cad>82</ns3:cad>
          </ns3:TrackPointExtension>
        </extensions>
      </trkpt>
      <trkpt lat="23.38916326873004436492919921875" lon="113.24482857249677181243896484375">
        <ele>4.400000095367431640625</ele>
        <time>2023-12-02T10:53:50.000Z</time>
        <extensions>
          <ns3:TrackPointExtension>
            <ns3:hr>138</ns3:hr>
            <ns3:cad>83</ns3:cad>
          </ns3:TrackPointExtension>
        </extensions>
      </trkpt>
      <trkpt lat="23.38908062316477298736572265625" lon="113.2446477748453617095947265625">
        <ele>4.599999904632568359375</ele>
        <time>2023-12-02T10:53:57.000Z</time>
        <extensions>
          <ns3:TrackPointExtension>
            <ns3:hr>141</ns3:hr>
            <ns3:cad>82</ns3:cad>
          </ns3:TrackPointExtension>
        </extensions>
      </trkpt>
      <trkpt lat="23.38899596594274044036865234375" lon="113.24444417841732501983642578125">
        <ele>4.19999980926513671875</ele>
        <time>2023-12-02T10:54:05.000Z</time>
        <extensions>
          <ns3:TrackPointExtension>
            <ns3:hr>140</ns3:hr>
            <ns3:cad>83</ns3:cad>
          </ns3:TrackPointExtension>
        </extensions>
      </trkpt>
      <trkpt lat="23.3889013342559337615966796875" lon="113.24424955062568187713623046875">
        <ele>5.19999980926513671875</ele>
        <time>2023-12-02T10:54:12.000Z</time>
        <extensions>
          <ns3:TrackPointExtension>
            <ns3:hr>139</ns3:hr>
            <ns3:cad>82</ns3:cad>
          </ns3:TrackPointExtension>
        </extensions>
      </trkpt>
      <trkpt lat="23.3888416551053524017333984375" lon="113.24405525811016559600830078125">
        <ele>5.80000019073486328125</ele>
        <time>2023-12-02T10:54:18.000Z</time>
        <extensions>
          <ns3:TrackPointExtension>
            <ns3:hr>139</ns3:hr>
            <ns3:cad>82</ns3:cad>
          </ns3:TrackPointExtension>
        </extensions>
      </trkpt>
      <trkpt lat="23.38876663707196712493896484375" lon="113.24385995976626873016357421875">
        <ele>4.400000095367431640625</ele>
        <time>2023-12-02T10:54:24.000Z</time>
        <extensions>
          <ns3:TrackPointExtension>
            <ns3:hr>137</ns3:hr>
            <ns3:cad>82</ns3:cad>
          </ns3:TrackPointExtension>
        </extensions>
      </trkpt>
      <trkpt lat="23.38869220577180385589599609375" lon="113.2436600513756275177001953125">
        <ele>3.599999904632568359375</ele>
        <time>2023-12-02T10:54:30.000Z</time>
        <extensions>
          <ns3:TrackPointExtension>
            <ns3:hr>137</ns3:hr>
            <ns3:cad>82</ns3:cad>
          </ns3:TrackPointExtension>
        </extensions>
      </trkpt>
      <trkpt lat="23.38863319717347621917724609375" lon="113.24348931200802326202392578125">
        <ele>4.400000095367431640625</ele>
        <time>2023-12-02T10:54:35.000Z</time>
        <extensions>
          <ns3:TrackPointExtension>
            <ns3:hr>134</ns3:hr>
            <ns3:cad>80</ns3:cad>
          </ns3:TrackPointExtension>
        </extensions>
      </trkpt>
      <trkpt lat="23.3886200375854969024658203125" lon="113.24345829896628856658935546875">
        <ele>4.80000019073486328125</ele>
        <time>2023-12-02T10:54:36.000Z</time>
        <extensions>
          <ns3:TrackPointExtension>
            <ns3:hr>143</ns3:hr>
            <ns3:cad>80</ns3:cad>
          </ns3:TrackPointExtension>
        </extensions>
      </trkpt>
      <trkpt lat="23.38860578835010528564453125" lon="113.24342762120068073272705078125">
        <ele>5.400000095367431640625</ele>
        <time>2023-12-02T10:54:37.000Z</time>
        <extensions>
          <ns3:TrackPointExtension>
            <ns3:hr>143</ns3:hr>
            <ns3:cad>80</ns3:cad>
          </ns3:TrackPointExtension>
        </extensions>
      </trkpt>
      <trkpt lat="23.38859229348599910736083984375" lon="113.2433955185115337371826171875">
        <ele>6</ele>
        <time>2023-12-02T10:54:38.000Z</time>
        <extensions>
          <ns3:TrackPointExtension>
            <ns3:hr>148</ns3:hr>
            <ns3:cad>80</ns3:cad>
          </ns3:TrackPointExtension>
        </extensions>
      </trkpt>
      <trkpt lat="23.3885808102786540985107421875" lon="113.2433621585369110107421875">
        <ele>6.599999904632568359375</ele>
        <time>2023-12-02T10:54:39.000Z</time>
        <extensions>
          <ns3:TrackPointExtension>
            <ns3:hr>176</ns3:hr>
            <ns3:cad>80</ns3:cad>
          </ns3:TrackPointExtension>
        </extensions>
      </trkpt>
      <trkpt lat="23.38856932707130908966064453125" lon="113.24333290569484233856201171875">
        <ele>7</ele>
        <time>2023-12-02T10:54:40.000Z</time>
        <extensions>
          <ns3:TrackPointExtension>
            <ns3:hr>176</ns3:hr>
            <ns3:cad>80</ns3:cad>
          </ns3:TrackPointExtension>
        </extensions>
      </trkpt>
      <trkpt lat="23.38853378780186176300048828125" lon="113.2432439737021923065185546875">
        <ele>7.599999904632568359375</ele>
        <time>2023-12-02T10:54:43.000Z</time>
        <extensions>
          <ns3:TrackPointExtension>
            <ns3:hr>170</ns3:hr>
            <ns3:cad>81</ns3:cad>
          </ns3:TrackPointExtension>
        </extensions>
      </trkpt>
      <trkpt lat="23.38846287690103054046630859375" lon="113.24306267313659191131591796875">
        <ele>5</ele>
        <time>2023-12-02T10:54:49.000Z</time>
        <extensions>
          <ns3:TrackPointExtension>
            <ns3:hr>172</ns3:hr>
            <ns3:cad>80</ns3:cad>
          </ns3:TrackPointExtension>
        </extensions>
      </trkpt>
      <trkpt lat="23.388452567160129547119140625" lon="113.2430287264287471771240234375">
        <ele>4.599999904632568359375</ele>
        <time>2023-12-02T10:54:50.000Z</time>
        <extensions>
          <ns3:TrackPointExtension>
            <ns3:hr>177</ns3:hr>
            <ns3:cad>81</ns3:cad>
          </ns3:TrackPointExtension>
        </extensions>
      </trkpt>
      <trkpt lat="23.38844108395278453826904296875" lon="113.24299762956798076629638671875">
        <ele>4.19999980926513671875</ele>
        <time>2023-12-02T10:54:51.000Z</time>
        <extensions>
          <ns3:TrackPointExtension>
            <ns3:hr>177</ns3:hr>
            <ns3:cad>81</ns3:cad>
          </ns3:TrackPointExtension>
        </extensions>
      </trkpt>
      <trkpt lat="23.38839950971305370330810546875" lon="113.24290861375629901885986328125">
        <ele>2.400000095367431640625</ele>
        <time>2023-12-02T10:54:54.000Z</time>
        <extensions>
          <ns3:TrackPointExtension>
            <ns3:hr>174</ns3:hr>
            <ns3:cad>82</ns3:cad>
          </ns3:TrackPointExtension>
        </extensions>
      </trkpt>
      <trkpt lat="23.38838718831539154052734375" lon="113.24288598261773586273193359375">
        <ele>1.7999999523162841796875</ele>
        <time>2023-12-02T10:54:55.000Z</time>
        <extensions>
          <ns3:TrackPointExtension>
            <ns3:hr>171</ns3:hr>
            <ns3:cad>82</ns3:cad>
          </ns3:TrackPointExtension>
        </extensions>
      </trkpt>
      <trkpt lat="23.388377465307712554931640625" lon="113.242867290973663330078125">
        <ele>1.39999997615814208984375</ele>
        <time>2023-12-02T10:54:56.000Z</time>
        <extensions>
          <ns3:TrackPointExtension>
            <ns3:hr>171</ns3:hr>
            <ns3:cad>82</ns3:cad>
          </ns3:TrackPointExtension>
        </extensions>
      </trkpt>
      <trkpt lat="23.388351984322071075439453125" lon="113.24282060377299785614013671875">
        <ele>0.4000000059604644775390625</ele>
        <time>2023-12-02T10:55:00.000Z</time>
        <extensions>
          <ns3:TrackPointExtension>
            <ns3:hr>168</ns3:hr>
            <ns3:cad>81</ns3:cad>
          </ns3:TrackPointExtension>
        </extensions>
      </trkpt>
      <trkpt lat="23.38832776062190532684326171875" lon="113.2427601702511310577392578125">
        <ele>-0.800000011920928955078125</ele>
        <time>2023-12-02T10:55:06.000Z</time>
        <extensions>
          <ns3:TrackPointExtension>
            <ns3:hr>172</ns3:hr>
            <ns3:cad>63</ns3:cad>
          </ns3:TrackPointExtension>
        </extensions>
      </trkpt>
      <trkpt lat="23.3882830850780010223388671875" lon="113.24267341755330562591552734375">
        <ele>-1.60000002384185791015625</ele>
        <time>2023-12-02T10:55:16.000Z</time>
        <extensions>
          <ns3:TrackPointExtension>
            <ns3:hr>169</ns3:hr>
            <ns3:cad>59</ns3:cad>
          </ns3:TrackPointExtension>
        </extensions>
      </trkpt>
      <trkpt lat="23.38825148530304431915283203125" lon="113.2426213659346103668212890625">
        <ele>-1</ele>
        <time>2023-12-02T10:55:22.000Z</time>
        <extensions>
          <ns3:TrackPointExtension>
            <ns3:hr>166</ns3:hr>
            <ns3:cad>59</ns3:cad>
          </ns3:TrackPointExtension>
        </extensions>
      </trkpt>
      <trkpt lat="23.388235308229923248291015625" lon="113.24259211309254169464111328125">
        <ele>-0.60000002384185791015625</ele>
        <time>2023-12-02T10:55:25.000Z</time>
        <extensions>
          <ns3:TrackPointExtension>
            <ns3:hr>163</ns3:hr>
            <ns3:cad>59</ns3:cad>
          </ns3:TrackPointExtension>
        </extensions>
      </trkpt>
      <trkpt lat="23.3882163651287555694580078125" lon="113.242561519145965576171875">
        <ele>-0.20000000298023223876953125</ele>
        <time>2023-12-02T10:55:28.000Z</time>
        <extensions>
          <ns3:TrackPointExtension>
            <ns3:hr>154</ns3:hr>
            <ns3:cad>60</ns3:cad>
          </ns3:TrackPointExtension>
        </extensions>
      </trkpt>
      <trkpt lat="23.38820806704461574554443359375" lon="113.24254500679671764373779296875">
        <ele>0</ele>
        <time>2023-12-02T10:55:29.000Z</time>
        <extensions>
          <ns3:TrackPointExtension>
            <ns3:hr>158</ns3:hr>
            <ns3:cad>60</ns3:cad>
          </ns3:TrackPointExtension>
        </extensions>
      </trkpt>
      <trkpt lat="23.3881263434886932373046875" lon="113.24234518222510814666748046875">
        <ele>2.599999904632568359375</ele>
        <time>2023-12-02T10:55:38.000Z</time>
        <extensions>
          <ns3:TrackPointExtension>
            <ns3:hr>158</ns3:hr>
            <ns3:cad>81</ns3:cad>
          </ns3:TrackPointExtension>
        </extensions>
      </trkpt>
      <trkpt lat="23.38804629631340503692626953125" lon="113.24215826578438282012939453125">
        <ele>5</ele>
        <time>2023-12-02T10:55:46.000Z</time>
        <extensions>
          <ns3:TrackPointExtension>
            <ns3:hr>160</ns3:hr>
            <ns3:cad>81</ns3:cad>
          </ns3:TrackPointExtension>
        </extensions>
      </trkpt>
      <trkpt lat="23.38803757913410663604736328125" lon="113.24213303625583648681640625">
        <ele>5</ele>
        <time>2023-12-02T10:55:47.000Z</time>
        <extensions>
          <ns3:TrackPointExtension>
            <ns3:hr>154</ns3:hr>
            <ns3:cad>81</ns3:cad>
          </ns3:TrackPointExtension>
        </extensions>
      </trkpt>
      <trkpt lat="23.38803045451641082763671875" lon="113.242108561098575592041015625">
        <ele>5.19999980926513671875</ele>
        <time>2023-12-02T10:55:48.000Z</time>
        <extensions>
          <ns3:TrackPointExtension>
            <ns3:hr>154</ns3:hr>
            <ns3:cad>81</ns3:cad>
          </ns3:TrackPointExtension>
        </extensions>
      </trkpt>
      <trkpt lat="23.38796339929103851318359375" lon="113.24196875095367431640625">
        <ele>5.599999904632568359375</ele>
        <time>2023-12-02T10:55:54.000Z</time>
        <extensions>
          <ns3:TrackPointExtension>
            <ns3:hr>158</ns3:hr>
            <ns3:cad>81</ns3:cad>
          </ns3:TrackPointExtension>
        </extensions>
      </trkpt>
      <trkpt lat="23.38792542926967144012451171875" lon="113.2419303618371486663818359375">
        <ele>5.80000019073486328125</ele>
        <time>2023-12-02T10:55:56.000Z</time>
        <extensions>
          <ns3:TrackPointExtension>
            <ns3:hr>155</ns3:hr>
            <ns3:cad>81</ns3:cad>
          </ns3:TrackPointExtension>
        </extensions>
      </trkpt>
      <trkpt lat="23.38790698908269405364990234375" lon="113.2419112510979175567626953125">
        <ele>5.80000019073486328125</ele>
        <time>2023-12-02T10:55:57.000Z</time>
        <extensions>
          <ns3:TrackPointExtension>
            <ns3:hr>152</ns3:hr>
            <ns3:cad>81</ns3:cad>
          </ns3:TrackPointExtension>
        </extensions>
      </trkpt>
      <trkpt lat="23.3878582902252674102783203125" lon="113.24185014702379703521728515625">
        <ele>6</ele>
        <time>2023-12-02T10:56:00.000Z</time>
        <extensions>
          <ns3:TrackPointExtension>
            <ns3:hr>149</ns3:hr>
            <ns3:cad>81</ns3:cad>
          </ns3:TrackPointExtension>
        </extensions>
      </trkpt>
      <trkpt lat="23.3878069929778575897216796875" lon="113.24178057722747325897216796875">
        <ele>6.400000095367431640625</ele>
        <time>2023-12-02T10:56:03.000Z</time>
        <extensions>
          <ns3:TrackPointExtension>
            <ns3:hr>152</ns3:hr>
            <ns3:cad>81</ns3:cad>
          </ns3:TrackPointExtension>
        </extensions>
      </trkpt>
      <trkpt lat="23.38776298798620700836181640625" lon="113.2417072355747222900390625">
        <ele>6.599999904632568359375</ele>
        <time>2023-12-02T10:56:06.000Z</time>
        <extensions>
          <ns3:TrackPointExtension>
            <ns3:hr>155</ns3:hr>
            <ns3:cad>81</ns3:cad>
          </ns3:TrackPointExtension>
        </extensions>
      </trkpt>
      <trkpt lat="23.38775007985532283782958984375" lon="113.2416809163987636566162109375">
        <ele>6.599999904632568359375</ele>
        <time>2023-12-02T10:56:07.000Z</time>
        <extensions>
          <ns3:TrackPointExtension>
            <ns3:hr>156</ns3:hr>
            <ns3:cad>81</ns3:cad>
          </ns3:TrackPointExtension>
        </extensions>
      </trkpt>
      <trkpt lat="23.38764983229339122772216796875" lon="113.2414926588535308837890625">
        <ele>7</ele>
        <time>2023-12-02T10:56:14.000Z</time>
        <extensions>
          <ns3:TrackPointExtension>
            <ns3:hr>156</ns3:hr>
            <ns3:cad>78</ns3:cad>
          </ns3:TrackPointExtension>
        </extensions>
      </trkpt>
      <trkpt lat="23.38759115897119045257568359375" lon="113.24136181734502315521240234375">
        <ele>7.599999904632568359375</ele>
        <time>2023-12-02T10:56:19.000Z</time>
        <extensions>
          <ns3:TrackPointExtension>
            <ns3:hr>161</ns3:hr>
            <ns3:cad>78</ns3:cad>
          </ns3:TrackPointExtension>
        </extensions>
      </trkpt>
      <trkpt lat="23.38757942430675029754638671875" lon="113.2413328997790813446044921875">
        <ele>7.599999904632568359375</ele>
        <time>2023-12-02T10:56:20.000Z</time>
        <extensions>
          <ns3:TrackPointExtension>
            <ns3:hr>167</ns3:hr>
            <ns3:cad>78</ns3:cad>
          </ns3:TrackPointExtension>
        </extensions>
      </trkpt>
      <trkpt lat="23.38756777346134185791015625" lon="113.24130482040345668792724609375">
        <ele>7.599999904632568359375</ele>
        <time>2023-12-02T10:56:21.000Z</time>
        <extensions>
          <ns3:TrackPointExtension>
            <ns3:hr>166</ns3:hr>
            <ns3:cad>79</ns3:cad>
          </ns3:TrackPointExtension>
        </extensions>
      </trkpt>
      <trkpt lat="23.387419246137142181396484375" lon="113.24114724062383174896240234375">
        <ele>4.80000019073486328125</ele>
        <time>2023-12-02T10:56:28.000Z</time>
        <extensions>
          <ns3:TrackPointExtension>
            <ns3:hr>167</ns3:hr>
            <ns3:cad>79</ns3:cad>
          </ns3:TrackPointExtension>
        </extensions>
      </trkpt>
      <trkpt lat="23.3873848803341388702392578125" lon="113.241054117679595947265625">
        <ele>3.599999904632568359375</ele>
        <time>2023-12-02T10:56:31.000Z</time>
        <extensions>
          <ns3:TrackPointExtension>
            <ns3:hr>170</ns3:hr>
            <ns3:cad>80</ns3:cad>
          </ns3:TrackPointExtension>
        </extensions>
      </trkpt>
      <trkpt lat="23.3873771689832210540771484375" lon="113.240886814892292022705078125">
        <ele>3.2000000476837158203125</ele>
        <time>2023-12-02T10:56:36.000Z</time>
        <extensions>
          <ns3:TrackPointExtension>
            <ns3:hr>173</ns3:hr>
            <ns3:cad>81</ns3:cad>
          </ns3:TrackPointExtension>
        </extensions>
      </trkpt>
      <trkpt lat="23.38745587505400180816650390625" lon="113.24070886708796024322509765625">
        <ele>3.400000095367431640625</ele>
        <time>2023-12-02T10:56:42.000Z</time>
        <extensions>
          <ns3:TrackPointExtension>
            <ns3:hr>175</ns3:hr>
            <ns3:cad>82</ns3:cad>
          </ns3:TrackPointExtension>
        </extensions>
      </trkpt>
      <trkpt lat="23.3874995447695255279541015625" lon="113.24050887487828731536865234375">
        <ele>1.39999997615814208984375</ele>
        <time>2023-12-02T10:56:49.000Z</time>
        <extensions>
          <ns3:TrackPointExtension>
            <ns3:hr>176</ns3:hr>
            <ns3:cad>81</ns3:cad>
          </ns3:TrackPointExtension>
        </extensions>
      </trkpt>
      <trkpt lat="23.38744883425533771514892578125" lon="113.24029983021318912506103515625">
        <ele>-0.20000000298023223876953125</ele>
        <time>2023-12-02T10:56:56.000Z</time>
        <extensions>
          <ns3:TrackPointExtension>
            <ns3:hr>179</ns3:hr>
            <ns3:cad>81</ns3:cad>
          </ns3:TrackPointExtension>
        </extensions>
      </trkpt>
      <trkpt lat="23.38738404214382171630859375" lon="113.24009078554809093475341796875">
        <ele>0.4000000059604644775390625</ele>
        <time>2023-12-02T10:57:03.000Z</time>
        <extensions>
          <ns3:TrackPointExtension>
            <ns3:hr>178</ns3:hr>
            <ns3:cad>81</ns3:cad>
          </ns3:TrackPointExtension>
        </extensions>
      </trkpt>
      <trkpt lat="23.38731556199491024017333984375" lon="113.23988190852105617523193359375">
        <ele>2.2000000476837158203125</ele>
        <time>2023-12-02T10:57:09.000Z</time>
        <extensions>
          <ns3:TrackPointExtension>
            <ns3:hr>178</ns3:hr>
            <ns3:cad>81</ns3:cad>
          </ns3:TrackPointExtension>
        </extensions>
      </trkpt>
      <trkpt lat="23.3872796036303043365478515625" lon="113.23968350887298583984375">
        <ele>3</ele>
        <time>2023-12-02T10:57:14.000Z</time>
        <extensions>
          <ns3:TrackPointExtension>
            <ns3:hr>179</ns3:hr>
            <ns3:cad>81</ns3:cad>
          </ns3:TrackPointExtension>
        </extensions>
      </trkpt>
      <trkpt lat="23.38723425753414630889892578125" lon="113.23945862241089344024658203125">
        <ele>2.7999999523162841796875</ele>
        <time>2023-12-02T10:57:20.000Z</time>
        <extensions>
          <ns3:TrackPointExtension>
            <ns3:hr>181</ns3:hr>
            <ns3:cad>80</ns3:cad>
          </ns3:TrackPointExtension>
        </extensions>
      </trkpt>
      <trkpt lat="23.3871967904269695281982421875" lon="113.239241279661655426025390625">
        <ele>0.60000002384185791015625</ele>
        <time>2023-12-02T10:57:26.000Z</time>
        <extensions>
          <ns3:TrackPointExtension>
            <ns3:hr>181</ns3:hr>
            <ns3:cad>80</ns3:cad>
          </ns3:TrackPointExtension>
        </extensions>
      </trkpt>
      <trkpt lat="23.38717608712613582611083984375" lon="113.239105157554149627685546875">
        <ele>-1.60000002384185791015625</ele>
        <time>2023-12-02T10:57:30.000Z</time>
        <extensions>
          <ns3:TrackPointExtension>
            <ns3:hr>184</ns3:hr>
            <ns3:cad>80</ns3:cad>
          </ns3:TrackPointExtension>
        </extensions>
      </trkpt>
      <trkpt lat="23.3871723152697086334228515625" lon="113.238989152014255523681640625">
        <ele>-1.7999999523162841796875</ele>
        <time>2023-12-02T10:57:38.000Z</time>
        <extensions>
          <ns3:TrackPointExtension>
            <ns3:hr>181</ns3:hr>
            <ns3:cad>64</ns3:cad>
          </ns3:TrackPointExtension>
        </extensions>
      </trkpt>
      <trkpt lat="23.3871615864336490631103515625" lon="113.2388173229992389678955078125">
        <ele>-1.60000002384185791015625</ele>
        <time>2023-12-02T10:57:52.000Z</time>
        <extensions>
          <ns3:TrackPointExtension>
            <ns3:hr>178</ns3:hr>
            <ns3:cad>61</ns3:cad>
          </ns3:TrackPointExtension>
        </extensions>
      </trkpt>
      <trkpt lat="23.38713937439024448394775390625" lon="113.2386495172977447509765625">
        <ele>0.800000011920928955078125</ele>
        <time>2023-12-02T10:58:06.000Z</time>
        <extensions>
          <ns3:TrackPointExtension>
            <ns3:hr>175</ns3:hr>
            <ns3:cad>60</ns3:cad>
          </ns3:TrackPointExtension>
        </extensions>
      </trkpt>
      <trkpt lat="23.38713568635284900665283203125" lon="113.23858916759490966796875">
        <ele>1.60000002384185791015625</ele>
        <time>2023-12-02T10:58:09.000Z</time>
        <extensions>
          <ns3:TrackPointExtension>
            <ns3:hr>172</ns3:hr>
            <ns3:cad>120</ns3:cad>
          </ns3:TrackPointExtension>
        </extensions>
      </trkpt>
      <trkpt lat="23.38713333941996097564697265625" lon="113.2385423965752124786376953125">
        <ele>2.400000095367431640625</ele>
        <time>2023-12-02T10:58:11.000Z</time>
        <extensions>
          <ns3:TrackPointExtension>
            <ns3:hr>169</ns3:hr>
            <ns3:cad>81</ns3:cad>
          </ns3:TrackPointExtension>
        </extensions>
      </trkpt>
      <trkpt lat="23.387127555906772613525390625" lon="113.23838724754750728607177734375">
        <ele>3.7999999523162841796875</ele>
        <time>2023-12-02T10:58:17.000Z</time>
        <extensions>
          <ns3:TrackPointExtension>
            <ns3:hr>166</ns3:hr>
            <ns3:cad>82</ns3:cad>
          </ns3:TrackPointExtension>
        </extensions>
      </trkpt>
      <trkpt lat="23.38711674325168132781982421875" lon="113.2382498681545257568359375">
        <ele>5.400000095367431640625</ele>
        <time>2023-12-02T10:58:22.000Z</time>
        <extensions>
          <ns3:TrackPointExtension>
            <ns3:hr>171</ns3:hr>
            <ns3:cad>83</ns3:cad>
          </ns3:TrackPointExtension>
        </extensions>
      </trkpt>
      <trkpt lat="23.3871082775294780731201171875" lon="113.23816780932247638702392578125">
        <ele>5.400000095367431640625</ele>
        <time>2023-12-02T10:58:25.000Z</time>
        <extensions>
          <ns3:TrackPointExtension>
            <ns3:hr>168</ns3:hr>
            <ns3:cad>83</ns3:cad>
          </ns3:TrackPointExtension>
        </extensions>
      </trkpt>
      <trkpt lat="23.38710383512079715728759765625" lon="113.238112069666385650634765625">
        <ele>5.599999904632568359375</ele>
        <time>2023-12-02T10:58:27.000Z</time>
        <extensions>
          <ns3:TrackPointExtension>
            <ns3:hr>171</ns3:hr>
            <ns3:cad>83</ns3:cad>
          </ns3:TrackPointExtension>
        </extensions>
      </trkpt>
      <trkpt lat="23.387092687189579010009765625" lon="113.23800335638225078582763671875">
        <ele>5.80000019073486328125</ele>
        <time>2023-12-02T10:58:31.000Z</time>
        <extensions>
          <ns3:TrackPointExtension>
            <ns3:hr>167</ns3:hr>
            <ns3:cad>81</ns3:cad>
          </ns3:TrackPointExtension>
        </extensions>
      </trkpt>
      <trkpt lat="23.38709377683699131011962890625" lon="113.2379871793091297149658203125">
        <ele>6</ele>
        <time>2023-12-02T10:58:32.000Z</time>
        <extensions>
          <ns3:TrackPointExtension>
            <ns3:hr>164</ns3:hr>
            <ns3:cad>82</ns3:cad>
          </ns3:TrackPointExtension>
        </extensions>
      </trkpt>
      <trkpt lat="23.38709427975118160247802734375" lon="113.2379736006259918212890625">
        <ele>6</ele>
        <time>2023-12-02T10:58:33.000Z</time>
        <extensions>
          <ns3:TrackPointExtension>
            <ns3:hr>158</ns3:hr>
            <ns3:cad>82</ns3:cad>
          </ns3:TrackPointExtension>
        </extensions>
      </trkpt>
      <trkpt lat="23.38709511794149875640869140625" lon="113.23796077631413936614990234375">
        <ele>6.19999980926513671875</ele>
        <time>2023-12-02T10:58:34.000Z</time>
        <extensions>
          <ns3:TrackPointExtension>
            <ns3:hr>158</ns3:hr>
            <ns3:cad>82</ns3:cad>
          </ns3:TrackPointExtension>
        </extensions>
      </trkpt>
      <trkpt lat="23.3870962075889110565185546875" lon="113.23794937692582607269287109375">
        <ele>6.400000095367431640625</ele>
        <time>2023-12-02T10:58:35.000Z</time>
        <extensions>
          <ns3:TrackPointExtension>
            <ns3:hr>166</ns3:hr>
            <ns3:cad>82</ns3:cad>
          </ns3:TrackPointExtension>
        </extensions>
      </trkpt>
      <trkpt lat="23.38709629140794277191162109375" lon="113.23793730698525905609130859375">
        <ele>6.400000095367431640625</ele>
        <time>2023-12-02T10:58:36.000Z</time>
        <extensions>
          <ns3:TrackPointExtension>
            <ns3:hr>166</ns3:hr>
            <ns3:cad>82</ns3:cad>
          </ns3:TrackPointExtension>
        </extensions>
      </trkpt>
      <trkpt lat="23.387096039950847625732421875" lon="113.237926326692104339599609375">
        <ele>6.599999904632568359375</ele>
        <time>2023-12-02T10:58:37.000Z</time>
        <extensions>
          <ns3:TrackPointExtension>
            <ns3:hr>169</ns3:hr>
            <ns3:cad>82</ns3:cad>
          </ns3:TrackPointExtension>
        </extensions>
      </trkpt>
      <trkpt lat="23.38709344156086444854736328125" lon="113.23787947185337543487548828125">
        <ele>7</ele>
        <time>2023-12-02T10:58:41.000Z</time>
        <extensions>
          <ns3:TrackPointExtension>
            <ns3:hr>165</ns3:hr>
            <ns3:cad>58</ns3:cad>
          </ns3:TrackPointExtension>
        </extensions>
      </trkpt>
      <trkpt lat="23.387073576450347900390625" lon="113.2377900369465351104736328125">
        <ele>7</ele>
        <time>2023-12-02T10:58:49.000Z</time>
        <extensions>
          <ns3:TrackPointExtension>
            <ns3:hr>161</ns3:hr>
            <ns3:cad>61</ns3:cad>
          </ns3:TrackPointExtension>
        </extensions>
      </trkpt>
      <trkpt lat="23.38706611655652523040771484375" lon="113.23766992427408695220947265625">
        <ele>7.19999980926513671875</ele>
        <time>2023-12-02T10:58:58.000Z</time>
        <extensions>
          <ns3:TrackPointExtension>
            <ns3:hr>158</ns3:hr>
            <ns3:cad>61</ns3:cad>
          </ns3:TrackPointExtension>
        </extensions>
      </trkpt>
      <trkpt lat="23.38704884983599185943603515625" lon="113.23746104724705219268798828125">
        <ele>8.3999996185302734375</ele>
        <time>2023-12-02T10:59:07.000Z</time>
        <extensions>
          <ns3:TrackPointExtension>
            <ns3:hr>158</ns3:hr>
            <ns3:cad>82</ns3:cad>
          </ns3:TrackPointExtension>
        </extensions>
      </trkpt>
      <trkpt lat="23.38705639354884624481201171875" lon="113.23742550797760486602783203125">
        <ele>8.3999996185302734375</ele>
        <time>2023-12-02T10:59:10.000Z</time>
        <extensions>
          <ns3:TrackPointExtension>
            <ns3:hr>162</ns3:hr>
            <ns3:cad>82</ns3:cad>
          </ns3:TrackPointExtension>
        </extensions>
      </trkpt>
      <trkpt lat="23.38707718066871166229248046875" lon="113.23737454600632190704345703125">
        <ele>8.3999996185302734375</ele>
        <time>2023-12-02T10:59:14.000Z</time>
        <extensions>
          <ns3:TrackPointExtension>
            <ns3:hr>158</ns3:hr>
            <ns3:cad>59</ns3:cad>
          </ns3:TrackPointExtension>
        </extensions>
      </trkpt>
      <trkpt lat="23.38710450567305088043212890625" lon="113.23725233785808086395263671875">
        <ele>8.6000003814697265625</ele>
        <time>2023-12-02T10:59:25.000Z</time>
        <extensions>
          <ns3:TrackPointExtension>
            <ns3:hr>154</ns3:hr>
            <ns3:cad>61</ns3:cad>
          </ns3:TrackPointExtension>
        </extensions>
      </trkpt>
      <trkpt lat="23.387106098234653472900390625" lon="113.23723942972719669342041015625">
        <ele>8.6000003814697265625</ele>
        <time>2023-12-02T10:59:26.000Z</time>
        <extensions>
          <ns3:TrackPointExtension>
            <ns3:hr>146</ns3:hr>
            <ns3:cad>61</ns3:cad>
          </ns3:TrackPointExtension>
        </extensions>
      </trkpt>
      <trkpt lat="23.3871097862720489501953125" lon="113.23722886852920055389404296875">
        <ele>8.80000019073486328125</ele>
        <time>2023-12-02T10:59:27.000Z</time>
        <extensions>
          <ns3:TrackPointExtension>
            <ns3:hr>146</ns3:hr>
            <ns3:cad>61</ns3:cad>
          </ns3:TrackPointExtension>
        </extensions>
      </trkpt>
      <trkpt lat="23.387114144861698150634765625" lon="113.23721646331250667572021484375">
        <ele>8.80000019073486328125</ele>
        <time>2023-12-02T10:59:28.000Z</time>
        <extensions>
          <ns3:TrackPointExtension>
            <ns3:hr>142</ns3:hr>
            <ns3:cad>61</ns3:cad>
          </ns3:TrackPointExtension>
        </extensions>
      </trkpt>
      <trkpt lat="23.387125544250011444091796875" lon="113.2371060736477375030517578125">
        <ele>9.19999980926513671875</ele>
        <time>2023-12-02T10:59:37.000Z</time>
        <extensions>
          <ns3:TrackPointExtension>
            <ns3:hr>139</ns3:hr>
            <ns3:cad>61</ns3:cad>
          </ns3:TrackPointExtension>
        </extensions>
      </trkpt>
      <trkpt lat="23.38711959309875965118408203125" lon="113.2370819337666034698486328125">
        <ele>9.19999980926513671875</ele>
        <time>2023-12-02T10:59:39.000Z</time>
        <extensions>
          <ns3:TrackPointExtension>
            <ns3:hr>136</ns3:hr>
            <ns3:cad>61</ns3:cad>
          </ns3:TrackPointExtension>
        </extensions>
      </trkpt>
      <trkpt lat="23.38711691088974475860595703125" lon="113.2370732165873050689697265625">
        <ele>9.19999980926513671875</ele>
        <time>2023-12-02T10:59:40.000Z</time>
        <extensions>
          <ns3:TrackPointExtension>
            <ns3:hr>135</ns3:hr>
            <ns3:cad>61</ns3:cad>
          </ns3:TrackPointExtension>
        </extensions>
      </trkpt>
      <trkpt lat="23.38711087591946125030517578125" lon="113.2370527647435665130615234375">
        <ele>9.3999996185302734375</ele>
        <time>2023-12-02T10:59:43.000Z</time>
        <extensions>
          <ns3:TrackPointExtension>
            <ns3:hr>134</ns3:hr>
            <ns3:cad>61</ns3:cad>
          </ns3:TrackPointExtension>
        </extensions>
      </trkpt>
      <trkpt lat="23.38711624033749103546142578125" lon="113.23703239671885967254638671875">
        <ele>9.3999996185302734375</ele>
        <time>2023-12-02T10:59:45.000Z</time>
        <extensions>
          <ns3:TrackPointExtension>
            <ns3:hr>134</ns3:hr>
            <ns3:cad>61</ns3:cad>
          </ns3:TrackPointExtension>
        </extensions>
      </trkpt>
      <trkpt lat="23.38711137883365154266357421875" lon="113.23695712722837924957275390625">
        <ele>9.6000003814697265625</ele>
        <time>2023-12-02T10:59:51.000Z</time>
        <extensions>
          <ns3:TrackPointExtension>
            <ns3:hr>133</ns3:hr>
            <ns3:cad>61</ns3:cad>
          </ns3:TrackPointExtension>
        </extensions>
      </trkpt>
      <trkpt lat="23.3871297352015972137451171875" lon="113.23690197430551052093505859375">
        <ele>9.80000019073486328125</ele>
        <time>2023-12-02T10:59:56.000Z</time>
        <extensions>
          <ns3:TrackPointExtension>
            <ns3:hr>130</ns3:hr>
            <ns3:cad>61</ns3:cad>
          </ns3:TrackPointExtension>
        </extensions>
      </trkpt>
      <trkpt lat="23.38716183789074420928955078125" lon="113.236707933247089385986328125">
        <ele>9.19999980926513671875</ele>
        <time>2023-12-02T11:00:09.000Z</time>
        <extensions>
          <ns3:TrackPointExtension>
            <ns3:hr>132</ns3:hr>
            <ns3:cad>61</ns3:cad>
          </ns3:TrackPointExtension>
        </extensions>
      </trkpt>
      <trkpt lat="23.3871656097471714019775390625" lon="113.23665638454258441925048828125">
        <ele>8.80000019073486328125</ele>
        <time>2023-12-02T11:00:11.000Z</time>
        <extensions>
          <ns3:TrackPointExtension>
            <ns3:hr>136</ns3:hr>
            <ns3:cad>79</ns3:cad>
          </ns3:TrackPointExtension>
        </extensions>
      </trkpt>
      <trkpt lat="23.387177176773548126220703125" lon="113.23645614087581634521484375">
        <ele>7.19999980926513671875</ele>
        <time>2023-12-02T11:00:18.000Z</time>
        <extensions>
          <ns3:TrackPointExtension>
            <ns3:hr>139</ns3:hr>
            <ns3:cad>81</ns3:cad>
          </ns3:TrackPointExtension>
        </extensions>
      </trkpt>
      <trkpt lat="23.3871823735535144805908203125" lon="113.23642588220536708831787109375">
        <ele>7</ele>
        <time>2023-12-02T11:00:19.000Z</time>
        <extensions>
          <ns3:TrackPointExtension>
            <ns3:hr>143</ns3:hr>
            <ns3:cad>81</ns3:cad>
          </ns3:TrackPointExtension>
        </extensions>
      </trkpt>
      <trkpt lat="23.3871848881244659423828125" lon="113.2363936118781566619873046875">
        <ele>6.599999904632568359375</ele>
        <time>2023-12-02T11:00:20.000Z</time>
        <extensions>
          <ns3:TrackPointExtension>
            <ns3:hr>142</ns3:hr>
            <ns3:cad>82</ns3:cad>
          </ns3:TrackPointExtension>
        </extensions>
      </trkpt>
      <trkpt lat="23.38719762861728668212890625" lon="113.23624349199235439300537109375">
        <ele>5.400000095367431640625</ele>
        <time>2023-12-02T11:00:25.000Z</time>
        <extensions>
          <ns3:TrackPointExtension>
            <ns3:hr>146</ns3:hr>
            <ns3:cad>81</ns3:cad>
          </ns3:TrackPointExtension>
        </extensions>
      </trkpt>
      <trkpt lat="23.38719905354082584381103515625" lon="113.23621532879769802093505859375">
        <ele>5.19999980926513671875</ele>
        <time>2023-12-02T11:00:26.000Z</time>
        <extensions>
          <ns3:TrackPointExtension>
            <ns3:hr>151</ns3:hr>
            <ns3:cad>82</ns3:cad>
          </ns3:TrackPointExtension>
        </extensions>
      </trkpt>
      <trkpt lat="23.3872036635875701904296875" lon="113.23618632741272449493408203125">
        <ele>5</ele>
        <time>2023-12-02T11:00:27.000Z</time>
        <extensions>
          <ns3:TrackPointExtension>
            <ns3:hr>151</ns3:hr>
            <ns3:cad>82</ns3:cad>
          </ns3:TrackPointExtension>
        </extensions>
      </trkpt>
      <trkpt lat="23.3872148953378200531005859375" lon="113.23606931604444980621337890625">
        <ele>4</ele>
        <time>2023-12-02T11:00:31.000Z</time>
        <extensions>
          <ns3:TrackPointExtension>
            <ns3:hr>154</ns3:hr>
            <ns3:cad>82</ns3:cad>
          </ns3:TrackPointExtension>
        </extensions>
      </trkpt>
      <trkpt lat="23.38722436688840389251708984375" lon="113.23593805544078350067138671875">
        <ele>3.599999904632568359375</ele>
        <time>2023-12-02T11:00:35.000Z</time>
        <extensions>
          <ns3:TrackPointExtension>
            <ns3:hr>157</ns3:hr>
            <ns3:cad>83</ns3:cad>
          </ns3:TrackPointExtension>
        </extensions>
      </trkpt>
      <trkpt lat="23.38725638575851917266845703125" lon="113.2357381470501422882080078125">
        <ele>3.400000095367431640625</ele>
        <time>2023-12-02T11:00:41.000Z</time>
        <extensions>
          <ns3:TrackPointExtension>
            <ns3:hr>157</ns3:hr>
            <ns3:cad>82</ns3:cad>
          </ns3:TrackPointExtension>
        </extensions>
      </trkpt>
      <trkpt lat="23.3872668631374835968017578125" lon="113.23567201383411884307861328125">
        <ele>3.2000000476837158203125</ele>
        <time>2023-12-02T11:00:43.000Z</time>
        <extensions>
          <ns3:TrackPointExtension>
            <ns3:hr>161</ns3:hr>
            <ns3:cad>81</ns3:cad>
          </ns3:TrackPointExtension>
        </extensions>
      </trkpt>
      <trkpt lat="23.3872948586940765380859375" lon="113.235448636114597320556640625">
        <ele>2.599999904632568359375</ele>
        <time>2023-12-02T11:00:50.000Z</time>
        <extensions>
          <ns3:TrackPointExtension>
            <ns3:hr>163</ns3:hr>
            <ns3:cad>80</ns3:cad>
          </ns3:TrackPointExtension>
        </extensions>
      </trkpt>
      <trkpt lat="23.38730550371110439300537109375" lon="113.23537789285182952880859375">
        <ele>2.400000095367431640625</ele>
        <time>2023-12-02T11:00:52.000Z</time>
        <extensions>
          <ns3:TrackPointExtension>
            <ns3:hr>166</ns3:hr>
            <ns3:cad>80</ns3:cad>
          </ns3:TrackPointExtension>
        </extensions>
      </trkpt>
      <trkpt lat="23.38732243515551090240478515625" lon="113.235275633633136749267578125">
        <ele>2.400000095367431640625</ele>
        <time>2023-12-02T11:00:55.000Z</time>
        <extensions>
          <ns3:TrackPointExtension>
            <ns3:hr>169</ns3:hr>
            <ns3:cad>80</ns3:cad>
          </ns3:TrackPointExtension>
        </extensions>
      </trkpt>
      <trkpt lat="23.38736870326101779937744140625" lon="113.23505091480910778045654296875">
        <ele>2.2000000476837158203125</ele>
        <time>2023-12-02T11:01:01.000Z</time>
        <extensions>
          <ns3:TrackPointExtension>
            <ns3:hr>171</ns3:hr>
            <ns3:cad>80</ns3:cad>
          </ns3:TrackPointExtension>
        </extensions>
      </trkpt>
      <trkpt lat="23.38740558363497257232666015625" lon="113.2348540239036083221435546875">
        <ele>-0.20000000298023223876953125</ele>
        <time>2023-12-02T11:01:06.000Z</time>
        <extensions>
          <ns3:TrackPointExtension>
            <ns3:hr>173</ns3:hr>
            <ns3:cad>81</ns3:cad>
          </ns3:TrackPointExtension>
        </extensions>
      </trkpt>
      <trkpt lat="23.38744640350341796875" lon="113.23464456014335155487060546875">
        <ele>-0.800000011920928955078125</ele>
        <time>2023-12-02T11:01:12.000Z</time>
        <extensions>
          <ns3:TrackPointExtension>
            <ns3:hr>174</ns3:hr>
            <ns3:cad>79</ns3:cad>
          </ns3:TrackPointExtension>
        </extensions>
      </trkpt>
      <trkpt lat="23.3874730579555034637451171875" lon="113.2344277203083038330078125">
        <ele>5.400000095367431640625</ele>
        <time>2023-12-02T11:01:19.000Z</time>
        <extensions>
          <ns3:TrackPointExtension>
            <ns3:hr>174</ns3:hr>
            <ns3:cad>82</ns3:cad>
          </ns3:TrackPointExtension>
        </extensions>
      </trkpt>
      <trkpt lat="23.38749811984598636627197265625" lon="113.23421917855739593505859375">
        <ele>8</ele>
        <time>2023-12-02T11:01:26.000Z</time>
        <extensions>
          <ns3:TrackPointExtension>
            <ns3:hr>174</ns3:hr>
            <ns3:cad>83</ns3:cad>
          </ns3:TrackPointExtension>
        </extensions>
      </trkpt>
      <trkpt lat="23.3875159732997417449951171875" lon="113.23404961265623569488525390625">
        <ele>9</ele>
        <time>2023-12-02T11:01:34.000Z</time>
        <extensions>
          <ns3:TrackPointExtension>
            <ns3:hr>178</ns3:hr>
            <ns3:cad>83</ns3:cad>
          </ns3:TrackPointExtension>
        </extensions>
      </trkpt>
      <trkpt lat="23.38755763135850429534912109375" lon="113.2338575832545757293701171875">
        <ele>8.3999996185302734375</ele>
        <time>2023-12-02T11:01:45.000Z</time>
        <extensions>
          <ns3:TrackPointExtension>
            <ns3:hr>177</ns3:hr>
            <ns3:cad>77</ns3:cad>
          </ns3:TrackPointExtension>
        </extensions>
      </trkpt>
      <trkpt lat="23.38756433688104152679443359375" lon="113.233819864690303802490234375">
        <ele>8</ele>
        <time>2023-12-02T11:01:48.000Z</time>
        <extensions>
          <ns3:TrackPointExtension>
            <ns3:hr>171</ns3:hr>
            <ns3:cad>58</ns3:cad>
          </ns3:TrackPointExtension>
        </extensions>
      </trkpt>
      <trkpt lat="23.38758445344865322113037109375" lon="113.2337285019457340240478515625">
        <ele>7.599999904632568359375</ele>
        <time>2023-12-02T11:01:54.000Z</time>
        <extensions>
          <ns3:TrackPointExtension>
            <ns3:hr>168</ns3:hr>
            <ns3:cad>60</ns3:cad>
          </ns3:TrackPointExtension>
        </extensions>
      </trkpt>
      <trkpt lat="23.38750063441693782806396484375" lon="113.23362171649932861328125">
        <ele>7.400000095367431640625</ele>
        <time>2023-12-02T11:02:06.000Z</time>
        <extensions>
          <ns3:TrackPointExtension>
            <ns3:hr>162</ns3:hr>
            <ns3:cad>61</ns3:cad>
          </ns3:TrackPointExtension>
        </extensions>
      </trkpt>
      <trkpt lat="23.3874790929257869720458984375" lon="113.23359279893338680267333984375">
        <ele>7.19999980926513671875</ele>
        <time>2023-12-02T11:02:09.000Z</time>
        <extensions>
          <ns3:TrackPointExtension>
            <ns3:hr>159</ns3:hr>
            <ns3:cad>61</ns3:cad>
          </ns3:TrackPointExtension>
        </extensions>
      </trkpt>
      <trkpt lat="23.387400470674037933349609375" lon="113.2335586845874786376953125">
        <ele>6.80000019073486328125</ele>
        <time>2023-12-02T11:02:16.000Z</time>
        <extensions>
          <ns3:TrackPointExtension>
            <ns3:hr>156</ns3:hr>
            <ns3:cad>59</ns3:cad>
          </ns3:TrackPointExtension>
        </extensions>
      </trkpt>
      <trkpt lat="23.38736518286168575286865234375" lon="113.23354116640985012054443359375">
        <ele>6.599999904632568359375</ele>
        <time>2023-12-02T11:02:20.000Z</time>
        <extensions>
          <ns3:TrackPointExtension>
            <ns3:hr>152</ns3:hr>
            <ns3:cad>58</ns3:cad>
          </ns3:TrackPointExtension>
        </extensions>
      </trkpt>
      <trkpt lat="23.387316651642322540283203125" lon="113.23353127576410770416259765625">
        <ele>6.400000095367431640625</ele>
        <time>2023-12-02T11:02:25.000Z</time>
        <extensions>
          <ns3:TrackPointExtension>
            <ns3:hr>149</ns3:hr>
            <ns3:cad>59</ns3:cad>
          </ns3:TrackPointExtension>
        </extensions>
      </trkpt>
      <trkpt lat="23.3872608281672000885009765625" lon="113.2335347123444080352783203125">
        <ele>6.19999980926513671875</ele>
        <time>2023-12-02T11:02:30.000Z</time>
        <extensions>
          <ns3:TrackPointExtension>
            <ns3:hr>146</ns3:hr>
            <ns3:cad>58</ns3:cad>
          </ns3:TrackPointExtension>
        </extensions>
      </trkpt>
      <trkpt lat="23.38720165193080902099609375" lon="113.23353395797312259674072265625">
        <ele>6</ele>
        <time>2023-12-02T11:02:35.000Z</time>
        <extensions>
          <ns3:TrackPointExtension>
            <ns3:hr>144</ns3:hr>
            <ns3:cad>57</ns3:cad>
          </ns3:TrackPointExtension>
        </extensions>
      </trkpt>
      <trkpt lat="23.38714960031211376190185546875" lon="113.2335184514522552490234375">
        <ele>5.19999980926513671875</ele>
        <time>2023-12-02T11:02:40.000Z</time>
        <extensions>
          <ns3:TrackPointExtension>
            <ns3:hr>141</ns3:hr>
            <ns3:cad>59</ns3:cad>
          </ns3:TrackPointExtension>
        </extensions>
      </trkpt>
      <trkpt lat="23.38708874769508838653564453125" lon="113.23350730352103710174560546875">
        <ele>3.7999999523162841796875</ele>
        <time>2023-12-02T11:02:45.000Z</time>
        <extensions>
          <ns3:TrackPointExtension>
            <ns3:hr>138</ns3:hr>
            <ns3:cad>59</ns3:cad>
          </ns3:TrackPointExtension>
        </extensions>
      </trkpt>
      <trkpt lat="23.38696570135653018951416015625" lon="113.2333814911544322967529296875">
        <ele>1.2000000476837158203125</ele>
        <time>2023-12-02T11:03:02.000Z</time>
        <extensions>
          <ns3:TrackPointExtension>
            <ns3:hr>139</ns3:hr>
            <ns3:cad>61</ns3:cad>
          </ns3:TrackPointExtension>
        </extensions>
      </trkpt>
      <trkpt lat="23.38696486316621303558349609375" lon="113.23333933018147945404052734375">
        <ele>1.2000000476837158203125</ele>
        <time>2023-12-02T11:03:11.000Z</time>
        <extensions>
          <ns3:TrackPointExtension>
            <ns3:hr>137</ns3:hr>
            <ns3:cad>61</ns3:cad>
          </ns3:TrackPointExtension>
        </extensions>
      </trkpt>
      <trkpt lat="23.38696670718491077423095703125" lon="113.2333255000412464141845703125">
        <ele>1.2000000476837158203125</ele>
        <time>2023-12-02T11:03:14.000Z</time>
        <extensions>
          <ns3:TrackPointExtension>
            <ns3:hr>134</ns3:hr>
            <ns3:cad>61</ns3:cad>
          </ns3:TrackPointExtension>
        </extensions>
      </trkpt>
      <trkpt lat="23.3869808726012706756591796875" lon="113.2332663238048553466796875">
        <ele>0.800000011920928955078125</ele>
        <time>2023-12-02T11:03:20.000Z</time>
        <extensions>
          <ns3:TrackPointExtension>
            <ns3:hr>136</ns3:hr>
            <ns3:cad>61</ns3:cad>
          </ns3:TrackPointExtension>
        </extensions>
      </trkpt>
      <trkpt lat="23.38700794614851474761962890625" lon="113.23313347063958644866943359375">
        <ele>2.400000095367431640625</ele>
        <time>2023-12-02T11:03:31.000Z</time>
        <extensions>
          <ns3:TrackPointExtension>
            <ns3:hr>136</ns3:hr>
            <ns3:cad>58</ns3:cad>
          </ns3:TrackPointExtension>
        </extensions>
      </trkpt>
      <trkpt lat="23.38704834692180156707763671875" lon="113.2330307923257350921630859375">
        <ele>2.599999904632568359375</ele>
        <time>2023-12-02T11:03:38.000Z</time>
        <extensions>
          <ns3:TrackPointExtension>
            <ns3:hr>139</ns3:hr>
            <ns3:cad>60</ns3:cad>
          </ns3:TrackPointExtension>
        </extensions>
      </trkpt>
      <trkpt lat="23.38710509240627288818359375" lon="113.2328953407704830169677734375">
        <ele>3.2000000476837158203125</ele>
        <time>2023-12-02T11:03:45.000Z</time>
        <extensions>
          <ns3:TrackPointExtension>
            <ns3:hr>142</ns3:hr>
            <ns3:cad>78</ns3:cad>
          </ns3:TrackPointExtension>
        </extensions>
      </trkpt>
      <trkpt lat="23.38711313903331756591796875" lon="113.2328128628432750701904296875">
        <ele>4</ele>
        <time>2023-12-02T11:03:48.000Z</time>
        <extensions>
          <ns3:TrackPointExtension>
            <ns3:hr>147</ns3:hr>
            <ns3:cad>80</ns3:cad>
          </ns3:TrackPointExtension>
        </extensions>
      </trkpt>
      <trkpt lat="23.38710165582597255706787109375" lon="113.2327863760292530059814453125">
        <ele>4.400000095367431640625</ele>
        <time>2023-12-02T11:03:49.000Z</time>
        <extensions>
          <ns3:TrackPointExtension>
            <ns3:hr>144</ns3:hr>
            <ns3:cad>81</ns3:cad>
          </ns3:TrackPointExtension>
        </extensions>
      </trkpt>
      <trkpt lat="23.38709612376987934112548828125" lon="113.2327622361481189727783203125">
        <ele>4.80000019073486328125</ele>
        <time>2023-12-02T11:03:50.000Z</time>
        <extensions>
          <ns3:TrackPointExtension>
            <ns3:hr>141</ns3:hr>
            <ns3:cad>82</ns3:cad>
          </ns3:TrackPointExtension>
        </extensions>
      </trkpt>
      <trkpt lat="23.387096710503101348876953125" lon="113.23274605907499790191650390625">
        <ele>4.80000019073486328125</ele>
        <time>2023-12-02T11:03:51.000Z</time>
        <extensions>
          <ns3:TrackPointExtension>
            <ns3:hr>141</ns3:hr>
            <ns3:cad>82</ns3:cad>
          </ns3:TrackPointExtension>
        </extensions>
      </trkpt>
      <trkpt lat="23.38710366748273372650146484375" lon="113.23273130692541599273681640625">
        <ele>5</ele>
        <time>2023-12-02T11:03:52.000Z</time>
        <extensions>
          <ns3:TrackPointExtension>
            <ns3:hr>147</ns3:hr>
            <ns3:cad>82</ns3:cad>
          </ns3:TrackPointExtension>
        </extensions>
      </trkpt>
      <trkpt lat="23.3871076069772243499755859375" lon="113.232710771262645721435546875">
        <ele>5.19999980926513671875</ele>
        <time>2023-12-02T11:03:53.000Z</time>
        <extensions>
          <ns3:TrackPointExtension>
            <ns3:hr>147</ns3:hr>
            <ns3:cad>82</ns3:cad>
          </ns3:TrackPointExtension>
        </extensions>
      </trkpt>
      <trkpt lat="23.3871139772236347198486328125" lon="113.232688643038272857666015625">
        <ele>5.599999904632568359375</ele>
        <time>2023-12-02T11:03:54.000Z</time>
        <extensions>
          <ns3:TrackPointExtension>
            <ns3:hr>151</ns3:hr>
            <ns3:cad>82</ns3:cad>
          </ns3:TrackPointExtension>
        </extensions>
      </trkpt>
      <trkpt lat="23.3871253766119480133056640625" lon="113.23264212347567081451416015625">
        <ele>6.400000095367431640625</ele>
        <time>2023-12-02T11:03:56.000Z</time>
        <extensions>
          <ns3:TrackPointExtension>
            <ns3:hr>151</ns3:hr>
            <ns3:cad>82</ns3:cad>
          </ns3:TrackPointExtension>
        </extensions>
      </trkpt>
      <trkpt lat="23.38714172132313251495361328125" lon="113.23259652592241764068603515625">
        <ele>6.19999980926513671875</ele>
        <time>2023-12-02T11:03:58.000Z</time>
        <extensions>
          <ns3:TrackPointExtension>
            <ns3:hr>160</ns3:hr>
            <ns3:cad>82</ns3:cad>
          </ns3:TrackPointExtension>
        </extensions>
      </trkpt>
      <trkpt lat="23.38715513236820697784423828125" lon="113.232574649155139923095703125">
        <ele>6.19999980926513671875</ele>
        <time>2023-12-02T11:03:59.000Z</time>
        <extensions>
          <ns3:TrackPointExtension>
            <ns3:hr>163</ns3:hr>
            <ns3:cad>82</ns3:cad>
          </ns3:TrackPointExtension>
        </extensions>
      </trkpt>
      <trkpt lat="23.387170471251010894775390625" lon="113.2325530238449573516845703125">
        <ele>6</ele>
        <time>2023-12-02T11:04:00.000Z</time>
        <extensions>
          <ns3:TrackPointExtension>
            <ns3:hr>163</ns3:hr>
            <ns3:cad>82</ns3:cad>
          </ns3:TrackPointExtension>
        </extensions>
      </trkpt>
      <trkpt lat="23.3872303180396556854248046875" lon="113.23239267803728580474853515625">
        <ele>5.599999904632568359375</ele>
        <time>2023-12-02T11:04:06.000Z</time>
        <extensions>
          <ns3:TrackPointExtension>
            <ns3:hr>159</ns3:hr>
            <ns3:cad>83</ns3:cad>
          </ns3:TrackPointExtension>
        </extensions>
      </trkpt>
      <trkpt lat="23.38728773407638072967529296875" lon="113.23233760893344879150390625">
        <ele>5</ele>
        <time>2023-12-02T11:04:09.000Z</time>
        <extensions>
          <ns3:TrackPointExtension>
            <ns3:hr>167</ns3:hr>
            <ns3:cad>83</ns3:cad>
          </ns3:TrackPointExtension>
        </extensions>
      </trkpt>
      <trkpt lat="23.3873070962727069854736328125" lon="113.23231724090874195098876953125">
        <ele>4.80000019073486328125</ele>
        <time>2023-12-02T11:04:10.000Z</time>
        <extensions>
          <ns3:TrackPointExtension>
            <ns3:hr>165</ns3:hr>
            <ns3:cad>83</ns3:cad>
          </ns3:TrackPointExtension>
        </extensions>
      </trkpt>
      <trkpt lat="23.38734992779791355133056640625" lon="113.232271559536457061767578125">
        <ele>4.19999980926513671875</ele>
        <time>2023-12-02T11:04:12.000Z</time>
        <extensions>
          <ns3:TrackPointExtension>
            <ns3:hr>160</ns3:hr>
            <ns3:cad>84</ns3:cad>
          </ns3:TrackPointExtension>
        </extensions>
      </trkpt>
      <trkpt lat="23.38739301078021526336669921875" lon="113.2322392053902149200439453125">
        <ele>3.7999999523162841796875</ele>
        <time>2023-12-02T11:04:14.000Z</time>
        <extensions>
          <ns3:TrackPointExtension>
            <ns3:hr>165</ns3:hr>
            <ns3:cad>84</ns3:cad>
          </ns3:TrackPointExtension>
        </extensions>
      </trkpt>
      <trkpt lat="23.38743693195283412933349609375" lon="113.23220911435782909393310546875">
        <ele>3.400000095367431640625</ele>
        <time>2023-12-02T11:04:16.000Z</time>
        <extensions>
          <ns3:TrackPointExtension>
            <ns3:hr>168</ns3:hr>
            <ns3:cad>83</ns3:cad>
          </ns3:TrackPointExtension>
        </extensions>
      </trkpt>
      <trkpt lat="23.38745906017720699310302734375" lon="113.2321939431130886077880859375">
        <ele>3.2000000476837158203125</ele>
        <time>2023-12-02T11:04:17.000Z</time>
        <extensions>
          <ns3:TrackPointExtension>
            <ns3:hr>165</ns3:hr>
            <ns3:cad>83</ns3:cad>
          </ns3:TrackPointExtension>
        </extensions>
      </trkpt>
      <trkpt lat="23.38750231079757213592529296875" lon="113.23216217570006847381591796875">
        <ele>3.2000000476837158203125</ele>
        <time>2023-12-02T11:04:19.000Z</time>
        <extensions>
          <ns3:TrackPointExtension>
            <ns3:hr>162</ns3:hr>
            <ns3:cad>83</ns3:cad>
          </ns3:TrackPointExtension>
        </extensions>
      </trkpt>
      <trkpt lat="23.38753935880959033966064453125" lon="113.23211154900491237640380859375">
        <ele>3.2000000476837158203125</ele>
        <time>2023-12-02T11:04:22.000Z</time>
        <extensions>
          <ns3:TrackPointExtension>
            <ns3:hr>161</ns3:hr>
            <ns3:cad>82</ns3:cad>
          </ns3:TrackPointExtension>
        </extensions>
      </trkpt>
      <trkpt lat="23.38755025528371334075927734375" lon="113.23207768611609935760498046875">
        <ele>3.599999904632568359375</ele>
        <time>2023-12-02T11:04:24.000Z</time>
        <extensions>
          <ns3:TrackPointExtension>
            <ns3:hr>158</ns3:hr>
            <ns3:cad>82</ns3:cad>
          </ns3:TrackPointExtension>
        </extensions>
      </trkpt>
      <trkpt lat="23.387557379901409149169921875" lon="113.23205857537686824798583984375">
        <ele>3.599999904632568359375</ele>
        <time>2023-12-02T11:04:25.000Z</time>
        <extensions>
          <ns3:TrackPointExtension>
            <ns3:hr>168</ns3:hr>
            <ns3:cad>79</ns3:cad>
          </ns3:TrackPointExtension>
        </extensions>
      </trkpt>
      <trkpt lat="23.3875635825097560882568359375" lon="113.23204181157052516937255859375">
        <ele>3.7999999523162841796875</ele>
        <time>2023-12-02T11:04:26.000Z</time>
        <extensions>
          <ns3:TrackPointExtension>
            <ns3:hr>168</ns3:hr>
            <ns3:cad>79</ns3:cad>
          </ns3:TrackPointExtension>
        </extensions>
      </trkpt>
      <trkpt lat="23.3875796757638454437255859375" lon="113.2320008240640163421630859375">
        <ele>4</ele>
        <time>2023-12-02T11:04:28.000Z</time>
        <extensions>
          <ns3:TrackPointExtension>
            <ns3:hr>173</ns3:hr>
            <ns3:cad>79</ns3:cad>
          </ns3:TrackPointExtension>
        </extensions>
      </trkpt>
      <trkpt lat="23.38760222308337688446044921875" lon="113.23193217627704143524169921875">
        <ele>4</ele>
        <time>2023-12-02T11:04:31.000Z</time>
        <extensions>
          <ns3:TrackPointExtension>
            <ns3:hr>178</ns3:hr>
            <ns3:cad>81</ns3:cad>
          </ns3:TrackPointExtension>
        </extensions>
      </trkpt>
      <trkpt lat="23.38761764578521251678466796875" lon="113.23188540525734424591064453125">
        <ele>4</ele>
        <time>2023-12-02T11:04:33.000Z</time>
        <extensions>
          <ns3:TrackPointExtension>
            <ns3:hr>175</ns3:hr>
            <ns3:cad>81</ns3:cad>
          </ns3:TrackPointExtension>
        </extensions>
      </trkpt>
      <trkpt lat="23.38762250728905200958251953125" lon="113.231862522661685943603515625">
        <ele>3.7999999523162841796875</ele>
        <time>2023-12-02T11:04:34.000Z</time>
        <extensions>
          <ns3:TrackPointExtension>
            <ns3:hr>172</ns3:hr>
            <ns3:cad>81</ns3:cad>
          </ns3:TrackPointExtension>
        </extensions>
      </trkpt>
      <trkpt lat="23.387636505067348480224609375" lon="113.2318211160600185394287109375">
        <ele>3.599999904632568359375</ele>
        <time>2023-12-02T11:04:36.000Z</time>
        <extensions>
          <ns3:TrackPointExtension>
            <ns3:hr>168</ns3:hr>
            <ns3:cad>81</ns3:cad>
          </ns3:TrackPointExtension>
        </extensions>
      </trkpt>
      <trkpt lat="23.38767380453646183013916015625" lon="113.231713660061359405517578125">
        <ele>3.599999904632568359375</ele>
        <time>2023-12-02T11:04:41.000Z</time>
        <extensions>
          <ns3:TrackPointExtension>
            <ns3:hr>171</ns3:hr>
            <ns3:cad>82</ns3:cad>
          </ns3:TrackPointExtension>
        </extensions>
      </trkpt>
      <trkpt lat="23.3877114392817020416259765625" lon="113.23160561732947826385498046875">
        <ele>4</ele>
        <time>2023-12-02T11:04:45.000Z</time>
        <extensions>
          <ns3:TrackPointExtension>
            <ns3:hr>168</ns3:hr>
            <ns3:cad>82</ns3:cad>
          </ns3:TrackPointExtension>
        </extensions>
      </trkpt>
      <trkpt lat="23.38772728107869625091552734375" lon="113.2315577566623687744140625">
        <ele>3.7999999523162841796875</ele>
        <time>2023-12-02T11:04:47.000Z</time>
        <extensions>
          <ns3:TrackPointExtension>
            <ns3:hr>172</ns3:hr>
            <ns3:cad>82</ns3:cad>
          </ns3:TrackPointExtension>
        </extensions>
      </trkpt>
      <trkpt lat="23.38774639181792736053466796875" lon="113.23151727207005023956298828125">
        <ele>3.7999999523162841796875</ele>
        <time>2023-12-02T11:04:50.000Z</time>
        <extensions>
          <ns3:TrackPointExtension>
            <ns3:hr>169</ns3:hr>
            <ns3:cad>82</ns3:cad>
          </ns3:TrackPointExtension>
        </extensions>
      </trkpt>
      <trkpt lat="23.38775175623595714569091796875" lon="113.2315056212246417999267578125">
        <ele>3.599999904632568359375</ele>
        <time>2023-12-02T11:04:51.000Z</time>
        <extensions>
          <ns3:TrackPointExtension>
            <ns3:hr>166</ns3:hr>
            <ns3:cad>82</ns3:cad>
          </ns3:TrackPointExtension>
        </extensions>
      </trkpt>
      <trkpt lat="23.387754857540130615234375" lon="113.2314281724393367767333984375">
        <ele>3.400000095367431640625</ele>
        <time>2023-12-02T11:04:57.000Z</time>
        <extensions>
          <ns3:TrackPointExtension>
            <ns3:hr>170</ns3:hr>
            <ns3:cad>61</ns3:cad>
          </ns3:TrackPointExtension>
        </extensions>
      </trkpt>
      <trkpt lat="23.38777338154613971710205078125" lon="113.23125399649143218994140625">
        <ele>2.7999999523162841796875</ele>
        <time>2023-12-02T11:05:07.000Z</time>
        <extensions>
          <ns3:TrackPointExtension>
            <ns3:hr>167</ns3:hr>
            <ns3:cad>81</ns3:cad>
          </ns3:TrackPointExtension>
        </extensions>
      </trkpt>
      <trkpt lat="23.3878227509558200836181640625" lon="113.23104537092149257659912109375">
        <ele>1.7999999523162841796875</ele>
        <time>2023-12-02T11:05:16.000Z</time>
        <extensions>
          <ns3:TrackPointExtension>
            <ns3:hr>168</ns3:hr>
            <ns3:cad>82</ns3:cad>
          </ns3:TrackPointExtension>
        </extensions>
      </trkpt>
      <trkpt lat="23.38787346147000789642333984375" lon="113.230837248265743255615234375">
        <ele>2</ele>
        <time>2023-12-02T11:05:24.000Z</time>
        <extensions>
          <ns3:TrackPointExtension>
            <ns3:hr>169</ns3:hr>
            <ns3:cad>81</ns3:cad>
          </ns3:TrackPointExtension>
        </extensions>
      </trkpt>
      <trkpt lat="23.3878908120095729827880859375" lon="113.230623342096805572509765625">
        <ele>2.400000095367431640625</ele>
        <time>2023-12-02T11:05:32.000Z</time>
        <extensions>
          <ns3:TrackPointExtension>
            <ns3:hr>167</ns3:hr>
            <ns3:cad>81</ns3:cad>
          </ns3:TrackPointExtension>
        </extensions>
      </trkpt>
      <trkpt lat="23.3878981880843639373779296875" lon="113.23041991330683231353759765625">
        <ele>2.599999904632568359375</ele>
        <time>2023-12-02T11:05:39.000Z</time>
        <extensions>
          <ns3:TrackPointExtension>
            <ns3:hr>167</ns3:hr>
            <ns3:cad>82</ns3:cad>
          </ns3:TrackPointExtension>
        </extensions>
      </trkpt>
      <trkpt lat="23.38792324997484683990478515625" lon="113.23022679425776004791259765625">
        <ele>3</ele>
        <time>2023-12-02T11:05:47.000Z</time>
        <extensions>
          <ns3:TrackPointExtension>
            <ns3:hr>168</ns3:hr>
            <ns3:cad>81</ns3:cad>
          </ns3:TrackPointExtension>
        </extensions>
      </trkpt>
      <trkpt lat="23.38794101960957050323486328125" lon="113.2300089485943317413330078125">
        <ele>4.80000019073486328125</ele>
        <time>2023-12-02T11:05:55.000Z</time>
        <extensions>
          <ns3:TrackPointExtension>
            <ns3:hr>169</ns3:hr>
            <ns3:cad>82</ns3:cad>
          </ns3:TrackPointExtension>
        </extensions>
      </trkpt>
      <trkpt lat="23.38793649338185787200927734375" lon="113.22978540323674678802490234375">
        <ele>6.400000095367431640625</ele>
        <time>2023-12-02T11:06:03.000Z</time>
        <extensions>
          <ns3:TrackPointExtension>
            <ns3:hr>171</ns3:hr>
            <ns3:cad>81</ns3:cad>
          </ns3:TrackPointExtension>
        </extensions>
      </trkpt>
      <trkpt lat="23.3879082463681697845458984375" lon="113.2295836508274078369140625">
        <ele>7.400000095367431640625</ele>
        <time>2023-12-02T11:06:10.000Z</time>
        <extensions>
          <ns3:TrackPointExtension>
            <ns3:hr>171</ns3:hr>
            <ns3:cad>82</ns3:cad>
          </ns3:TrackPointExtension>
        </extensions>
      </trkpt>
      <trkpt lat="23.387881256639957427978515625" lon="113.229375779628753662109375">
        <ele>7</ele>
        <time>2023-12-02T11:06:17.000Z</time>
        <extensions>
          <ns3:TrackPointExtension>
            <ns3:hr>170</ns3:hr>
            <ns3:cad>82</ns3:cad>
          </ns3:TrackPointExtension>
        </extensions>
      </trkpt>
      <trkpt lat="23.38788100518286228179931640625" lon="113.2292606122791767120361328125">
        <ele>5.80000019073486328125</ele>
        <time>2023-12-02T11:06:21.000Z</time>
        <extensions>
          <ns3:TrackPointExtension>
            <ns3:hr>174</ns3:hr>
            <ns3:cad>82</ns3:cad>
          </ns3:TrackPointExtension>
        </extensions>
      </trkpt>
      <trkpt lat="23.387853093445301055908203125" lon="113.22906740941107273101806640625">
        <ele>4.599999904632568359375</ele>
        <time>2023-12-02T11:06:27.000Z</time>
        <extensions>
          <ns3:TrackPointExtension>
            <ns3:hr>171</ns3:hr>
            <ns3:cad>81</ns3:cad>
          </ns3:TrackPointExtension>
        </extensions>
      </trkpt>
      <trkpt lat="23.387816213071346282958984375" lon="113.22888535447418689727783203125">
        <ele>-0.4000000059604644775390625</ele>
        <time>2023-12-02T11:06:37.000Z</time>
        <extensions>
          <ns3:TrackPointExtension>
            <ns3:hr>175</ns3:hr>
            <ns3:cad>58</ns3:cad>
          </ns3:TrackPointExtension>
        </extensions>
      </trkpt>
      <trkpt lat="23.387803472578525543212890625" lon="113.22884797118604183197021484375">
        <ele>-1.39999997615814208984375</ele>
        <time>2023-12-02T11:06:40.000Z</time>
        <extensions>
          <ns3:TrackPointExtension>
            <ns3:hr>173</ns3:hr>
            <ns3:cad>56</ns3:cad>
          </ns3:TrackPointExtension>
        </extensions>
      </trkpt>
      <trkpt lat="23.3878019638359546661376953125" lon="113.2288371585309505462646484375">
        <ele>-1.60000002384185791015625</ele>
        <time>2023-12-02T11:06:41.000Z</time>
        <extensions>
          <ns3:TrackPointExtension>
            <ns3:hr>170</ns3:hr>
            <ns3:cad>56</ns3:cad>
          </ns3:TrackPointExtension>
        </extensions>
      </trkpt>
      <trkpt lat="23.38779936544597148895263671875" lon="113.22881360538303852081298828125">
        <ele>-2</ele>
        <time>2023-12-02T11:06:43.000Z</time>
        <extensions>
          <ns3:TrackPointExtension>
            <ns3:hr>168</ns3:hr>
            <ns3:cad>56</ns3:cad>
          </ns3:TrackPointExtension>
        </extensions>
      </trkpt>
      <trkpt lat="23.3878150396049022674560546875" lon="113.22875660844147205352783203125">
        <ele>-3.599999904632568359375</ele>
        <time>2023-12-02T11:06:48.000Z</time>
        <extensions>
          <ns3:TrackPointExtension>
            <ns3:hr>170</ns3:hr>
            <ns3:cad>57</ns3:cad>
          </ns3:TrackPointExtension>
        </extensions>
      </trkpt>
      <trkpt lat="23.3878193981945514678955078125" lon="113.22874185629189014434814453125">
        <ele>-4</ele>
        <time>2023-12-02T11:06:49.000Z</time>
        <extensions>
          <ns3:TrackPointExtension>
            <ns3:hr>170</ns3:hr>
            <ns3:cad>58</ns3:cad>
          </ns3:TrackPointExtension>
        </extensions>
      </trkpt>
      <trkpt lat="23.38780514895915985107421875" lon="113.22870053350925445556640625">
        <ele>-5.599999904632568359375</ele>
        <time>2023-12-02T11:06:52.000Z</time>
        <extensions>
          <ns3:TrackPointExtension>
            <ns3:hr>170</ns3:hr>
            <ns3:cad>58</ns3:cad>
          </ns3:TrackPointExtension>
        </extensions>
      </trkpt>
      <trkpt lat="23.3877664245665073394775390625" lon="113.2285022176802158355712890625">
        <ele>-13.19999980926513671875</ele>
        <time>2023-12-02T11:07:00.000Z</time>
        <extensions>
          <ns3:TrackPointExtension>
            <ns3:hr>168</ns3:hr>
            <ns3:cad>81</ns3:cad>
          </ns3:TrackPointExtension>
        </extensions>
      </trkpt>
      <trkpt lat="23.38778293691575527191162109375" lon="113.2283087633550167083740234375">
        <ele>-22.6000003814697265625</ele>
        <time>2023-12-02T11:07:08.000Z</time>
        <extensions>
          <ns3:TrackPointExtension>
            <ns3:hr>168</ns3:hr>
            <ns3:cad>83</ns3:cad>
          </ns3:TrackPointExtension>
        </extensions>
      </trkpt>
      <trkpt lat="23.38778503239154815673828125" lon="113.22828085161745548248291015625">
        <ele>-23.6000003814697265625</ele>
        <time>2023-12-02T11:07:09.000Z</time>
        <extensions>
          <ns3:TrackPointExtension>
            <ns3:hr>164</ns3:hr>
            <ns3:cad>83</ns3:cad>
          </ns3:TrackPointExtension>
        </extensions>
      </trkpt>
      <trkpt lat="23.38781512342393398284912109375" lon="113.228175826370716094970703125">
        <ele>-23.3999996185302734375</ele>
        <time>2023-12-02T11:07:13.000Z</time>
        <extensions>
          <ns3:TrackPointExtension>
            <ns3:hr>161</ns3:hr>
            <ns3:cad>84</ns3:cad>
          </ns3:TrackPointExtension>
        </extensions>
      </trkpt>
      <trkpt lat="23.38782870210707187652587890625" lon="113.228147663176059722900390625">
        <ele>-23</ele>
        <time>2023-12-02T11:07:14.000Z</time>
        <extensions>
          <ns3:TrackPointExtension>
            <ns3:hr>167</ns3:hr>
            <ns3:cad>83</ns3:cad>
          </ns3:TrackPointExtension>
        </extensions>
      </trkpt>
      <trkpt lat="23.38784077204763889312744140625" lon="113.2281223498284816741943359375">
        <ele>-22.799999237060546875</ele>
        <time>2023-12-02T11:07:15.000Z</time>
        <extensions>
          <ns3:TrackPointExtension>
            <ns3:hr>173</ns3:hr>
            <ns3:cad>83</ns3:cad>
          </ns3:TrackPointExtension>
        </extensions>
      </trkpt>
      <trkpt lat="23.387851417064666748046875" lon="113.2280965335667133331298828125">
        <ele>-22.3999996185302734375</ele>
        <time>2023-12-02T11:07:16.000Z</time>
        <extensions>
          <ns3:TrackPointExtension>
            <ns3:hr>176</ns3:hr>
            <ns3:cad>83</ns3:cad>
          </ns3:TrackPointExtension>
        </extensions>
      </trkpt>
      <trkpt lat="23.3878633193671703338623046875" lon="113.2280693762004375457763671875">
        <ele>-22</ele>
        <time>2023-12-02T11:07:17.000Z</time>
        <extensions>
          <ns3:TrackPointExtension>
            <ns3:hr>176</ns3:hr>
            <ns3:cad>83</ns3:cad>
          </ns3:TrackPointExtension>
        </extensions>
      </trkpt>
      <trkpt lat="23.38790263049304485321044921875" lon="113.22796820662915706634521484375">
        <ele>-20.6000003814697265625</ele>
        <time>2023-12-02T11:07:21.000Z</time>
        <extensions>
          <ns3:TrackPointExtension>
            <ns3:hr>179</ns3:hr>
            <ns3:cad>83</ns3:cad>
          </ns3:TrackPointExtension>
        </extensions>
      </trkpt>
      <trkpt lat="23.38791201822459697723388671875" lon="113.227941133081912994384765625">
        <ele>-20</ele>
        <time>2023-12-02T11:07:22.000Z</time>
        <extensions>
          <ns3:TrackPointExtension>
            <ns3:hr>176</ns3:hr>
            <ns3:cad>82</ns3:cad>
          </ns3:TrackPointExtension>
        </extensions>
      </trkpt>
      <trkpt lat="23.38794236071407794952392578125" lon="113.22784549556672573089599609375">
        <ele>-18.200000762939453125</ele>
        <time>2023-12-02T11:07:26.000Z</time>
        <extensions>
          <ns3:TrackPointExtension>
            <ns3:hr>173</ns3:hr>
            <ns3:cad>82</ns3:cad>
          </ns3:TrackPointExtension>
        </extensions>
      </trkpt>
      <trkpt lat="23.3880225755274295806884765625" lon="113.227660171687602996826171875">
        <ele>-14.19999980926513671875</ele>
        <time>2023-12-02T11:07:33.000Z</time>
        <extensions>
          <ns3:TrackPointExtension>
            <ns3:hr>174</ns3:hr>
            <ns3:cad>81</ns3:cad>
          </ns3:TrackPointExtension>
        </extensions>
      </trkpt>
      <trkpt lat="23.38808367960155010223388671875" lon="113.227448277175426483154296875">
        <ele>-10.19999980926513671875</ele>
        <time>2023-12-02T11:07:40.000Z</time>
        <extensions>
          <ns3:TrackPointExtension>
            <ns3:hr>175</ns3:hr>
            <ns3:cad>83</ns3:cad>
          </ns3:TrackPointExtension>
        </extensions>
      </trkpt>
      <trkpt lat="23.38812374509871006011962890625" lon="113.2272554934024810791015625">
        <ele>1.2000000476837158203125</ele>
        <time>2023-12-02T11:07:46.000Z</time>
        <extensions>
          <ns3:TrackPointExtension>
            <ns3:hr>176</ns3:hr>
            <ns3:cad>83</ns3:cad>
          </ns3:TrackPointExtension>
        </extensions>
      </trkpt>
      <trkpt lat="23.38809491135179996490478515625" lon="113.22703228332102298736572265625">
        <ele>8.3999996185302734375</ele>
        <time>2023-12-02T11:07:53.000Z</time>
        <extensions>
          <ns3:TrackPointExtension>
            <ns3:hr>178</ns3:hr>
            <ns3:cad>82</ns3:cad>
          </ns3:TrackPointExtension>
        </extensions>
      </trkpt>
      <trkpt lat="23.388017378747463226318359375" lon="113.22684117592871189117431640625">
        <ele>11.3999996185302734375</ele>
        <time>2023-12-02T11:08:00.000Z</time>
        <extensions>
          <ns3:TrackPointExtension>
            <ns3:hr>179</ns3:hr>
            <ns3:cad>82</ns3:cad>
          </ns3:TrackPointExtension>
        </extensions>
      </trkpt>
      <trkpt lat="23.3878929913043975830078125" lon="113.226668424904346466064453125">
        <ele>5.80000019073486328125</ele>
        <time>2023-12-02T11:08:08.000Z</time>
        <extensions>
          <ns3:TrackPointExtension>
            <ns3:hr>178</ns3:hr>
            <ns3:cad>82</ns3:cad>
          </ns3:TrackPointExtension>
        </extensions>
      </trkpt>
      <trkpt lat="23.387760221958160400390625" lon="113.22651989758014678955078125">
        <ele>2</ele>
        <time>2023-12-02T11:08:15.000Z</time>
        <extensions>
          <ns3:TrackPointExtension>
            <ns3:hr>179</ns3:hr>
            <ns3:cad>81</ns3:cad>
          </ns3:TrackPointExtension>
        </extensions>
      </trkpt>
      <trkpt lat="23.38762267492711544036865234375" lon="113.226353265345096588134765625">
        <ele>0.20000000298023223876953125</ele>
        <time>2023-12-02T11:08:21.000Z</time>
        <extensions>
          <ns3:TrackPointExtension>
            <ns3:hr>178</ns3:hr>
            <ns3:cad>81</ns3:cad>
          </ns3:TrackPointExtension>
        </extensions>
      </trkpt>
      <trkpt lat="23.3875438012182712554931640625" lon="113.2262015528976917266845703125">
        <ele>-0.4000000059604644775390625</ele>
        <time>2023-12-02T11:08:31.000Z</time>
        <extensions>
          <ns3:TrackPointExtension>
            <ns3:hr>181</ns3:hr>
            <ns3:cad>81</ns3:cad>
          </ns3:TrackPointExtension>
        </extensions>
      </trkpt>
      <trkpt lat="23.38753759860992431640625" lon="113.226177580654621124267578125">
        <ele>-0.60000002384185791015625</ele>
        <time>2023-12-02T11:08:33.000Z</time>
        <extensions>
          <ns3:TrackPointExtension>
            <ns3:hr>178</ns3:hr>
            <ns3:cad>81</ns3:cad>
          </ns3:TrackPointExtension>
        </extensions>
      </trkpt>
      <trkpt lat="23.387529216706752777099609375" lon="113.22615000419318675994873046875">
        <ele>-0.60000002384185791015625</ele>
        <time>2023-12-02T11:08:36.000Z</time>
        <extensions>
          <ns3:TrackPointExtension>
            <ns3:hr>175</ns3:hr>
            <ns3:cad>61</ns3:cad>
          </ns3:TrackPointExtension>
        </extensions>
      </trkpt>
      <trkpt lat="23.3875256963074207305908203125" lon="113.22614162229001522064208984375">
        <ele>-0.60000002384185791015625</ele>
        <time>2023-12-02T11:08:37.000Z</time>
        <extensions>
          <ns3:TrackPointExtension>
            <ns3:hr>178</ns3:hr>
            <ns3:cad>61</ns3:cad>
          </ns3:TrackPointExtension>
        </extensions>
      </trkpt>
      <trkpt lat="23.38752217590808868408203125" lon="113.22612200863659381866455078125">
        <ele>-0.60000002384185791015625</ele>
        <time>2023-12-02T11:08:39.000Z</time>
        <extensions>
          <ns3:TrackPointExtension>
            <ns3:hr>173</ns3:hr>
            <ns3:cad>61</ns3:cad>
          </ns3:TrackPointExtension>
        </extensions>
      </trkpt>
      <trkpt lat="23.38751689530909061431884765625" lon="113.22611278854310512542724609375">
        <ele>-0.60000002384185791015625</ele>
        <time>2023-12-02T11:08:40.000Z</time>
        <extensions>
          <ns3:TrackPointExtension>
            <ns3:hr>173</ns3:hr>
            <ns3:cad>61</ns3:cad>
          </ns3:TrackPointExtension>
        </extensions>
      </trkpt>
      <trkpt lat="23.3874670229852199554443359375" lon="113.2260436378419399261474609375">
        <ele>-1</ele>
        <time>2023-12-02T11:08:47.000Z</time>
        <extensions>
          <ns3:TrackPointExtension>
            <ns3:hr>176</ns3:hr>
            <ns3:cad>59</ns3:cad>
          </ns3:TrackPointExtension>
        </extensions>
      </trkpt>
      <trkpt lat="23.387448750436305999755859375" lon="113.2260144688189029693603515625">
        <ele>-1</ele>
        <time>2023-12-02T11:08:51.000Z</time>
        <extensions>
          <ns3:TrackPointExtension>
            <ns3:hr>175</ns3:hr>
            <ns3:cad>60</ns3:cad>
          </ns3:TrackPointExtension>
        </extensions>
      </trkpt>
      <trkpt lat="23.3874358423054218292236328125" lon="113.2260003872215747833251953125">
        <ele>-1</ele>
        <time>2023-12-02T11:08:53.000Z</time>
        <extensions>
          <ns3:TrackPointExtension>
            <ns3:hr>174</ns3:hr>
            <ns3:cad>60</ns3:cad>
          </ns3:TrackPointExtension>
        </extensions>
      </trkpt>
      <trkpt lat="23.38739535771310329437255859375" lon="113.225979097187519073486328125">
        <ele>-1.2000000476837158203125</ele>
        <time>2023-12-02T11:08:58.000Z</time>
        <extensions>
          <ns3:TrackPointExtension>
            <ns3:hr>171</ns3:hr>
            <ns3:cad>57</ns3:cad>
          </ns3:TrackPointExtension>
        </extensions>
      </trkpt>
      <trkpt lat="23.3873821981251239776611328125" lon="113.2259680330753326416015625">
        <ele>-1.2000000476837158203125</ele>
        <time>2023-12-02T11:09:00.000Z</time>
        <extensions>
          <ns3:TrackPointExtension>
            <ns3:hr>170</ns3:hr>
            <ns3:cad>57</ns3:cad>
          </ns3:TrackPointExtension>
        </extensions>
      </trkpt>
      <trkpt lat="23.38737490586936473846435546875" lon="113.22596241720020771026611328125">
        <ele>-1.2000000476837158203125</ele>
        <time>2023-12-02T11:09:01.000Z</time>
        <extensions>
          <ns3:TrackPointExtension>
            <ns3:hr>168</ns3:hr>
            <ns3:cad>57</ns3:cad>
          </ns3:TrackPointExtension>
        </extensions>
      </trkpt>
      <trkpt lat="23.38734372518956661224365234375" lon="113.22593509219586849212646484375">
        <ele>-1.2000000476837158203125</ele>
        <time>2023-12-02T11:09:05.000Z</time>
        <extensions>
          <ns3:TrackPointExtension>
            <ns3:hr>166</ns3:hr>
            <ns3:cad>56</ns3:cad>
          </ns3:TrackPointExtension>
        </extensions>
      </trkpt>
      <trkpt lat="23.38730868883430957794189453125" lon="113.22589351795613765716552734375">
        <ele>-1.2000000476837158203125</ele>
        <time>2023-12-02T11:09:09.000Z</time>
        <extensions>
          <ns3:TrackPointExtension>
            <ns3:hr>163</ns3:hr>
            <ns3:cad>56</ns3:cad>
          </ns3:TrackPointExtension>
        </extensions>
      </trkpt>
      <trkpt lat="23.3872983790934085845947265625" lon="113.2258786819875240325927734375">
        <ele>-1.2000000476837158203125</ele>
        <time>2023-12-02T11:09:11.000Z</time>
        <extensions>
          <ns3:TrackPointExtension>
            <ns3:hr>157</ns3:hr>
            <ns3:cad>56</ns3:cad>
          </ns3:TrackPointExtension>
        </extensions>
      </trkpt>
      <trkpt lat="23.38729259558022022247314453125" lon="113.22587390430271625518798828125">
        <ele>-1.2000000476837158203125</ele>
        <time>2023-12-02T11:09:12.000Z</time>
        <extensions>
          <ns3:TrackPointExtension>
            <ns3:hr>154</ns3:hr>
            <ns3:cad>56</ns3:cad>
          </ns3:TrackPointExtension>
        </extensions>
      </trkpt>
      <trkpt lat="23.38726074434816837310791015625" lon="113.22584942914545536041259765625">
        <ele>-1.2000000476837158203125</ele>
        <time>2023-12-02T11:09:15.000Z</time>
        <extensions>
          <ns3:TrackPointExtension>
            <ns3:hr>152</ns3:hr>
            <ns3:cad>61</ns3:cad>
          </ns3:TrackPointExtension>
        </extensions>
      </trkpt>
      <trkpt lat="23.3871112950146198272705078125" lon="113.225730322301387786865234375">
        <ele>-0.800000011920928955078125</ele>
        <time>2023-12-02T11:09:27.000Z</time>
        <extensions>
          <ns3:TrackPointExtension>
            <ns3:hr>150</ns3:hr>
            <ns3:cad>123</ns3:cad>
          </ns3:TrackPointExtension>
        </extensions>
      </trkpt>
      <trkpt lat="23.3869461715221405029296875" lon="113.22564021684229373931884765625">
        <ele>-0.20000000298023223876953125</ele>
        <time>2023-12-02T11:09:34.000Z</time>
        <extensions>
          <ns3:TrackPointExtension>
            <ns3:hr>153</ns3:hr>
            <ns3:cad>82</ns3:cad>
          </ns3:TrackPointExtension>
        </extensions>
      </trkpt>
      <trkpt lat="23.38682404719293117523193359375" lon="113.22555019520223140716552734375">
        <ele>0.4000000059604644775390625</ele>
        <time>2023-12-02T11:09:39.000Z</time>
        <extensions>
          <ns3:TrackPointExtension>
            <ns3:hr>158</ns3:hr>
            <ns3:cad>82</ns3:cad>
          </ns3:TrackPointExtension>
        </extensions>
      </trkpt>
      <trkpt lat="23.38666210882365703582763671875" lon="113.22541457600891590118408203125">
        <ele>1.39999997615814208984375</ele>
        <time>2023-12-02T11:09:46.000Z</time>
        <extensions>
          <ns3:TrackPointExtension>
            <ns3:hr>157</ns3:hr>
            <ns3:cad>81</ns3:cad>
          </ns3:TrackPointExtension>
        </extensions>
      </trkpt>
      <trkpt lat="23.386542834341526031494140625" lon="113.22533327154815196990966796875">
        <ele>2</ele>
        <time>2023-12-02T11:09:52.000Z</time>
        <extensions>
          <ns3:TrackPointExtension>
            <ns3:hr>160</ns3:hr>
            <ns3:cad>81</ns3:cad>
          </ns3:TrackPointExtension>
        </extensions>
      </trkpt>
      <trkpt lat="23.38636153377592563629150390625" lon="113.2252694852650165557861328125">
        <ele>2.2000000476837158203125</ele>
        <time>2023-12-02T11:10:01.000Z</time>
        <extensions>
          <ns3:TrackPointExtension>
            <ns3:hr>160</ns3:hr>
            <ns3:cad>81</ns3:cad>
          </ns3:TrackPointExtension>
        </extensions>
      </trkpt>
      <trkpt lat="23.38616355322301387786865234375" lon="113.225201927125453948974609375">
        <ele>1</ele>
        <time>2023-12-02T11:10:10.000Z</time>
        <extensions>
          <ns3:TrackPointExtension>
            <ns3:hr>161</ns3:hr>
            <ns3:cad>81</ns3:cad>
          </ns3:TrackPointExtension>
        </extensions>
      </trkpt>
      <trkpt lat="23.38611644692718982696533203125" lon="113.225196897983551025390625">
        <ele>0.4000000059604644775390625</ele>
        <time>2023-12-02T11:10:12.000Z</time>
        <extensions>
          <ns3:TrackPointExtension>
            <ns3:hr>164</ns3:hr>
            <ns3:cad>81</ns3:cad>
          </ns3:TrackPointExtension>
        </extensions>
      </trkpt>
      <trkpt lat="23.38610068894922733306884765625" lon="113.22519480250775814056396484375">
        <ele>0.4000000059604644775390625</ele>
        <time>2023-12-02T11:10:13.000Z</time>
        <extensions>
          <ns3:TrackPointExtension>
            <ns3:hr>167</ns3:hr>
            <ns3:cad>81</ns3:cad>
          </ns3:TrackPointExtension>
        </extensions>
      </trkpt>
      <trkpt lat="23.38605911470949649810791015625" lon="113.22520318441092967987060546875">
        <ele>-0.4000000059604644775390625</ele>
        <time>2023-12-02T11:10:15.000Z</time>
        <extensions>
          <ns3:TrackPointExtension>
            <ns3:hr>170</ns3:hr>
            <ns3:cad>81</ns3:cad>
          </ns3:TrackPointExtension>
        </extensions>
      </trkpt>
      <trkpt lat="23.38603413663804531097412109375" lon="113.2252071239054203033447265625">
        <ele>-0.800000011920928955078125</ele>
        <time>2023-12-02T11:10:16.000Z</time>
        <extensions>
          <ns3:TrackPointExtension>
            <ns3:hr>173</ns3:hr>
            <ns3:cad>82</ns3:cad>
          </ns3:TrackPointExtension>
        </extensions>
      </trkpt>
      <trkpt lat="23.3859555982053279876708984375" lon="113.2252265699207782745361328125">
        <ele>-2.599999904632568359375</ele>
        <time>2023-12-02T11:10:20.000Z</time>
        <extensions>
          <ns3:TrackPointExtension>
            <ns3:hr>167</ns3:hr>
            <ns3:cad>81</ns3:cad>
          </ns3:TrackPointExtension>
        </extensions>
      </trkpt>
      <trkpt lat="23.3859143592417240142822265625" lon="113.2252326048910617828369140625">
        <ele>-3.400000095367431640625</ele>
        <time>2023-12-02T11:10:24.000Z</time>
        <extensions>
          <ns3:TrackPointExtension>
            <ns3:hr>171</ns3:hr>
            <ns3:cad>83</ns3:cad>
          </ns3:TrackPointExtension>
        </extensions>
      </trkpt>
      <trkpt lat="23.38586230762302875518798828125" lon="113.22526923380792140960693359375">
        <ele>-4.80000019073486328125</ele>
        <time>2023-12-02T11:10:29.000Z</time>
        <extensions>
          <ns3:TrackPointExtension>
            <ns3:hr>168</ns3:hr>
            <ns3:cad>55</ns3:cad>
          </ns3:TrackPointExtension>
        </extensions>
      </trkpt>
      <trkpt lat="23.38581536896526813507080078125" lon="113.22530963458120822906494140625">
        <ele>-5</ele>
        <time>2023-12-02T11:10:33.000Z</time>
        <extensions>
          <ns3:TrackPointExtension>
            <ns3:hr>167</ns3:hr>
            <ns3:cad>55</ns3:cad>
          </ns3:TrackPointExtension>
        </extensions>
      </trkpt>
      <trkpt lat="23.38579055853188037872314453125" lon="113.2253305055201053619384765625">
        <ele>-5</ele>
        <time>2023-12-02T11:10:36.000Z</time>
        <extensions>
          <ns3:TrackPointExtension>
            <ns3:hr>169</ns3:hr>
            <ns3:cad>61</ns3:cad>
          </ns3:TrackPointExtension>
        </extensions>
      </trkpt>
      <trkpt lat="23.38574160821735858917236328125" lon="113.22538590990006923675537109375">
        <ele>-5</ele>
        <time>2023-12-02T11:10:41.000Z</time>
        <extensions>
          <ns3:TrackPointExtension>
            <ns3:hr>166</ns3:hr>
            <ns3:cad>61</ns3:cad>
          </ns3:TrackPointExtension>
        </extensions>
      </trkpt>
      <trkpt lat="23.3857239224016666412353515625" lon="113.22540703229606151580810546875">
        <ele>-5</ele>
        <time>2023-12-02T11:10:43.000Z</time>
        <extensions>
          <ns3:TrackPointExtension>
            <ns3:hr>165</ns3:hr>
            <ns3:cad>61</ns3:cad>
          </ns3:TrackPointExtension>
        </extensions>
      </trkpt>
      <trkpt lat="23.38570321910083293914794921875" lon="113.22542832233011722564697265625">
        <ele>-4.599999904632568359375</ele>
        <time>2023-12-02T11:10:46.000Z</time>
        <extensions>
          <ns3:TrackPointExtension>
            <ns3:hr>162</ns3:hr>
            <ns3:cad>61</ns3:cad>
          </ns3:TrackPointExtension>
        </extensions>
      </trkpt>
      <trkpt lat="23.38569827377796173095703125" lon="113.22543351911008358001708984375">
        <ele>-4.599999904632568359375</ele>
        <time>2023-12-02T11:10:47.000Z</time>
        <extensions>
          <ns3:TrackPointExtension>
            <ns3:hr>160</ns3:hr>
            <ns3:cad>61</ns3:cad>
          </ns3:TrackPointExtension>
        </extensions>
      </trkpt>
      <trkpt lat="23.38565695099532604217529296875" lon="113.22546972893178462982177734375">
        <ele>-4</ele>
        <time>2023-12-02T11:10:51.000Z</time>
        <extensions>
          <ns3:TrackPointExtension>
            <ns3:hr>160</ns3:hr>
            <ns3:cad>61</ns3:cad>
          </ns3:TrackPointExtension>
        </extensions>
      </trkpt>
      <trkpt lat="23.38562183082103729248046875" lon="113.2255075313150882720947265625">
        <ele>-3.7999999523162841796875</ele>
        <time>2023-12-02T11:10:55.000Z</time>
        <extensions>
          <ns3:TrackPointExtension>
            <ns3:hr>160</ns3:hr>
            <ns3:cad>61</ns3:cad>
          </ns3:TrackPointExtension>
        </extensions>
      </trkpt>
      <trkpt lat="23.385594002902507781982421875" lon="113.225543238222599029541015625">
        <ele>-3.599999904632568359375</ele>
        <time>2023-12-02T11:10:58.000Z</time>
        <extensions>
          <ns3:TrackPointExtension>
            <ns3:hr>160</ns3:hr>
            <ns3:cad>60</ns3:cad>
          </ns3:TrackPointExtension>
        </extensions>
      </trkpt>
      <trkpt lat="23.38556952774524688720703125" lon="113.22556762956082820892333984375">
        <ele>-3</ele>
        <time>2023-12-02T11:11:01.000Z</time>
        <extensions>
          <ns3:TrackPointExtension>
            <ns3:hr>156</ns3:hr>
            <ns3:cad>60</ns3:cad>
          </ns3:TrackPointExtension>
        </extensions>
      </trkpt>
      <trkpt lat="23.38554932735860347747802734375" lon="113.225592859089374542236328125">
        <ele>-2.599999904632568359375</ele>
        <time>2023-12-02T11:11:03.000Z</time>
        <extensions>
          <ns3:TrackPointExtension>
            <ns3:hr>156</ns3:hr>
            <ns3:cad>60</ns3:cad>
          </ns3:TrackPointExtension>
        </extensions>
      </trkpt>
      <trkpt lat="23.38544069789350032806396484375" lon="113.2257395423948764801025390625">
        <ele>0</ele>
        <time>2023-12-02T11:11:12.000Z</time>
        <extensions>
          <ns3:TrackPointExtension>
            <ns3:hr>158</ns3:hr>
            <ns3:cad>81</ns3:cad>
          </ns3:TrackPointExtension>
        </extensions>
      </trkpt>
      <trkpt lat="23.3854334056377410888671875" lon="113.22575940750539302825927734375">
        <ele>0.20000000298023223876953125</ele>
        <time>2023-12-02T11:11:13.000Z</time>
        <extensions>
          <ns3:TrackPointExtension>
            <ns3:hr>162</ns3:hr>
            <ns3:cad>81</ns3:cad>
          </ns3:TrackPointExtension>
        </extensions>
      </trkpt>
      <trkpt lat="23.385374061763286590576171875" lon="113.2259122096002101898193359375">
        <ele>-0.4000000059604644775390625</ele>
        <time>2023-12-02T11:11:20.000Z</time>
        <extensions>
          <ns3:TrackPointExtension>
            <ns3:hr>165</ns3:hr>
            <ns3:cad>81</ns3:cad>
          </ns3:TrackPointExtension>
        </extensions>
      </trkpt>
      <trkpt lat="23.3853583037853240966796875" lon="113.22594950906932353973388671875">
        <ele>-0.4000000059604644775390625</ele>
        <time>2023-12-02T11:11:22.000Z</time>
        <extensions>
          <ns3:TrackPointExtension>
            <ns3:hr>169</ns3:hr>
            <ns3:cad>81</ns3:cad>
          </ns3:TrackPointExtension>
        </extensions>
      </trkpt>
      <trkpt lat="23.38533324189484119415283203125" lon="113.22598923929035663604736328125">
        <ele>-0.20000000298023223876953125</ele>
        <time>2023-12-02T11:11:24.000Z</time>
        <extensions>
          <ns3:TrackPointExtension>
            <ns3:hr>173</ns3:hr>
            <ns3:cad>82</ns3:cad>
          </ns3:TrackPointExtension>
        </extensions>
      </trkpt>
      <trkpt lat="23.38529191911220550537109375" lon="113.2260476611554622650146484375">
        <ele>-0.20000000298023223876953125</ele>
        <time>2023-12-02T11:11:27.000Z</time>
        <extensions>
          <ns3:TrackPointExtension>
            <ns3:hr>169</ns3:hr>
            <ns3:cad>79</ns3:cad>
          </ns3:TrackPointExtension>
        </extensions>
      </trkpt>
      <trkpt lat="23.3852780051529407501220703125" lon="113.22606098838150501251220703125">
        <ele>-0.20000000298023223876953125</ele>
        <time>2023-12-02T11:11:28.000Z</time>
        <extensions>
          <ns3:TrackPointExtension>
            <ns3:hr>168</ns3:hr>
            <ns3:cad>79</ns3:cad>
          </ns3:TrackPointExtension>
        </extensions>
      </trkpt>
      <trkpt lat="23.38526375591754913330078125" lon="113.22607540525496006011962890625">
        <ele>0</ele>
        <time>2023-12-02T11:11:29.000Z</time>
        <extensions>
          <ns3:TrackPointExtension>
            <ns3:hr>173</ns3:hr>
            <ns3:cad>79</ns3:cad>
          </ns3:TrackPointExtension>
        </extensions>
      </trkpt>
      <trkpt lat="23.3852350898087024688720703125" lon="113.22610558010637760162353515625">
        <ele>0</ele>
        <time>2023-12-02T11:11:31.000Z</time>
        <extensions>
          <ns3:TrackPointExtension>
            <ns3:hr>173</ns3:hr>
            <ns3:cad>61</ns3:cad>
          </ns3:TrackPointExtension>
        </extensions>
      </trkpt>
      <trkpt lat="23.38520650751888751983642578125" lon="113.2261388562619686126708984375">
        <ele>-0.4000000059604644775390625</ele>
        <time>2023-12-02T11:11:33.000Z</time>
        <extensions>
          <ns3:TrackPointExtension>
            <ns3:hr>168</ns3:hr>
            <ns3:cad>61</ns3:cad>
          </ns3:TrackPointExtension>
        </extensions>
      </trkpt>
      <trkpt lat="23.385196365416049957275390625" lon="113.2261492498219013214111328125">
        <ele>-0.4000000059604644775390625</ele>
        <time>2023-12-02T11:11:34.000Z</time>
        <extensions>
          <ns3:TrackPointExtension>
            <ns3:hr>165</ns3:hr>
            <ns3:cad>61</ns3:cad>
          </ns3:TrackPointExtension>
        </extensions>
      </trkpt>
      <trkpt lat="23.38518773205578327178955078125" lon="113.226160146296024322509765625">
        <ele>-0.60000002384185791015625</ele>
        <time>2023-12-02T11:11:35.000Z</time>
        <extensions>
          <ns3:TrackPointExtension>
            <ns3:hr>163</ns3:hr>
            <ns3:cad>61</ns3:cad>
          </ns3:TrackPointExtension>
        </extensions>
      </trkpt>
      <trkpt lat="23.38514917530119419097900390625" lon="113.2262139581143856048583984375">
        <ele>-1.2000000476837158203125</ele>
        <time>2023-12-02T11:11:39.000Z</time>
        <extensions>
          <ns3:TrackPointExtension>
            <ns3:hr>162</ns3:hr>
            <ns3:cad>61</ns3:cad>
          </ns3:TrackPointExtension>
        </extensions>
      </trkpt>
      <trkpt lat="23.3851324953138828277587890625" lon="113.2262444682419300079345703125">
        <ele>-1</ele>
        <time>2023-12-02T11:11:41.000Z</time>
        <extensions>
          <ns3:TrackPointExtension>
            <ns3:hr>159</ns3:hr>
            <ns3:cad>61</ns3:cad>
          </ns3:TrackPointExtension>
        </extensions>
      </trkpt>
      <trkpt lat="23.38510424830019474029541015625" lon="113.22629936970770359039306640625">
        <ele>-0.4000000059604644775390625</ele>
        <time>2023-12-02T11:11:44.000Z</time>
        <extensions>
          <ns3:TrackPointExtension>
            <ns3:hr>156</ns3:hr>
            <ns3:cad>61</ns3:cad>
          </ns3:TrackPointExtension>
        </extensions>
      </trkpt>
      <trkpt lat="23.3850372768938541412353515625" lon="113.22638385929167270660400390625">
        <ele>-0.800000011920928955078125</ele>
        <time>2023-12-02T11:11:50.000Z</time>
        <extensions>
          <ns3:TrackPointExtension>
            <ns3:hr>153</ns3:hr>
            <ns3:cad>61</ns3:cad>
          </ns3:TrackPointExtension>
        </extensions>
      </trkpt>
      <trkpt lat="23.385012634098529815673828125" lon="113.226445801556110382080078125">
        <ele>0.800000011920928955078125</ele>
        <time>2023-12-02T11:11:54.000Z</time>
        <extensions>
          <ns3:TrackPointExtension>
            <ns3:hr>150</ns3:hr>
            <ns3:cad>61</ns3:cad>
          </ns3:TrackPointExtension>
        </extensions>
      </trkpt>
      <trkpt lat="23.3849682100117206573486328125" lon="113.2266627252101898193359375">
        <ele>3.2000000476837158203125</ele>
        <time>2023-12-02T11:12:05.000Z</time>
        <extensions>
          <ns3:TrackPointExtension>
            <ns3:hr>150</ns3:hr>
            <ns3:cad>81</ns3:cad>
          </ns3:TrackPointExtension>
        </extensions>
      </trkpt>
      <trkpt lat="23.38489486835896968841552734375" lon="113.226870261132717132568359375">
        <ele>1.2000000476837158203125</ele>
        <time>2023-12-02T11:12:13.000Z</time>
        <extensions>
          <ns3:TrackPointExtension>
            <ns3:hr>150</ns3:hr>
            <ns3:cad>83</ns3:cad>
          </ns3:TrackPointExtension>
        </extensions>
      </trkpt>
      <trkpt lat="23.38481490500271320343017578125" lon="113.22706078179180622100830078125">
        <ele>2.599999904632568359375</ele>
        <time>2023-12-02T11:12:20.000Z</time>
        <extensions>
          <ns3:TrackPointExtension>
            <ns3:hr>151</ns3:hr>
            <ns3:cad>80</ns3:cad>
          </ns3:TrackPointExtension>
        </extensions>
      </trkpt>
      <trkpt lat="23.38480534963309764862060546875" lon="113.2271014340221881866455078125">
        <ele>3.2000000476837158203125</ele>
        <time>2023-12-02T11:12:22.000Z</time>
        <extensions>
          <ns3:TrackPointExtension>
            <ns3:hr>156</ns3:hr>
            <ns3:cad>78</ns3:cad>
          </ns3:TrackPointExtension>
        </extensions>
      </trkpt>
      <trkpt lat="23.38478791527450084686279296875" lon="113.2271587662398815155029296875">
        <ele>4.19999980926513671875</ele>
        <time>2023-12-02T11:12:25.000Z</time>
        <extensions>
          <ns3:TrackPointExtension>
            <ns3:hr>159</ns3:hr>
            <ns3:cad>82</ns3:cad>
          </ns3:TrackPointExtension>
        </extensions>
      </trkpt>
      <trkpt lat="23.3847817964851856231689453125" lon="113.2271875999867916107177734375">
        <ele>4.400000095367431640625</ele>
        <time>2023-12-02T11:12:26.000Z</time>
        <extensions>
          <ns3:TrackPointExtension>
            <ns3:hr>163</ns3:hr>
            <ns3:cad>82</ns3:cad>
          </ns3:TrackPointExtension>
        </extensions>
      </trkpt>
      <trkpt lat="23.38478104211390018463134765625" lon="113.22721366770565509796142578125">
        <ele>4.400000095367431640625</ele>
        <time>2023-12-02T11:12:27.000Z</time>
        <extensions>
          <ns3:TrackPointExtension>
            <ns3:hr>163</ns3:hr>
            <ns3:cad>82</ns3:cad>
          </ns3:TrackPointExtension>
        </extensions>
      </trkpt>
      <trkpt lat="23.3847620151937007904052734375" lon="113.22726345621049404144287109375">
        <ele>4.80000019073486328125</ele>
        <time>2023-12-02T11:12:30.000Z</time>
        <extensions>
          <ns3:TrackPointExtension>
            <ns3:hr>166</ns3:hr>
            <ns3:cad>83</ns3:cad>
          </ns3:TrackPointExtension>
        </extensions>
      </trkpt>
      <trkpt lat="23.38475958444178104400634765625" lon="113.2272764481604099273681640625">
        <ele>5</ele>
        <time>2023-12-02T11:12:31.000Z</time>
        <extensions>
          <ns3:TrackPointExtension>
            <ns3:hr>167</ns3:hr>
            <ns3:cad>83</ns3:cad>
          </ns3:TrackPointExtension>
        </extensions>
      </trkpt>
      <trkpt lat="23.3847596682608127593994140625" lon="113.227293379604816436767578125">
        <ele>5</ele>
        <time>2023-12-02T11:12:33.000Z</time>
        <extensions>
          <ns3:TrackPointExtension>
            <ns3:hr>168</ns3:hr>
            <ns3:cad>83</ns3:cad>
          </ns3:TrackPointExtension>
        </extensions>
      </trkpt>
      <trkpt lat="23.38475623168051242828369140625" lon="113.22729916311800479888916015625">
        <ele>5.19999980926513671875</ele>
        <time>2023-12-02T11:12:36.000Z</time>
        <extensions>
          <ns3:TrackPointExtension>
            <ns3:hr>168</ns3:hr>
            <ns3:cad>73</ns3:cad>
          </ns3:TrackPointExtension>
        </extensions>
      </trkpt>
      <trkpt lat="23.38475556112825870513916015625" lon="113.22732464410364627838134765625">
        <ele>5.19999980926513671875</ele>
        <time>2023-12-02T11:12:39.000Z</time>
        <extensions>
          <ns3:TrackPointExtension>
            <ns3:hr>165</ns3:hr>
            <ns3:cad>73</ns3:cad>
          </ns3:TrackPointExtension>
        </extensions>
      </trkpt>
      <trkpt lat="23.38475145399570465087890625" lon="113.22733487002551555633544921875">
        <ele>5.400000095367431640625</ele>
        <time>2023-12-02T11:12:40.000Z</time>
        <extensions>
          <ns3:TrackPointExtension>
            <ns3:hr>158</ns3:hr>
            <ns3:cad>73</ns3:cad>
          </ns3:TrackPointExtension>
        </extensions>
      </trkpt>
      <trkpt lat="23.3847462572157382965087890625" lon="113.22735129855573177337646484375">
        <ele>5.599999904632568359375</ele>
        <time>2023-12-02T11:12:41.000Z</time>
        <extensions>
          <ns3:TrackPointExtension>
            <ns3:hr>158</ns3:hr>
            <ns3:cad>73</ns3:cad>
          </ns3:TrackPointExtension>
        </extensions>
      </trkpt>
      <trkpt lat="23.3846798725426197052001953125" lon="113.22753922082483768463134765625">
        <ele>6</ele>
        <time>2023-12-02T11:12:54.000Z</time>
        <extensions>
          <ns3:TrackPointExtension>
            <ns3:hr>158</ns3:hr>
            <ns3:cad>61</ns3:cad>
          </ns3:TrackPointExtension>
        </extensions>
      </trkpt>
      <trkpt lat="23.38465380482375621795654296875" lon="113.22773753665387630462646484375">
        <ele>4.80000019073486328125</ele>
        <time>2023-12-02T11:13:07.000Z</time>
        <extensions>
          <ns3:TrackPointExtension>
            <ns3:hr>156</ns3:hr>
            <ns3:cad>61</ns3:cad>
          </ns3:TrackPointExtension>
        </extensions>
      </trkpt>
      <trkpt lat="23.384649194777011871337890625" lon="113.22775362990796566009521484375">
        <ele>4.599999904632568359375</ele>
        <time>2023-12-02T11:13:09.000Z</time>
        <extensions>
          <ns3:TrackPointExtension>
            <ns3:hr>155</ns3:hr>
            <ns3:cad>61</ns3:cad>
          </ns3:TrackPointExtension>
        </extensions>
      </trkpt>
      <trkpt lat="23.3846287429332733154296875" lon="113.22779034264385700225830078125">
        <ele>4.400000095367431640625</ele>
        <time>2023-12-02T11:13:12.000Z</time>
        <extensions>
          <ns3:TrackPointExtension>
            <ns3:hr>153</ns3:hr>
            <ns3:cad>61</ns3:cad>
          </ns3:TrackPointExtension>
        </extensions>
      </trkpt>
      <trkpt lat="23.38461575098335742950439453125" lon="113.22781196795403957366943359375">
        <ele>4.400000095367431640625</ele>
        <time>2023-12-02T11:13:14.000Z</time>
        <extensions>
          <ns3:TrackPointExtension>
            <ns3:hr>152</ns3:hr>
            <ns3:cad>61</ns3:cad>
          </ns3:TrackPointExtension>
        </extensions>
      </trkpt>
      <trkpt lat="23.38455028831958770751953125" lon="113.22799905203282833099365234375">
        <ele>5</ele>
        <time>2023-12-02T11:13:22.000Z</time>
        <extensions>
          <ns3:TrackPointExtension>
            <ns3:hr>153</ns3:hr>
            <ns3:cad>83</ns3:cad>
          </ns3:TrackPointExtension>
        </extensions>
      </trkpt>
      <trkpt lat="23.38447812013328075408935546875" lon="113.22818563319742679595947265625">
        <ele>5.80000019073486328125</ele>
        <time>2023-12-02T11:13:30.000Z</time>
        <extensions>
          <ns3:TrackPointExtension>
            <ns3:hr>152</ns3:hr>
            <ns3:cad>83</ns3:cad>
          </ns3:TrackPointExtension>
        </extensions>
      </trkpt>
      <trkpt lat="23.3844465203583240509033203125" lon="113.22824900038540363311767578125">
        <ele>5.80000019073486328125</ele>
        <time>2023-12-02T11:13:36.000Z</time>
        <extensions>
          <ns3:TrackPointExtension>
            <ns3:hr>156</ns3:hr>
            <ns3:cad>84</ns3:cad>
          </ns3:TrackPointExtension>
        </extensions>
      </trkpt>
      <trkpt lat="23.38444241322576999664306640625" lon="113.22826006449759006500244140625">
        <ele>5.80000019073486328125</ele>
        <time>2023-12-02T11:13:37.000Z</time>
        <extensions>
          <ns3:TrackPointExtension>
            <ns3:hr>156</ns3:hr>
            <ns3:cad>84</ns3:cad>
          </ns3:TrackPointExtension>
        </extensions>
      </trkpt>
      <trkpt lat="23.3844334445893764495849609375" lon="113.22828210890293121337890625">
        <ele>5.80000019073486328125</ele>
        <time>2023-12-02T11:13:39.000Z</time>
        <extensions>
          <ns3:TrackPointExtension>
            <ns3:hr>154</ns3:hr>
            <ns3:cad>61</ns3:cad>
          </ns3:TrackPointExtension>
        </extensions>
      </trkpt>
      <trkpt lat="23.38442749343812465667724609375" lon="113.22829325683414936065673828125">
        <ele>5.80000019073486328125</ele>
        <time>2023-12-02T11:13:40.000Z</time>
        <extensions>
          <ns3:TrackPointExtension>
            <ns3:hr>151</ns3:hr>
            <ns3:cad>61</ns3:cad>
          </ns3:TrackPointExtension>
        </extensions>
      </trkpt>
      <trkpt lat="23.384407795965671539306640625" lon="113.2283322326838970184326171875">
        <ele>6</ele>
        <time>2023-12-02T11:13:44.000Z</time>
        <extensions>
          <ns3:TrackPointExtension>
            <ns3:hr>147</ns3:hr>
            <ns3:cad>61</ns3:cad>
          </ns3:TrackPointExtension>
        </extensions>
      </trkpt>
      <trkpt lat="23.38436010293662548065185546875" lon="113.22841445915400981903076171875">
        <ele>6.599999904632568359375</ele>
        <time>2023-12-02T11:13:51.000Z</time>
        <extensions>
          <ns3:TrackPointExtension>
            <ns3:hr>144</ns3:hr>
            <ns3:cad>61</ns3:cad>
          </ns3:TrackPointExtension>
        </extensions>
      </trkpt>
      <trkpt lat="23.38433847762644290924072265625" lon="113.22844480164349079132080078125">
        <ele>6.80000019073486328125</ele>
        <time>2023-12-02T11:13:54.000Z</time>
        <extensions>
          <ns3:TrackPointExtension>
            <ns3:hr>141</ns3:hr>
            <ns3:cad>61</ns3:cad>
          </ns3:TrackPointExtension>
        </extensions>
      </trkpt>
      <trkpt lat="23.3843224681913852691650390625" lon="113.228608667850494384765625">
        <ele>8.6000003814697265625</ele>
        <time>2023-12-02T11:14:09.000Z</time>
        <extensions>
          <ns3:TrackPointExtension>
            <ns3:hr>141</ns3:hr>
            <ns3:cad>61</ns3:cad>
          </ns3:TrackPointExtension>
        </extensions>
      </trkpt>
      <trkpt lat="23.384363539516925811767578125" lon="113.22863255627453327178955078125">
        <ele>8.19999980926513671875</ele>
        <time>2023-12-02T11:14:12.000Z</time>
        <extensions>
          <ns3:TrackPointExtension>
            <ns3:hr>145</ns3:hr>
            <ns3:cad>61</ns3:cad>
          </ns3:TrackPointExtension>
        </extensions>
      </trkpt>
      <trkpt lat="23.38453461416065692901611328125" lon="113.2287280261516571044921875">
        <ele>7</ele>
        <time>2023-12-02T11:14:20.000Z</time>
        <extensions>
          <ns3:TrackPointExtension>
            <ns3:hr>144</ns3:hr>
            <ns3:cad>81</ns3:cad>
          </ns3:TrackPointExtension>
        </extensions>
      </trkpt>
      <trkpt lat="23.38466134853661060333251953125" lon="113.22877337224781513214111328125">
        <ele>6</ele>
        <time>2023-12-02T11:14:26.000Z</time>
        <extensions>
          <ns3:TrackPointExtension>
            <ns3:hr>149</ns3:hr>
            <ns3:cad>83</ns3:cad>
          </ns3:TrackPointExtension>
        </extensions>
      </trkpt>
      <trkpt lat="23.38470459915697574615478515625" lon="113.22879751212894916534423828125">
        <ele>6</ele>
        <time>2023-12-02T11:14:28.000Z</time>
        <extensions>
          <ns3:TrackPointExtension>
            <ns3:hr>152</ns3:hr>
            <ns3:cad>83</ns3:cad>
          </ns3:TrackPointExtension>
        </extensions>
      </trkpt>
      <trkpt lat="23.3847784437239170074462890625" lon="113.2288391701877117156982421875">
        <ele>6.599999904632568359375</ele>
        <time>2023-12-02T11:14:31.000Z</time>
        <extensions>
          <ns3:TrackPointExtension>
            <ns3:hr>156</ns3:hr>
            <ns3:cad>83</ns3:cad>
          </ns3:TrackPointExtension>
        </extensions>
      </trkpt>
      <trkpt lat="23.38484776206314563751220703125" lon="113.22887546382844448089599609375">
        <ele>7</ele>
        <time>2023-12-02T11:14:34.000Z</time>
        <extensions>
          <ns3:TrackPointExtension>
            <ns3:hr>159</ns3:hr>
            <ns3:cad>82</ns3:cad>
          </ns3:TrackPointExtension>
        </extensions>
      </trkpt>
      <trkpt lat="23.3850352652370929718017578125" lon="113.22893396951258182525634765625">
        <ele>8.19999980926513671875</ele>
        <time>2023-12-02T11:14:41.000Z</time>
        <extensions>
          <ns3:TrackPointExtension>
            <ns3:hr>159</ns3:hr>
            <ns3:cad>82</ns3:cad>
          </ns3:TrackPointExtension>
        </extensions>
      </trkpt>
      <trkpt lat="23.38513006456196308135986328125" lon="113.2289622165262699127197265625">
        <ele>8.80000019073486328125</ele>
        <time>2023-12-02T11:14:44.000Z</time>
        <extensions>
          <ns3:TrackPointExtension>
            <ns3:hr>164</ns3:hr>
            <ns3:cad>83</ns3:cad>
          </ns3:TrackPointExtension>
        </extensions>
      </trkpt>
      <trkpt lat="23.38515990413725376129150390625" lon="113.2289739511907100677490234375">
        <ele>9</ele>
        <time>2023-12-02T11:14:45.000Z</time>
        <extensions>
          <ns3:TrackPointExtension>
            <ns3:hr>168</ns3:hr>
            <ns3:cad>83</ns3:cad>
          </ns3:TrackPointExtension>
        </extensions>
      </trkpt>
      <trkpt lat="23.38518798351287841796875" lon="113.22898543439805507659912109375">
        <ele>9.3999996185302734375</ele>
        <time>2023-12-02T11:14:46.000Z</time>
        <extensions>
          <ns3:TrackPointExtension>
            <ns3:hr>171</ns3:hr>
            <ns3:cad>83</ns3:cad>
          </ns3:TrackPointExtension>
        </extensions>
      </trkpt>
      <trkpt lat="23.3852186612784862518310546875" lon="113.228998593986034393310546875">
        <ele>9.80000019073486328125</ele>
        <time>2023-12-02T11:14:47.000Z</time>
        <extensions>
          <ns3:TrackPointExtension>
            <ns3:hr>168</ns3:hr>
            <ns3:cad>83</ns3:cad>
          </ns3:TrackPointExtension>
        </extensions>
      </trkpt>
      <trkpt lat="23.385308347642421722412109375" lon="113.2290400005877017974853515625">
        <ele>10.3999996185302734375</ele>
        <time>2023-12-02T11:14:50.000Z</time>
        <extensions>
          <ns3:TrackPointExtension>
            <ns3:hr>165</ns3:hr>
            <ns3:cad>83</ns3:cad>
          </ns3:TrackPointExtension>
        </extensions>
      </trkpt>
      <trkpt lat="23.38544907979667186737060546875" lon="113.22908811271190643310546875">
        <ele>11.3999996185302734375</ele>
        <time>2023-12-02T11:14:54.000Z</time>
        <extensions>
          <ns3:TrackPointExtension>
            <ns3:hr>162</ns3:hr>
            <ns3:cad>81</ns3:cad>
          </ns3:TrackPointExtension>
        </extensions>
      </trkpt>
      <trkpt lat="23.3855945058166980743408203125" lon="113.22914770804345607757568359375">
        <ele>12.80000019073486328125</ele>
        <time>2023-12-02T11:14:58.000Z</time>
        <extensions>
          <ns3:TrackPointExtension>
            <ns3:hr>168</ns3:hr>
            <ns3:cad>81</ns3:cad>
          </ns3:TrackPointExtension>
        </extensions>
      </trkpt>
      <trkpt lat="23.38565460406243801116943359375" lon="113.2291657291352748870849609375">
        <ele>13.19999980926513671875</ele>
        <time>2023-12-02T11:15:00.000Z</time>
        <extensions>
          <ns3:TrackPointExtension>
            <ns3:hr>171</ns3:hr>
            <ns3:cad>81</ns3:cad>
          </ns3:TrackPointExtension>
        </extensions>
      </trkpt>
      <trkpt lat="23.38581620715558528900146484375" lon="113.22920369915664196014404296875">
        <ele>14.19999980926513671875</ele>
        <time>2023-12-02T11:15:09.000Z</time>
        <extensions>
          <ns3:TrackPointExtension>
            <ns3:hr>174</ns3:hr>
            <ns3:cad>60</ns3:cad>
          </ns3:TrackPointExtension>
        </extensions>
      </trkpt>
      <trkpt lat="23.38586381636559963226318359375" lon="113.229233957827091217041015625">
        <ele>14.3999996185302734375</ele>
        <time>2023-12-02T11:15:13.000Z</time>
        <extensions>
          <ns3:TrackPointExtension>
            <ns3:hr>171</ns3:hr>
            <ns3:cad>60</ns3:cad>
          </ns3:TrackPointExtension>
        </extensions>
      </trkpt>
      <trkpt lat="23.385925255715847015380859375" lon="113.2292673178017139434814453125">
        <ele>14.3999996185302734375</ele>
        <time>2023-12-02T11:15:19.000Z</time>
        <extensions>
          <ns3:TrackPointExtension>
            <ns3:hr>171</ns3:hr>
            <ns3:cad>60</ns3:cad>
          </ns3:TrackPointExtension>
        </extensions>
      </trkpt>
      <trkpt lat="23.38596071116626262664794921875" lon="113.229274861514568328857421875">
        <ele>14.3999996185302734375</ele>
        <time>2023-12-02T11:15:22.000Z</time>
        <extensions>
          <ns3:TrackPointExtension>
            <ns3:hr>167</ns3:hr>
            <ns3:cad>61</ns3:cad>
          </ns3:TrackPointExtension>
        </extensions>
      </trkpt>
      <trkpt lat="23.38598954491317272186279296875" lon="113.2292783819139003753662109375">
        <ele>14.3999996185302734375</ele>
        <time>2023-12-02T11:15:25.000Z</time>
        <extensions>
          <ns3:TrackPointExtension>
            <ns3:hr>167</ns3:hr>
            <ns3:cad>60</ns3:cad>
          </ns3:TrackPointExtension>
        </extensions>
      </trkpt>
      <trkpt lat="23.3860115893185138702392578125" lon="113.22928525507450103759765625">
        <ele>14.3999996185302734375</ele>
        <time>2023-12-02T11:15:27.000Z</time>
        <extensions>
          <ns3:TrackPointExtension>
            <ns3:hr>168</ns3:hr>
            <ns3:cad>60</ns3:cad>
          </ns3:TrackPointExtension>
        </extensions>
      </trkpt>
      <trkpt lat="23.38602407835423946380615234375" lon="113.2292859256267547607421875">
        <ele>14.3999996185302734375</ele>
        <time>2023-12-02T11:15:28.000Z</time>
        <extensions>
          <ns3:TrackPointExtension>
            <ns3:hr>165</ns3:hr>
            <ns3:cad>60</ns3:cad>
          </ns3:TrackPointExtension>
        </extensions>
      </trkpt>
      <trkpt lat="23.38607721962034702301025390625" lon="113.2292966544628143310546875">
        <ele>14.3999996185302734375</ele>
        <time>2023-12-02T11:15:33.000Z</time>
        <extensions>
          <ns3:TrackPointExtension>
            <ns3:hr>162</ns3:hr>
            <ns3:cad>61</ns3:cad>
          </ns3:TrackPointExtension>
        </extensions>
      </trkpt>
      <trkpt lat="23.38609716854989528656005859375" lon="113.22930227033793926239013671875">
        <ele>14.3999996185302734375</ele>
        <time>2023-12-02T11:15:35.000Z</time>
        <extensions>
          <ns3:TrackPointExtension>
            <ns3:hr>161</ns3:hr>
            <ns3:cad>61</ns3:cad>
          </ns3:TrackPointExtension>
        </extensions>
      </trkpt>
      <trkpt lat="23.38613723404705524444580078125" lon="113.22931735776364803314208984375">
        <ele>14</ele>
        <time>2023-12-02T11:15:39.000Z</time>
        <extensions>
          <ns3:TrackPointExtension>
            <ns3:hr>160</ns3:hr>
            <ns3:cad>61</ns3:cad>
          </ns3:TrackPointExtension>
        </extensions>
      </trkpt>
      <trkpt lat="23.3861627988517284393310546875" lon="113.22933563031256198883056640625">
        <ele>13.80000019073486328125</ele>
        <time>2023-12-02T11:15:42.000Z</time>
        <extensions>
          <ns3:TrackPointExtension>
            <ns3:hr>159</ns3:hr>
            <ns3:cad>61</ns3:cad>
          </ns3:TrackPointExtension>
        </extensions>
      </trkpt>
      <trkpt lat="23.38620252907276153564453125" lon="113.22936664335429668426513671875">
        <ele>13.6000003814697265625</ele>
        <time>2023-12-02T11:15:47.000Z</time>
        <extensions>
          <ns3:TrackPointExtension>
            <ns3:hr>157</ns3:hr>
            <ns3:cad>61</ns3:cad>
          </ns3:TrackPointExtension>
        </extensions>
      </trkpt>
      <trkpt lat="23.3862707577645778656005859375" lon="113.22939413599669933319091796875">
        <ele>12.80000019073486328125</ele>
        <time>2023-12-02T11:15:53.000Z</time>
        <extensions>
          <ns3:TrackPointExtension>
            <ns3:hr>154</ns3:hr>
            <ns3:cad>61</ns3:cad>
          </ns3:TrackPointExtension>
        </extensions>
      </trkpt>
      <trkpt lat="23.386404030025005340576171875" lon="113.22947745211422443389892578125">
        <ele>10.19999980926513671875</ele>
        <time>2023-12-02T11:16:00.000Z</time>
        <extensions>
          <ns3:TrackPointExtension>
            <ns3:hr>151</ns3:hr>
            <ns3:cad>82</ns3:cad>
          </ns3:TrackPointExtension>
        </extensions>
      </trkpt>
      <trkpt lat="23.38652908802032470703125" lon="113.22961650788784027099609375">
        <ele>6.19999980926513671875</ele>
        <time>2023-12-02T11:16:06.000Z</time>
        <extensions>
          <ns3:TrackPointExtension>
            <ns3:hr>153</ns3:hr>
            <ns3:cad>82</ns3:cad>
          </ns3:TrackPointExtension>
        </extensions>
      </trkpt>
      <trkpt lat="23.386580385267734527587890625" lon="113.229695297777652740478515625">
        <ele>5</ele>
        <time>2023-12-02T11:16:09.000Z</time>
        <extensions>
          <ns3:TrackPointExtension>
            <ns3:hr>158</ns3:hr>
            <ns3:cad>82</ns3:cad>
          </ns3:TrackPointExtension>
        </extensions>
      </trkpt>
      <trkpt lat="23.3866207860410213470458984375" lon="113.22972890920937061309814453125">
        <ele>4</ele>
        <time>2023-12-02T11:16:11.000Z</time>
        <extensions>
          <ns3:TrackPointExtension>
            <ns3:hr>161</ns3:hr>
            <ns3:cad>82</ns3:cad>
          </ns3:TrackPointExtension>
        </extensions>
      </trkpt>
      <trkpt lat="23.3866372145712375640869140625" lon="113.22974299080669879913330078125">
        <ele>3.599999904632568359375</ele>
        <time>2023-12-02T11:16:12.000Z</time>
        <extensions>
          <ns3:TrackPointExtension>
            <ns3:hr>158</ns3:hr>
            <ns3:cad>81</ns3:cad>
          </ns3:TrackPointExtension>
        </extensions>
      </trkpt>
      <trkpt lat="23.38669731281697750091552734375" lon="113.22982077486813068389892578125">
        <ele>4</ele>
        <time>2023-12-02T11:16:17.000Z</time>
        <extensions>
          <ns3:TrackPointExtension>
            <ns3:hr>161</ns3:hr>
            <ns3:cad>79</ns3:cad>
          </ns3:TrackPointExtension>
        </extensions>
      </trkpt>
      <trkpt lat="23.38671558536589145660400390625" lon="113.2298396341502666473388671875">
        <ele>4</ele>
        <time>2023-12-02T11:16:18.000Z</time>
        <extensions>
          <ns3:TrackPointExtension>
            <ns3:hr>158</ns3:hr>
            <ns3:cad>79</ns3:cad>
          </ns3:TrackPointExtension>
        </extensions>
      </trkpt>
      <trkpt lat="23.38674626313149929046630859375" lon="113.22988062165677547454833984375">
        <ele>4.19999980926513671875</ele>
        <time>2023-12-02T11:16:20.000Z</time>
        <extensions>
          <ns3:TrackPointExtension>
            <ns3:hr>155</ns3:hr>
            <ns3:cad>79</ns3:cad>
          </ns3:TrackPointExtension>
        </extensions>
      </trkpt>
      <trkpt lat="23.38681013323366641998291015625" lon="113.2300612516701221466064453125">
        <ele>6.80000019073486328125</ele>
        <time>2023-12-02T11:16:28.000Z</time>
        <extensions>
          <ns3:TrackPointExtension>
            <ns3:hr>158</ns3:hr>
            <ns3:cad>81</ns3:cad>
          </ns3:TrackPointExtension>
        </extensions>
      </trkpt>
      <trkpt lat="23.38681600056588649749755859375" lon="113.230086229741573333740234375">
        <ele>7.19999980926513671875</ele>
        <time>2023-12-02T11:16:29.000Z</time>
        <extensions>
          <ns3:TrackPointExtension>
            <ns3:hr>161</ns3:hr>
            <ns3:cad>82</ns3:cad>
          </ns3:TrackPointExtension>
        </extensions>
      </trkpt>
      <trkpt lat="23.38682723231613636016845703125" lon="113.2301393710076808929443359375">
        <ele>8.19999980926513671875</ele>
        <time>2023-12-02T11:16:31.000Z</time>
        <extensions>
          <ns3:TrackPointExtension>
            <ns3:hr>158</ns3:hr>
            <ns3:cad>82</ns3:cad>
          </ns3:TrackPointExtension>
        </extensions>
      </trkpt>
      <trkpt lat="23.38683377020061016082763671875" lon="113.23016309179365634918212890625">
        <ele>8.80000019073486328125</ele>
        <time>2023-12-02T11:16:32.000Z</time>
        <extensions>
          <ns3:TrackPointExtension>
            <ns3:hr>161</ns3:hr>
            <ns3:cad>83</ns3:cad>
          </ns3:TrackPointExtension>
        </extensions>
      </trkpt>
      <trkpt lat="23.38684760034084320068359375" lon="113.23023702017962932586669921875">
        <ele>9.80000019073486328125</ele>
        <time>2023-12-02T11:16:35.000Z</time>
        <extensions>
          <ns3:TrackPointExtension>
            <ns3:hr>165</ns3:hr>
            <ns3:cad>83</ns3:cad>
          </ns3:TrackPointExtension>
        </extensions>
      </trkpt>
      <trkpt lat="23.38686143048107624053955078125" lon="113.23028680868446826934814453125">
        <ele>10.19999980926513671875</ele>
        <time>2023-12-02T11:16:37.000Z</time>
        <extensions>
          <ns3:TrackPointExtension>
            <ns3:hr>171</ns3:hr>
            <ns3:cad>83</ns3:cad>
          </ns3:TrackPointExtension>
        </extensions>
      </trkpt>
      <trkpt lat="23.386864699423313140869140625" lon="113.23031078092753887176513671875">
        <ele>10.6000003814697265625</ele>
        <time>2023-12-02T11:16:38.000Z</time>
        <extensions>
          <ns3:TrackPointExtension>
            <ns3:hr>176</ns3:hr>
            <ns3:cad>83</ns3:cad>
          </ns3:TrackPointExtension>
        </extensions>
      </trkpt>
      <trkpt lat="23.386864364147186279296875" lon="113.2303358428180217742919921875">
        <ele>10.80000019073486328125</ele>
        <time>2023-12-02T11:16:39.000Z</time>
        <extensions>
          <ns3:TrackPointExtension>
            <ns3:hr>182</ns3:hr>
            <ns3:cad>83</ns3:cad>
          </ns3:TrackPointExtension>
        </extensions>
      </trkpt>
      <trkpt lat="23.38686545379459857940673828125" lon="113.23035939596593379974365234375">
        <ele>11</ele>
        <time>2023-12-02T11:16:40.000Z</time>
        <extensions>
          <ns3:TrackPointExtension>
            <ns3:hr>187</ns3:hr>
            <ns3:cad>83</ns3:cad>
          </ns3:TrackPointExtension>
        </extensions>
      </trkpt>
      <trkpt lat="23.3868621848523616790771484375" lon="113.230407424271106719970703125">
        <ele>11.6000003814697265625</ele>
        <time>2023-12-02T11:16:42.000Z</time>
        <extensions>
          <ns3:TrackPointExtension>
            <ns3:hr>191</ns3:hr>
            <ns3:cad>83</ns3:cad>
          </ns3:TrackPointExtension>
        </extensions>
      </trkpt>
      <trkpt lat="23.3868335187435150146484375" lon="113.2305138744413852691650390625">
        <ele>12.3999996185302734375</ele>
        <time>2023-12-02T11:16:45.000Z</time>
        <extensions>
          <ns3:TrackPointExtension>
            <ns3:hr>197</ns3:hr>
            <ns3:cad>84</ns3:cad>
          </ns3:TrackPointExtension>
        </extensions>
      </trkpt>
      <trkpt lat="23.38679353706538677215576171875" lon="113.23064337484538555145263671875">
        <ele>12.19999980926513671875</ele>
        <time>2023-12-02T11:16:48.000Z</time>
        <extensions>
          <ns3:TrackPointExtension>
            <ns3:hr>189</ns3:hr>
            <ns3:cad>80</ns3:cad>
          </ns3:TrackPointExtension>
        </extensions>
      </trkpt>
      <trkpt lat="23.38676285929977893829345703125" lon="113.230727948248386383056640625">
        <ele>12.6000003814697265625</ele>
        <time>2023-12-02T11:16:50.000Z</time>
        <extensions>
          <ns3:TrackPointExtension>
            <ns3:hr>183</ns3:hr>
            <ns3:cad>81</ns3:cad>
          </ns3:TrackPointExtension>
        </extensions>
      </trkpt>
      <trkpt lat="23.386748693883419036865234375" lon="113.2307649962604045867919921875">
        <ele>12.80000019073486328125</ele>
        <time>2023-12-02T11:16:51.000Z</time>
        <extensions>
          <ns3:TrackPointExtension>
            <ns3:hr>179</ns3:hr>
            <ns3:cad>81</ns3:cad>
          </ns3:TrackPointExtension>
        </extensions>
      </trkpt>
      <trkpt lat="23.38673637248575687408447265625" lon="113.23080279864370822906494140625">
        <ele>12.6000003814697265625</ele>
        <time>2023-12-02T11:16:52.000Z</time>
        <extensions>
          <ns3:TrackPointExtension>
            <ns3:hr>174</ns3:hr>
            <ns3:cad>81</ns3:cad>
          </ns3:TrackPointExtension>
        </extensions>
      </trkpt>
      <trkpt lat="23.386645428836345672607421875" lon="113.23099759407341480255126953125">
        <ele>14.6000003814697265625</ele>
        <time>2023-12-02T11:16:57.000Z</time>
        <extensions>
          <ns3:TrackPointExtension>
            <ns3:hr>175</ns3:hr>
            <ns3:cad>82</ns3:cad>
          </ns3:TrackPointExtension>
        </extensions>
      </trkpt>
      <trkpt lat="23.386605195701122283935546875" lon="113.23107923381030559539794921875">
        <ele>15.3999996185302734375</ele>
        <time>2023-12-02T11:16:59.000Z</time>
        <extensions>
          <ns3:TrackPointExtension>
            <ns3:hr>178</ns3:hr>
            <ns3:cad>83</ns3:cad>
          </ns3:TrackPointExtension>
        </extensions>
      </trkpt>
      <trkpt lat="23.38651978410780429840087890625" lon="113.23126615025103092193603515625">
        <ele>16.3999996185302734375</ele>
        <time>2023-12-02T11:17:05.000Z</time>
        <extensions>
          <ns3:TrackPointExtension>
            <ns3:hr>181</ns3:hr>
            <ns3:cad>82</ns3:cad>
          </ns3:TrackPointExtension>
        </extensions>
      </trkpt>
      <trkpt lat="23.3864085562527179718017578125" lon="113.23141970671713352203369140625">
        <ele>17.6000003814697265625</ele>
        <time>2023-12-02T11:17:12.000Z</time>
        <extensions>
          <ns3:TrackPointExtension>
            <ns3:hr>181</ns3:hr>
            <ns3:cad>81</ns3:cad>
          </ns3:TrackPointExtension>
        </extensions>
      </trkpt>
      <trkpt lat="23.38636438362300395965576171875" lon="113.23146522045135498046875">
        <ele>18</ele>
        <time>2023-12-02T11:17:16.000Z</time>
        <extensions>
          <ns3:TrackPointExtension>
            <ns3:hr>181</ns3:hr>
            <ns3:cad>82</ns3:cad>
          </ns3:TrackPointExtension>
        </extensions>
      </trkpt>
      <trkpt lat="23.3863468654453754425048828125" lon="113.23150654323399066925048828125">
        <ele>18.3999996185302734375</ele>
        <time>2023-12-02T11:17:19.000Z</time>
        <extensions>
          <ns3:TrackPointExtension>
            <ns3:hr>185</ns3:hr>
            <ns3:cad>82</ns3:cad>
          </ns3:TrackPointExtension>
        </extensions>
      </trkpt>
      <trkpt lat="23.38634124957025051116943359375" lon="113.23152489960193634033203125">
        <ele>18.6000003814697265625</ele>
        <time>2023-12-02T11:17:20.000Z</time>
        <extensions>
          <ns3:TrackPointExtension>
            <ns3:hr>185</ns3:hr>
            <ns3:cad>61</ns3:cad>
          </ns3:TrackPointExtension>
        </extensions>
      </trkpt>
      <trkpt lat="23.38633622042834758758544921875" lon="113.2315421663224697113037109375">
        <ele>18.6000003814697265625</ele>
        <time>2023-12-02T11:17:21.000Z</time>
        <extensions>
          <ns3:TrackPointExtension>
            <ns3:hr>182</ns3:hr>
            <ns3:cad>61</ns3:cad>
          </ns3:TrackPointExtension>
        </extensions>
      </trkpt>
      <trkpt lat="23.386315517127513885498046875" lon="113.23159589432179927825927734375">
        <ele>18.799999237060546875</ele>
        <time>2023-12-02T11:17:24.000Z</time>
        <extensions>
          <ns3:TrackPointExtension>
            <ns3:hr>178</ns3:hr>
            <ns3:cad>61</ns3:cad>
          </ns3:TrackPointExtension>
        </extensions>
      </trkpt>
      <trkpt lat="23.38627955876290798187255859375" lon="113.2317369617521762847900390625">
        <ele>20.6000003814697265625</ele>
        <time>2023-12-02T11:17:32.000Z</time>
        <extensions>
          <ns3:TrackPointExtension>
            <ns3:hr>182</ns3:hr>
            <ns3:cad>61</ns3:cad>
          </ns3:TrackPointExtension>
        </extensions>
      </trkpt>
      <trkpt lat="23.3862489648163318634033203125" lon="113.23184047825634479522705078125">
        <ele>20.6000003814697265625</ele>
        <time>2023-12-02T11:17:38.000Z</time>
        <extensions>
          <ns3:TrackPointExtension>
            <ns3:hr>178</ns3:hr>
            <ns3:cad>61</ns3:cad>
          </ns3:TrackPointExtension>
        </extensions>
      </trkpt>
      <trkpt lat="23.38624552823603153228759765625" lon="113.23185405693948268890380859375">
        <ele>20.6000003814697265625</ele>
        <time>2023-12-02T11:17:39.000Z</time>
        <extensions>
          <ns3:TrackPointExtension>
            <ns3:hr>173</ns3:hr>
            <ns3:cad>61</ns3:cad>
          </ns3:TrackPointExtension>
        </extensions>
      </trkpt>
      <trkpt lat="23.38622323237359523773193359375" lon="113.23191122151911258697509765625">
        <ele>20.200000762939453125</ele>
        <time>2023-12-02T11:17:43.000Z</time>
        <extensions>
          <ns3:TrackPointExtension>
            <ns3:hr>173</ns3:hr>
            <ns3:cad>61</ns3:cad>
          </ns3:TrackPointExtension>
        </extensions>
      </trkpt>
      <trkpt lat="23.3861959911882877349853515625" lon="113.232022784650325775146484375">
        <ele>20.3999996185302734375</ele>
        <time>2023-12-02T11:17:50.000Z</time>
        <extensions>
          <ns3:TrackPointExtension>
            <ns3:hr>170</ns3:hr>
            <ns3:cad>61</ns3:cad>
          </ns3:TrackPointExtension>
        </extensions>
      </trkpt>
      <trkpt lat="23.38618534617125988006591796875" lon="113.23212303221225738525390625">
        <ele>21.200000762939453125</ele>
        <time>2023-12-02T11:17:58.000Z</time>
        <extensions>
          <ns3:TrackPointExtension>
            <ns3:hr>167</ns3:hr>
            <ns3:cad>61</ns3:cad>
          </ns3:TrackPointExtension>
        </extensions>
      </trkpt>
      <trkpt lat="23.38617813773453235626220703125" lon="113.23215731419622898101806640625">
        <ele>21.200000762939453125</ele>
        <time>2023-12-02T11:18:01.000Z</time>
        <extensions>
          <ns3:TrackPointExtension>
            <ns3:hr>166</ns3:hr>
            <ns3:cad>61</ns3:cad>
          </ns3:TrackPointExtension>
        </extensions>
      </trkpt>
      <trkpt lat="23.3861691690981388092041015625" lon="113.23217843659222126007080078125">
        <ele>20.3999996185302734375</ele>
        <time>2023-12-02T11:18:03.000Z</time>
        <extensions>
          <ns3:TrackPointExtension>
            <ns3:hr>165</ns3:hr>
            <ns3:cad>61</ns3:cad>
          </ns3:TrackPointExtension>
        </extensions>
      </trkpt>
      <trkpt lat="23.38614980690181255340576171875" lon="113.2322519458830356597900390625">
        <ele>18.200000762939453125</ele>
        <time>2023-12-02T11:18:10.000Z</time>
        <extensions>
          <ns3:TrackPointExtension>
            <ns3:hr>162</ns3:hr>
            <ns3:cad>56</ns3:cad>
          </ns3:TrackPointExtension>
        </extensions>
      </trkpt>
      <trkpt lat="23.386142514646053314208984375" lon="113.2322948612272739410400390625">
        <ele>17.3999996185302734375</ele>
        <time>2023-12-02T11:18:14.000Z</time>
        <extensions>
          <ns3:TrackPointExtension>
            <ns3:hr>159</ns3:hr>
            <ns3:cad>59</ns3:cad>
          </ns3:TrackPointExtension>
        </extensions>
      </trkpt>
      <trkpt lat="23.38613212108612060546875" lon="113.2323411293327808380126953125">
        <ele>16.6000003814697265625</ele>
        <time>2023-12-02T11:18:18.000Z</time>
        <extensions>
          <ns3:TrackPointExtension>
            <ns3:hr>155</ns3:hr>
            <ns3:cad>56</ns3:cad>
          </ns3:TrackPointExtension>
        </extensions>
      </trkpt>
      <trkpt lat="23.3861267566680908203125" lon="113.232352696359157562255859375">
        <ele>16.3999996185302734375</ele>
        <time>2023-12-02T11:18:19.000Z</time>
        <extensions>
          <ns3:TrackPointExtension>
            <ns3:hr>152</ns3:hr>
            <ns3:cad>57</ns3:cad>
          </ns3:TrackPointExtension>
        </extensions>
      </trkpt>
      <trkpt lat="23.38612206280231475830078125" lon="113.232364766299724578857421875">
        <ele>16</ele>
        <time>2023-12-02T11:18:20.000Z</time>
        <extensions>
          <ns3:TrackPointExtension>
            <ns3:hr>148</ns3:hr>
            <ns3:cad>57</ns3:cad>
          </ns3:TrackPointExtension>
        </extensions>
      </trkpt>
      <trkpt lat="23.38611896149814128875732421875" lon="113.2323746569454669952392578125">
        <ele>16</ele>
        <time>2023-12-02T11:18:21.000Z</time>
        <extensions>
          <ns3:TrackPointExtension>
            <ns3:hr>148</ns3:hr>
            <ns3:cad>57</ns3:cad>
          </ns3:TrackPointExtension>
        </extensions>
      </trkpt>
      <trkpt lat="23.38611041195690631866455078125" lon="113.23240860365331172943115234375">
        <ele>15.3999996185302734375</ele>
        <time>2023-12-02T11:18:24.000Z</time>
        <extensions>
          <ns3:TrackPointExtension>
            <ns3:hr>145</ns3:hr>
            <ns3:cad>55</ns3:cad>
          </ns3:TrackPointExtension>
        </extensions>
      </trkpt>
      <trkpt lat="23.38608660735189914703369140625" lon="113.23250432498753070831298828125">
        <ele>12.3999996185302734375</ele>
        <time>2023-12-02T11:18:31.000Z</time>
        <extensions>
          <ns3:TrackPointExtension>
            <ns3:hr>142</ns3:hr>
            <ns3:cad>55</ns3:cad>
          </ns3:TrackPointExtension>
        </extensions>
      </trkpt>
      <trkpt lat="23.3860558457672595977783203125" lon="113.23271772824227809906005859375">
        <ele>6</ele>
        <time>2023-12-02T11:18:44.000Z</time>
        <extensions>
          <ns3:TrackPointExtension>
            <ns3:hr>144</ns3:hr>
            <ns3:cad>81</ns3:cad>
          </ns3:TrackPointExtension>
        </extensions>
      </trkpt>
      <trkpt lat="23.3860467933118343353271484375" lon="113.23275008238852024078369140625">
        <ele>5.80000019073486328125</ele>
        <time>2023-12-02T11:18:45.000Z</time>
        <extensions>
          <ns3:TrackPointExtension>
            <ns3:hr>148</ns3:hr>
            <ns3:cad>82</ns3:cad>
          </ns3:TrackPointExtension>
        </extensions>
      </trkpt>
      <trkpt lat="23.38603899814188480377197265625" lon="113.2327716238796710968017578125">
        <ele>5.599999904632568359375</ele>
        <time>2023-12-02T11:18:46.000Z</time>
        <extensions>
          <ns3:TrackPointExtension>
            <ns3:hr>153</ns3:hr>
            <ns3:cad>82</ns3:cad>
          </ns3:TrackPointExtension>
        </extensions>
      </trkpt>
      <trkpt lat="23.38600547052919864654541015625" lon="113.2328467257320880889892578125">
        <ele>5.19999980926513671875</ele>
        <time>2023-12-02T11:18:49.000Z</time>
        <extensions>
          <ns3:TrackPointExtension>
            <ns3:hr>156</ns3:hr>
            <ns3:cad>82</ns3:cad>
          </ns3:TrackPointExtension>
        </extensions>
      </trkpt>
      <trkpt lat="23.385999687016010284423828125" lon="113.2330597937107086181640625">
        <ele>4.80000019073486328125</ele>
        <time>2023-12-02T11:18:54.000Z</time>
        <extensions>
          <ns3:TrackPointExtension>
            <ns3:hr>159</ns3:hr>
            <ns3:cad>83</ns3:cad>
          </ns3:TrackPointExtension>
        </extensions>
      </trkpt>
      <trkpt lat="23.38597009889781475067138671875" lon="113.2331340573728084564208984375">
        <ele>5.19999980926513671875</ele>
        <time>2023-12-02T11:18:57.000Z</time>
        <extensions>
          <ns3:TrackPointExtension>
            <ns3:hr>156</ns3:hr>
            <ns3:cad>83</ns3:cad>
          </ns3:TrackPointExtension>
        </extensions>
      </trkpt>
      <trkpt lat="23.3859227411448955535888671875" lon="113.233224414288997650146484375">
        <ele>4.80000019073486328125</ele>
        <time>2023-12-02T11:19:03.000Z</time>
        <extensions>
          <ns3:TrackPointExtension>
            <ns3:hr>160</ns3:hr>
            <ns3:cad>82</ns3:cad>
          </ns3:TrackPointExtension>
        </extensions>
      </trkpt>
      <trkpt lat="23.385911844670772552490234375" lon="113.233243189752101898193359375">
        <ele>4.80000019073486328125</ele>
        <time>2023-12-02T11:19:05.000Z</time>
        <extensions>
          <ns3:TrackPointExtension>
            <ns3:hr>158</ns3:hr>
            <ns3:cad>82</ns3:cad>
          </ns3:TrackPointExtension>
        </extensions>
      </trkpt>
      <trkpt lat="23.3858865313231945037841796875" lon="113.233280740678310394287109375">
        <ele>4.400000095367431640625</ele>
        <time>2023-12-02T11:19:09.000Z</time>
        <extensions>
          <ns3:TrackPointExtension>
            <ns3:hr>162</ns3:hr>
            <ns3:cad>82</ns3:cad>
          </ns3:TrackPointExtension>
        </extensions>
      </trkpt>
      <trkpt lat="23.385883010923862457275390625" lon="113.23329105041921138763427734375">
        <ele>4.19999980926513671875</ele>
        <time>2023-12-02T11:19:10.000Z</time>
        <extensions>
          <ns3:TrackPointExtension>
            <ns3:hr>166</ns3:hr>
            <ns3:cad>82</ns3:cad>
          </ns3:TrackPointExtension>
        </extensions>
      </trkpt>
      <trkpt lat="23.385878317058086395263671875" lon="113.2333003543317317962646484375">
        <ele>4</ele>
        <time>2023-12-02T11:19:11.000Z</time>
        <extensions>
          <ns3:TrackPointExtension>
            <ns3:hr>173</ns3:hr>
            <ns3:cad>58</ns3:cad>
          </ns3:TrackPointExtension>
        </extensions>
      </trkpt>
      <trkpt lat="23.3858704380691051483154296875" lon="113.233314938843250274658203125">
        <ele>3.7999999523162841796875</ele>
        <time>2023-12-02T11:19:12.000Z</time>
        <extensions>
          <ns3:TrackPointExtension>
            <ns3:hr>173</ns3:hr>
            <ns3:cad>58</ns3:cad>
          </ns3:TrackPointExtension>
        </extensions>
      </trkpt>
      <trkpt lat="23.3858652412891387939453125" lon="113.2333306968212127685546875">
        <ele>3.400000095367431640625</ele>
        <time>2023-12-02T11:19:13.000Z</time>
        <extensions>
          <ns3:TrackPointExtension>
            <ns3:hr>167</ns3:hr>
            <ns3:cad>58</ns3:cad>
          </ns3:TrackPointExtension>
        </extensions>
      </trkpt>
      <trkpt lat="23.38586146943271160125732421875" lon="113.2333456166088581085205078125">
        <ele>3.2000000476837158203125</ele>
        <time>2023-12-02T11:19:14.000Z</time>
        <extensions>
          <ns3:TrackPointExtension>
            <ns3:hr>163</ns3:hr>
            <ns3:cad>59</ns3:cad>
          </ns3:TrackPointExtension>
        </extensions>
      </trkpt>
      <trkpt lat="23.3858613856136798858642578125" lon="113.23335978202521800994873046875">
        <ele>3</ele>
        <time>2023-12-02T11:19:15.000Z</time>
        <extensions>
          <ns3:TrackPointExtension>
            <ns3:hr>160</ns3:hr>
            <ns3:cad>59</ns3:cad>
          </ns3:TrackPointExtension>
        </extensions>
      </trkpt>
      <trkpt lat="23.38586725294589996337890625" lon="113.23342046700417995452880859375">
        <ele>1.7999999523162841796875</ele>
        <time>2023-12-02T11:19:20.000Z</time>
        <extensions>
          <ns3:TrackPointExtension>
            <ns3:hr>161</ns3:hr>
            <ns3:cad>59</ns3:cad>
          </ns3:TrackPointExtension>
        </extensions>
      </trkpt>
      <trkpt lat="23.385866917669773101806640625" lon="113.2336363010108470916748046875">
        <ele>-1.2000000476837158203125</ele>
        <time>2023-12-02T11:19:27.000Z</time>
        <extensions>
          <ns3:TrackPointExtension>
            <ns3:hr>160</ns3:hr>
            <ns3:cad>75</ns3:cad>
          </ns3:TrackPointExtension>
        </extensions>
      </trkpt>
      <trkpt lat="23.38585174642503261566162109375" lon="113.233860768377780914306640625">
        <ele>-0.800000011920928955078125</ele>
        <time>2023-12-02T11:19:32.000Z</time>
        <extensions>
          <ns3:TrackPointExtension>
            <ns3:hr>161</ns3:hr>
            <ns3:cad>76</ns3:cad>
          </ns3:TrackPointExtension>
        </extensions>
      </trkpt>
      <trkpt lat="23.3858322165906429290771484375" lon="113.23404726572334766387939453125">
        <ele>0</ele>
        <time>2023-12-02T11:19:36.000Z</time>
        <extensions>
          <ns3:TrackPointExtension>
            <ns3:hr>165</ns3:hr>
            <ns3:cad>78</ns3:cad>
          </ns3:TrackPointExtension>
        </extensions>
      </trkpt>
      <trkpt lat="23.3858332224190235137939453125" lon="113.23422546498477458953857421875">
        <ele>0.60000002384185791015625</ele>
        <time>2023-12-02T11:19:40.000Z</time>
        <extensions>
          <ns3:TrackPointExtension>
            <ns3:hr>170</ns3:hr>
            <ns3:cad>78</ns3:cad>
          </ns3:TrackPointExtension>
        </extensions>
      </trkpt>
      <trkpt lat="23.38582928292453289031982421875" lon="113.23431313969194889068603515625">
        <ele>0.800000011920928955078125</ele>
        <time>2023-12-02T11:19:42.000Z</time>
        <extensions>
          <ns3:TrackPointExtension>
            <ns3:hr>173</ns3:hr>
            <ns3:cad>78</ns3:cad>
          </ns3:TrackPointExtension>
        </extensions>
      </trkpt>
      <trkpt lat="23.38581654243171215057373046875" lon="113.23454380966722965240478515625">
        <ele>1.60000002384185791015625</ele>
        <time>2023-12-02T11:19:47.000Z</time>
        <extensions>
          <ns3:TrackPointExtension>
            <ns3:hr>175</ns3:hr>
            <ns3:cad>81</ns3:cad>
          </ns3:TrackPointExtension>
        </extensions>
      </trkpt>
      <trkpt lat="23.385815285146236419677734375" lon="113.23467708192765712738037109375">
        <ele>2</ele>
        <time>2023-12-02T11:19:50.000Z</time>
        <extensions>
          <ns3:TrackPointExtension>
            <ns3:hr>180</ns3:hr>
            <ns3:cad>79</ns3:cad>
          </ns3:TrackPointExtension>
        </extensions>
      </trkpt>
      <trkpt lat="23.38580430485308170318603515625" lon="113.2349023036658763885498046875">
        <ele>2.7999999523162841796875</ele>
        <time>2023-12-02T11:19:55.000Z</time>
        <extensions>
          <ns3:TrackPointExtension>
            <ns3:hr>182</ns3:hr>
            <ns3:cad>80</ns3:cad>
          </ns3:TrackPointExtension>
        </extensions>
      </trkpt>
      <trkpt lat="23.38580128736793994903564453125" lon="113.2349921576678752899169921875">
        <ele>2.7999999523162841796875</ele>
        <time>2023-12-02T11:19:57.000Z</time>
        <extensions>
          <ns3:TrackPointExtension>
            <ns3:hr>184</ns3:hr>
            <ns3:cad>79</ns3:cad>
          </ns3:TrackPointExtension>
        </extensions>
      </trkpt>
      <trkpt lat="23.385799862444400787353515625" lon="113.2350437901914119720458984375">
        <ele>2.599999904632568359375</ele>
        <time>2023-12-02T11:19:58.000Z</time>
        <extensions>
          <ns3:TrackPointExtension>
            <ns3:hr>181</ns3:hr>
            <ns3:cad>80</ns3:cad>
          </ns3:TrackPointExtension>
        </extensions>
      </trkpt>
      <trkpt lat="23.38579575531184673309326171875" lon="113.2352590374648571014404296875">
        <ele>1.39999997615814208984375</ele>
        <time>2023-12-02T11:20:03.000Z</time>
        <extensions>
          <ns3:TrackPointExtension>
            <ns3:hr>183</ns3:hr>
            <ns3:cad>82</ns3:cad>
          </ns3:TrackPointExtension>
        </extensions>
      </trkpt>
      <trkpt lat="23.38579273782670497894287109375" lon="113.23533556424081325531005859375">
        <ele>0.60000002384185791015625</ele>
        <time>2023-12-02T11:20:05.000Z</time>
        <extensions>
          <ns3:TrackPointExtension>
            <ns3:hr>182</ns3:hr>
            <ns3:cad>82</ns3:cad>
          </ns3:TrackPointExtension>
        </extensions>
      </trkpt>
      <trkpt lat="23.38580380193889141082763671875" lon="113.235443271696567535400390625">
        <ele>-0.60000002384185791015625</ele>
        <time>2023-12-02T11:20:13.000Z</time>
        <extensions>
          <ns3:TrackPointExtension>
            <ns3:hr>186</ns3:hr>
            <ns3:cad>75</ns3:cad>
          </ns3:TrackPointExtension>
        </extensions>
      </trkpt>
      <trkpt lat="23.3858167938888072967529296875" lon="113.2355011068284511566162109375">
        <ele>-1.2000000476837158203125</ele>
        <time>2023-12-02T11:20:19.000Z</time>
        <extensions>
          <ns3:TrackPointExtension>
            <ns3:hr>183</ns3:hr>
            <ns3:cad>75</ns3:cad>
          </ns3:TrackPointExtension>
        </extensions>
      </trkpt>
      <trkpt lat="23.38582458905875682830810546875" lon="113.23553790338337421417236328125">
        <ele>-1.39999997615814208984375</ele>
        <time>2023-12-02T11:20:23.000Z</time>
        <extensions>
          <ns3:TrackPointExtension>
            <ns3:hr>181</ns3:hr>
            <ns3:cad>61</ns3:cad>
          </ns3:TrackPointExtension>
        </extensions>
      </trkpt>
      <trkpt lat="23.3858204819262027740478515625" lon="113.2355735264718532562255859375">
        <ele>-1.7999999523162841796875</ele>
        <time>2023-12-02T11:20:27.000Z</time>
        <extensions>
          <ns3:TrackPointExtension>
            <ns3:hr>181</ns3:hr>
            <ns3:cad>61</ns3:cad>
          </ns3:TrackPointExtension>
        </extensions>
      </trkpt>
      <trkpt lat="23.3858325518667697906494140625" lon="113.23563513346016407012939453125">
        <ele>-2.2000000476837158203125</ele>
        <time>2023-12-02T11:20:33.000Z</time>
        <extensions>
          <ns3:TrackPointExtension>
            <ns3:hr>178</ns3:hr>
            <ns3:cad>0</ns3:cad>
          </ns3:TrackPointExtension>
        </extensions>
      </trkpt>
      <trkpt lat="23.3858416043221950531005859375" lon="113.23573839850723743438720703125">
        <ele>-3</ele>
        <time>2023-12-02T11:20:42.000Z</time>
        <extensions>
          <ns3:TrackPointExtension>
            <ns3:hr>175</ns3:hr>
            <ns3:cad>61</ns3:cad>
          </ns3:TrackPointExtension>
        </extensions>
      </trkpt>
      <trkpt lat="23.3858473040163516998291015625" lon="113.2358021847903728485107421875">
        <ele>-3.2000000476837158203125</ele>
        <time>2023-12-02T11:20:48.000Z</time>
        <extensions>
          <ns3:TrackPointExtension>
            <ns3:hr>173</ns3:hr>
            <ns3:cad>61</ns3:cad>
          </ns3:TrackPointExtension>
        </extensions>
      </trkpt>
      <trkpt lat="23.38585224933922290802001953125" lon="113.235838226974010467529296875">
        <ele>-3</ele>
        <time>2023-12-02T11:20:51.000Z</time>
        <extensions>
          <ns3:TrackPointExtension>
            <ns3:hr>170</ns3:hr>
            <ns3:cad>61</ns3:cad>
          </ns3:TrackPointExtension>
        </extensions>
      </trkpt>
      <trkpt lat="23.38585442863404750823974609375" lon="113.2359673082828521728515625">
        <ele>-2.599999904632568359375</ele>
        <time>2023-12-02T11:21:01.000Z</time>
        <extensions>
          <ns3:TrackPointExtension>
            <ns3:hr>167</ns3:hr>
            <ns3:cad>61</ns3:cad>
          </ns3:TrackPointExtension>
        </extensions>
      </trkpt>
      <trkpt lat="23.3858571946620941162109375" lon="113.23607099242508411407470703125">
        <ele>-2</ele>
        <time>2023-12-02T11:21:06.000Z</time>
        <extensions>
          <ns3:TrackPointExtension>
            <ns3:hr>164</ns3:hr>
            <ns3:cad>83</ns3:cad>
          </ns3:TrackPointExtension>
        </extensions>
      </trkpt>
      <trkpt lat="23.38585040532052516937255859375" lon="113.23624902404844760894775390625">
        <ele>-0.4000000059604644775390625</ele>
        <time>2023-12-02T11:21:13.000Z</time>
        <extensions>
          <ns3:TrackPointExtension>
            <ns3:hr>161</ns3:hr>
            <ns3:cad>82</ns3:cad>
          </ns3:TrackPointExtension>
        </extensions>
      </trkpt>
      <trkpt lat="23.38584688492119312286376953125" lon="113.23629931546747684478759765625">
        <ele>-0.20000000298023223876953125</ele>
        <time>2023-12-02T11:21:15.000Z</time>
        <extensions>
          <ns3:TrackPointExtension>
            <ns3:hr>155</ns3:hr>
            <ns3:cad>81</ns3:cad>
          </ns3:TrackPointExtension>
        </extensions>
      </trkpt>
      <trkpt lat="23.3858452923595905303955078125" lon="113.23632312007248401641845703125">
        <ele>0.20000000298023223876953125</ele>
        <time>2023-12-02T11:21:16.000Z</time>
        <extensions>
          <ns3:TrackPointExtension>
            <ns3:hr>151</ns3:hr>
            <ns3:cad>81</ns3:cad>
          </ns3:TrackPointExtension>
        </extensions>
      </trkpt>
      <trkpt lat="23.38584185577929019927978515625" lon="113.2363748364150524139404296875">
        <ele>0.800000011920928955078125</ele>
        <time>2023-12-02T11:21:18.000Z</time>
        <extensions>
          <ns3:TrackPointExtension>
            <ns3:hr>155</ns3:hr>
            <ns3:cad>81</ns3:cad>
          </ns3:TrackPointExtension>
        </extensions>
      </trkpt>
      <trkpt lat="23.3858402632176876068115234375" lon="113.23642822913825511932373046875">
        <ele>1.39999997615814208984375</ele>
        <time>2023-12-02T11:21:20.000Z</time>
        <extensions>
          <ns3:TrackPointExtension>
            <ns3:hr>160</ns3:hr>
            <ns3:cad>82</ns3:cad>
          </ns3:TrackPointExtension>
        </extensions>
      </trkpt>
      <trkpt lat="23.3858411014080047607421875" lon="113.23645236901938915252685546875">
        <ele>1.60000002384185791015625</ele>
        <time>2023-12-02T11:21:21.000Z</time>
        <extensions>
          <ns3:TrackPointExtension>
            <ns3:hr>164</ns3:hr>
            <ns3:cad>82</ns3:cad>
          </ns3:TrackPointExtension>
        </extensions>
      </trkpt>
      <trkpt lat="23.385840095579624176025390625" lon="113.236476592719554901123046875">
        <ele>1.7999999523162841796875</ele>
        <time>2023-12-02T11:21:22.000Z</time>
        <extensions>
          <ns3:TrackPointExtension>
            <ns3:hr>164</ns3:hr>
            <ns3:cad>82</ns3:cad>
          </ns3:TrackPointExtension>
        </extensions>
      </trkpt>
      <trkpt lat="23.3858399279415607452392578125" lon="113.236501403152942657470703125">
        <ele>2.2000000476837158203125</ele>
        <time>2023-12-02T11:21:23.000Z</time>
        <extensions>
          <ns3:TrackPointExtension>
            <ns3:hr>168</ns3:hr>
            <ns3:cad>82</ns3:cad>
          </ns3:TrackPointExtension>
        </extensions>
      </trkpt>
      <trkpt lat="23.38584520854055881500244140625" lon="113.236617408692836761474609375">
        <ele>3.2000000476837158203125</ele>
        <time>2023-12-02T11:21:28.000Z</time>
        <extensions>
          <ns3:TrackPointExtension>
            <ns3:hr>174</ns3:hr>
            <ns3:cad>82</ns3:cad>
          </ns3:TrackPointExtension>
        </extensions>
      </trkpt>
      <trkpt lat="23.38584839366376399993896484375" lon="113.23664263822138309478759765625">
        <ele>3.400000095367431640625</ele>
        <time>2023-12-02T11:21:29.000Z</time>
        <extensions>
          <ns3:TrackPointExtension>
            <ns3:hr>179</ns3:hr>
            <ns3:cad>82</ns3:cad>
          </ns3:TrackPointExtension>
        </extensions>
      </trkpt>
      <trkpt lat="23.38584520854055881500244140625" lon="113.23671899735927581787109375">
        <ele>4.19999980926513671875</ele>
        <time>2023-12-02T11:21:32.000Z</time>
        <extensions>
          <ns3:TrackPointExtension>
            <ns3:hr>174</ns3:hr>
            <ns3:cad>82</ns3:cad>
          </ns3:TrackPointExtension>
        </extensions>
      </trkpt>
      <trkpt lat="23.385843448340892791748046875" lon="113.23674447834491729736328125">
        <ele>4.400000095367431640625</ele>
        <time>2023-12-02T11:21:33.000Z</time>
        <extensions>
          <ns3:TrackPointExtension>
            <ns3:hr>169</ns3:hr>
            <ns3:cad>82</ns3:cad>
          </ns3:TrackPointExtension>
        </extensions>
      </trkpt>
      <trkpt lat="23.38584311306476593017578125" lon="113.236772976815700531005859375">
        <ele>4.80000019073486328125</ele>
        <time>2023-12-02T11:21:34.000Z</time>
        <extensions>
          <ns3:TrackPointExtension>
            <ns3:hr>169</ns3:hr>
            <ns3:cad>83</ns3:cad>
          </ns3:TrackPointExtension>
        </extensions>
      </trkpt>
      <trkpt lat="23.3858426101505756378173828125" lon="113.23680080473423004150390625">
        <ele>5</ele>
        <time>2023-12-02T11:21:35.000Z</time>
        <extensions>
          <ns3:TrackPointExtension>
            <ns3:hr>173</ns3:hr>
            <ns3:cad>83</ns3:cad>
          </ns3:TrackPointExtension>
        </extensions>
      </trkpt>
      <trkpt lat="23.3858452923595905303955078125" lon="113.23688286356627941131591796875">
        <ele>5.80000019073486328125</ele>
        <time>2023-12-02T11:21:38.000Z</time>
        <extensions>
          <ns3:TrackPointExtension>
            <ns3:hr>176</ns3:hr>
            <ns3:cad>83</ns3:cad>
          </ns3:TrackPointExtension>
        </extensions>
      </trkpt>
      <trkpt lat="23.38585945777595043182373046875" lon="113.2369914092123508453369140625">
        <ele>5.599999904632568359375</ele>
        <time>2023-12-02T11:21:42.000Z</time>
        <extensions>
          <ns3:TrackPointExtension>
            <ns3:hr>173</ns3:hr>
            <ns3:cad>83</ns3:cad>
          </ns3:TrackPointExtension>
        </extensions>
      </trkpt>
      <trkpt lat="23.38585878722369670867919921875" lon="113.2370185665786266326904296875">
        <ele>5.599999904632568359375</ele>
        <time>2023-12-02T11:21:43.000Z</time>
        <extensions>
          <ns3:TrackPointExtension>
            <ns3:hr>176</ns3:hr>
            <ns3:cad>83</ns3:cad>
          </ns3:TrackPointExtension>
        </extensions>
      </trkpt>
      <trkpt lat="23.38585250079631805419921875" lon="113.2371955923736095428466796875">
        <ele>6.19999980926513671875</ele>
        <time>2023-12-02T11:21:49.000Z</time>
        <extensions>
          <ns3:TrackPointExtension>
            <ns3:hr>180</ns3:hr>
            <ns3:cad>83</ns3:cad>
          </ns3:TrackPointExtension>
        </extensions>
      </trkpt>
      <trkpt lat="23.38584906421601772308349609375" lon="113.237310089170932769775390625">
        <ele>5.80000019073486328125</ele>
        <time>2023-12-02T11:21:53.000Z</time>
        <extensions>
          <ns3:TrackPointExtension>
            <ns3:hr>174</ns3:hr>
            <ns3:cad>83</ns3:cad>
          </ns3:TrackPointExtension>
        </extensions>
      </trkpt>
      <trkpt lat="23.38584713637828826904296875" lon="113.23736532591283321380615234375">
        <ele>5.599999904632568359375</ele>
        <time>2023-12-02T11:21:56.000Z</time>
        <extensions>
          <ns3:TrackPointExtension>
            <ns3:hr>171</ns3:hr>
            <ns3:cad>84</ns3:cad>
          </ns3:TrackPointExtension>
        </extensions>
      </trkpt>
      <trkpt lat="23.3858278580009937286376953125" lon="113.2374597899615764617919921875">
        <ele>5</ele>
        <time>2023-12-02T11:22:04.000Z</time>
        <extensions>
          <ns3:TrackPointExtension>
            <ns3:hr>174</ns3:hr>
            <ns3:cad>60</ns3:cad>
          </ns3:TrackPointExtension>
        </extensions>
      </trkpt>
      <trkpt lat="23.38583129458129405975341796875" lon="113.2375040464103221893310546875">
        <ele>4.599999904632568359375</ele>
        <time>2023-12-02T11:22:08.000Z</time>
        <extensions>
          <ns3:TrackPointExtension>
            <ns3:hr>176</ns3:hr>
            <ns3:cad>60</ns3:cad>
          </ns3:TrackPointExtension>
        </extensions>
      </trkpt>
      <trkpt lat="23.38582777418196201324462890625" lon="113.23755827732384204864501953125">
        <ele>4</ele>
        <time>2023-12-02T11:22:12.000Z</time>
        <extensions>
          <ns3:TrackPointExtension>
            <ns3:hr>173</ns3:hr>
            <ns3:cad>60</ns3:cad>
          </ns3:TrackPointExtension>
        </extensions>
      </trkpt>
      <trkpt lat="23.38582810945808887481689453125" lon="113.23757193982601165771484375">
        <ele>3.7999999523162841796875</ele>
        <time>2023-12-02T11:22:13.000Z</time>
        <extensions>
          <ns3:TrackPointExtension>
            <ns3:hr>167</ns3:hr>
            <ns3:cad>61</ns3:cad>
          </ns3:TrackPointExtension>
        </extensions>
      </trkpt>
      <trkpt lat="23.38582970201969146728515625" lon="113.23758593760430812835693359375">
        <ele>3.599999904632568359375</ele>
        <time>2023-12-02T11:22:14.000Z</time>
        <extensions>
          <ns3:TrackPointExtension>
            <ns3:hr>167</ns3:hr>
            <ns3:cad>61</ns3:cad>
          </ns3:TrackPointExtension>
        </extensions>
      </trkpt>
      <trkpt lat="23.38583238422870635986328125" lon="113.23759884573519229888916015625">
        <ele>3.599999904632568359375</ele>
        <time>2023-12-02T11:22:15.000Z</time>
        <extensions>
          <ns3:TrackPointExtension>
            <ns3:hr>163</ns3:hr>
            <ns3:cad>61</ns3:cad>
          </ns3:TrackPointExtension>
        </extensions>
      </trkpt>
      <trkpt lat="23.3858348987996578216552734375" lon="113.2376123405992984771728515625">
        <ele>3.400000095367431640625</ele>
        <time>2023-12-02T11:22:16.000Z</time>
        <extensions>
          <ns3:TrackPointExtension>
            <ns3:hr>160</ns3:hr>
            <ns3:cad>60</ns3:cad>
          </ns3:TrackPointExtension>
        </extensions>
      </trkpt>
      <trkpt lat="23.3858385868370532989501953125" lon="113.23762424290180206298828125">
        <ele>3.400000095367431640625</ele>
        <time>2023-12-02T11:22:17.000Z</time>
        <extensions>
          <ns3:TrackPointExtension>
            <ns3:hr>160</ns3:hr>
            <ns3:cad>60</ns3:cad>
          </ns3:TrackPointExtension>
        </extensions>
      </trkpt>
      <trkpt lat="23.385848142206668853759765625" lon="113.23781945742666721343994140625">
        <ele>1.7999999523162841796875</ele>
        <time>2023-12-02T11:22:29.000Z</time>
        <extensions>
          <ns3:TrackPointExtension>
            <ns3:hr>160</ns3:hr>
            <ns3:cad>61</ns3:cad>
          </ns3:TrackPointExtension>
        </extensions>
      </trkpt>
      <trkpt lat="23.3858560211956501007080078125" lon="113.23803571052849292755126953125">
        <ele>1</ele>
        <time>2023-12-02T11:22:38.000Z</time>
        <extensions>
          <ns3:TrackPointExtension>
            <ns3:hr>161</ns3:hr>
            <ns3:cad>82</ns3:cad>
          </ns3:TrackPointExtension>
        </extensions>
      </trkpt>
      <trkpt lat="23.38586465455591678619384765625" lon="113.2382346130907535552978515625">
        <ele>1.7999999523162841796875</ele>
        <time>2023-12-02T11:22:45.000Z</time>
        <extensions>
          <ns3:TrackPointExtension>
            <ns3:hr>165</ns3:hr>
            <ns3:cad>83</ns3:cad>
          </ns3:TrackPointExtension>
        </extensions>
      </trkpt>
      <trkpt lat="23.3858680911362171173095703125" lon="113.23826487176120281219482421875">
        <ele>2</ele>
        <time>2023-12-02T11:22:46.000Z</time>
        <extensions>
          <ns3:TrackPointExtension>
            <ns3:hr>168</ns3:hr>
            <ns3:cad>83</ns3:cad>
          </ns3:TrackPointExtension>
        </extensions>
      </trkpt>
      <trkpt lat="23.38588208891451358795166015625" lon="113.23831885121762752532958984375">
        <ele>2.400000095367431640625</ele>
        <time>2023-12-02T11:22:48.000Z</time>
        <extensions>
          <ns3:TrackPointExtension>
            <ns3:hr>172</ns3:hr>
            <ns3:cad>83</ns3:cad>
          </ns3:TrackPointExtension>
        </extensions>
      </trkpt>
      <trkpt lat="23.385889045894145965576171875" lon="113.2384126447141170501708984375">
        <ele>4.19999980926513671875</ele>
        <time>2023-12-02T11:22:51.000Z</time>
        <extensions>
          <ns3:TrackPointExtension>
            <ns3:hr>177</ns3:hr>
            <ns3:cad>83</ns3:cad>
          </ns3:TrackPointExtension>
        </extensions>
      </trkpt>
      <trkpt lat="23.3858902193605899810791015625" lon="113.2384428195655345916748046875">
        <ele>5</ele>
        <time>2023-12-02T11:22:52.000Z</time>
        <extensions>
          <ns3:TrackPointExtension>
            <ns3:hr>173</ns3:hr>
            <ns3:cad>83</ns3:cad>
          </ns3:TrackPointExtension>
        </extensions>
      </trkpt>
      <trkpt lat="23.385897092521190643310546875" lon="113.23863954283297061920166015625">
        <ele>7</ele>
        <time>2023-12-02T11:22:59.000Z</time>
        <extensions>
          <ns3:TrackPointExtension>
            <ns3:hr>171</ns3:hr>
            <ns3:cad>83</ns3:cad>
          </ns3:TrackPointExtension>
        </extensions>
      </trkpt>
      <trkpt lat="23.3859016187489032745361328125" lon="113.2388391159474849700927734375">
        <ele>6.19999980926513671875</ele>
        <time>2023-12-02T11:23:06.000Z</time>
        <extensions>
          <ns3:TrackPointExtension>
            <ns3:hr>172</ns3:hr>
            <ns3:cad>83</ns3:cad>
          </ns3:TrackPointExtension>
        </extensions>
      </trkpt>
      <trkpt lat="23.385891057550907135009765625" lon="113.2390369288623332977294921875">
        <ele>5</ele>
        <time>2023-12-02T11:23:13.000Z</time>
        <extensions>
          <ns3:TrackPointExtension>
            <ns3:hr>175</ns3:hr>
            <ns3:cad>83</ns3:cad>
          </ns3:TrackPointExtension>
        </extensions>
      </trkpt>
      <trkpt lat="23.38587739504873752593994140625" lon="113.2391081750392913818359375">
        <ele>4.19999980926513671875</ele>
        <time>2023-12-02T11:23:17.000Z</time>
        <extensions>
          <ns3:TrackPointExtension>
            <ns3:hr>169</ns3:hr>
            <ns3:cad>83</ns3:cad>
          </ns3:TrackPointExtension>
        </extensions>
      </trkpt>
      <trkpt lat="23.3858754672110080718994140625" lon="113.2391376793384552001953125">
        <ele>3.7999999523162841796875</ele>
        <time>2023-12-02T11:23:20.000Z</time>
        <extensions>
          <ns3:TrackPointExtension>
            <ns3:hr>166</ns3:hr>
            <ns3:cad>61</ns3:cad>
          </ns3:TrackPointExtension>
        </extensions>
      </trkpt>
      <trkpt lat="23.38587588630616664886474609375" lon="113.23914748616516590118408203125">
        <ele>3.599999904632568359375</ele>
        <time>2023-12-02T11:23:21.000Z</time>
        <extensions>
          <ns3:TrackPointExtension>
            <ns3:hr>166</ns3:hr>
            <ns3:cad>61</ns3:cad>
          </ns3:TrackPointExtension>
        </extensions>
      </trkpt>
      <trkpt lat="23.38587840087711811065673828125" lon="113.23916072957217693328857421875">
        <ele>3.599999904632568359375</ele>
        <time>2023-12-02T11:23:22.000Z</time>
        <extensions>
          <ns3:TrackPointExtension>
            <ns3:hr>169</ns3:hr>
            <ns3:cad>61</ns3:cad>
          </ns3:TrackPointExtension>
        </extensions>
      </trkpt>
      <trkpt lat="23.3858794905245304107666015625" lon="113.23917631991207599639892578125">
        <ele>3.400000095367431640625</ele>
        <time>2023-12-02T11:23:24.000Z</time>
        <extensions>
          <ns3:TrackPointExtension>
            <ns3:hr>170</ns3:hr>
            <ns3:cad>61</ns3:cad>
          </ns3:TrackPointExtension>
        </extensions>
      </trkpt>
      <trkpt lat="23.38588493876159191131591796875" lon="113.239201046526432037353515625">
        <ele>3.400000095367431640625</ele>
        <time>2023-12-02T11:23:27.000Z</time>
        <extensions>
          <ns3:TrackPointExtension>
            <ns3:hr>173</ns3:hr>
            <ns3:cad>61</ns3:cad>
          </ns3:TrackPointExtension>
        </extensions>
      </trkpt>
      <trkpt lat="23.38588393293321132659912109375" lon="113.23921680450439453125">
        <ele>3.2000000476837158203125</ele>
        <time>2023-12-02T11:23:28.000Z</time>
        <extensions>
          <ns3:TrackPointExtension>
            <ns3:hr>173</ns3:hr>
            <ns3:cad>61</ns3:cad>
          </ns3:TrackPointExtension>
        </extensions>
      </trkpt>
      <trkpt lat="23.3859012834727764129638671875" lon="113.239418305456638336181640625">
        <ele>3.2000000476837158203125</ele>
        <time>2023-12-02T11:23:41.000Z</time>
        <extensions>
          <ns3:TrackPointExtension>
            <ns3:hr>170</ns3:hr>
            <ns3:cad>61</ns3:cad>
          </ns3:TrackPointExtension>
        </extensions>
      </trkpt>
      <trkpt lat="23.385911174118518829345703125" lon="113.239558450877666473388671875">
        <ele>4.80000019073486328125</ele>
        <time>2023-12-02T11:23:48.000Z</time>
        <extensions>
          <ns3:TrackPointExtension>
            <ns3:hr>166</ns3:hr>
            <ns3:cad>59</ns3:cad>
          </ns3:TrackPointExtension>
        </extensions>
      </trkpt>
      <trkpt lat="23.3859153650701045989990234375" lon="113.23959357105195522308349609375">
        <ele>5.400000095367431640625</ele>
        <time>2023-12-02T11:23:50.000Z</time>
        <extensions>
          <ns3:TrackPointExtension>
            <ns3:hr>163</ns3:hr>
            <ns3:cad>61</ns3:cad>
          </ns3:TrackPointExtension>
        </extensions>
      </trkpt>
      <trkpt lat="23.38594227097928524017333984375" lon="113.239728100597858428955078125">
        <ele>6.80000019073486328125</ele>
        <time>2023-12-02T11:23:57.000Z</time>
        <extensions>
          <ns3:TrackPointExtension>
            <ns3:hr>160</ns3:hr>
            <ns3:cad>58</ns3:cad>
          </ns3:TrackPointExtension>
        </extensions>
      </trkpt>
      <trkpt lat="23.38595618493854999542236328125" lon="113.23977847583591938018798828125">
        <ele>7.19999980926513671875</ele>
        <time>2023-12-02T11:24:01.000Z</time>
        <extensions>
          <ns3:TrackPointExtension>
            <ns3:hr>154</ns3:hr>
            <ns3:cad>58</ns3:cad>
          </ns3:TrackPointExtension>
        </extensions>
      </trkpt>
      <trkpt lat="23.38595400564372539520263671875" lon="113.23978920467197895050048828125">
        <ele>7.400000095367431640625</ele>
        <time>2023-12-02T11:24:02.000Z</time>
        <extensions>
          <ns3:TrackPointExtension>
            <ns3:hr>150</ns3:hr>
            <ns3:cad>58</ns3:cad>
          </ns3:TrackPointExtension>
        </extensions>
      </trkpt>
      <trkpt lat="23.3859519101679325103759765625" lon="113.23980756103992462158203125">
        <ele>7.80000019073486328125</ele>
        <time>2023-12-02T11:24:03.000Z</time>
        <extensions>
          <ns3:TrackPointExtension>
            <ns3:hr>147</ns3:hr>
            <ns3:cad>58</ns3:cad>
          </ns3:TrackPointExtension>
        </extensions>
      </trkpt>
      <trkpt lat="23.3859519101679325103759765625" lon="113.23980756103992462158203125">
        <ele>7.80000019073486328125</ele>
        <time>2023-12-02T11:24:04.000Z</time>
        <extensions>
          <ns3:TrackPointExtension>
            <ns3:hr>147</ns3:hr>
            <ns3:cad>58</ns3:cad>
          </ns3:TrackPointExtension>
        </extensions>
      </trkpt>
      <trkpt lat="23.38594847358763217926025390625" lon="113.23989330790936946868896484375">
        <ele>10</ele>
        <time>2023-12-02T11:24:13.000Z</time>
        <extensions>
          <ns3:TrackPointExtension>
            <ns3:hr>144</ns3:hr>
            <ns3:cad>58</ns3:cad>
          </ns3:TrackPointExtension>
        </extensions>
      </trkpt>
      <trkpt lat="23.38595132343471050262451171875" lon="113.239918537437915802001953125">
        <ele>10.6000003814697265625</ele>
        <time>2023-12-02T11:24:18.000Z</time>
        <extensions>
          <ns3:TrackPointExtension>
            <ns3:hr>141</ns3:hr>
            <ns3:cad>58</ns3:cad>
          </ns3:TrackPointExtension>
        </extensions>
      </trkpt>
      <trkpt lat="23.386000357568264007568359375" lon="113.24000093154609203338623046875">
        <ele>9.80000019073486328125</ele>
        <time>2023-12-02T11:24:30.000Z</time>
        <extensions>
          <ns3:TrackPointExtension>
            <ns3:hr>139</ns3:hr>
            <ns3:cad>59</ns3:cad>
          </ns3:TrackPointExtension>
        </extensions>
      </trkpt>
      <trkpt lat="23.38610270060598850250244140625" lon="113.24016538448631763458251953125">
        <ele>7.599999904632568359375</ele>
        <time>2023-12-02T11:24:43.000Z</time>
        <extensions>
          <ns3:TrackPointExtension>
            <ns3:hr>139</ns3:hr>
            <ns3:cad>61</ns3:cad>
          </ns3:TrackPointExtension>
        </extensions>
      </trkpt>
      <trkpt lat="23.38610890321433544158935546875" lon="113.240237720310688018798828125">
        <ele>7.400000095367431640625</ele>
        <time>2023-12-02T11:24:51.000Z</time>
        <extensions>
          <ns3:TrackPointExtension>
            <ns3:hr>138</ns3:hr>
            <ns3:cad>61</ns3:cad>
          </ns3:TrackPointExtension>
        </extensions>
      </trkpt>
      <trkpt lat="23.3861172012984752655029296875" lon="113.2402435876429080963134765625">
        <ele>7.400000095367431640625</ele>
        <time>2023-12-02T11:24:53.000Z</time>
        <extensions>
          <ns3:TrackPointExtension>
            <ns3:hr>139</ns3:hr>
            <ns3:cad>61</ns3:cad>
          </ns3:TrackPointExtension>
        </extensions>
      </trkpt>
      <trkpt lat="23.38616774417459964752197265625" lon="113.24034743942320346832275390625">
        <ele>5.80000019073486328125</ele>
        <time>2023-12-02T11:25:06.000Z</time>
        <extensions>
          <ns3:TrackPointExtension>
            <ns3:hr>136</ns3:hr>
            <ns3:cad>61</ns3:cad>
          </ns3:TrackPointExtension>
        </extensions>
      </trkpt>
      <trkpt lat="23.38620278052985668182373046875" lon="113.2403981499373912811279296875">
        <ele>5</ele>
        <time>2023-12-02T11:25:10.000Z</time>
        <extensions>
          <ns3:TrackPointExtension>
            <ns3:hr>134</ns3:hr>
            <ns3:cad>55</ns3:cad>
          </ns3:TrackPointExtension>
        </extensions>
      </trkpt>
      <trkpt lat="23.386220969259738922119140625" lon="113.24056050740182399749755859375">
        <ele>4</ele>
        <time>2023-12-02T11:25:25.000Z</time>
        <extensions>
          <ns3:TrackPointExtension>
            <ns3:hr>132</ns3:hr>
            <ns3:cad>55</ns3:cad>
          </ns3:TrackPointExtension>
        </extensions>
      </trkpt>
      <trkpt lat="23.38622055016458034515380859375" lon="113.2405860722064971923828125">
        <ele>4</ele>
        <time>2023-12-02T11:25:28.000Z</time>
        <extensions>
          <ns3:TrackPointExtension>
            <ns3:hr>131</ns3:hr>
            <ns3:cad>55</ns3:cad>
          </ns3:TrackPointExtension>
        </extensions>
      </trkpt>
      <trkpt lat="23.3862258307635784149169921875" lon="113.24060342274606227874755859375">
        <ele>4</ele>
        <time>2023-12-02T11:25:30.000Z</time>
        <extensions>
          <ns3:TrackPointExtension>
            <ns3:hr>131</ns3:hr>
            <ns3:cad>58</ns3:cad>
          </ns3:TrackPointExtension>
        </extensions>
      </trkpt>
      <trkpt lat="23.38623010553419589996337890625" lon="113.2406640239059925079345703125">
        <ele>3.7999999523162841796875</ele>
        <time>2023-12-02T11:25:34.000Z</time>
        <extensions>
          <ns3:TrackPointExtension>
            <ns3:hr>133</ns3:hr>
            <ns3:cad>58</ns3:cad>
          </ns3:TrackPointExtension>
        </extensions>
      </trkpt>
      <trkpt lat="23.38623739778995513916015625" lon="113.24070232920348644256591796875">
        <ele>3.400000095367431640625</ele>
        <time>2023-12-02T11:25:36.000Z</time>
        <extensions>
          <ns3:TrackPointExtension>
            <ns3:hr>133</ns3:hr>
            <ns3:cad>58</ns3:cad>
          </ns3:TrackPointExtension>
        </extensions>
      </trkpt>
      <trkpt lat="23.38624100200831890106201171875" lon="113.24083090759813785552978515625">
        <ele>3.2000000476837158203125</ele>
        <time>2023-12-02T11:25:45.000Z</time>
        <extensions>
          <ns3:TrackPointExtension>
            <ns3:hr>132</ns3:hr>
            <ns3:cad>58</ns3:cad>
          </ns3:TrackPointExtension>
        </extensions>
      </trkpt>
      <trkpt lat="23.38623714633285999298095703125" lon="113.24085471220314502716064453125">
        <ele>3.400000095367431640625</ele>
        <time>2023-12-02T11:25:47.000Z</time>
        <extensions>
          <ns3:TrackPointExtension>
            <ns3:hr>129</ns3:hr>
            <ns3:cad>55</ns3:cad>
          </ns3:TrackPointExtension>
        </extensions>
      </trkpt>
      <trkpt lat="23.38622725568711757659912109375" lon="113.2408786006271839141845703125">
        <ele>3.400000095367431640625</ele>
        <time>2023-12-02T11:25:50.000Z</time>
        <extensions>
          <ns3:TrackPointExtension>
            <ns3:hr>128</ns3:hr>
            <ns3:cad>59</ns3:cad>
          </ns3:TrackPointExtension>
        </extensions>
      </trkpt>
      <trkpt lat="23.3862238191068172454833984375" lon="113.2408883236348628997802734375">
        <ele>3.400000095367431640625</ele>
        <time>2023-12-02T11:25:51.000Z</time>
        <extensions>
          <ns3:TrackPointExtension>
            <ns3:hr>128</ns3:hr>
            <ns3:cad>59</ns3:cad>
          </ns3:TrackPointExtension>
        </extensions>
      </trkpt>
      <trkpt lat="23.3862335421144962310791015625" lon="113.240933753550052642822265625">
        <ele>3.599999904632568359375</ele>
        <time>2023-12-02T11:25:55.000Z</time>
        <extensions>
          <ns3:TrackPointExtension>
            <ns3:hr>128</ns3:hr>
            <ns3:cad>54</ns3:cad>
          </ns3:TrackPointExtension>
        </extensions>
      </trkpt>
      <trkpt lat="23.38623580522835254669189453125" lon="113.2409456558525562286376953125">
        <ele>3.599999904632568359375</ele>
        <time>2023-12-02T11:25:56.000Z</time>
        <extensions>
          <ns3:TrackPointExtension>
            <ns3:hr>128</ns3:hr>
            <ns3:cad>54</ns3:cad>
          </ns3:TrackPointExtension>
        </extensions>
      </trkpt>
      <trkpt lat="23.38623940944671630859375" lon="113.24097155593335628509521484375">
        <ele>3.599999904632568359375</ele>
        <time>2023-12-02T11:25:58.000Z</time>
        <extensions>
          <ns3:TrackPointExtension>
            <ns3:hr>128</ns3:hr>
            <ns3:cad>54</ns3:cad>
          </ns3:TrackPointExtension>
        </extensions>
      </trkpt>
      <trkpt lat="23.38626413606107234954833984375" lon="113.241139613091945648193359375">
        <ele>4</ele>
        <time>2023-12-02T11:26:12.000Z</time>
        <extensions>
          <ns3:TrackPointExtension>
            <ns3:hr>124</ns3:hr>
            <ns3:cad>57</ns3:cad>
          </ns3:TrackPointExtension>
        </extensions>
      </trkpt>
      <trkpt lat="23.38629699312150478363037109375" lon="113.24117188341915607452392578125">
        <ele>4.19999980926513671875</ele>
        <time>2023-12-02T11:26:17.000Z</time>
        <extensions>
          <ns3:TrackPointExtension>
            <ns3:hr>126</ns3:hr>
            <ns3:cad>58</ns3:cad>
          </ns3:TrackPointExtension>
        </extensions>
      </trkpt>
      <trkpt lat="23.38632498867809772491455078125" lon="113.24118663556873798370361328125">
        <ele>4.400000095367431640625</ele>
        <time>2023-12-02T11:26:19.000Z</time>
        <extensions>
          <ns3:TrackPointExtension>
            <ns3:hr>129</ns3:hr>
            <ns3:cad>57</ns3:cad>
          </ns3:TrackPointExtension>
        </extensions>
      </trkpt>
      <trkpt lat="23.38634024374186992645263671875" lon="113.2411951012909412384033203125">
        <ele>4.400000095367431640625</ele>
        <time>2023-12-02T11:26:20.000Z</time>
        <extensions>
          <ns3:TrackPointExtension>
            <ns3:hr>133</ns3:hr>
            <ns3:cad>56</ns3:cad>
          </ns3:TrackPointExtension>
        </extensions>
      </trkpt>
      <trkpt lat="23.38636756874620914459228515625" lon="113.241212368011474609375">
        <ele>4.599999904632568359375</ele>
        <time>2023-12-02T11:26:21.000Z</time>
        <extensions>
          <ns3:TrackPointExtension>
            <ns3:hr>133</ns3:hr>
            <ns3:cad>56</ns3:cad>
          </ns3:TrackPointExtension>
        </extensions>
      </trkpt>
      <trkpt lat="23.38638450019061565399169921875" lon="113.24122183956205844879150390625">
        <ele>4.599999904632568359375</ele>
        <time>2023-12-02T11:26:22.000Z</time>
        <extensions>
          <ns3:TrackPointExtension>
            <ns3:hr>132</ns3:hr>
            <ns3:cad>54</ns3:cad>
          </ns3:TrackPointExtension>
        </extensions>
      </trkpt>
      <trkpt lat="23.38651089929044246673583984375" lon="113.24135343544185161590576171875">
        <ele>4.80000019073486328125</ele>
        <time>2023-12-02T11:26:35.000Z</time>
        <extensions>
          <ns3:TrackPointExtension>
            <ns3:hr>132</ns3:hr>
            <ns3:cad>63</ns3:cad>
          </ns3:TrackPointExtension>
        </extensions>
      </trkpt>
      <trkpt lat="23.38651760481297969818115234375" lon="113.24136567302048206329345703125">
        <ele>5</ele>
        <time>2023-12-02T11:26:36.000Z</time>
        <extensions>
          <ns3:TrackPointExtension>
            <ns3:hr>132</ns3:hr>
            <ns3:cad>63</ns3:cad>
          </ns3:TrackPointExtension>
        </extensions>
      </trkpt>
      <trkpt lat="23.38652037084102630615234375" lon="113.2414043135941028594970703125">
        <ele>5.400000095367431640625</ele>
        <time>2023-12-02T11:26:42.000Z</time>
        <extensions>
          <ns3:TrackPointExtension>
            <ns3:hr>130</ns3:hr>
            <ns3:cad>59</ns3:cad>
          </ns3:TrackPointExtension>
        </extensions>
      </trkpt>
      <trkpt lat="23.386585079133510589599609375" lon="113.241365589201450347900390625">
        <ele>4.80000019073486328125</ele>
        <time>2023-12-02T11:26:49.000Z</time>
        <extensions>
          <ns3:TrackPointExtension>
            <ns3:hr>130</ns3:hr>
            <ns3:cad>54</ns3:cad>
          </ns3:TrackPointExtension>
        </extensions>
      </trkpt>
      <trkpt lat="23.3866194449365139007568359375" lon="113.24138277210295200347900390625">
        <ele>4.80000019073486328125</ele>
        <time>2023-12-02T11:26:53.000Z</time>
        <extensions>
          <ns3:TrackPointExtension>
            <ns3:hr>130</ns3:hr>
            <ns3:cad>55</ns3:cad>
          </ns3:TrackPointExtension>
        </extensions>
      </trkpt>
      <trkpt lat="23.3866509608924388885498046875" lon="113.24146650731563568115234375">
        <ele>5.599999904632568359375</ele>
        <time>2023-12-02T11:26:59.000Z</time>
        <extensions>
          <ns3:TrackPointExtension>
            <ns3:hr>130</ns3:hr>
            <ns3:cad>61</ns3:cad>
          </ns3:TrackPointExtension>
        </extensions>
      </trkpt>
      <trkpt lat="23.38667870499193668365478515625" lon="113.2415186427533626556396484375">
        <ele>6</ele>
        <time>2023-12-02T11:27:05.000Z</time>
        <extensions>
          <ns3:TrackPointExtension>
            <ns3:hr>128</ns3:hr>
            <ns3:cad>61</ns3:cad>
          </ns3:TrackPointExtension>
        </extensions>
      </trkpt>
      <trkpt lat="23.3866982348263263702392578125" lon="113.2415407709777355194091796875">
        <ele>6.19999980926513671875</ele>
        <time>2023-12-02T11:27:07.000Z</time>
        <extensions>
          <ns3:TrackPointExtension>
            <ns3:hr>128</ns3:hr>
            <ns3:cad>61</ns3:cad>
          </ns3:TrackPointExtension>
        </extensions>
      </trkpt>
      <trkpt lat="23.38678213767707347869873046875" lon="113.2417543418705463409423828125">
        <ele>7.599999904632568359375</ele>
        <time>2023-12-02T11:27:18.000Z</time>
        <extensions>
          <ns3:TrackPointExtension>
            <ns3:hr>128</ns3:hr>
            <ns3:cad>61</ns3:cad>
          </ns3:TrackPointExtension>
        </extensions>
      </trkpt>
      <trkpt lat="23.3867771923542022705078125" lon="113.2417798228561878204345703125">
        <ele>7.80000019073486328125</ele>
        <time>2023-12-02T11:27:21.000Z</time>
        <extensions>
          <ns3:TrackPointExtension>
            <ns3:hr>128</ns3:hr>
            <ns3:cad>56</ns3:cad>
          </ns3:TrackPointExtension>
        </extensions>
      </trkpt>
      <trkpt lat="23.38678398169577121734619140625" lon="113.2418207265436649322509765625">
        <ele>8</ele>
        <time>2023-12-02T11:27:24.000Z</time>
        <extensions>
          <ns3:TrackPointExtension>
            <ns3:hr>129</ns3:hr>
            <ns3:cad>56</ns3:cad>
          </ns3:TrackPointExtension>
        </extensions>
      </trkpt>
      <trkpt lat="23.38678582571446895599365234375" lon="113.24185651727020740509033203125">
        <ele>8.3999996185302734375</ele>
        <time>2023-12-02T11:27:26.000Z</time>
        <extensions>
          <ns3:TrackPointExtension>
            <ns3:hr>130</ns3:hr>
            <ns3:cad>0</ns3:cad>
          </ns3:TrackPointExtension>
        </extensions>
      </trkpt>
      <trkpt lat="23.38684064336121082305908203125" lon="113.24204452335834503173828125">
        <ele>7</ele>
        <time>2023-12-02T11:27:38.000Z</time>
        <extensions>
          <ns3:TrackPointExtension>
            <ns3:hr>130</ns3:hr>
            <ns3:cad>61</ns3:cad>
          </ns3:TrackPointExtension>
        </extensions>
      </trkpt>
      <trkpt lat="23.3869580738246440887451171875" lon="113.2422277517616748809814453125">
        <ele>5.19999980926513671875</ele>
        <time>2023-12-02T11:27:49.000Z</time>
        <extensions>
          <ns3:TrackPointExtension>
            <ns3:hr>131</ns3:hr>
            <ns3:cad>81</ns3:cad>
          </ns3:TrackPointExtension>
        </extensions>
      </trkpt>
      <trkpt lat="23.38697106577455997467041015625" lon="113.24225834570825099945068359375">
        <ele>4.80000019073486328125</ele>
        <time>2023-12-02T11:27:50.000Z</time>
        <extensions>
          <ns3:TrackPointExtension>
            <ns3:hr>136</ns3:hr>
            <ns3:cad>82</ns3:cad>
          </ns3:TrackPointExtension>
        </extensions>
      </trkpt>
      <trkpt lat="23.38698078878223896026611328125" lon="113.24229053221642971038818359375">
        <ele>4.599999904632568359375</ele>
        <time>2023-12-02T11:27:51.000Z</time>
        <extensions>
          <ns3:TrackPointExtension>
            <ns3:hr>136</ns3:hr>
            <ns3:cad>82</ns3:cad>
          </ns3:TrackPointExtension>
        </extensions>
      </trkpt>
      <trkpt lat="23.38698883540928363800048828125" lon="113.24231869541108608245849609375">
        <ele>4.19999980926513671875</ele>
        <time>2023-12-02T11:27:52.000Z</time>
        <extensions>
          <ns3:TrackPointExtension>
            <ns3:hr>130</ns3:hr>
            <ns3:cad>82</ns3:cad>
          </ns3:TrackPointExtension>
        </extensions>
      </trkpt>
      <trkpt lat="23.386996798217296600341796875" lon="113.24234518222510814666748046875">
        <ele>4</ele>
        <time>2023-12-02T11:27:53.000Z</time>
        <extensions>
          <ns3:TrackPointExtension>
            <ns3:hr>130</ns3:hr>
            <ns3:cad>82</ns3:cad>
          </ns3:TrackPointExtension>
        </extensions>
      </trkpt>
      <trkpt lat="23.38701414875686168670654296875" lon="113.24239589273929595947265625">
        <ele>3.599999904632568359375</ele>
        <time>2023-12-02T11:27:55.000Z</time>
        <extensions>
          <ns3:TrackPointExtension>
            <ns3:hr>134</ns3:hr>
            <ns3:cad>82</ns3:cad>
          </ns3:TrackPointExtension>
        </extensions>
      </trkpt>
      <trkpt lat="23.387022279202938079833984375" lon="113.242422044277191162109375">
        <ele>3.2000000476837158203125</ele>
        <time>2023-12-02T11:27:56.000Z</time>
        <extensions>
          <ns3:TrackPointExtension>
            <ns3:hr>137</ns3:hr>
            <ns3:cad>81</ns3:cad>
          </ns3:TrackPointExtension>
        </extensions>
      </trkpt>
      <trkpt lat="23.38703393004834651947021484375" lon="113.24244551360607147216796875">
        <ele>3.2000000476837158203125</ele>
        <time>2023-12-02T11:27:57.000Z</time>
        <extensions>
          <ns3:TrackPointExtension>
            <ns3:hr>141</ns3:hr>
            <ns3:cad>81</ns3:cad>
          </ns3:TrackPointExtension>
        </extensions>
      </trkpt>
      <trkpt lat="23.38705622591078281402587890625" lon="113.2425011694431304931640625">
        <ele>3.2000000476837158203125</ele>
        <time>2023-12-02T11:27:59.000Z</time>
        <extensions>
          <ns3:TrackPointExtension>
            <ns3:hr>145</ns3:hr>
            <ns3:cad>81</ns3:cad>
          </ns3:TrackPointExtension>
        </extensions>
      </trkpt>
      <trkpt lat="23.38707064278423786163330078125" lon="113.24252891354262828826904296875">
        <ele>3.2000000476837158203125</ele>
        <time>2023-12-02T11:28:00.000Z</time>
        <extensions>
          <ns3:TrackPointExtension>
            <ns3:hr>153</ns3:hr>
            <ns3:cad>81</ns3:cad>
          </ns3:TrackPointExtension>
        </extensions>
      </trkpt>
      <trkpt lat="23.387084640562534332275390625" lon="113.24255322106182575225830078125">
        <ele>3.2000000476837158203125</ele>
        <time>2023-12-02T11:28:01.000Z</time>
        <extensions>
          <ns3:TrackPointExtension>
            <ns3:hr>156</ns3:hr>
            <ns3:cad>82</ns3:cad>
          </ns3:TrackPointExtension>
        </extensions>
      </trkpt>
      <trkpt lat="23.38709947653114795684814453125" lon="113.2425767742097377777099609375">
        <ele>3.2000000476837158203125</ele>
        <time>2023-12-02T11:28:02.000Z</time>
        <extensions>
          <ns3:TrackPointExtension>
            <ns3:hr>159</ns3:hr>
            <ns3:cad>82</ns3:cad>
          </ns3:TrackPointExtension>
        </extensions>
      </trkpt>
      <trkpt lat="23.38711406104266643524169921875" lon="113.2425999082624912261962890625">
        <ele>3.2000000476837158203125</ele>
        <time>2023-12-02T11:28:03.000Z</time>
        <extensions>
          <ns3:TrackPointExtension>
            <ns3:hr>162</ns3:hr>
            <ns3:cad>82</ns3:cad>
          </ns3:TrackPointExtension>
        </extensions>
      </trkpt>
      <trkpt lat="23.38712646625936031341552734375" lon="113.24262362904846668243408203125">
        <ele>3.2000000476837158203125</ele>
        <time>2023-12-02T11:28:04.000Z</time>
        <extensions>
          <ns3:TrackPointExtension>
            <ns3:hr>160</ns3:hr>
            <ns3:cad>82</ns3:cad>
          </ns3:TrackPointExtension>
        </extensions>
      </trkpt>
      <trkpt lat="23.38716971687972545623779296875" lon="113.24269001372158527374267578125">
        <ele>3</ele>
        <time>2023-12-02T11:28:07.000Z</time>
        <extensions>
          <ns3:TrackPointExtension>
            <ns3:hr>165</ns3:hr>
            <ns3:cad>83</ns3:cad>
          </ns3:TrackPointExtension>
        </extensions>
      </trkpt>
      <trkpt lat="23.3872792683541774749755859375" lon="113.24287600815296173095703125">
        <ele>3.599999904632568359375</ele>
        <time>2023-12-02T11:28:15.000Z</time>
        <extensions>
          <ns3:TrackPointExtension>
            <ns3:hr>168</ns3:hr>
            <ns3:cad>83</ns3:cad>
          </ns3:TrackPointExtension>
        </extensions>
      </trkpt>
      <trkpt lat="23.3873094432055950164794921875" lon="113.24292219243943691253662109375">
        <ele>3.7999999523162841796875</ele>
        <time>2023-12-02T11:28:17.000Z</time>
        <extensions>
          <ns3:TrackPointExtension>
            <ns3:hr>172</ns3:hr>
            <ns3:cad>83</ns3:cad>
          </ns3:TrackPointExtension>
        </extensions>
      </trkpt>
      <trkpt lat="23.38732444681227207183837890625" lon="113.2429475896060466766357421875">
        <ele>4</ele>
        <time>2023-12-02T11:28:18.000Z</time>
        <extensions>
          <ns3:TrackPointExtension>
            <ns3:hr>168</ns3:hr>
            <ns3:cad>83</ns3:cad>
          </ns3:TrackPointExtension>
        </extensions>
      </trkpt>
      <trkpt lat="23.38737809099256992340087890625" lon="113.2430485077202320098876953125">
        <ele>5.19999980926513671875</ele>
        <time>2023-12-02T11:28:22.000Z</time>
        <extensions>
          <ns3:TrackPointExtension>
            <ns3:hr>164</ns3:hr>
            <ns3:cad>83</ns3:cad>
          </ns3:TrackPointExtension>
        </extensions>
      </trkpt>
      <trkpt lat="23.38740684092044830322265625" lon="113.24310122989118099212646484375">
        <ele>6.19999980926513671875</ele>
        <time>2023-12-02T11:28:24.000Z</time>
        <extensions>
          <ns3:TrackPointExtension>
            <ns3:hr>161</ns3:hr>
            <ns3:cad>83</ns3:cad>
          </ns3:TrackPointExtension>
        </extensions>
      </trkpt>
      <trkpt lat="23.38742268271744251251220703125" lon="113.24312436394393444061279296875">
        <ele>6.599999904632568359375</ele>
        <time>2023-12-02T11:28:25.000Z</time>
        <extensions>
          <ns3:TrackPointExtension>
            <ns3:hr>164</ns3:hr>
            <ns3:cad>83</ns3:cad>
          </ns3:TrackPointExtension>
        </extensions>
      </trkpt>
      <trkpt lat="23.38743777014315128326416015625" lon="113.24314515106379985809326171875">
        <ele>7</ele>
        <time>2023-12-02T11:28:26.000Z</time>
        <extensions>
          <ns3:TrackPointExtension>
            <ns3:hr>167</ns3:hr>
            <ns3:cad>83</ns3:cad>
          </ns3:TrackPointExtension>
        </extensions>
      </trkpt>
      <trkpt lat="23.38754941709339618682861328125" lon="113.2433210872113704681396484375">
        <ele>9.19999980926513671875</ele>
        <time>2023-12-02T11:28:34.000Z</time>
        <extensions>
          <ns3:TrackPointExtension>
            <ns3:hr>171</ns3:hr>
            <ns3:cad>83</ns3:cad>
          </ns3:TrackPointExtension>
        </extensions>
      </trkpt>
      <trkpt lat="23.3876155503094196319580078125" lon="113.24344136752188205718994140625">
        <ele>9.80000019073486328125</ele>
        <time>2023-12-02T11:28:39.000Z</time>
        <extensions>
          <ns3:TrackPointExtension>
            <ns3:hr>168</ns3:hr>
            <ns3:cad>84</ns3:cad>
          </ns3:TrackPointExtension>
        </extensions>
      </trkpt>
      <trkpt lat="23.3877302147448062896728515625" lon="113.24360967613756656646728515625">
        <ele>10.3999996185302734375</ele>
        <time>2023-12-02T11:28:46.000Z</time>
        <extensions>
          <ns3:TrackPointExtension>
            <ns3:hr>168</ns3:hr>
            <ns3:cad>83</ns3:cad>
          </ns3:TrackPointExtension>
        </extensions>
      </trkpt>
      <trkpt lat="23.38780489750206470489501953125" lon="113.2437716983258724212646484375">
        <ele>10.3999996185302734375</ele>
        <time>2023-12-02T11:28:52.000Z</time>
        <extensions>
          <ns3:TrackPointExtension>
            <ns3:hr>165</ns3:hr>
            <ns3:cad>81</ns3:cad>
          </ns3:TrackPointExtension>
        </extensions>
      </trkpt>
      <trkpt lat="23.38788066990673542022705078125" lon="113.243957273662090301513671875">
        <ele>10.3999996185302734375</ele>
        <time>2023-12-02T11:28:59.000Z</time>
        <extensions>
          <ns3:TrackPointExtension>
            <ns3:hr>166</ns3:hr>
            <ns3:cad>83</ns3:cad>
          </ns3:TrackPointExtension>
        </extensions>
      </trkpt>
      <trkpt lat="23.38794470764696598052978515625" lon="113.24415751732885837554931640625">
        <ele>9</ele>
        <time>2023-12-02T11:29:05.000Z</time>
        <extensions>
          <ns3:TrackPointExtension>
            <ns3:hr>167</ns3:hr>
            <ns3:cad>83</ns3:cad>
          </ns3:TrackPointExtension>
        </extensions>
      </trkpt>
      <trkpt lat="23.3880002796649932861328125" lon="113.24434979818761348724365234375">
        <ele>7.19999980926513671875</ele>
        <time>2023-12-02T11:29:10.000Z</time>
        <extensions>
          <ns3:TrackPointExtension>
            <ns3:hr>169</ns3:hr>
            <ns3:cad>82</ns3:cad>
          </ns3:TrackPointExtension>
        </extensions>
      </trkpt>
      <trkpt lat="23.38807479478418827056884765625" lon="113.24454744346439838409423828125">
        <ele>6.19999980926513671875</ele>
        <time>2023-12-02T11:29:17.000Z</time>
        <extensions>
          <ns3:TrackPointExtension>
            <ns3:hr>168</ns3:hr>
            <ns3:cad>82</ns3:cad>
          </ns3:TrackPointExtension>
        </extensions>
      </trkpt>
      <trkpt lat="23.38811653666198253631591796875" lon="113.24466898106038570404052734375">
        <ele>5.599999904632568359375</ele>
        <time>2023-12-02T11:29:24.000Z</time>
        <extensions>
          <ns3:TrackPointExtension>
            <ns3:hr>165</ns3:hr>
            <ns3:cad>83</ns3:cad>
          </ns3:TrackPointExtension>
        </extensions>
      </trkpt>
      <trkpt lat="23.38814981281757354736328125" lon="113.24473888613283634185791015625">
        <ele>6</ele>
        <time>2023-12-02T11:29:31.000Z</time>
        <extensions>
          <ns3:TrackPointExtension>
            <ns3:hr>163</ns3:hr>
            <ns3:cad>62</ns3:cad>
          </ns3:TrackPointExtension>
        </extensions>
      </trkpt>
      <trkpt lat="23.38816548697650432586669921875" lon="113.24478146620094776153564453125">
        <ele>6</ele>
        <time>2023-12-02T11:29:35.000Z</time>
        <extensions>
          <ns3:TrackPointExtension>
            <ns3:hr>166</ns3:hr>
            <ns3:cad>61</ns3:cad>
          </ns3:TrackPointExtension>
        </extensions>
      </trkpt>
      <trkpt lat="23.38820840232074260711669921875" lon="113.2449500262737274169921875">
        <ele>6.80000019073486328125</ele>
        <time>2023-12-02T11:29:49.000Z</time>
        <extensions>
          <ns3:TrackPointExtension>
            <ns3:hr>163</ns3:hr>
            <ns3:cad>61</ns3:cad>
          </ns3:TrackPointExtension>
        </extensions>
      </trkpt>
      <trkpt lat="23.38825349695980548858642578125" lon="113.245075084269046783447265625">
        <ele>7.400000095367431640625</ele>
        <time>2023-12-02T11:29:55.000Z</time>
        <extensions>
          <ns3:TrackPointExtension>
            <ns3:hr>160</ns3:hr>
            <ns3:cad>81</ns3:cad>
          </ns3:TrackPointExtension>
        </extensions>
      </trkpt>
      <trkpt lat="23.38832139037549495697021484375" lon="113.24520760215818881988525390625">
        <ele>8</ele>
        <time>2023-12-02T11:30:00.000Z</time>
        <extensions>
          <ns3:TrackPointExtension>
            <ns3:hr>157</ns3:hr>
            <ns3:cad>83</ns3:cad>
          </ns3:TrackPointExtension>
        </extensions>
      </trkpt>
      <trkpt lat="23.38838316500186920166015625" lon="113.24536534957587718963623046875">
        <ele>7.19999980926513671875</ele>
        <time>2023-12-02T11:30:06.000Z</time>
        <extensions>
          <ns3:TrackPointExtension>
            <ns3:hr>160</ns3:hr>
            <ns3:cad>83</ns3:cad>
          </ns3:TrackPointExtension>
        </extensions>
      </trkpt>
      <trkpt lat="23.38840185664594173431396484375" lon="113.24541547335684299468994140625">
        <ele>6.80000019073486328125</ele>
        <time>2023-12-02T11:30:08.000Z</time>
        <extensions>
          <ns3:TrackPointExtension>
            <ns3:hr>163</ns3:hr>
            <ns3:cad>83</ns3:cad>
          </ns3:TrackPointExtension>
        </extensions>
      </trkpt>
      <trkpt lat="23.388408981263637542724609375" lon="113.2454443909227848052978515625">
        <ele>6.80000019073486328125</ele>
        <time>2023-12-02T11:30:09.000Z</time>
        <extensions>
          <ns3:TrackPointExtension>
            <ns3:hr>167</ns3:hr>
            <ns3:cad>83</ns3:cad>
          </ns3:TrackPointExtension>
        </extensions>
      </trkpt>
      <trkpt lat="23.38843119330704212188720703125" lon="113.24550180695950984954833984375">
        <ele>6.400000095367431640625</ele>
        <time>2023-12-02T11:30:11.000Z</time>
        <extensions>
          <ns3:TrackPointExtension>
            <ns3:hr>164</ns3:hr>
            <ns3:cad>84</ns3:cad>
          </ns3:TrackPointExtension>
        </extensions>
      </trkpt>
      <trkpt lat="23.38849925436079502105712890625" lon="113.245634324848651885986328125">
        <ele>5.19999980926513671875</ele>
        <time>2023-12-02T11:30:16.000Z</time>
        <extensions>
          <ns3:TrackPointExtension>
            <ns3:hr>167</ns3:hr>
            <ns3:cad>83</ns3:cad>
          </ns3:TrackPointExtension>
        </extensions>
      </trkpt>
      <trkpt lat="23.3885288424789905548095703125" lon="113.245687969028949737548828125">
        <ele>4.80000019073486328125</ele>
        <time>2023-12-02T11:30:18.000Z</time>
        <extensions>
          <ns3:TrackPointExtension>
            <ns3:hr>163</ns3:hr>
            <ns3:cad>83</ns3:cad>
          </ns3:TrackPointExtension>
        </extensions>
      </trkpt>
      <trkpt lat="23.3885519765317440032958984375" lon="113.2457350753247737884521484375">
        <ele>4.400000095367431640625</ele>
        <time>2023-12-02T11:30:20.000Z</time>
        <extensions>
          <ns3:TrackPointExtension>
            <ns3:hr>160</ns3:hr>
            <ns3:cad>83</ns3:cad>
          </ns3:TrackPointExtension>
        </extensions>
      </trkpt>
      <trkpt lat="23.38858072645962238311767578125" lon="113.2457976043224334716796875">
        <ele>4.19999980926513671875</ele>
        <time>2023-12-02T11:30:23.000Z</time>
        <extensions>
          <ns3:TrackPointExtension>
            <ns3:hr>165</ns3:hr>
            <ns3:cad>83</ns3:cad>
          </ns3:TrackPointExtension>
        </extensions>
      </trkpt>
      <trkpt lat="23.38859212584793567657470703125" lon="113.24581897817552089691162109375">
        <ele>4.19999980926513671875</ele>
        <time>2023-12-02T11:30:24.000Z</time>
        <extensions>
          <ns3:TrackPointExtension>
            <ns3:hr>171</ns3:hr>
            <ns3:cad>82</ns3:cad>
          </ns3:TrackPointExtension>
        </extensions>
      </trkpt>
      <trkpt lat="23.38860578835010528564453125" lon="113.24584010057151317596435546875">
        <ele>4.400000095367431640625</ele>
        <time>2023-12-02T11:30:25.000Z</time>
        <extensions>
          <ns3:TrackPointExtension>
            <ns3:hr>176</ns3:hr>
            <ns3:cad>82</ns3:cad>
          </ns3:TrackPointExtension>
        </extensions>
      </trkpt>
      <trkpt lat="23.388636298477649688720703125" lon="113.24591117911040782928466796875">
        <ele>5</ele>
        <time>2023-12-02T11:30:28.000Z</time>
        <extensions>
          <ns3:TrackPointExtension>
            <ns3:hr>168</ns3:hr>
            <ns3:cad>82</ns3:cad>
          </ns3:TrackPointExtension>
        </extensions>
      </trkpt>
      <trkpt lat="23.38864736258983612060546875" lon="113.24593372642993927001953125">
        <ele>5</ele>
        <time>2023-12-02T11:30:29.000Z</time>
        <extensions>
          <ns3:TrackPointExtension>
            <ns3:hr>165</ns3:hr>
            <ns3:cad>82</ns3:cad>
          </ns3:TrackPointExtension>
        </extensions>
      </trkpt>
      <trkpt lat="23.38872338645160198211669921875" lon="113.24612542055547237396240234375">
        <ele>5.80000019073486328125</ele>
        <time>2023-12-02T11:30:36.000Z</time>
        <extensions>
          <ns3:TrackPointExtension>
            <ns3:hr>166</ns3:hr>
            <ns3:cad>83</ns3:cad>
          </ns3:TrackPointExtension>
        </extensions>
      </trkpt>
      <trkpt lat="23.388807959854602813720703125" lon="113.24630898423492908477783203125">
        <ele>6.19999980926513671875</ele>
        <time>2023-12-02T11:30:43.000Z</time>
        <extensions>
          <ns3:TrackPointExtension>
            <ns3:hr>167</ns3:hr>
            <ns3:cad>83</ns3:cad>
          </ns3:TrackPointExtension>
        </extensions>
      </trkpt>
      <trkpt lat="23.3889023400843143463134765625" lon="113.246482573449611663818359375">
        <ele>5.80000019073486328125</ele>
        <time>2023-12-02T11:30:50.000Z</time>
        <extensions>
          <ns3:TrackPointExtension>
            <ns3:hr>167</ns3:hr>
            <ns3:cad>83</ns3:cad>
          </ns3:TrackPointExtension>
        </extensions>
      </trkpt>
      <trkpt lat="23.38899479247629642486572265625" lon="113.24667242355644702911376953125">
        <ele>5.80000019073486328125</ele>
        <time>2023-12-02T11:30:57.000Z</time>
        <extensions>
          <ns3:TrackPointExtension>
            <ns3:hr>168</ns3:hr>
            <ns3:cad>82</ns3:cad>
          </ns3:TrackPointExtension>
        </extensions>
      </trkpt>
      <trkpt lat="23.38904994539916515350341796875" lon="113.246765546500682830810546875">
        <ele>6</ele>
        <time>2023-12-02T11:31:04.000Z</time>
        <extensions>
          <ns3:TrackPointExtension>
            <ns3:hr>169</ns3:hr>
            <ns3:cad>83</ns3:cad>
          </ns3:TrackPointExtension>
        </extensions>
      </trkpt>
      <trkpt lat="23.38905078358948230743408203125" lon="113.2467868365347385406494140625">
        <ele>6</ele>
        <time>2023-12-02T11:31:07.000Z</time>
        <extensions>
          <ns3:TrackPointExtension>
            <ns3:hr>166</ns3:hr>
            <ns3:cad>83</ns3:cad>
          </ns3:TrackPointExtension>
        </extensions>
      </trkpt>
      <trkpt lat="23.38906452991068363189697265625" lon="113.24681960977613925933837890625">
        <ele>6.19999980926513671875</ele>
        <time>2023-12-02T11:31:11.000Z</time>
        <extensions>
          <ns3:TrackPointExtension>
            <ns3:hr>167</ns3:hr>
            <ns3:cad>57</ns3:cad>
          </ns3:TrackPointExtension>
        </extensions>
      </trkpt>
      <trkpt lat="23.38909939862787723541259765625" lon="113.246860764920711517333984375">
        <ele>6.19999980926513671875</ele>
        <time>2023-12-02T11:31:16.000Z</time>
        <extensions>
          <ns3:TrackPointExtension>
            <ns3:hr>167</ns3:hr>
            <ns3:cad>60</ns3:cad>
          </ns3:TrackPointExtension>
        </extensions>
      </trkpt>
      <trkpt lat="23.38913158513605594635009765625" lon="113.24695288203656673431396484375">
        <ele>6.599999904632568359375</ele>
        <time>2023-12-02T11:31:22.000Z</time>
        <extensions>
          <ns3:TrackPointExtension>
            <ns3:hr>164</ns3:hr>
            <ns3:cad>56</ns3:cad>
          </ns3:TrackPointExtension>
        </extensions>
      </trkpt>
      <trkpt lat="23.38920333422720432281494140625" lon="113.2470389641821384429931640625">
        <ele>6.80000019073486328125</ele>
        <time>2023-12-02T11:31:29.000Z</time>
        <extensions>
          <ns3:TrackPointExtension>
            <ns3:hr>163</ns3:hr>
            <ns3:cad>56</ns3:cad>
          </ns3:TrackPointExtension>
        </extensions>
      </trkpt>
      <trkpt lat="23.3893308229744434356689453125" lon="113.24716444127261638641357421875">
        <ele>6.80000019073486328125</ele>
        <time>2023-12-02T11:31:43.000Z</time>
        <extensions>
          <ns3:TrackPointExtension>
            <ns3:hr>160</ns3:hr>
            <ns3:cad>61</ns3:cad>
          </ns3:TrackPointExtension>
        </extensions>
      </trkpt>
      <trkpt lat="23.38936225511133670806884765625" lon="113.24722898192703723907470703125">
        <ele>7.80000019073486328125</ele>
        <time>2023-12-02T11:31:48.000Z</time>
        <extensions>
          <ns3:TrackPointExtension>
            <ns3:hr>157</ns3:hr>
            <ns3:cad>61</ns3:cad>
          </ns3:TrackPointExtension>
        </extensions>
      </trkpt>
      <trkpt lat="23.389395363628864288330078125" lon="113.24729218147695064544677734375">
        <ele>8.6000003814697265625</ele>
        <time>2023-12-02T11:31:54.000Z</time>
        <extensions>
          <ns3:TrackPointExtension>
            <ns3:hr>156</ns3:hr>
            <ns3:cad>61</ns3:cad>
          </ns3:TrackPointExtension>
        </extensions>
      </trkpt>
      <trkpt lat="23.3894314058125019073486328125" lon="113.24733325280249118804931640625">
        <ele>9.19999980926513671875</ele>
        <time>2023-12-02T11:31:59.000Z</time>
        <extensions>
          <ns3:TrackPointExtension>
            <ns3:hr>153</ns3:hr>
            <ns3:cad>61</ns3:cad>
          </ns3:TrackPointExtension>
        </extensions>
      </trkpt>
      <trkpt lat="23.3894632570445537567138671875" lon="113.2473765872418880462646484375">
        <ele>9.80000019073486328125</ele>
        <time>2023-12-02T11:32:04.000Z</time>
        <extensions>
          <ns3:TrackPointExtension>
            <ns3:hr>150</ns3:hr>
            <ns3:cad>61</ns3:cad>
          </ns3:TrackPointExtension>
        </extensions>
      </trkpt>
      <trkpt lat="23.38948689401149749755859375" lon="113.24740827083587646484375">
        <ele>10.3999996185302734375</ele>
        <time>2023-12-02T11:32:07.000Z</time>
        <extensions>
          <ns3:TrackPointExtension>
            <ns3:hr>147</ns3:hr>
            <ns3:cad>61</ns3:cad>
          </ns3:TrackPointExtension>
        </extensions>
      </trkpt>
      <trkpt lat="23.38949904777109622955322265625" lon="113.24743282981216907501220703125">
        <ele>10.80000019073486328125</ele>
        <time>2023-12-02T11:32:09.000Z</time>
        <extensions>
          <ns3:TrackPointExtension>
            <ns3:hr>144</ns3:hr>
            <ns3:cad>61</ns3:cad>
          </ns3:TrackPointExtension>
        </extensions>
      </trkpt>
      <trkpt lat="23.389568366110324859619140625" lon="113.2475837878882884979248046875">
        <ele>13.19999980926513671875</ele>
        <time>2023-12-02T11:32:18.000Z</time>
        <extensions>
          <ns3:TrackPointExtension>
            <ns3:hr>148</ns3:hr>
            <ns3:cad>82</ns3:cad>
          </ns3:TrackPointExtension>
        </extensions>
      </trkpt>
      <trkpt lat="23.38963064365088939666748046875" lon="113.24769954197108745574951171875">
        <ele>14.6000003814697265625</ele>
        <time>2023-12-02T11:32:24.000Z</time>
        <extensions>
          <ns3:TrackPointExtension>
            <ns3:hr>152</ns3:hr>
            <ns3:cad>82</ns3:cad>
          </ns3:TrackPointExtension>
        </extensions>
      </trkpt>
      <trkpt lat="23.38965260423719882965087890625" lon="113.2477462291717529296875">
        <ele>15</ele>
        <time>2023-12-02T11:32:26.000Z</time>
        <extensions>
          <ns3:TrackPointExtension>
            <ns3:hr>155</ns3:hr>
            <ns3:cad>82</ns3:cad>
          </ns3:TrackPointExtension>
        </extensions>
      </trkpt>
      <trkpt lat="23.38972804136574268341064453125" lon="113.2478620670735836029052734375">
        <ele>15</ele>
        <time>2023-12-02T11:32:31.000Z</time>
        <extensions>
          <ns3:TrackPointExtension>
            <ns3:hr>152</ns3:hr>
            <ns3:cad>83</ns3:cad>
          </ns3:TrackPointExtension>
        </extensions>
      </trkpt>
      <trkpt lat="23.3897463977336883544921875" lon="113.24788059107959270477294921875">
        <ele>14.80000019073486328125</ele>
        <time>2023-12-02T11:32:32.000Z</time>
        <extensions>
          <ns3:TrackPointExtension>
            <ns3:hr>152</ns3:hr>
            <ns3:cad>83</ns3:cad>
          </ns3:TrackPointExtension>
        </extensions>
      </trkpt>
      <trkpt lat="23.389760814607143402099609375" lon="113.247902132570743560791015625">
        <ele>14.80000019073486328125</ele>
        <time>2023-12-02T11:32:33.000Z</time>
        <extensions>
          <ns3:TrackPointExtension>
            <ns3:hr>156</ns3:hr>
            <ns3:cad>83</ns3:cad>
          </ns3:TrackPointExtension>
        </extensions>
      </trkpt>
      <trkpt lat="23.389873467385768890380859375" lon="113.24807186610996723175048828125">
        <ele>13.3999996185302734375</ele>
        <time>2023-12-02T11:32:41.000Z</time>
        <extensions>
          <ns3:TrackPointExtension>
            <ns3:hr>156</ns3:hr>
            <ns3:cad>80</ns3:cad>
          </ns3:TrackPointExtension>
        </extensions>
      </trkpt>
      <trkpt lat="23.3899663388729095458984375" lon="113.24823849834501743316650390625">
        <ele>12</ele>
        <time>2023-12-02T11:32:51.000Z</time>
        <extensions>
          <ns3:TrackPointExtension>
            <ns3:hr>153</ns3:hr>
            <ns3:cad>61</ns3:cad>
          </ns3:TrackPointExtension>
        </extensions>
      </trkpt>
      <trkpt lat="23.3899718709290027618408203125" lon="113.24825878255069255828857421875">
        <ele>12</ele>
        <time>2023-12-02T11:32:53.000Z</time>
        <extensions>
          <ns3:TrackPointExtension>
            <ns3:hr>156</ns3:hr>
            <ns3:cad>58</ns3:cad>
          </ns3:TrackPointExtension>
        </extensions>
      </trkpt>
      <trkpt lat="23.3899758942425251007080078125" lon="113.248269259929656982421875">
        <ele>11.80000019073486328125</ele>
        <time>2023-12-02T11:32:54.000Z</time>
        <extensions>
          <ns3:TrackPointExtension>
            <ns3:hr>159</ns3:hr>
            <ns3:cad>58</ns3:cad>
          </ns3:TrackPointExtension>
        </extensions>
      </trkpt>
      <trkpt lat="23.3899815939366817474365234375" lon="113.24828334152698516845703125">
        <ele>11.6000003814697265625</ele>
        <time>2023-12-02T11:32:55.000Z</time>
        <extensions>
          <ns3:TrackPointExtension>
            <ns3:hr>163</ns3:hr>
            <ns3:cad>59</ns3:cad>
          </ns3:TrackPointExtension>
        </extensions>
      </trkpt>
      <trkpt lat="23.3899958431720733642578125" lon="113.24833028018474578857421875">
        <ele>10.80000019073486328125</ele>
        <time>2023-12-02T11:32:58.000Z</time>
        <extensions>
          <ns3:TrackPointExtension>
            <ns3:hr>161</ns3:hr>
            <ns3:cad>59</ns3:cad>
          </ns3:TrackPointExtension>
        </extensions>
      </trkpt>
      <trkpt lat="23.3900057338178157806396484375" lon="113.2483388297259807586669921875">
        <ele>10.6000003814697265625</ele>
        <time>2023-12-02T11:32:59.000Z</time>
        <extensions>
          <ns3:TrackPointExtension>
            <ns3:hr>158</ns3:hr>
            <ns3:cad>61</ns3:cad>
          </ns3:TrackPointExtension>
        </extensions>
      </trkpt>
      <trkpt lat="23.390021659433841705322265625" lon="113.24836053885519504547119140625">
        <ele>10</ele>
        <time>2023-12-02T11:33:01.000Z</time>
        <extensions>
          <ns3:TrackPointExtension>
            <ns3:hr>157</ns3:hr>
            <ns3:cad>61</ns3:cad>
          </ns3:TrackPointExtension>
        </extensions>
      </trkpt>
      <trkpt lat="23.39005661197006702423095703125" lon="113.24845709837973117828369140625">
        <ele>8.3999996185302734375</ele>
        <time>2023-12-02T11:33:11.000Z</time>
        <extensions>
          <ns3:TrackPointExtension>
            <ns3:hr>154</ns3:hr>
            <ns3:cad>61</ns3:cad>
          </ns3:TrackPointExtension>
        </extensions>
      </trkpt>
      <trkpt lat="23.3900677599012851715087890625" lon="113.24849833734333515167236328125">
        <ele>7.599999904632568359375</ele>
        <time>2023-12-02T11:33:18.000Z</time>
        <extensions>
          <ns3:TrackPointExtension>
            <ns3:hr>150</ns3:hr>
            <ns3:cad>61</ns3:cad>
          </ns3:TrackPointExtension>
        </extensions>
      </trkpt>
      <trkpt lat="23.390094749629497528076171875" lon="113.24857302010059356689453125">
        <ele>6.599999904632568359375</ele>
        <time>2023-12-02T11:33:26.000Z</time>
        <extensions>
          <ns3:TrackPointExtension>
            <ns3:hr>149</ns3:hr>
            <ns3:cad>59</ns3:cad>
          </ns3:TrackPointExtension>
        </extensions>
      </trkpt>
      <trkpt lat="23.39010019786655902862548828125" lon="113.24863965623080730438232421875">
        <ele>6</ele>
        <time>2023-12-02T11:33:31.000Z</time>
        <extensions>
          <ns3:TrackPointExtension>
            <ns3:hr>146</ns3:hr>
            <ns3:cad>59</ns3:cad>
          </ns3:TrackPointExtension>
        </extensions>
      </trkpt>
      <trkpt lat="23.39010992087423801422119140625" lon="113.248674608767032623291015625">
        <ele>5.599999904632568359375</ele>
        <time>2023-12-02T11:33:33.000Z</time>
        <extensions>
          <ns3:TrackPointExtension>
            <ns3:hr>139</ns3:hr>
            <ns3:cad>61</ns3:cad>
          </ns3:TrackPointExtension>
        </extensions>
      </trkpt>
      <trkpt lat="23.39011394418776035308837890625" lon="113.2487197034060955047607421875">
        <ele>5.400000095367431640625</ele>
        <time>2023-12-02T11:33:36.000Z</time>
        <extensions>
          <ns3:TrackPointExtension>
            <ns3:hr>136</ns3:hr>
            <ns3:cad>61</ns3:cad>
          </ns3:TrackPointExtension>
        </extensions>
      </trkpt>
      <trkpt lat="23.39017831720411777496337890625" lon="113.248913995921611785888671875">
        <ele>4</ele>
        <time>2023-12-02T11:33:50.000Z</time>
        <extensions>
          <ns3:TrackPointExtension>
            <ns3:hr>139</ns3:hr>
            <ns3:cad>61</ns3:cad>
          </ns3:TrackPointExtension>
        </extensions>
      </trkpt>
      <trkpt lat="23.39019323699176311492919921875" lon="113.2489540614187717437744140625">
        <ele>3.7999999523162841796875</ele>
        <time>2023-12-02T11:33:54.000Z</time>
        <extensions>
          <ns3:TrackPointExtension>
            <ns3:hr>138</ns3:hr>
            <ns3:cad>61</ns3:cad>
          </ns3:TrackPointExtension>
        </extensions>
      </trkpt>
      <trkpt lat="23.390202708542346954345703125" lon="113.248991779983043670654296875">
        <ele>3.7999999523162841796875</ele>
        <time>2023-12-02T11:33:57.000Z</time>
        <extensions>
          <ns3:TrackPointExtension>
            <ns3:hr>134</ns3:hr>
            <ns3:cad>61</ns3:cad>
          </ns3:TrackPointExtension>
        </extensions>
      </trkpt>
      <trkpt lat="23.39022223837673664093017578125" lon="113.24907450936734676361083984375">
        <ele>3.599999904632568359375</ele>
        <time>2023-12-02T11:34:02.000Z</time>
        <extensions>
          <ns3:TrackPointExtension>
            <ns3:hr>137</ns3:hr>
            <ns3:cad>61</ns3:cad>
          </ns3:TrackPointExtension>
        </extensions>
      </trkpt>
      <trkpt lat="23.39022374711930751800537109375" lon="113.249090351164340972900390625">
        <ele>3.400000095367431640625</ele>
        <time>2023-12-02T11:34:03.000Z</time>
        <extensions>
          <ns3:TrackPointExtension>
            <ns3:hr>134</ns3:hr>
            <ns3:cad>61</ns3:cad>
          </ns3:TrackPointExtension>
        </extensions>
      </trkpt>
      <trkpt lat="23.39023246429860591888427734375" lon="113.24929646216332912445068359375">
        <ele>4</ele>
        <time>2023-12-02T11:34:18.000Z</time>
        <extensions>
          <ns3:TrackPointExtension>
            <ns3:hr>134</ns3:hr>
            <ns3:cad>61</ns3:cad>
          </ns3:TrackPointExtension>
        </extensions>
      </trkpt>
      <trkpt lat="23.39023682288825511932373046875" lon="113.24930786155164241790771484375">
        <ele>4</ele>
        <time>2023-12-02T11:34:19.000Z</time>
        <extensions>
          <ns3:TrackPointExtension>
            <ns3:hr>133</ns3:hr>
            <ns3:cad>61</ns3:cad>
          </ns3:TrackPointExtension>
        </extensions>
      </trkpt>
      <trkpt lat="23.39024621061980724334716796875" lon="113.24936158955097198486328125">
        <ele>4</ele>
        <time>2023-12-02T11:34:23.000Z</time>
        <extensions>
          <ns3:TrackPointExtension>
            <ns3:hr>137</ns3:hr>
            <ns3:cad>61</ns3:cad>
          </ns3:TrackPointExtension>
        </extensions>
      </trkpt>
      <trkpt lat="23.39031024836003780364990234375" lon="113.24954892508685588836669921875">
        <ele>6.599999904632568359375</ele>
        <time>2023-12-02T11:34:34.000Z</time>
        <extensions>
          <ns3:TrackPointExtension>
            <ns3:hr>141</ns3:hr>
            <ns3:cad>81</ns3:cad>
          </ns3:TrackPointExtension>
        </extensions>
      </trkpt>
      <trkpt lat="23.39032935909926891326904296875" lon="113.2495875656604766845703125">
        <ele>7.19999980926513671875</ele>
        <time>2023-12-02T11:34:36.000Z</time>
        <extensions>
          <ns3:TrackPointExtension>
            <ns3:hr>146</ns3:hr>
            <ns3:cad>82</ns3:cad>
          </ns3:TrackPointExtension>
        </extensions>
      </trkpt>
      <trkpt lat="23.3903450332581996917724609375" lon="113.24962981045246124267578125">
        <ele>7.80000019073486328125</ele>
        <time>2023-12-02T11:34:38.000Z</time>
        <extensions>
          <ns3:TrackPointExtension>
            <ns3:hr>149</ns3:hr>
            <ns3:cad>82</ns3:cad>
          </ns3:TrackPointExtension>
        </extensions>
      </trkpt>
      <trkpt lat="23.3903524093329906463623046875" lon="113.24965219013392925262451171875">
        <ele>8.19999980926513671875</ele>
        <time>2023-12-02T11:34:39.000Z</time>
        <extensions>
          <ns3:TrackPointExtension>
            <ns3:hr>152</ns3:hr>
            <ns3:cad>82</ns3:cad>
          </ns3:TrackPointExtension>
        </extensions>
      </trkpt>
      <trkpt lat="23.39037738740444183349609375" lon="113.24973030947148799896240234375">
        <ele>8.6000003814697265625</ele>
        <time>2023-12-02T11:34:43.000Z</time>
        <extensions>
          <ns3:TrackPointExtension>
            <ns3:hr>155</ns3:hr>
            <ns3:cad>83</ns3:cad>
          </ns3:TrackPointExtension>
        </extensions>
      </trkpt>
      <trkpt lat="23.3903845958411693572998046875" lon="113.24974514544010162353515625">
        <ele>8.6000003814697265625</ele>
        <time>2023-12-02T11:34:44.000Z</time>
        <extensions>
          <ns3:TrackPointExtension>
            <ns3:hr>152</ns3:hr>
            <ns3:cad>83</ns3:cad>
          </ns3:TrackPointExtension>
        </extensions>
      </trkpt>
      <trkpt lat="23.39039423502981662750244140625" lon="113.249764926731586456298828125">
        <ele>8.80000019073486328125</ele>
        <time>2023-12-02T11:34:45.000Z</time>
        <extensions>
          <ns3:TrackPointExtension>
            <ns3:hr>156</ns3:hr>
            <ns3:cad>83</ns3:cad>
          </ns3:TrackPointExtension>
        </extensions>
      </trkpt>
      <trkpt lat="23.39043865911662578582763671875" lon="113.24993449263274669647216796875">
        <ele>9.6000003814697265625</ele>
        <time>2023-12-02T11:34:52.000Z</time>
        <extensions>
          <ns3:TrackPointExtension>
            <ns3:hr>159</ns3:hr>
            <ns3:cad>83</ns3:cad>
          </ns3:TrackPointExtension>
        </extensions>
      </trkpt>
      <trkpt lat="23.39046430774033069610595703125" lon="113.2500655017793178558349609375">
        <ele>9</ele>
        <time>2023-12-02T11:34:57.000Z</time>
        <extensions>
          <ns3:TrackPointExtension>
            <ns3:hr>155</ns3:hr>
            <ns3:cad>83</ns3:cad>
          </ns3:TrackPointExtension>
        </extensions>
      </trkpt>
      <trkpt lat="23.39047386310994625091552734375" lon="113.25010732747614383697509765625">
        <ele>8.80000019073486328125</ele>
        <time>2023-12-02T11:34:59.000Z</time>
        <extensions>
          <ns3:TrackPointExtension>
            <ns3:hr>159</ns3:hr>
            <ns3:cad>83</ns3:cad>
          </ns3:TrackPointExtension>
        </extensions>
      </trkpt>
      <trkpt lat="23.39048040099442005157470703125" lon="113.25013046152889728546142578125">
        <ele>8.6000003814697265625</ele>
        <time>2023-12-02T11:35:00.000Z</time>
        <extensions>
          <ns3:TrackPointExtension>
            <ns3:hr>162</ns3:hr>
            <ns3:cad>82</ns3:cad>
          </ns3:TrackPointExtension>
        </extensions>
      </trkpt>
      <trkpt lat="23.390499763190746307373046875" lon="113.2501986064016819000244140625">
        <ele>8.19999980926513671875</ele>
        <time>2023-12-02T11:35:03.000Z</time>
        <extensions>
          <ns3:TrackPointExtension>
            <ns3:hr>165</ns3:hr>
            <ns3:cad>82</ns3:cad>
          </ns3:TrackPointExtension>
        </extensions>
      </trkpt>
      <trkpt lat="23.390517197549343109130859375" lon="113.2502911426126956939697265625">
        <ele>6.80000019073486328125</ele>
        <time>2023-12-02T11:35:07.000Z</time>
        <extensions>
          <ns3:TrackPointExtension>
            <ns3:hr>162</ns3:hr>
            <ns3:cad>81</ns3:cad>
          </ns3:TrackPointExtension>
        </extensions>
      </trkpt>
      <trkpt lat="23.39053471572697162628173828125" lon="113.25036213733255863189697265625">
        <ele>5.80000019073486328125</ele>
        <time>2023-12-02T11:35:10.000Z</time>
        <extensions>
          <ns3:TrackPointExtension>
            <ns3:hr>165</ns3:hr>
            <ns3:cad>82</ns3:cad>
          </ns3:TrackPointExtension>
        </extensions>
      </trkpt>
      <trkpt lat="23.3905324526131153106689453125" lon="113.25042366050183773040771484375">
        <ele>5</ele>
        <time>2023-12-02T11:35:14.000Z</time>
        <extensions>
          <ns3:TrackPointExtension>
            <ns3:hr>161</ns3:hr>
            <ns3:cad>83</ns3:cad>
          </ns3:TrackPointExtension>
        </extensions>
      </trkpt>
      <trkpt lat="23.3905368112027645111083984375" lon="113.250452913343906402587890625">
        <ele>4.400000095367431640625</ele>
        <time>2023-12-02T11:35:16.000Z</time>
        <extensions>
          <ns3:TrackPointExtension>
            <ns3:hr>156</ns3:hr>
            <ns3:cad>83</ns3:cad>
          </ns3:TrackPointExtension>
        </extensions>
      </trkpt>
      <trkpt lat="23.39053773321211338043212890625" lon="113.25046422891318798065185546875">
        <ele>4.400000095367431640625</ele>
        <time>2023-12-02T11:35:17.000Z</time>
        <extensions>
          <ns3:TrackPointExtension>
            <ns3:hr>159</ns3:hr>
            <ns3:cad>83</ns3:cad>
          </ns3:TrackPointExtension>
        </extensions>
      </trkpt>
      <trkpt lat="23.39053806848824024200439453125" lon="113.25047713704407215118408203125">
        <ele>4.19999980926513671875</ele>
        <time>2023-12-02T11:35:18.000Z</time>
        <extensions>
          <ns3:TrackPointExtension>
            <ns3:hr>164</ns3:hr>
            <ns3:cad>83</ns3:cad>
          </ns3:TrackPointExtension>
        </extensions>
      </trkpt>
      <trkpt lat="23.3905428461730480194091796875" lon="113.25048937462270259857177734375">
        <ele>4</ele>
        <time>2023-12-02T11:35:19.000Z</time>
        <extensions>
          <ns3:TrackPointExtension>
            <ns3:hr>171</ns3:hr>
            <ns3:cad>83</ns3:cad>
          </ns3:TrackPointExtension>
        </extensions>
      </trkpt>
      <trkpt lat="23.39054812677204608917236328125" lon="113.250501863658428192138671875">
        <ele>4</ele>
        <time>2023-12-02T11:35:20.000Z</time>
        <extensions>
          <ns3:TrackPointExtension>
            <ns3:hr>171</ns3:hr>
            <ns3:cad>83</ns3:cad>
          </ns3:TrackPointExtension>
        </extensions>
      </trkpt>
      <trkpt lat="23.3905488811433315277099609375" lon="113.25053312815725803375244140625">
        <ele>4.19999980926513671875</ele>
        <time>2023-12-02T11:35:22.000Z</time>
        <extensions>
          <ns3:TrackPointExtension>
            <ns3:hr>169</ns3:hr>
            <ns3:cad>83</ns3:cad>
          </ns3:TrackPointExtension>
        </extensions>
      </trkpt>
      <trkpt lat="23.3905510604381561279296875" lon="113.2505784742534160614013671875">
        <ele>4.400000095367431640625</ele>
        <time>2023-12-02T11:35:25.000Z</time>
        <extensions>
          <ns3:TrackPointExtension>
            <ns3:hr>168</ns3:hr>
            <ns3:cad>83</ns3:cad>
          </ns3:TrackPointExtension>
        </extensions>
      </trkpt>
      <trkpt lat="23.39055483229458332061767578125" lon="113.25060253031551837921142578125">
        <ele>4.400000095367431640625</ele>
        <time>2023-12-02T11:35:27.000Z</time>
        <extensions>
          <ns3:TrackPointExtension>
            <ns3:hr>166</ns3:hr>
            <ns3:cad>83</ns3:cad>
          </ns3:TrackPointExtension>
        </extensions>
      </trkpt>
      <trkpt lat="23.39055399410426616668701171875" lon="113.25062465853989124298095703125">
        <ele>4.400000095367431640625</ele>
        <time>2023-12-02T11:35:29.000Z</time>
        <extensions>
          <ns3:TrackPointExtension>
            <ns3:hr>165</ns3:hr>
            <ns3:cad>61</ns3:cad>
          </ns3:TrackPointExtension>
        </extensions>
      </trkpt>
      <trkpt lat="23.39055986143648624420166015625" lon="113.25066648423671722412109375">
        <ele>4.599999904632568359375</ele>
        <time>2023-12-02T11:35:32.000Z</time>
        <extensions>
          <ns3:TrackPointExtension>
            <ns3:hr>163</ns3:hr>
            <ns3:cad>61</ns3:cad>
          </ns3:TrackPointExtension>
        </extensions>
      </trkpt>
      <trkpt lat="23.39058794081211090087890625" lon="113.2507409155368804931640625">
        <ele>5</ele>
        <time>2023-12-02T11:35:39.000Z</time>
        <extensions>
          <ns3:TrackPointExtension>
            <ns3:hr>160</ns3:hr>
            <ns3:cad>61</ns3:cad>
          </ns3:TrackPointExtension>
        </extensions>
      </trkpt>
      <trkpt lat="23.3906182833015918731689453125" lon="113.250764049589633941650390625">
        <ele>5</ele>
        <time>2023-12-02T11:35:42.000Z</time>
        <extensions>
          <ns3:TrackPointExtension>
            <ns3:hr>158</ns3:hr>
            <ns3:cad>61</ns3:cad>
          </ns3:TrackPointExtension>
        </extensions>
      </trkpt>
      <trkpt lat="23.39066346175968647003173828125" lon="113.25077938847243785858154296875">
        <ele>5.19999980926513671875</ele>
        <time>2023-12-02T11:35:46.000Z</time>
        <extensions>
          <ns3:TrackPointExtension>
            <ns3:hr>156</ns3:hr>
            <ns3:cad>61</ns3:cad>
          </ns3:TrackPointExtension>
        </extensions>
      </trkpt>
      <trkpt lat="23.39071207679808139801025390625" lon="113.25080067850649356842041015625">
        <ele>5.19999980926513671875</ele>
        <time>2023-12-02T11:35:50.000Z</time>
        <extensions>
          <ns3:TrackPointExtension>
            <ns3:hr>153</ns3:hr>
            <ns3:cad>61</ns3:cad>
          </ns3:TrackPointExtension>
        </extensions>
      </trkpt>
      <trkpt lat="23.3907602727413177490234375" lon="113.25080788694322109222412109375">
        <ele>5.400000095367431640625</ele>
        <time>2023-12-02T11:35:54.000Z</time>
        <extensions>
          <ns3:TrackPointExtension>
            <ns3:hr>150</ns3:hr>
            <ns3:cad>61</ns3:cad>
          </ns3:TrackPointExtension>
        </extensions>
      </trkpt>
      <trkpt lat="23.39085138402879238128662109375" lon="113.25081492774188518524169921875">
        <ele>5.80000019073486328125</ele>
        <time>2023-12-02T11:36:01.000Z</time>
        <extensions>
          <ns3:TrackPointExtension>
            <ns3:hr>147</ns3:hr>
            <ns3:cad>61</ns3:cad>
          </ns3:TrackPointExtension>
        </extensions>
      </trkpt>
      <trkpt lat="23.390965797007083892822265625" lon="113.25083353556692600250244140625">
        <ele>7.19999980926513671875</ele>
        <time>2023-12-02T11:36:10.000Z</time>
        <extensions>
          <ns3:TrackPointExtension>
            <ns3:hr>144</ns3:hr>
            <ns3:cad>61</ns3:cad>
          </ns3:TrackPointExtension>
        </extensions>
      </trkpt>
      <trkpt lat="23.39104902930557727813720703125" lon="113.2508292607963085174560546875">
        <ele>8.19999980926513671875</ele>
        <time>2023-12-02T11:36:17.000Z</time>
        <extensions>
          <ns3:TrackPointExtension>
            <ns3:hr>141</ns3:hr>
            <ns3:cad>61</ns3:cad>
          </ns3:TrackPointExtension>
        </extensions>
      </trkpt>
      <trkpt lat="23.3910843171179294586181640625" lon="113.25083068571984767913818359375">
        <ele>8.6000003814697265625</ele>
        <time>2023-12-02T11:36:20.000Z</time>
        <extensions>
          <ns3:TrackPointExtension>
            <ns3:hr>138</ns3:hr>
            <ns3:cad>59</ns3:cad>
          </ns3:TrackPointExtension>
        </extensions>
      </trkpt>
      <trkpt lat="23.39109261520206928253173828125" lon="113.25083605013787746429443359375">
        <ele>8.6000003814697265625</ele>
        <time>2023-12-02T11:36:21.000Z</time>
        <extensions>
          <ns3:TrackPointExtension>
            <ns3:hr>133</ns3:hr>
            <ns3:cad>59</ns3:cad>
          </ns3:TrackPointExtension>
        </extensions>
      </trkpt>
      <trkpt lat="23.3911009132862091064453125" lon="113.250839151442050933837890625">
        <ele>8.80000019073486328125</ele>
        <time>2023-12-02T11:36:22.000Z</time>
        <extensions>
          <ns3:TrackPointExtension>
            <ns3:hr>136</ns3:hr>
            <ns3:cad>56</ns3:cad>
          </ns3:TrackPointExtension>
        </extensions>
      </trkpt>
      <trkpt lat="23.3911979757249355316162109375" lon="113.25084577314555644989013671875">
        <ele>10.19999980926513671875</ele>
        <time>2023-12-02T11:36:31.000Z</time>
        <extensions>
          <ns3:TrackPointExtension>
            <ns3:hr>131</ns3:hr>
            <ns3:cad>57</ns3:cad>
          </ns3:TrackPointExtension>
        </extensions>
      </trkpt>
      <trkpt lat="23.3912184275686740875244140625" lon="113.2508428394794464111328125">
        <ele>10.6000003814697265625</ele>
        <time>2023-12-02T11:36:33.000Z</time>
        <extensions>
          <ns3:TrackPointExtension>
            <ns3:hr>129</ns3:hr>
            <ns3:cad>57</ns3:cad>
          </ns3:TrackPointExtension>
        </extensions>
      </trkpt>
      <trkpt lat="23.3912606723606586456298828125" lon="113.25084191747009754180908203125">
        <ele>11.19999980926513671875</ele>
        <time>2023-12-02T11:36:37.000Z</time>
        <extensions>
          <ns3:TrackPointExtension>
            <ns3:hr>130</ns3:hr>
            <ns3:cad>57</ns3:cad>
          </ns3:TrackPointExtension>
        </extensions>
      </trkpt>
      <trkpt lat="23.39144348166882991790771484375" lon="113.25082330964505672454833984375">
        <ele>12.6000003814697265625</ele>
        <time>2023-12-02T11:36:54.000Z</time>
        <extensions>
          <ns3:TrackPointExtension>
            <ns3:hr>129</ns3:hr>
            <ns3:cad>56</ns3:cad>
          </ns3:TrackPointExtension>
        </extensions>
      </trkpt>
      <trkpt lat="23.39162520132958889007568359375" lon="113.25081911869347095489501953125">
        <ele>12.6000003814697265625</ele>
        <time>2023-12-02T11:37:08.000Z</time>
        <extensions>
          <ns3:TrackPointExtension>
            <ns3:hr>128</ns3:hr>
            <ns3:cad>57</ns3:cad>
          </ns3:TrackPointExtension>
        </extensions>
      </trkpt>
      <trkpt lat="23.3916381932795047760009765625" lon="113.25081861577928066253662109375">
        <ele>12.6000003814697265625</ele>
        <time>2023-12-02T11:37:09.000Z</time>
        <extensions>
          <ns3:TrackPointExtension>
            <ns3:hr>125</ns3:hr>
            <ns3:cad>57</ns3:cad>
          </ns3:TrackPointExtension>
        </extensions>
      </trkpt>
      <trkpt lat="23.39169091545045375823974609375" lon="113.25081861577928066253662109375">
        <ele>12</ele>
        <time>2023-12-02T11:37:14.000Z</time>
        <extensions>
          <ns3:TrackPointExtension>
            <ns3:hr>126</ns3:hr>
            <ns3:cad>57</ns3:cad>
          </ns3:TrackPointExtension>
        </extensions>
      </trkpt>
      <trkpt lat="23.3918787539005279541015625" lon="113.250818364322185516357421875">
        <ele>10.6000003814697265625</ele>
        <time>2023-12-02T11:37:33.000Z</time>
        <extensions>
          <ns3:TrackPointExtension>
            <ns3:hr>126</ns3:hr>
            <ns3:cad>61</ns3:cad>
          </ns3:TrackPointExtension>
        </extensions>
      </trkpt>
      <trkpt lat="23.3918997086584568023681640625" lon="113.25082129798829555511474609375">
        <ele>10.6000003814697265625</ele>
        <time>2023-12-02T11:37:35.000Z</time>
        <extensions>
          <ns3:TrackPointExtension>
            <ns3:hr>127</ns3:hr>
            <ns3:cad>61</ns3:cad>
          </ns3:TrackPointExtension>
        </extensions>
      </trkpt>
      <trkpt lat="23.3919154666364192962646484375" lon="113.2508213818073272705078125">
        <ele>10.3999996185302734375</ele>
        <time>2023-12-02T11:37:37.000Z</time>
        <extensions>
          <ns3:TrackPointExtension>
            <ns3:hr>127</ns3:hr>
            <ns3:cad>0</ns3:cad>
          </ns3:TrackPointExtension>
        </extensions>
      </trkpt>
      <trkpt lat="23.39210414327681064605712890625" lon="113.250780813395977020263671875">
        <ele>7.80000019073486328125</ele>
        <time>2023-12-02T11:37:49.000Z</time>
        <extensions>
          <ns3:TrackPointExtension>
            <ns3:hr>128</ns3:hr>
            <ns3:cad>81</ns3:cad>
          </ns3:TrackPointExtension>
        </extensions>
      </trkpt>
      <trkpt lat="23.392124511301517486572265625" lon="113.25077972374856472015380859375">
        <ele>7.599999904632568359375</ele>
        <time>2023-12-02T11:37:50.000Z</time>
        <extensions>
          <ns3:TrackPointExtension>
            <ns3:hr>132</ns3:hr>
            <ns3:cad>82</ns3:cad>
          </ns3:TrackPointExtension>
        </extensions>
      </trkpt>
      <trkpt lat="23.39219181798398494720458984375" lon="113.25078022666275501251220703125">
        <ele>6.80000019073486328125</ele>
        <time>2023-12-02T11:37:53.000Z</time>
        <extensions>
          <ns3:TrackPointExtension>
            <ns3:hr>137</ns3:hr>
            <ns3:cad>82</ns3:cad>
          </ns3:TrackPointExtension>
        </extensions>
      </trkpt>
      <trkpt lat="23.39223749935626983642578125" lon="113.25078877620398998260498046875">
        <ele>6.19999980926513671875</ele>
        <time>2023-12-02T11:37:55.000Z</time>
        <extensions>
          <ns3:TrackPointExtension>
            <ns3:hr>141</ns3:hr>
            <ns3:cad>82</ns3:cad>
          </ns3:TrackPointExtension>
        </extensions>
      </trkpt>
      <trkpt lat="23.39230312965810298919677734375" lon="113.2508269138634204864501953125">
        <ele>4.80000019073486328125</ele>
        <time>2023-12-02T11:37:58.000Z</time>
        <extensions>
          <ns3:TrackPointExtension>
            <ns3:hr>145</ns3:hr>
            <ns3:cad>81</ns3:cad>
          </ns3:TrackPointExtension>
        </extensions>
      </trkpt>
      <trkpt lat="23.39238342829048633575439453125" lon="113.250885419547557830810546875">
        <ele>3.2000000476837158203125</ele>
        <time>2023-12-02T11:38:02.000Z</time>
        <extensions>
          <ns3:TrackPointExtension>
            <ns3:hr>148</ns3:hr>
            <ns3:cad>81</ns3:cad>
          </ns3:TrackPointExtension>
        </extensions>
      </trkpt>
      <trkpt lat="23.39242659509181976318359375" lon="113.25091115199029445648193359375">
        <ele>2.400000095367431640625</ele>
        <time>2023-12-02T11:38:04.000Z</time>
        <extensions>
          <ns3:TrackPointExtension>
            <ns3:hr>152</ns3:hr>
            <ns3:cad>82</ns3:cad>
          </ns3:TrackPointExtension>
        </extensions>
      </trkpt>
      <trkpt lat="23.39249792508780956268310546875" lon="113.2509224675595760345458984375">
        <ele>1.60000002384185791015625</ele>
        <time>2023-12-02T11:38:07.000Z</time>
        <extensions>
          <ns3:TrackPointExtension>
            <ns3:hr>156</ns3:hr>
            <ns3:cad>82</ns3:cad>
          </ns3:TrackPointExtension>
        </extensions>
      </trkpt>
      <trkpt lat="23.39254620485007762908935546875" lon="113.25091450475156307220458984375">
        <ele>1.60000002384185791015625</ele>
        <time>2023-12-02T11:38:09.000Z</time>
        <extensions>
          <ns3:TrackPointExtension>
            <ns3:hr>159</ns3:hr>
            <ns3:cad>82</ns3:cad>
          </ns3:TrackPointExtension>
        </extensions>
      </trkpt>
      <trkpt lat="23.39263237081468105316162109375" lon="113.25089019723236560821533203125">
        <ele>1.39999997615814208984375</ele>
        <time>2023-12-02T11:38:13.000Z</time>
        <extensions>
          <ns3:TrackPointExtension>
            <ns3:hr>156</ns3:hr>
            <ns3:cad>82</ns3:cad>
          </ns3:TrackPointExtension>
        </extensions>
      </trkpt>
      <trkpt lat="23.39271359145641326904296875" lon="113.250893466174602508544921875">
        <ele>0.4000000059604644775390625</ele>
        <time>2023-12-02T11:38:17.000Z</time>
        <extensions>
          <ns3:TrackPointExtension>
            <ns3:hr>153</ns3:hr>
            <ns3:cad>82</ns3:cad>
          </ns3:TrackPointExtension>
        </extensions>
      </trkpt>
      <trkpt lat="23.3927479572594165802001953125" lon="113.25089556165039539337158203125">
        <ele>0</ele>
        <time>2023-12-02T11:38:19.000Z</time>
        <extensions>
          <ns3:TrackPointExtension>
            <ns3:hr>150</ns3:hr>
            <ns3:cad>82</ns3:cad>
          </ns3:TrackPointExtension>
        </extensions>
      </trkpt>
      <trkpt lat="23.39275910519063472747802734375" lon="113.25089824385941028594970703125">
        <ele>0.20000000298023223876953125</ele>
        <time>2023-12-02T11:38:20.000Z</time>
        <extensions>
          <ns3:TrackPointExtension>
            <ns3:hr>153</ns3:hr>
            <ns3:cad>82</ns3:cad>
          </ns3:TrackPointExtension>
        </extensions>
      </trkpt>
      <trkpt lat="23.3927999250590801239013671875" lon="113.25090159662067890167236328125">
        <ele>0.60000002384185791015625</ele>
        <time>2023-12-02T11:38:23.000Z</time>
        <extensions>
          <ns3:TrackPointExtension>
            <ns3:hr>156</ns3:hr>
            <ns3:cad>61</ns3:cad>
          </ns3:TrackPointExtension>
        </extensions>
      </trkpt>
      <trkpt lat="23.39281174354255199432373046875" lon="113.25090176425874233245849609375">
        <ele>0.60000002384185791015625</ele>
        <time>2023-12-02T11:38:24.000Z</time>
        <extensions>
          <ns3:TrackPointExtension>
            <ns3:hr>159</ns3:hr>
            <ns3:cad>59</ns3:cad>
          </ns3:TrackPointExtension>
        </extensions>
      </trkpt>
      <trkpt lat="23.39286874048411846160888671875" lon="113.25089103542268276214599609375">
        <ele>1.39999997615814208984375</ele>
        <time>2023-12-02T11:38:29.000Z</time>
        <extensions>
          <ns3:TrackPointExtension>
            <ns3:hr>165</ns3:hr>
            <ns3:cad>59</ns3:cad>
          </ns3:TrackPointExtension>
        </extensions>
      </trkpt>
      <trkpt lat="23.39289464056491851806640625" lon="113.25088701210916042327880859375">
        <ele>1.39999997615814208984375</ele>
        <time>2023-12-02T11:38:31.000Z</time>
        <extensions>
          <ns3:TrackPointExtension>
            <ns3:hr>170</ns3:hr>
            <ns3:cad>61</ns3:cad>
          </ns3:TrackPointExtension>
        </extensions>
      </trkpt>
      <trkpt lat="23.3929073810577392578125" lon="113.25088533572852611541748046875">
        <ele>1.39999997615814208984375</ele>
        <time>2023-12-02T11:38:32.000Z</time>
        <extensions>
          <ns3:TrackPointExtension>
            <ns3:hr>170</ns3:hr>
            <ns3:cad>61</ns3:cad>
          </ns3:TrackPointExtension>
        </extensions>
      </trkpt>
      <trkpt lat="23.3929166011512279510498046875" lon="113.2508839108049869537353515625">
        <ele>1.39999997615814208984375</ele>
        <time>2023-12-02T11:38:33.000Z</time>
        <extensions>
          <ns3:TrackPointExtension>
            <ns3:hr>161</ns3:hr>
            <ns3:cad>61</ns3:cad>
          </ns3:TrackPointExtension>
        </extensions>
      </trkpt>
      <trkpt lat="23.3929243125021457672119140625" lon="113.25088248588144779205322265625">
        <ele>1.39999997615814208984375</ele>
        <time>2023-12-02T11:38:34.000Z</time>
        <extensions>
          <ns3:TrackPointExtension>
            <ns3:hr>161</ns3:hr>
            <ns3:cad>61</ns3:cad>
          </ns3:TrackPointExtension>
        </extensions>
      </trkpt>
      <trkpt lat="23.39293361641466617584228515625" lon="113.25088181532919406890869140625">
        <ele>1.39999997615814208984375</ele>
        <time>2023-12-02T11:38:35.000Z</time>
        <extensions>
          <ns3:TrackPointExtension>
            <ns3:hr>158</ns3:hr>
            <ns3:cad>64</ns3:cad>
          </ns3:TrackPointExtension>
        </extensions>
      </trkpt>
      <trkpt lat="23.39306990616023540496826171875" lon="113.2508798874914646148681640625">
        <ele>1.7999999523162841796875</ele>
        <time>2023-12-02T11:38:47.000Z</time>
        <extensions>
          <ns3:TrackPointExtension>
            <ns3:hr>155</ns3:hr>
            <ns3:cad>61</ns3:cad>
          </ns3:TrackPointExtension>
        </extensions>
      </trkpt>
      <trkpt lat="23.39325933717191219329833984375" lon="113.2508376426994800567626953125">
        <ele>3.599999904632568359375</ele>
        <time>2023-12-02T11:38:56.000Z</time>
        <extensions>
          <ns3:TrackPointExtension>
            <ns3:hr>153</ns3:hr>
            <ns3:cad>81</ns3:cad>
          </ns3:TrackPointExtension>
        </extensions>
      </trkpt>
      <trkpt lat="23.3933779411017894744873046875" lon="113.250810988247394561767578125">
        <ele>4.19999980926513671875</ele>
        <time>2023-12-02T11:39:04.000Z</time>
        <extensions>
          <ns3:TrackPointExtension>
            <ns3:hr>149</ns3:hr>
            <ns3:cad>81</ns3:cad>
          </ns3:TrackPointExtension>
        </extensions>
      </trkpt>
      <trkpt lat="23.39339847676455974578857421875" lon="113.25080017559230327606201171875">
        <ele>4.400000095367431640625</ele>
        <time>2023-12-02T11:39:06.000Z</time>
        <extensions>
          <ns3:TrackPointExtension>
            <ns3:hr>154</ns3:hr>
            <ns3:cad>61</ns3:cad>
          </ns3:TrackPointExtension>
        </extensions>
      </trkpt>
      <trkpt lat="23.393413312733173370361328125" lon="113.25079791247844696044921875">
        <ele>4.400000095367431640625</ele>
        <time>2023-12-02T11:39:07.000Z</time>
        <extensions>
          <ns3:TrackPointExtension>
            <ns3:hr>157</ns3:hr>
            <ns3:cad>61</ns3:cad>
          </ns3:TrackPointExtension>
        </extensions>
      </trkpt>
      <trkpt lat="23.39342571794986724853515625" lon="113.250794894993305206298828125">
        <ele>4.400000095367431640625</ele>
        <time>2023-12-02T11:39:08.000Z</time>
        <extensions>
          <ns3:TrackPointExtension>
            <ns3:hr>157</ns3:hr>
            <ns3:cad>61</ns3:cad>
          </ns3:TrackPointExtension>
        </extensions>
      </trkpt>
      <trkpt lat="23.39347391389310359954833984375" lon="113.25078089721500873565673828125">
        <ele>4.599999904632568359375</ele>
        <time>2023-12-02T11:39:12.000Z</time>
        <extensions>
          <ns3:TrackPointExtension>
            <ns3:hr>160</ns3:hr>
            <ns3:cad>61</ns3:cad>
          </ns3:TrackPointExtension>
        </extensions>
      </trkpt>
      <trkpt lat="23.39348967187106609344482421875" lon="113.25078022666275501251220703125">
        <ele>4.599999904632568359375</ele>
        <time>2023-12-02T11:39:13.000Z</time>
        <extensions>
          <ns3:TrackPointExtension>
            <ns3:hr>164</ns3:hr>
            <ns3:cad>61</ns3:cad>
          </ns3:TrackPointExtension>
        </extensions>
      </trkpt>
      <trkpt lat="23.39359746314585208892822265625" lon="113.250788189470767974853515625">
        <ele>4.80000019073486328125</ele>
        <time>2023-12-02T11:39:22.000Z</time>
        <extensions>
          <ns3:TrackPointExtension>
            <ns3:hr>161</ns3:hr>
            <ns3:cad>61</ns3:cad>
          </ns3:TrackPointExtension>
        </extensions>
      </trkpt>
      <trkpt lat="23.39363736100494861602783203125" lon="113.2507870160043239593505859375">
        <ele>4.80000019073486328125</ele>
        <time>2023-12-02T11:39:25.000Z</time>
        <extensions>
          <ns3:TrackPointExtension>
            <ns3:hr>158</ns3:hr>
            <ns3:cad>61</ns3:cad>
          </ns3:TrackPointExtension>
        </extensions>
      </trkpt>
      <trkpt lat="23.39372805319726467132568359375" lon="113.2507865130901336669921875">
        <ele>4.400000095367431640625</ele>
        <time>2023-12-02T11:39:31.000Z</time>
        <extensions>
          <ns3:TrackPointExtension>
            <ns3:hr>155</ns3:hr>
            <ns3:cad>59</ns3:cad>
          </ns3:TrackPointExtension>
        </extensions>
      </trkpt>
      <trkpt lat="23.39393801987171173095703125" lon="113.2507709227502346038818359375">
        <ele>3.7999999523162841796875</ele>
        <time>2023-12-02T11:39:37.000Z</time>
        <extensions>
          <ns3:TrackPointExtension>
            <ns3:hr>154</ns3:hr>
            <ns3:cad>78</ns3:cad>
          </ns3:TrackPointExtension>
        </extensions>
      </trkpt>
      <trkpt lat="23.394138850271701812744140625" lon="113.25074200518429279327392578125">
        <ele>3</ele>
        <time>2023-12-02T11:39:44.000Z</time>
        <extensions>
          <ns3:TrackPointExtension>
            <ns3:hr>152</ns3:hr>
            <ns3:cad>82</ns3:cad>
          </ns3:TrackPointExtension>
        </extensions>
      </trkpt>
      <trkpt lat="23.39419006370007991790771484375" lon="113.25072976760566234588623046875">
        <ele>4</ele>
        <time>2023-12-02T11:39:46.000Z</time>
        <extensions>
          <ns3:TrackPointExtension>
            <ns3:hr>147</ns3:hr>
            <ns3:cad>83</ns3:cad>
          </ns3:TrackPointExtension>
        </extensions>
      </trkpt>
      <trkpt lat="23.39423901401460170745849609375" lon="113.25071652419865131378173828125">
        <ele>4.80000019073486328125</ele>
        <time>2023-12-02T11:39:48.000Z</time>
        <extensions>
          <ns3:TrackPointExtension>
            <ns3:hr>152</ns3:hr>
            <ns3:cad>83</ns3:cad>
          </ns3:TrackPointExtension>
        </extensions>
      </trkpt>
      <trkpt lat="23.394264243543148040771484375" lon="113.25071149505674839019775390625">
        <ele>5.19999980926513671875</ele>
        <time>2023-12-02T11:39:49.000Z</time>
        <extensions>
          <ns3:TrackPointExtension>
            <ns3:hr>157</ns3:hr>
            <ns3:cad>83</ns3:cad>
          </ns3:TrackPointExtension>
        </extensions>
      </trkpt>
      <trkpt lat="23.39428712613880634307861328125" lon="113.25070512481033802032470703125">
        <ele>5.599999904632568359375</ele>
        <time>2023-12-02T11:39:50.000Z</time>
        <extensions>
          <ns3:TrackPointExtension>
            <ns3:hr>173</ns3:hr>
            <ns3:cad>83</ns3:cad>
          </ns3:TrackPointExtension>
        </extensions>
      </trkpt>
      <trkpt lat="23.39431210421025753021240234375" lon="113.25069598853588104248046875">
        <ele>6.19999980926513671875</ele>
        <time>2023-12-02T11:39:51.000Z</time>
        <extensions>
          <ns3:TrackPointExtension>
            <ns3:hr>171</ns3:hr>
            <ns3:cad>84</ns3:cad>
          </ns3:TrackPointExtension>
        </extensions>
      </trkpt>
      <trkpt lat="23.394363820552825927734375" lon="113.25067729689180850982666015625">
        <ele>7</ele>
        <time>2023-12-02T11:39:53.000Z</time>
        <extensions>
          <ns3:TrackPointExtension>
            <ns3:hr>168</ns3:hr>
            <ns3:cad>84</ns3:cad>
          </ns3:TrackPointExtension>
        </extensions>
      </trkpt>
      <trkpt lat="23.3944337256252765655517578125" lon="113.2506626285612583160400390625">
        <ele>8.3999996185302734375</ele>
        <time>2023-12-02T11:39:56.000Z</time>
        <extensions>
          <ns3:TrackPointExtension>
            <ns3:hr>171</ns3:hr>
            <ns3:cad>84</ns3:cad>
          </ns3:TrackPointExtension>
        </extensions>
      </trkpt>
      <trkpt lat="23.394475467503070831298828125" lon="113.25066019780933856964111328125">
        <ele>9.80000019073486328125</ele>
        <time>2023-12-02T11:39:58.000Z</time>
        <extensions>
          <ns3:TrackPointExtension>
            <ns3:hr>174</ns3:hr>
            <ns3:cad>83</ns3:cad>
          </ns3:TrackPointExtension>
        </extensions>
      </trkpt>
      <trkpt lat="23.39453338645398616790771484375" lon="113.2506602816283702850341796875">
        <ele>11.80000019073486328125</ele>
        <time>2023-12-02T11:40:01.000Z</time>
        <extensions>
          <ns3:TrackPointExtension>
            <ns3:hr>170</ns3:hr>
            <ns3:cad>83</ns3:cad>
          </ns3:TrackPointExtension>
        </extensions>
      </trkpt>
      <trkpt lat="23.39458116330206394195556640625" lon="113.2506550848484039306640625">
        <ele>13.6000003814697265625</ele>
        <time>2023-12-02T11:40:03.000Z</time>
        <extensions>
          <ns3:TrackPointExtension>
            <ns3:hr>167</ns3:hr>
            <ns3:cad>82</ns3:cad>
          </ns3:TrackPointExtension>
        </extensions>
      </trkpt>
      <trkpt lat="23.3946548402309417724609375" lon="113.25065064243972301483154296875">
        <ele>14.80000019073486328125</ele>
        <time>2023-12-02T11:40:06.000Z</time>
        <extensions>
          <ns3:TrackPointExtension>
            <ns3:hr>171</ns3:hr>
            <ns3:cad>82</ns3:cad>
          </ns3:TrackPointExtension>
        </extensions>
      </trkpt>
      <trkpt lat="23.39482440613210201263427734375" lon="113.250587023794651031494140625">
        <ele>16.799999237060546875</ele>
        <time>2023-12-02T11:40:14.000Z</time>
        <extensions>
          <ns3:TrackPointExtension>
            <ns3:hr>167</ns3:hr>
            <ns3:cad>82</ns3:cad>
          </ns3:TrackPointExtension>
        </extensions>
      </trkpt>
      <trkpt lat="23.3948367275297641754150390625" lon="113.25058174319565296173095703125">
        <ele>16.799999237060546875</ele>
        <time>2023-12-02T11:40:15.000Z</time>
        <extensions>
          <ns3:TrackPointExtension>
            <ns3:hr>161</ns3:hr>
            <ns3:cad>81</ns3:cad>
          </ns3:TrackPointExtension>
        </extensions>
      </trkpt>
      <trkpt lat="23.39484703727066516876220703125" lon="113.250573612749576568603515625">
        <ele>16.799999237060546875</ele>
        <time>2023-12-02T11:40:16.000Z</time>
        <extensions>
          <ns3:TrackPointExtension>
            <ns3:hr>157</ns3:hr>
            <ns3:cad>81</ns3:cad>
          </ns3:TrackPointExtension>
        </extensions>
      </trkpt>
      <trkpt lat="23.39485801756381988525390625" lon="113.250566907227039337158203125">
        <ele>16.6000003814697265625</ele>
        <time>2023-12-02T11:40:17.000Z</time>
        <extensions>
          <ns3:TrackPointExtension>
            <ns3:hr>157</ns3:hr>
            <ns3:cad>81</ns3:cad>
          </ns3:TrackPointExtension>
        </extensions>
      </trkpt>
      <trkpt lat="23.39489162899553775787353515625" lon="113.25054218061268329620361328125">
        <ele>16.3999996185302734375</ele>
        <time>2023-12-02T11:40:20.000Z</time>
        <extensions>
          <ns3:TrackPointExtension>
            <ns3:hr>160</ns3:hr>
            <ns3:cad>59</ns3:cad>
          </ns3:TrackPointExtension>
        </extensions>
      </trkpt>
      <trkpt lat="23.3949017710983753204345703125" lon="113.25053245760500431060791015625">
        <ele>16.3999996185302734375</ele>
        <time>2023-12-02T11:40:21.000Z</time>
        <extensions>
          <ns3:TrackPointExtension>
            <ns3:hr>164</ns3:hr>
            <ns3:cad>59</ns3:cad>
          </ns3:TrackPointExtension>
        </extensions>
      </trkpt>
      <trkpt lat="23.3949098177254199981689453125" lon="113.25052164494991302490234375">
        <ele>16.200000762939453125</ele>
        <time>2023-12-02T11:40:22.000Z</time>
        <extensions>
          <ns3:TrackPointExtension>
            <ns3:hr>164</ns3:hr>
            <ns3:cad>59</ns3:cad>
          </ns3:TrackPointExtension>
        </extensions>
      </trkpt>
      <trkpt lat="23.3949282579123973846435546875" lon="113.25050379149615764617919921875">
        <ele>15.80000019073486328125</ele>
        <time>2023-12-02T11:40:24.000Z</time>
        <extensions>
          <ns3:TrackPointExtension>
            <ns3:hr>167</ns3:hr>
            <ns3:cad>59</ns3:cad>
          </ns3:TrackPointExtension>
        </extensions>
      </trkpt>
      <trkpt lat="23.3949946425855159759521484375" lon="113.2504262588918209075927734375">
        <ele>14.19999980926513671875</ele>
        <time>2023-12-02T11:40:33.000Z</time>
        <extensions>
          <ns3:TrackPointExtension>
            <ns3:hr>164</ns3:hr>
            <ns3:cad>58</ns3:cad>
          </ns3:TrackPointExtension>
        </extensions>
      </trkpt>
      <trkpt lat="23.3950073830783367156982421875" lon="113.2504135183990001678466796875">
        <ele>13.80000019073486328125</ele>
        <time>2023-12-02T11:40:35.000Z</time>
        <extensions>
          <ns3:TrackPointExtension>
            <ns3:hr>161</ns3:hr>
            <ns3:cad>58</ns3:cad>
          </ns3:TrackPointExtension>
        </extensions>
      </trkpt>
      <trkpt lat="23.39504040777683258056640625" lon="113.25036481954157352447509765625">
        <ele>12.19999980926513671875</ele>
        <time>2023-12-02T11:40:40.000Z</time>
        <extensions>
          <ns3:TrackPointExtension>
            <ns3:hr>158</ns3:hr>
            <ns3:cad>61</ns3:cad>
          </ns3:TrackPointExtension>
        </extensions>
      </trkpt>
      <trkpt lat="23.3950885199010372161865234375" lon="113.25030547566711902618408203125">
        <ele>10.19999980926513671875</ele>
        <time>2023-12-02T11:40:44.000Z</time>
        <extensions>
          <ns3:TrackPointExtension>
            <ns3:hr>155</ns3:hr>
            <ns3:cad>61</ns3:cad>
          </ns3:TrackPointExtension>
        </extensions>
      </trkpt>
      <trkpt lat="23.3951981551945209503173828125" lon="113.25014747679233551025390625">
        <ele>6.599999904632568359375</ele>
        <time>2023-12-02T11:40:51.000Z</time>
        <extensions>
          <ns3:TrackPointExtension>
            <ns3:hr>152</ns3:hr>
            <ns3:cad>82</ns3:cad>
          </ns3:TrackPointExtension>
        </extensions>
      </trkpt>
      <trkpt lat="23.39530200697481632232666015625" lon="113.2499810121953487396240234375">
        <ele>7.80000019073486328125</ele>
        <time>2023-12-02T11:40:58.000Z</time>
        <extensions>
          <ns3:TrackPointExtension>
            <ns3:hr>153</ns3:hr>
            <ns3:cad>81</ns3:cad>
          </ns3:TrackPointExtension>
        </extensions>
      </trkpt>
      <trkpt lat="23.3953282423317432403564453125" lon="113.249934576451778411865234375">
        <ele>8.80000019073486328125</ele>
        <time>2023-12-02T11:41:00.000Z</time>
        <extensions>
          <ns3:TrackPointExtension>
            <ns3:hr>157</ns3:hr>
            <ns3:cad>81</ns3:cad>
          </ns3:TrackPointExtension>
        </extensions>
      </trkpt>
      <trkpt lat="23.39536068029701709747314453125" lon="113.24985201470553874969482421875">
        <ele>9.3999996185302734375</ele>
        <time>2023-12-02T11:41:05.000Z</time>
        <extensions>
          <ns3:TrackPointExtension>
            <ns3:hr>160</ns3:hr>
            <ns3:cad>81</ns3:cad>
          </ns3:TrackPointExtension>
        </extensions>
      </trkpt>
      <trkpt lat="23.3953681401908397674560546875" lon="113.2498301379382610321044921875">
        <ele>9.6000003814697265625</ele>
        <time>2023-12-02T11:41:07.000Z</time>
        <extensions>
          <ns3:TrackPointExtension>
            <ns3:hr>155</ns3:hr>
            <ns3:cad>81</ns3:cad>
          </ns3:TrackPointExtension>
        </extensions>
      </trkpt>
      <trkpt lat="23.39537979103624820709228515625" lon="113.24974640272557735443115234375">
        <ele>10.3999996185302734375</ele>
        <time>2023-12-02T11:41:11.000Z</time>
        <extensions>
          <ns3:TrackPointExtension>
            <ns3:hr>158</ns3:hr>
            <ns3:cad>77</ns3:cad>
          </ns3:TrackPointExtension>
        </extensions>
      </trkpt>
      <trkpt lat="23.39536705054342746734619140625" lon="113.24957155622541904449462890625">
        <ele>9.6000003814697265625</ele>
        <time>2023-12-02T11:41:18.000Z</time>
        <extensions>
          <ns3:TrackPointExtension>
            <ns3:hr>165</ns3:hr>
            <ns3:cad>82</ns3:cad>
          </ns3:TrackPointExtension>
        </extensions>
      </trkpt>
      <trkpt lat="23.39534978382289409637451171875" lon="113.24952344410121440887451171875">
        <ele>8.3999996185302734375</ele>
        <time>2023-12-02T11:41:20.000Z</time>
        <extensions>
          <ns3:TrackPointExtension>
            <ns3:hr>168</ns3:hr>
            <ns3:cad>82</ns3:cad>
          </ns3:TrackPointExtension>
        </extensions>
      </trkpt>
      <trkpt lat="23.3953262306749820709228515625" lon="113.2494843006134033203125">
        <ele>7.400000095367431640625</ele>
        <time>2023-12-02T11:41:22.000Z</time>
        <extensions>
          <ns3:TrackPointExtension>
            <ns3:hr>165</ns3:hr>
            <ns3:cad>82</ns3:cad>
          </ns3:TrackPointExtension>
        </extensions>
      </trkpt>
      <trkpt lat="23.3952905237674713134765625" lon="113.24942302890121936798095703125">
        <ele>5.599999904632568359375</ele>
        <time>2023-12-02T11:41:25.000Z</time>
        <extensions>
          <ns3:TrackPointExtension>
            <ns3:hr>170</ns3:hr>
            <ns3:cad>82</ns3:cad>
          </ns3:TrackPointExtension>
        </extensions>
      </trkpt>
      <trkpt lat="23.39524316601455211639404296875" lon="113.249372653663158416748046875">
        <ele>4</ele>
        <time>2023-12-02T11:41:28.000Z</time>
        <extensions>
          <ns3:TrackPointExtension>
            <ns3:hr>167</ns3:hr>
            <ns3:cad>83</ns3:cad>
          </ns3:TrackPointExtension>
        </extensions>
      </trkpt>
      <trkpt lat="23.3952021785080432891845703125" lon="113.2493134774267673492431640625">
        <ele>4</ele>
        <time>2023-12-02T11:41:31.000Z</time>
        <extensions>
          <ns3:TrackPointExtension>
            <ns3:hr>164</ns3:hr>
            <ns3:cad>83</ns3:cad>
          </ns3:TrackPointExtension>
        </extensions>
      </trkpt>
      <trkpt lat="23.39514459483325481414794921875" lon="113.249210380017757415771484375">
        <ele>4</ele>
        <time>2023-12-02T11:41:37.000Z</time>
        <extensions>
          <ns3:TrackPointExtension>
            <ns3:hr>161</ns3:hr>
            <ns3:cad>81</ns3:cad>
          </ns3:TrackPointExtension>
        </extensions>
      </trkpt>
      <trkpt lat="23.39512129314243793487548828125" lon="113.24912765063345432281494140625">
        <ele>4</ele>
        <time>2023-12-02T11:41:43.000Z</time>
        <extensions>
          <ns3:TrackPointExtension>
            <ns3:hr>164</ns3:hr>
            <ns3:cad>81</ns3:cad>
          </ns3:TrackPointExtension>
        </extensions>
      </trkpt>
      <trkpt lat="23.395105786621570587158203125" lon="113.2489802129566669464111328125">
        <ele>4.80000019073486328125</ele>
        <time>2023-12-02T11:41:55.000Z</time>
        <extensions>
          <ns3:TrackPointExtension>
            <ns3:hr>161</ns3:hr>
            <ns3:cad>0</ns3:cad>
          </ns3:TrackPointExtension>
        </extensions>
      </trkpt>
      <trkpt lat="23.39511559344828128814697265625" lon="113.248891867697238922119140625">
        <ele>6.19999980926513671875</ele>
        <time>2023-12-02T11:42:02.000Z</time>
        <extensions>
          <ns3:TrackPointExtension>
            <ns3:hr>158</ns3:hr>
            <ns3:cad>61</ns3:cad>
          </ns3:TrackPointExtension>
        </extensions>
      </trkpt>
      <trkpt lat="23.395125567913055419921875" lon="113.24883009307086467742919921875">
        <ele>7.400000095367431640625</ele>
        <time>2023-12-02T11:42:06.000Z</time>
        <extensions>
          <ns3:TrackPointExtension>
            <ns3:hr>155</ns3:hr>
            <ns3:cad>61</ns3:cad>
          </ns3:TrackPointExtension>
        </extensions>
      </trkpt>
      <trkpt lat="23.39513956569135189056396484375" lon="113.248721547424793243408203125">
        <ele>7.400000095367431640625</ele>
        <time>2023-12-02T11:42:12.000Z</time>
        <extensions>
          <ns3:TrackPointExtension>
            <ns3:hr>152</ns3:hr>
            <ns3:cad>61</ns3:cad>
          </ns3:TrackPointExtension>
        </extensions>
      </trkpt>
      <trkpt lat="23.3951481990516185760498046875" lon="113.248611576855182647705078125">
        <ele>8</ele>
        <time>2023-12-02T11:42:19.000Z</time>
        <extensions>
          <ns3:TrackPointExtension>
            <ns3:hr>149</ns3:hr>
            <ns3:cad>61</ns3:cad>
          </ns3:TrackPointExtension>
        </extensions>
      </trkpt>
      <trkpt lat="23.395164124667644500732421875" lon="113.2484880276024341583251953125">
        <ele>8</ele>
        <time>2023-12-02T11:42:29.000Z</time>
        <extensions>
          <ns3:TrackPointExtension>
            <ns3:hr>146</ns3:hr>
            <ns3:cad>61</ns3:cad>
          </ns3:TrackPointExtension>
        </extensions>
      </trkpt>
      <trkpt lat="23.39516672305762767791748046875" lon="113.24843899346888065338134765625">
        <ele>7.80000019073486328125</ele>
        <time>2023-12-02T11:42:33.000Z</time>
        <extensions>
          <ns3:TrackPointExtension>
            <ns3:hr>143</ns3:hr>
            <ns3:cad>60</ns3:cad>
          </ns3:TrackPointExtension>
        </extensions>
      </trkpt>
      <trkpt lat="23.39516353793442249298095703125" lon="113.24840194545686244964599609375">
        <ele>7.599999904632568359375</ele>
        <time>2023-12-02T11:42:36.000Z</time>
        <extensions>
          <ns3:TrackPointExtension>
            <ns3:hr>142</ns3:hr>
            <ns3:cad>60</ns3:cad>
          </ns3:TrackPointExtension>
        </extensions>
      </trkpt>
    </trkseg>
  </trk>
</gpx>
