<gpx xmlns:ns3="http://www.garmin.com/xmlschemas/TrackPointExtension/v1" xmlns="http://www.topografix.com/GPX/1/1" xmlns:xsi="http://www.w3.org/2001/XMLSchema-instance" xmlns:ns2="http://www.garmin.com/xmlschemas/GpxExtensions/v3" creator="Garmin Connect" version="1.1" xsi:schemaLocation="http://www.topografix.com/GPX/1/1 http://www.topografix.com/GPX/11.xsd">
  <extensions>
<distance>5019.5</distance>
<average_hr>97.0</average_hr>
<average_speed>1.0240000486373901</average_speed>
<start_time>2024-04-01T12:30:41+00:00</start_time>
<end_time>2024-04-01T13:52:21.841000+00:00</end_time>
<moving_time>4812.21</moving_time>
<elapsed_time>4901.763</elapsed_time>
</extensions>
<metadata>
    <link href="connect.garmin.com">
      <text>Garmin Connect</text>
    </link>
    <time>2024-04-01T12:30:41.000Z</time>
  </metadata>
  <trk>
    <name>广州市 跑步</name>
    <type>running</type>
    <trkseg>
      <trkpt lat="23.39285968802869319915771484375" lon="113.24553617276251316070556640625">
        <ele>9.80000019073486328125</ele>
        <time>2024-04-01T12:30:50.000Z</time>
        <extensions>
          <ns3:TrackPointExtension>
            <ns3:hr>101</ns3:hr>
            <ns3:cad>0</ns3:cad>
          </ns3:TrackPointExtension>
        </extensions>
      </trkpt>
      <trkpt lat="23.39285901747643947601318359375" lon="113.245543800294399261474609375">
        <ele>9.80000019073486328125</ele>
        <time>2024-04-01T12:30:51.000Z</time>
        <extensions>
          <ns3:TrackPointExtension>
            <ns3:hr>101</ns3:hr>
            <ns3:cad>0</ns3:cad>
          </ns3:TrackPointExtension>
        </extensions>
      </trkpt>
      <trkpt lat="23.39284728281199932098388671875" lon="113.24572174809873104095458984375">
        <ele>10</ele>
        <time>2024-04-01T12:31:07.000Z</time>
        <extensions>
          <ns3:TrackPointExtension>
            <ns3:hr>101</ns3:hr>
            <ns3:cad>55</ns3:cad>
          </ns3:TrackPointExtension>
        </extensions>
      </trkpt>
      <trkpt lat="23.3928934670984745025634765625" lon="113.2458309642970561981201171875">
        <ele>10.19999980926513671875</ele>
        <time>2024-04-01T12:31:21.000Z</time>
        <extensions>
          <ns3:TrackPointExtension>
            <ns3:hr>100</ns3:hr>
            <ns3:cad>56</ns3:cad>
          </ns3:TrackPointExtension>
        </extensions>
      </trkpt>
      <trkpt lat="23.3929464407265186309814453125" lon="113.2460240833461284637451171875">
        <ele>10.80000019073486328125</ele>
        <time>2024-04-01T12:31:38.000Z</time>
        <extensions>
          <ns3:TrackPointExtension>
            <ns3:hr>100</ns3:hr>
            <ns3:cad>61</ns3:cad>
          </ns3:TrackPointExtension>
        </extensions>
      </trkpt>
      <trkpt lat="23.3930862508714199066162109375" lon="113.2461461238563060760498046875">
        <ele>9.6000003814697265625</ele>
        <time>2024-04-01T12:31:56.000Z</time>
        <extensions>
          <ns3:TrackPointExtension>
            <ns3:hr>100</ns3:hr>
            <ns3:cad>56</ns3:cad>
          </ns3:TrackPointExtension>
        </extensions>
      </trkpt>
      <trkpt lat="23.39311567135155200958251953125" lon="113.246154002845287322998046875">
        <ele>9.6000003814697265625</ele>
        <time>2024-04-01T12:31:59.000Z</time>
        <extensions>
          <ns3:TrackPointExtension>
            <ns3:hr>101</ns3:hr>
            <ns3:cad>56</ns3:cad>
          </ns3:TrackPointExtension>
        </extensions>
      </trkpt>
      <trkpt lat="23.39321239851415157318115234375" lon="113.24619582854211330413818359375">
        <ele>9.3999996185302734375</ele>
        <time>2024-04-01T12:32:10.000Z</time>
        <extensions>
          <ns3:TrackPointExtension>
            <ns3:hr>100</ns3:hr>
            <ns3:cad>56</ns3:cad>
          </ns3:TrackPointExtension>
        </extensions>
      </trkpt>
      <trkpt lat="23.3932341076433658599853515625" lon="113.24620672501623630523681640625">
        <ele>9.3999996185302734375</ele>
        <time>2024-04-01T12:32:12.000Z</time>
        <extensions>
          <ns3:TrackPointExtension>
            <ns3:hr>100</ns3:hr>
            <ns3:cad>56</ns3:cad>
          </ns3:TrackPointExtension>
        </extensions>
      </trkpt>
      <trkpt lat="23.39328364469110965728759765625" lon="113.24623304419219493865966796875">
        <ele>9.19999980926513671875</ele>
        <time>2024-04-01T12:32:19.000Z</time>
        <extensions>
          <ns3:TrackPointExtension>
            <ns3:hr>101</ns3:hr>
            <ns3:cad>52</ns3:cad>
          </ns3:TrackPointExtension>
        </extensions>
      </trkpt>
      <trkpt lat="23.39331733994185924530029296875" lon="113.24624352157115936279296875">
        <ele>9.19999980926513671875</ele>
        <time>2024-04-01T12:32:22.000Z</time>
        <extensions>
          <ns3:TrackPointExtension>
            <ns3:hr>100</ns3:hr>
            <ns3:cad>52</ns3:cad>
          </ns3:TrackPointExtension>
        </extensions>
      </trkpt>
      <trkpt lat="23.39348229579627513885498046875" lon="113.24632138945162296295166015625">
        <ele>8.6000003814697265625</ele>
        <time>2024-04-01T12:32:43.000Z</time>
        <extensions>
          <ns3:TrackPointExtension>
            <ns3:hr>101</ns3:hr>
            <ns3:cad>54</ns3:cad>
          </ns3:TrackPointExtension>
        </extensions>
      </trkpt>
      <trkpt lat="23.3935068547725677490234375" lon="113.2463436014950275421142578125">
        <ele>8.19999980926513671875</ele>
        <time>2024-04-01T12:32:48.000Z</time>
        <extensions>
          <ns3:TrackPointExtension>
            <ns3:hr>101</ns3:hr>
            <ns3:cad>55</ns3:cad>
          </ns3:TrackPointExtension>
        </extensions>
      </trkpt>
      <trkpt lat="23.3935256302356719970703125" lon="113.246377967298030853271484375">
        <ele>7.80000019073486328125</ele>
        <time>2024-04-01T12:32:53.000Z</time>
        <extensions>
          <ns3:TrackPointExtension>
            <ns3:hr>103</ns3:hr>
            <ns3:cad>52</ns3:cad>
          </ns3:TrackPointExtension>
        </extensions>
      </trkpt>
      <trkpt lat="23.39354750700294971466064453125" lon="113.24639129452407360076904296875">
        <ele>7.599999904632568359375</ele>
        <time>2024-04-01T12:32:55.000Z</time>
        <extensions>
          <ns3:TrackPointExtension>
            <ns3:hr>106</ns3:hr>
            <ns3:cad>52</ns3:cad>
          </ns3:TrackPointExtension>
        </extensions>
      </trkpt>
      <trkpt lat="23.3935797773301601409912109375" lon="113.24640571139752864837646484375">
        <ele>7.400000095367431640625</ele>
        <time>2024-04-01T12:32:58.000Z</time>
        <extensions>
          <ns3:TrackPointExtension>
            <ns3:hr>109</ns3:hr>
            <ns3:cad>56</ns3:cad>
          </ns3:TrackPointExtension>
        </extensions>
      </trkpt>
      <trkpt lat="23.39361355639994144439697265625" lon="113.246428929269313812255859375">
        <ele>7.19999980926513671875</ele>
        <time>2024-04-01T12:33:02.000Z</time>
        <extensions>
          <ns3:TrackPointExtension>
            <ns3:hr>112</ns3:hr>
            <ns3:cad>56</ns3:cad>
          </ns3:TrackPointExtension>
        </extensions>
      </trkpt>
      <trkpt lat="23.39368312619626522064208984375" lon="113.24646270833909511566162109375">
        <ele>7.19999980926513671875</ele>
        <time>2024-04-01T12:33:09.000Z</time>
        <extensions>
          <ns3:TrackPointExtension>
            <ns3:hr>115</ns3:hr>
            <ns3:cad>56</ns3:cad>
          </ns3:TrackPointExtension>
        </extensions>
      </trkpt>
      <trkpt lat="23.393739871680736541748046875" lon="113.24648802168667316436767578125">
        <ele>7</ele>
        <time>2024-04-01T12:33:15.000Z</time>
        <extensions>
          <ns3:TrackPointExtension>
            <ns3:hr>118</ns3:hr>
            <ns3:cad>53</ns3:cad>
          </ns3:TrackPointExtension>
        </extensions>
      </trkpt>
      <trkpt lat="23.39384037069976329803466796875" lon="113.24652221985161304473876953125">
        <ele>6.80000019073486328125</ele>
        <time>2024-04-01T12:33:25.000Z</time>
        <extensions>
          <ns3:TrackPointExtension>
            <ns3:hr>121</ns3:hr>
            <ns3:cad>56</ns3:cad>
          </ns3:TrackPointExtension>
        </extensions>
      </trkpt>
      <trkpt lat="23.39392804540693759918212890625" lon="113.2465608604252338409423828125">
        <ele>6.400000095367431640625</ele>
        <time>2024-04-01T12:33:37.000Z</time>
        <extensions>
          <ns3:TrackPointExtension>
            <ns3:hr>124</ns3:hr>
            <ns3:cad>54</ns3:cad>
          </ns3:TrackPointExtension>
        </extensions>
      </trkpt>
      <trkpt lat="23.39393760077655315399169921875" lon="113.24656479991972446441650390625">
        <ele>6.400000095367431640625</ele>
        <time>2024-04-01T12:33:38.000Z</time>
        <extensions>
          <ns3:TrackPointExtension>
            <ns3:hr>124</ns3:hr>
            <ns3:cad>54</ns3:cad>
          </ns3:TrackPointExtension>
        </extensions>
      </trkpt>
      <trkpt lat="23.39397481642663478851318359375" lon="113.24657670222222805023193359375">
        <ele>6.19999980926513671875</ele>
        <time>2024-04-01T12:33:41.000Z</time>
        <extensions>
          <ns3:TrackPointExtension>
            <ns3:hr>124</ns3:hr>
            <ns3:cad>54</ns3:cad>
          </ns3:TrackPointExtension>
        </extensions>
      </trkpt>
      <trkpt lat="23.39402359910309314727783203125" lon="113.24661358259618282318115234375">
        <ele>6</ele>
        <time>2024-04-01T12:33:49.000Z</time>
        <extensions>
          <ns3:TrackPointExtension>
            <ns3:hr>125</ns3:hr>
            <ns3:cad>54</ns3:cad>
          </ns3:TrackPointExtension>
        </extensions>
      </trkpt>
      <trkpt lat="23.3940513432025909423828125" lon="113.24662934057414531707763671875">
        <ele>5.80000019073486328125</ele>
        <time>2024-04-01T12:33:52.000Z</time>
        <extensions>
          <ns3:TrackPointExtension>
            <ns3:hr>125</ns3:hr>
            <ns3:cad>53</ns3:cad>
          </ns3:TrackPointExtension>
        </extensions>
      </trkpt>
      <trkpt lat="23.394231386482715606689453125" lon="113.24668608605861663818359375">
        <ele>5.599999904632568359375</ele>
        <time>2024-04-01T12:34:09.000Z</time>
        <extensions>
          <ns3:TrackPointExtension>
            <ns3:hr>125</ns3:hr>
            <ns3:cad>109</ns3:cad>
          </ns3:TrackPointExtension>
        </extensions>
      </trkpt>
      <trkpt lat="23.3943195641040802001953125" lon="113.2466718368232250213623046875">
        <ele>6.19999980926513671875</ele>
        <time>2024-04-01T12:34:21.000Z</time>
        <extensions>
          <ns3:TrackPointExtension>
            <ns3:hr>123</ns3:hr>
            <ns3:cad>53</ns3:cad>
          </ns3:TrackPointExtension>
        </extensions>
      </trkpt>
      <trkpt lat="23.39427069760859012603759765625" lon="113.2467234693467617034912109375">
        <ele>5.599999904632568359375</ele>
        <time>2024-04-01T12:34:35.000Z</time>
        <extensions>
          <ns3:TrackPointExtension>
            <ns3:hr>119</ns3:hr>
            <ns3:cad>55</ns3:cad>
          </ns3:TrackPointExtension>
        </extensions>
      </trkpt>
      <trkpt lat="23.39426063932478427886962890625" lon="113.24673763476312160491943359375">
        <ele>5.400000095367431640625</ele>
        <time>2024-04-01T12:34:37.000Z</time>
        <extensions>
          <ns3:TrackPointExtension>
            <ns3:hr>116</ns3:hr>
            <ns3:cad>55</ns3:cad>
          </ns3:TrackPointExtension>
        </extensions>
      </trkpt>
      <trkpt lat="23.39424873702228069305419921875" lon="113.2467603497207164764404296875">
        <ele>5.400000095367431640625</ele>
        <time>2024-04-01T12:34:41.000Z</time>
        <extensions>
          <ns3:TrackPointExtension>
            <ns3:hr>113</ns3:hr>
            <ns3:cad>57</ns3:cad>
          </ns3:TrackPointExtension>
        </extensions>
      </trkpt>
      <trkpt lat="23.39424152858555316925048828125" lon="113.24677753262221813201904296875">
        <ele>5.400000095367431640625</ele>
        <time>2024-04-01T12:34:43.000Z</time>
        <extensions>
          <ns3:TrackPointExtension>
            <ns3:hr>110</ns3:hr>
            <ns3:cad>56</ns3:cad>
          </ns3:TrackPointExtension>
        </extensions>
      </trkpt>
      <trkpt lat="23.3942168019711971282958984375" lon="113.246850706636905670166015625">
        <ele>5</ele>
        <time>2024-04-01T12:34:49.000Z</time>
        <extensions>
          <ns3:TrackPointExtension>
            <ns3:hr>109</ns3:hr>
            <ns3:cad>56</ns3:cad>
          </ns3:TrackPointExtension>
        </extensions>
      </trkpt>
      <trkpt lat="23.39419408701360225677490234375" lon="113.24691683985292911529541015625">
        <ele>5</ele>
        <time>2024-04-01T12:34:55.000Z</time>
        <extensions>
          <ns3:TrackPointExtension>
            <ns3:hr>112</ns3:hr>
            <ns3:cad>61</ns3:cad>
          </ns3:TrackPointExtension>
        </extensions>
      </trkpt>
      <trkpt lat="23.3941762335598468780517578125" lon="113.24697132222354412078857421875">
        <ele>5</ele>
        <time>2024-04-01T12:35:00.000Z</time>
        <extensions>
          <ns3:TrackPointExtension>
            <ns3:hr>115</ns3:hr>
            <ns3:cad>56</ns3:cad>
          </ns3:TrackPointExtension>
        </extensions>
      </trkpt>
      <trkpt lat="23.39417078532278537750244140625" lon="113.2469823025166988372802734375">
        <ele>5</ele>
        <time>2024-04-01T12:35:01.000Z</time>
        <extensions>
          <ns3:TrackPointExtension>
            <ns3:hr>115</ns3:hr>
            <ns3:cad>0</ns3:cad>
          </ns3:TrackPointExtension>
        </extensions>
      </trkpt>
      <trkpt lat="23.39410431683063507080078125" lon="113.2471667043864727020263671875">
        <ele>5.19999980926513671875</ele>
        <time>2024-04-01T12:35:17.000Z</time>
        <extensions>
          <ns3:TrackPointExtension>
            <ns3:hr>117</ns3:hr>
            <ns3:cad>61</ns3:cad>
          </ns3:TrackPointExtension>
        </extensions>
      </trkpt>
      <trkpt lat="23.3940969407558441162109375" lon="113.24720752425491809844970703125">
        <ele>5.400000095367431640625</ele>
        <time>2024-04-01T12:35:21.000Z</time>
        <extensions>
          <ns3:TrackPointExtension>
            <ns3:hr>113</ns3:hr>
            <ns3:cad>61</ns3:cad>
          </ns3:TrackPointExtension>
        </extensions>
      </trkpt>
      <trkpt lat="23.39407858438789844512939453125" lon="113.24725312180817127227783203125">
        <ele>5.599999904632568359375</ele>
        <time>2024-04-01T12:35:26.000Z</time>
        <extensions>
          <ns3:TrackPointExtension>
            <ns3:hr>109</ns3:hr>
            <ns3:cad>62</ns3:cad>
          </ns3:TrackPointExtension>
        </extensions>
      </trkpt>
      <trkpt lat="23.3940605632960796356201171875" lon="113.24729628860950469970703125">
        <ele>5.80000019073486328125</ele>
        <time>2024-04-01T12:35:31.000Z</time>
        <extensions>
          <ns3:TrackPointExtension>
            <ns3:hr>106</ns3:hr>
            <ns3:cad>60</ns3:cad>
          </ns3:TrackPointExtension>
        </extensions>
      </trkpt>
      <trkpt lat="23.3940099366009235382080078125" lon="113.2474064268171787261962890625">
        <ele>6.400000095367431640625</ele>
        <time>2024-04-01T12:35:42.000Z</time>
        <extensions>
          <ns3:TrackPointExtension>
            <ns3:hr>109</ns3:hr>
            <ns3:cad>53</ns3:cad>
          </ns3:TrackPointExtension>
        </extensions>
      </trkpt>
      <trkpt lat="23.39395939372479915618896484375" lon="113.2475247792899608612060546875">
        <ele>7</ele>
        <time>2024-04-01T12:35:52.000Z</time>
        <extensions>
          <ns3:TrackPointExtension>
            <ns3:hr>112</ns3:hr>
            <ns3:cad>61</ns3:cad>
          </ns3:TrackPointExtension>
        </extensions>
      </trkpt>
      <trkpt lat="23.3938852138817310333251953125" lon="113.247709684073925018310546875">
        <ele>5.19999980926513671875</ele>
        <time>2024-04-01T12:36:11.000Z</time>
        <extensions>
          <ns3:TrackPointExtension>
            <ns3:hr>113</ns3:hr>
            <ns3:cad>0</ns3:cad>
          </ns3:TrackPointExtension>
        </extensions>
      </trkpt>
      <trkpt lat="23.39383349753916263580322265625" lon="113.2479076646268367767333984375">
        <ele>4.599999904632568359375</ele>
        <time>2024-04-01T12:36:30.000Z</time>
        <extensions>
          <ns3:TrackPointExtension>
            <ns3:hr>117</ns3:hr>
            <ns3:cad>81</ns3:cad>
          </ns3:TrackPointExtension>
        </extensions>
      </trkpt>
      <trkpt lat="23.393828384578227996826171875" lon="113.2479143701493740081787109375">
        <ele>4.599999904632568359375</ele>
        <time>2024-04-01T12:36:31.000Z</time>
        <extensions>
          <ns3:TrackPointExtension>
            <ns3:hr>121</ns3:hr>
            <ns3:cad>79</ns3:cad>
          </ns3:TrackPointExtension>
        </extensions>
      </trkpt>
      <trkpt lat="23.39382469654083251953125" lon="113.24792258441448211669921875">
        <ele>4.599999904632568359375</ele>
        <time>2024-04-01T12:36:32.000Z</time>
        <extensions>
          <ns3:TrackPointExtension>
            <ns3:hr>124</ns3:hr>
            <ns3:cad>79</ns3:cad>
          </ns3:TrackPointExtension>
        </extensions>
      </trkpt>
      <trkpt lat="23.3938476629555225372314453125" lon="113.24795468710362911224365234375">
        <ele>4.80000019073486328125</ele>
        <time>2024-04-01T12:36:37.000Z</time>
        <extensions>
          <ns3:TrackPointExtension>
            <ns3:hr>118</ns3:hr>
            <ns3:cad>0</ns3:cad>
          </ns3:TrackPointExtension>
        </extensions>
      </trkpt>
      <trkpt lat="23.3938486687839031219482421875" lon="113.24795988388359546661376953125">
        <ele>4.80000019073486328125</ele>
        <time>2024-04-01T12:36:38.000Z</time>
        <extensions>
          <ns3:TrackPointExtension>
            <ns3:hr>121</ns3:hr>
            <ns3:cad>0</ns3:cad>
          </ns3:TrackPointExtension>
        </extensions>
      </trkpt>
      <trkpt lat="23.39385814033448696136474609375" lon="113.24796943925321102142333984375">
        <ele>5</ele>
        <time>2024-04-01T12:36:40.000Z</time>
        <extensions>
          <ns3:TrackPointExtension>
            <ns3:hr>127</ns3:hr>
            <ns3:cad>0</ns3:cad>
          </ns3:TrackPointExtension>
        </extensions>
      </trkpt>
      <trkpt lat="23.39386635459959506988525390625" lon="113.24797245673835277557373046875">
        <ele>5</ele>
        <time>2024-04-01T12:36:41.000Z</time>
        <extensions>
          <ns3:TrackPointExtension>
            <ns3:hr>130</ns3:hr>
            <ns3:cad>0</ns3:cad>
          </ns3:TrackPointExtension>
        </extensions>
      </trkpt>
      <trkpt lat="23.39388932101428508758544921875" lon="113.24798335321247577667236328125">
        <ele>4.80000019073486328125</ele>
        <time>2024-04-01T12:36:44.000Z</time>
        <extensions>
          <ns3:TrackPointExtension>
            <ns3:hr>134</ns3:hr>
            <ns3:cad>0</ns3:cad>
          </ns3:TrackPointExtension>
        </extensions>
      </trkpt>
      <trkpt lat="23.393910191953182220458984375" lon="113.24799039401113986968994140625">
        <ele>4.80000019073486328125</ele>
        <time>2024-04-01T12:36:47.000Z</time>
        <extensions>
          <ns3:TrackPointExtension>
            <ns3:hr>137</ns3:hr>
            <ns3:cad>0</ns3:cad>
          </ns3:TrackPointExtension>
        </extensions>
      </trkpt>
      <trkpt lat="23.3939522691071033477783203125" lon="113.2480012066662311553955078125">
        <ele>4.599999904632568359375</ele>
        <time>2024-04-01T12:36:53.000Z</time>
        <extensions>
          <ns3:TrackPointExtension>
            <ns3:hr>142</ns3:hr>
            <ns3:cad>0</ns3:cad>
          </ns3:TrackPointExtension>
        </extensions>
      </trkpt>
      <trkpt lat="23.39400046505033969879150390625" lon="113.248020820319652557373046875">
        <ele>4.19999980926513671875</ele>
        <time>2024-04-01T12:36:57.000Z</time>
        <extensions>
          <ns3:TrackPointExtension>
            <ns3:hr>144</ns3:hr>
            <ns3:cad>0</ns3:cad>
          </ns3:TrackPointExtension>
        </extensions>
      </trkpt>
      <trkpt lat="23.3940379321575164794921875" lon="113.248033225536346435546875">
        <ele>4</ele>
        <time>2024-04-01T12:37:01.000Z</time>
        <extensions>
          <ns3:TrackPointExtension>
            <ns3:hr>149</ns3:hr>
            <ns3:cad>0</ns3:cad>
          </ns3:TrackPointExtension>
        </extensions>
      </trkpt>
      <trkpt lat="23.3940672688186168670654296875" lon="113.24804923497140407562255859375">
        <ele>3.7999999523162841796875</ele>
        <time>2024-04-01T12:37:05.000Z</time>
        <extensions>
          <ns3:TrackPointExtension>
            <ns3:hr>146</ns3:hr>
            <ns3:cad>56</ns3:cad>
          </ns3:TrackPointExtension>
        </extensions>
      </trkpt>
      <trkpt lat="23.3940726332366466522216796875" lon="113.2480525039136409759521484375">
        <ele>3.7999999523162841796875</ele>
        <time>2024-04-01T12:37:06.000Z</time>
        <extensions>
          <ns3:TrackPointExtension>
            <ns3:hr>142</ns3:hr>
            <ns3:cad>56</ns3:cad>
          </ns3:TrackPointExtension>
        </extensions>
      </trkpt>
      <trkpt lat="23.39408126659691333770751953125" lon="113.24805577285587787628173828125">
        <ele>3.599999904632568359375</ele>
        <time>2024-04-01T12:37:07.000Z</time>
        <extensions>
          <ns3:TrackPointExtension>
            <ns3:hr>144</ns3:hr>
            <ns3:cad>56</ns3:cad>
          </ns3:TrackPointExtension>
        </extensions>
      </trkpt>
      <trkpt lat="23.39413440786302089691162109375" lon="113.24808091856539249420166015625">
        <ele>3.400000095367431640625</ele>
        <time>2024-04-01T12:37:13.000Z</time>
        <extensions>
          <ns3:TrackPointExtension>
            <ns3:hr>143</ns3:hr>
            <ns3:cad>56</ns3:cad>
          </ns3:TrackPointExtension>
        </extensions>
      </trkpt>
      <trkpt lat="23.3941618166863918304443359375" lon="113.24809231795370578765869140625">
        <ele>2.7999999523162841796875</ele>
        <time>2024-04-01T12:37:16.000Z</time>
        <extensions>
          <ns3:TrackPointExtension>
            <ns3:hr>143</ns3:hr>
            <ns3:cad>56</ns3:cad>
          </ns3:TrackPointExtension>
        </extensions>
      </trkpt>
      <trkpt lat="23.39426365680992603302001953125" lon="113.24812106788158416748046875">
        <ele>1.2000000476837158203125</ele>
        <time>2024-04-01T12:37:27.000Z</time>
        <extensions>
          <ns3:TrackPointExtension>
            <ns3:hr>140</ns3:hr>
            <ns3:cad>55</ns3:cad>
          </ns3:TrackPointExtension>
        </extensions>
      </trkpt>
      <trkpt lat="23.3943465538322925567626953125" lon="113.2481493987143039703369140625">
        <ele>0</ele>
        <time>2024-04-01T12:37:35.000Z</time>
        <extensions>
          <ns3:TrackPointExtension>
            <ns3:hr>137</ns3:hr>
            <ns3:cad>58</ns3:cad>
          </ns3:TrackPointExtension>
        </extensions>
      </trkpt>
      <trkpt lat="23.39441017247736454010009765625" lon="113.248164318501949310302734375">
        <ele>-0.800000011920928955078125</ele>
        <time>2024-04-01T12:37:41.000Z</time>
        <extensions>
          <ns3:TrackPointExtension>
            <ns3:hr>134</ns3:hr>
            <ns3:cad>53</ns3:cad>
          </ns3:TrackPointExtension>
        </extensions>
      </trkpt>
      <trkpt lat="23.39457462541759014129638671875" lon="113.24821720831096172332763671875">
        <ele>-1.60000002384185791015625</ele>
        <time>2024-04-01T12:37:58.000Z</time>
        <extensions>
          <ns3:TrackPointExtension>
            <ns3:hr>131</ns3:hr>
            <ns3:cad>59</ns3:cad>
          </ns3:TrackPointExtension>
        </extensions>
      </trkpt>
      <trkpt lat="23.3946774713695049285888671875" lon="113.24824067763984203338623046875">
        <ele>-1.7999999523162841796875</ele>
        <time>2024-04-01T12:38:07.000Z</time>
        <extensions>
          <ns3:TrackPointExtension>
            <ns3:hr>128</ns3:hr>
            <ns3:cad>57</ns3:cad>
          </ns3:TrackPointExtension>
        </extensions>
      </trkpt>
      <trkpt lat="23.3947529084980487823486328125" lon="113.248263560235500335693359375">
        <ele>-1</ele>
        <time>2024-04-01T12:38:14.000Z</time>
        <extensions>
          <ns3:TrackPointExtension>
            <ns3:hr>125</ns3:hr>
            <ns3:cad>59</ns3:cad>
          </ns3:TrackPointExtension>
        </extensions>
      </trkpt>
      <trkpt lat="23.3948947302997112274169921875" lon="113.248298428952693939208984375">
        <ele>1.7999999523162841796875</ele>
        <time>2024-04-01T12:38:27.000Z</time>
        <extensions>
          <ns3:TrackPointExtension>
            <ns3:hr>122</ns3:hr>
            <ns3:cad>55</ns3:cad>
          </ns3:TrackPointExtension>
        </extensions>
      </trkpt>
      <trkpt lat="23.3949889428913593292236328125" lon="113.2483163662254810333251953125">
        <ele>3.7999999523162841796875</ele>
        <time>2024-04-01T12:38:37.000Z</time>
        <extensions>
          <ns3:TrackPointExtension>
            <ns3:hr>119</ns3:hr>
            <ns3:cad>0</ns3:cad>
          </ns3:TrackPointExtension>
        </extensions>
      </trkpt>
      <trkpt lat="23.39500151574611663818359375" lon="113.24831862933933734893798828125">
        <ele>4</ele>
        <time>2024-04-01T12:38:39.000Z</time>
        <extensions>
          <ns3:TrackPointExtension>
            <ns3:hr>112</ns3:hr>
            <ns3:cad>0</ns3:cad>
          </ns3:TrackPointExtension>
        </extensions>
      </trkpt>
      <trkpt lat="23.395007550716400146484375" lon="113.24831963516771793365478515625">
        <ele>4</ele>
        <time>2024-04-01T12:38:40.000Z</time>
        <extensions>
          <ns3:TrackPointExtension>
            <ns3:hr>112</ns3:hr>
            <ns3:cad>0</ns3:cad>
          </ns3:TrackPointExtension>
        </extensions>
      </trkpt>
      <trkpt lat="23.39502104558050632476806640625" lon="113.24831997044384479522705078125">
        <ele>4.400000095367431640625</ele>
        <time>2024-04-01T12:38:42.000Z</time>
        <extensions>
          <ns3:TrackPointExtension>
            <ns3:hr>107</ns3:hr>
            <ns3:cad>0</ns3:cad>
          </ns3:TrackPointExtension>
        </extensions>
      </trkpt>
      <trkpt lat="23.39504568837583065032958984375" lon="113.24831946752965450286865234375">
        <ele>4.80000019073486328125</ele>
        <time>2024-04-01T12:38:45.000Z</time>
        <extensions>
          <ns3:TrackPointExtension>
            <ns3:hr>105</ns3:hr>
            <ns3:cad>0</ns3:cad>
          </ns3:TrackPointExtension>
        </extensions>
      </trkpt>
      <trkpt lat="23.3950687386095523834228515625" lon="113.2483230717480182647705078125">
        <ele>5.400000095367431640625</ele>
        <time>2024-04-01T12:38:48.000Z</time>
        <extensions>
          <ns3:TrackPointExtension>
            <ns3:hr>105</ns3:hr>
            <ns3:cad>0</ns3:cad>
          </ns3:TrackPointExtension>
        </extensions>
      </trkpt>
      <trkpt lat="23.39509815908968448638916015625" lon="113.248329274356365203857421875">
        <ele>6</ele>
        <time>2024-04-01T12:38:51.000Z</time>
        <extensions>
          <ns3:TrackPointExtension>
            <ns3:hr>105</ns3:hr>
            <ns3:cad>0</ns3:cad>
          </ns3:TrackPointExtension>
        </extensions>
      </trkpt>
      <trkpt lat="23.39517326094210147857666015625" lon="113.24836975894868373870849609375">
        <ele>7.80000019073486328125</ele>
        <time>2024-04-01T12:39:02.000Z</time>
        <extensions>
          <ns3:TrackPointExtension>
            <ns3:hr>107</ns3:hr>
            <ns3:cad>58</ns3:cad>
          </ns3:TrackPointExtension>
        </extensions>
      </trkpt>
      <trkpt lat="23.39518046937882900238037109375" lon="113.248403370380401611328125">
        <ele>8</ele>
        <time>2024-04-01T12:39:06.000Z</time>
        <extensions>
          <ns3:TrackPointExtension>
            <ns3:hr>108</ns3:hr>
            <ns3:cad>57</ns3:cad>
          </ns3:TrackPointExtension>
        </extensions>
      </trkpt>
      <trkpt lat="23.39517862536013126373291015625" lon="113.24842558242380619049072265625">
        <ele>8</ele>
        <time>2024-04-01T12:39:08.000Z</time>
        <extensions>
          <ns3:TrackPointExtension>
            <ns3:hr>109</ns3:hr>
            <ns3:cad>58</ns3:cad>
          </ns3:TrackPointExtension>
        </extensions>
      </trkpt>
      <trkpt lat="23.3951823972165584564208984375" lon="113.2484932243824005126953125">
        <ele>8.3999996185302734375</ele>
        <time>2024-04-01T12:39:14.000Z</time>
        <extensions>
          <ns3:TrackPointExtension>
            <ns3:hr>110</ns3:hr>
            <ns3:cad>56</ns3:cad>
          </ns3:TrackPointExtension>
        </extensions>
      </trkpt>
      <trkpt lat="23.39515431784093379974365234375" lon="113.24869095347821712493896484375">
        <ele>7.80000019073486328125</ele>
        <time>2024-04-01T12:39:33.000Z</time>
        <extensions>
          <ns3:TrackPointExtension>
            <ns3:hr>112</ns3:hr>
            <ns3:cad>0</ns3:cad>
          </ns3:TrackPointExtension>
        </extensions>
      </trkpt>
      <trkpt lat="23.39514928869903087615966796875" lon="113.24876773171126842498779296875">
        <ele>7.80000019073486328125</ele>
        <time>2024-04-01T12:39:41.000Z</time>
        <extensions>
          <ns3:TrackPointExtension>
            <ns3:hr>108</ns3:hr>
            <ns3:cad>0</ns3:cad>
          </ns3:TrackPointExtension>
        </extensions>
      </trkpt>
      <trkpt lat="23.3951424993574619293212890625" lon="113.24880897067487239837646484375">
        <ele>7.80000019073486328125</ele>
        <time>2024-04-01T12:39:45.000Z</time>
        <extensions>
          <ns3:TrackPointExtension>
            <ns3:hr>105</ns3:hr>
            <ns3:cad>59</ns3:cad>
          </ns3:TrackPointExtension>
        </extensions>
      </trkpt>
      <trkpt lat="23.39514375664293766021728515625" lon="113.248825483024120330810546875">
        <ele>7.80000019073486328125</ele>
        <time>2024-04-01T12:39:47.000Z</time>
        <extensions>
          <ns3:TrackPointExtension>
            <ns3:hr>102</ns3:hr>
            <ns3:cad>59</ns3:cad>
          </ns3:TrackPointExtension>
        </extensions>
      </trkpt>
      <trkpt lat="23.39512397535145282745361328125" lon="113.2490217871963977813720703125">
        <ele>4.599999904632568359375</ele>
        <time>2024-04-01T12:40:06.000Z</time>
        <extensions>
          <ns3:TrackPointExtension>
            <ns3:hr>104</ns3:hr>
            <ns3:cad>61</ns3:cad>
          </ns3:TrackPointExtension>
        </extensions>
      </trkpt>
      <trkpt lat="23.3951240591704845428466796875" lon="113.249088339507579803466796875">
        <ele>4</ele>
        <time>2024-04-01T12:40:13.000Z</time>
        <extensions>
          <ns3:TrackPointExtension>
            <ns3:hr>106</ns3:hr>
            <ns3:cad>57</ns3:cad>
          </ns3:TrackPointExtension>
        </extensions>
      </trkpt>
      <trkpt lat="23.39512648992240428924560546875" lon="113.2491106353700160980224609375">
        <ele>4</ele>
        <time>2024-04-01T12:40:15.000Z</time>
        <extensions>
          <ns3:TrackPointExtension>
            <ns3:hr>107</ns3:hr>
            <ns3:cad>57</ns3:cad>
          </ns3:TrackPointExtension>
        </extensions>
      </trkpt>
      <trkpt lat="23.3951270766556262969970703125" lon="113.24914776720106601715087890625">
        <ele>4</ele>
        <time>2024-04-01T12:40:18.000Z</time>
        <extensions>
          <ns3:TrackPointExtension>
            <ns3:hr>107</ns3:hr>
            <ns3:cad>116</ns3:cad>
          </ns3:TrackPointExtension>
        </extensions>
      </trkpt>
      <trkpt lat="23.39519354514777660369873046875" lon="113.24933552183210849761962890625">
        <ele>4</ele>
        <time>2024-04-01T12:40:35.000Z</time>
        <extensions>
          <ns3:TrackPointExtension>
            <ns3:hr>106</ns3:hr>
            <ns3:cad>56</ns3:cad>
          </ns3:TrackPointExtension>
        </extensions>
      </trkpt>
      <trkpt lat="23.3952836506068706512451171875" lon="113.249515481293201446533203125">
        <ele>7.19999980926513671875</ele>
        <time>2024-04-01T12:40:53.000Z</time>
        <extensions>
          <ns3:TrackPointExtension>
            <ns3:hr>107</ns3:hr>
            <ns3:cad>58</ns3:cad>
          </ns3:TrackPointExtension>
        </extensions>
      </trkpt>
      <trkpt lat="23.3953262306749820709228515625" lon="113.24962168000638484954833984375">
        <ele>9.80000019073486328125</ele>
        <time>2024-04-01T12:41:04.000Z</time>
        <extensions>
          <ns3:TrackPointExtension>
            <ns3:hr>110</ns3:hr>
            <ns3:cad>55</ns3:cad>
          </ns3:TrackPointExtension>
        </extensions>
      </trkpt>
      <trkpt lat="23.395353220403194427490234375" lon="113.2497111149132251739501953125">
        <ele>10.19999980926513671875</ele>
        <time>2024-04-01T12:41:15.000Z</time>
        <extensions>
          <ns3:TrackPointExtension>
            <ns3:hr>110</ns3:hr>
            <ns3:cad>55</ns3:cad>
          </ns3:TrackPointExtension>
        </extensions>
      </trkpt>
      <trkpt lat="23.39534475468099117279052734375" lon="113.249758221209049224853515625">
        <ele>9.6000003814697265625</ele>
        <time>2024-04-01T12:41:20.000Z</time>
        <extensions>
          <ns3:TrackPointExtension>
            <ns3:hr>108</ns3:hr>
            <ns3:cad>53</ns3:cad>
          </ns3:TrackPointExtension>
        </extensions>
      </trkpt>
      <trkpt lat="23.39531441219151020050048828125" lon="113.24983927421271800994873046875">
        <ele>9</ele>
        <time>2024-04-01T12:41:30.000Z</time>
        <extensions>
          <ns3:TrackPointExtension>
            <ns3:hr>107</ns3:hr>
            <ns3:cad>57</ns3:cad>
          </ns3:TrackPointExtension>
        </extensions>
      </trkpt>
      <trkpt lat="23.39530619792640209197998046875" lon="113.2498549483716487884521484375">
        <ele>8.80000019073486328125</ele>
        <time>2024-04-01T12:41:32.000Z</time>
        <extensions>
          <ns3:TrackPointExtension>
            <ns3:hr>107</ns3:hr>
            <ns3:cad>57</ns3:cad>
          </ns3:TrackPointExtension>
        </extensions>
      </trkpt>
      <trkpt lat="23.3952467702329158782958984375" lon="113.2499749772250652313232421875">
        <ele>7.599999904632568359375</ele>
        <time>2024-04-01T12:41:45.000Z</time>
        <extensions>
          <ns3:TrackPointExtension>
            <ns3:hr>107</ns3:hr>
            <ns3:cad>57</ns3:cad>
          </ns3:TrackPointExtension>
        </extensions>
      </trkpt>
      <trkpt lat="23.39519807137548923492431640625" lon="113.2501013763248920440673828125">
        <ele>7</ele>
        <time>2024-04-01T12:41:57.000Z</time>
        <extensions>
          <ns3:TrackPointExtension>
            <ns3:hr>107</ns3:hr>
            <ns3:cad>53</ns3:cad>
          </ns3:TrackPointExtension>
        </extensions>
      </trkpt>
      <trkpt lat="23.39517594315111637115478515625" lon="113.25015393085777759552001953125">
        <ele>6.80000019073486328125</ele>
        <time>2024-04-01T12:42:04.000Z</time>
        <extensions>
          <ns3:TrackPointExtension>
            <ns3:hr>107</ns3:hr>
            <ns3:cad>55</ns3:cad>
          </ns3:TrackPointExtension>
        </extensions>
      </trkpt>
      <trkpt lat="23.39516588486731052398681640625" lon="113.25017102994024753570556640625">
        <ele>6.80000019073486328125</ele>
        <time>2024-04-01T12:42:06.000Z</time>
        <extensions>
          <ns3:TrackPointExtension>
            <ns3:hr>107</ns3:hr>
            <ns3:cad>55</ns3:cad>
          </ns3:TrackPointExtension>
        </extensions>
      </trkpt>
      <trkpt lat="23.395154066383838653564453125" lon="113.2501892186701297760009765625">
        <ele>7</ele>
        <time>2024-04-01T12:42:08.000Z</time>
        <extensions>
          <ns3:TrackPointExtension>
            <ns3:hr>107</ns3:hr>
            <ns3:cad>55</ns3:cad>
          </ns3:TrackPointExtension>
        </extensions>
      </trkpt>
      <trkpt lat="23.39513403363525867462158203125" lon="113.2502317987382411956787109375">
        <ele>7.80000019073486328125</ele>
        <time>2024-04-01T12:42:12.000Z</time>
        <extensions>
          <ns3:TrackPointExtension>
            <ns3:hr>107</ns3:hr>
            <ns3:cad>57</ns3:cad>
          </ns3:TrackPointExtension>
        </extensions>
      </trkpt>
      <trkpt lat="23.395018279552459716796875" lon="113.25038091279566287994384765625">
        <ele>12.80000019073486328125</ele>
        <time>2024-04-01T12:42:32.000Z</time>
        <extensions>
          <ns3:TrackPointExtension>
            <ns3:hr>106</ns3:hr>
            <ns3:cad>52</ns3:cad>
          </ns3:TrackPointExtension>
        </extensions>
      </trkpt>
      <trkpt lat="23.39491828344762325286865234375" lon="113.25049775652587413787841796875">
        <ele>15.6000003814697265625</ele>
        <time>2024-04-01T12:42:46.000Z</time>
        <extensions>
          <ns3:TrackPointExtension>
            <ns3:hr>108</ns3:hr>
            <ns3:cad>61</ns3:cad>
          </ns3:TrackPointExtension>
        </extensions>
      </trkpt>
      <trkpt lat="23.39481233619153499603271484375" lon="113.25056229718029499053955078125">
        <ele>16</ele>
        <time>2024-04-01T12:42:58.000Z</time>
        <extensions>
          <ns3:TrackPointExtension>
            <ns3:hr>111</ns3:hr>
            <ns3:cad>61</ns3:cad>
          </ns3:TrackPointExtension>
        </extensions>
      </trkpt>
      <trkpt lat="23.3947026170790195465087890625" lon="113.2505905441939830780029296875">
        <ele>14.3999996185302734375</ele>
        <time>2024-04-01T12:43:09.000Z</time>
        <extensions>
          <ns3:TrackPointExtension>
            <ns3:hr>108</ns3:hr>
            <ns3:cad>0</ns3:cad>
          </ns3:TrackPointExtension>
        </extensions>
      </trkpt>
      <trkpt lat="23.3946010284125804901123046875" lon="113.25060571543872356414794921875">
        <ele>13</ele>
        <time>2024-04-01T12:43:20.000Z</time>
        <extensions>
          <ns3:TrackPointExtension>
            <ns3:hr>111</ns3:hr>
            <ns3:cad>61</ns3:cad>
          </ns3:TrackPointExtension>
        </extensions>
      </trkpt>
      <trkpt lat="23.39441813528537750244140625" lon="113.25063236989080905914306640625">
        <ele>7.599999904632568359375</ele>
        <time>2024-04-01T12:43:38.000Z</time>
        <extensions>
          <ns3:TrackPointExtension>
            <ns3:hr>109</ns3:hr>
            <ns3:cad>61</ns3:cad>
          </ns3:TrackPointExtension>
        </extensions>
      </trkpt>
      <trkpt lat="23.39422862045466899871826171875" lon="113.25064175762236118316650390625">
        <ele>4.599999904632568359375</ele>
        <time>2024-04-01T12:43:59.000Z</time>
        <extensions>
          <ns3:TrackPointExtension>
            <ns3:hr>108</ns3:hr>
            <ns3:cad>0</ns3:cad>
          </ns3:TrackPointExtension>
        </extensions>
      </trkpt>
      <trkpt lat="23.394046314060688018798828125" lon="113.2506700046360492706298828125">
        <ele>3.400000095367431640625</ele>
        <time>2024-04-01T12:44:20.000Z</time>
        <extensions>
          <ns3:TrackPointExtension>
            <ns3:hr>106</ns3:hr>
            <ns3:cad>0</ns3:cad>
          </ns3:TrackPointExtension>
        </extensions>
      </trkpt>
      <trkpt lat="23.3938662707805633544921875" lon="113.250683248043060302734375">
        <ele>4</ele>
        <time>2024-04-01T12:44:43.000Z</time>
        <extensions>
          <ns3:TrackPointExtension>
            <ns3:hr>106</ns3:hr>
            <ns3:cad>54</ns3:cad>
          </ns3:TrackPointExtension>
        </extensions>
      </trkpt>
      <trkpt lat="23.39367742650210857391357421875" lon="113.2507058791816234588623046875">
        <ele>4.599999904632568359375</ele>
        <time>2024-04-01T12:45:00.000Z</time>
        <extensions>
          <ns3:TrackPointExtension>
            <ns3:hr>106</ns3:hr>
            <ns3:cad>61</ns3:cad>
          </ns3:TrackPointExtension>
        </extensions>
      </trkpt>
      <trkpt lat="23.3934882469475269317626953125" lon="113.25074049644172191619873046875">
        <ele>4.599999904632568359375</ele>
        <time>2024-04-01T12:45:18.000Z</time>
        <extensions>
          <ns3:TrackPointExtension>
            <ns3:hr>104</ns3:hr>
            <ns3:cad>0</ns3:cad>
          </ns3:TrackPointExtension>
        </extensions>
      </trkpt>
      <trkpt lat="23.39330174960196018218994140625" lon="113.25076011009514331817626953125">
        <ele>4</ele>
        <time>2024-04-01T12:45:37.000Z</time>
        <extensions>
          <ns3:TrackPointExtension>
            <ns3:hr>103</ns3:hr>
            <ns3:cad>61</ns3:cad>
          </ns3:TrackPointExtension>
        </extensions>
      </trkpt>
      <trkpt lat="23.3931197784841060638427734375" lon="113.25077855028212070465087890625">
        <ele>2</ele>
        <time>2024-04-01T12:45:56.000Z</time>
        <extensions>
          <ns3:TrackPointExtension>
            <ns3:hr>105</ns3:hr>
            <ns3:cad>61</ns3:cad>
          </ns3:TrackPointExtension>
        </extensions>
      </trkpt>
      <trkpt lat="23.39293495751917362213134765625" lon="113.25079665519297122955322265625">
        <ele>1.2000000476837158203125</ele>
        <time>2024-04-01T12:46:16.000Z</time>
        <extensions>
          <ns3:TrackPointExtension>
            <ns3:hr>105</ns3:hr>
            <ns3:cad>61</ns3:cad>
          </ns3:TrackPointExtension>
        </extensions>
      </trkpt>
      <trkpt lat="23.39284074492752552032470703125" lon="113.2508124969899654388427734375">
        <ele>1.2000000476837158203125</ele>
        <time>2024-04-01T12:46:26.000Z</time>
        <extensions>
          <ns3:TrackPointExtension>
            <ns3:hr>107</ns3:hr>
            <ns3:cad>0</ns3:cad>
          </ns3:TrackPointExtension>
        </extensions>
      </trkpt>
      <trkpt lat="23.39278492145240306854248046875" lon="113.250819705426692962646484375">
        <ele>1</ele>
        <time>2024-04-01T12:46:32.000Z</time>
        <extensions>
          <ns3:TrackPointExtension>
            <ns3:hr>106</ns3:hr>
            <ns3:cad>59</ns3:cad>
          </ns3:TrackPointExtension>
        </extensions>
      </trkpt>
      <trkpt lat="23.3927600271999835968017578125" lon="113.25081844814121723175048828125">
        <ele>0.800000011920928955078125</ele>
        <time>2024-04-01T12:46:35.000Z</time>
        <extensions>
          <ns3:TrackPointExtension>
            <ns3:hr>106</ns3:hr>
            <ns3:cad>59</ns3:cad>
          </ns3:TrackPointExtension>
        </extensions>
      </trkpt>
      <trkpt lat="23.39269607327878475189208984375" lon="113.250823058187961578369140625">
        <ele>1.2000000476837158203125</ele>
        <time>2024-04-01T12:46:41.000Z</time>
        <extensions>
          <ns3:TrackPointExtension>
            <ns3:hr>106</ns3:hr>
            <ns3:cad>61</ns3:cad>
          </ns3:TrackPointExtension>
        </extensions>
      </trkpt>
      <trkpt lat="23.39253514073789119720458984375" lon="113.250799588859081268310546875">
        <ele>3</ele>
        <time>2024-04-01T12:46:58.000Z</time>
        <extensions>
          <ns3:TrackPointExtension>
            <ns3:hr>107</ns3:hr>
            <ns3:cad>61</ns3:cad>
          </ns3:TrackPointExtension>
        </extensions>
      </trkpt>
      <trkpt lat="23.392531871795654296875" lon="113.25071015395224094390869140625">
        <ele>3.599999904632568359375</ele>
        <time>2024-04-01T12:47:07.000Z</time>
        <extensions>
          <ns3:TrackPointExtension>
            <ns3:hr>106</ns3:hr>
            <ns3:cad>61</ns3:cad>
          </ns3:TrackPointExtension>
        </extensions>
      </trkpt>
      <trkpt lat="23.39255056343972682952880859375" lon="113.250529356300830841064453125">
        <ele>4.19999980926513671875</ele>
        <time>2024-04-01T12:47:29.000Z</time>
        <extensions>
          <ns3:TrackPointExtension>
            <ns3:hr>105</ns3:hr>
            <ns3:cad>61</ns3:cad>
          </ns3:TrackPointExtension>
        </extensions>
      </trkpt>
      <trkpt lat="23.3926232345402240753173828125" lon="113.25046054087579250335693359375">
        <ele>4.19999980926513671875</ele>
        <time>2024-04-01T12:47:52.000Z</time>
        <extensions>
          <ns3:TrackPointExtension>
            <ns3:hr>98</ns3:hr>
            <ns3:cad>0</ns3:cad>
          </ns3:TrackPointExtension>
        </extensions>
      </trkpt>
      <trkpt lat="23.39254570193588733673095703125" lon="113.250493817031383514404296875">
        <ele>4.599999904632568359375</ele>
        <time>2024-04-01T12:48:11.000Z</time>
        <extensions>
          <ns3:TrackPointExtension>
            <ns3:hr>96</ns3:hr>
            <ns3:cad>0</ns3:cad>
          </ns3:TrackPointExtension>
        </extensions>
      </trkpt>
      <trkpt lat="23.39254570193588733673095703125" lon="113.250493817031383514404296875">
        <ele>4.599999904632568359375</ele>
        <time>2024-04-01T12:48:13.000Z</time>
        <extensions>
          <ns3:TrackPointExtension>
            <ns3:hr>96</ns3:hr>
            <ns3:cad>61</ns3:cad>
          </ns3:TrackPointExtension>
        </extensions>
      </trkpt>
      <trkpt lat="23.3925477974116802215576171875" lon="113.2504956610500812530517578125">
        <ele>4.599999904632568359375</ele>
        <time>2024-04-01T12:48:21.000Z</time>
        <extensions>
          <ns3:TrackPointExtension>
            <ns3:hr>96</ns3:hr>
            <ns3:cad>60</ns3:cad>
          </ns3:TrackPointExtension>
        </extensions>
      </trkpt>
      <trkpt lat="23.39255106635391712188720703125" lon="113.25049842707812786102294921875">
        <ele>4.599999904632568359375</ele>
        <time>2024-04-01T12:48:22.000Z</time>
        <extensions>
          <ns3:TrackPointExtension>
            <ns3:hr>96</ns3:hr>
            <ns3:cad>60</ns3:cad>
          </ns3:TrackPointExtension>
        </extensions>
      </trkpt>
      <trkpt lat="23.39254997670650482177734375" lon="113.250495493412017822265625">
        <ele>4.599999904632568359375</ele>
        <time>2024-04-01T12:48:28.000Z</time>
        <extensions>
          <ns3:TrackPointExtension>
            <ns3:hr>93</ns3:hr>
            <ns3:cad>0</ns3:cad>
          </ns3:TrackPointExtension>
        </extensions>
      </trkpt>
      <trkpt lat="23.3925273455679416656494140625" lon="113.25054184533655643463134765625">
        <ele>4.19999980926513671875</ele>
        <time>2024-04-01T12:48:30.000Z</time>
        <extensions>
          <ns3:TrackPointExtension>
            <ns3:hr>88</ns3:hr>
            <ns3:cad>0</ns3:cad>
          </ns3:TrackPointExtension>
        </extensions>
      </trkpt>
      <trkpt lat="23.3925011940300464630126953125" lon="113.25057419948279857635498046875">
        <ele>4.400000095367431640625</ele>
        <time>2024-04-01T12:48:32.000Z</time>
        <extensions>
          <ns3:TrackPointExtension>
            <ns3:hr>92</ns3:hr>
            <ns3:cad>0</ns3:cad>
          </ns3:TrackPointExtension>
        </extensions>
      </trkpt>
      <trkpt lat="23.392475210130214691162109375" lon="113.25067260302603244781494140625">
        <ele>4.19999980926513671875</ele>
        <time>2024-04-01T12:48:39.000Z</time>
        <extensions>
          <ns3:TrackPointExtension>
            <ns3:hr>97</ns3:hr>
            <ns3:cad>55</ns3:cad>
          </ns3:TrackPointExtension>
        </extensions>
      </trkpt>
      <trkpt lat="23.3924737013876438140869140625" lon="113.25067964382469654083251953125">
        <ele>4.19999980926513671875</ele>
        <time>2024-04-01T12:48:40.000Z</time>
        <extensions>
          <ns3:TrackPointExtension>
            <ns3:hr>103</ns3:hr>
            <ns3:cad>55</ns3:cad>
          </ns3:TrackPointExtension>
        </extensions>
      </trkpt>
      <trkpt lat="23.39246842078864574432373046875" lon="113.25068525969982147216796875">
        <ele>4.19999980926513671875</ele>
        <time>2024-04-01T12:48:41.000Z</time>
        <extensions>
          <ns3:TrackPointExtension>
            <ns3:hr>108</ns3:hr>
            <ns3:cad>55</ns3:cad>
          </ns3:TrackPointExtension>
        </extensions>
      </trkpt>
      <trkpt lat="23.3924619667232036590576171875" lon="113.25069188140332698822021484375">
        <ele>4.400000095367431640625</ele>
        <time>2024-04-01T12:48:42.000Z</time>
        <extensions>
          <ns3:TrackPointExtension>
            <ns3:hr>108</ns3:hr>
            <ns3:cad>55</ns3:cad>
          </ns3:TrackPointExtension>
        </extensions>
      </trkpt>
      <trkpt lat="23.392445705831050872802734375" lon="113.25070202350616455078125">
        <ele>4.400000095367431640625</ele>
        <time>2024-04-01T12:48:44.000Z</time>
        <extensions>
          <ns3:TrackPointExtension>
            <ns3:hr>104</ns3:hr>
            <ns3:cad>55</ns3:cad>
          </ns3:TrackPointExtension>
        </extensions>
      </trkpt>
      <trkpt lat="23.3924388326704502105712890625" lon="113.250707052648067474365234375">
        <ele>4.400000095367431640625</ele>
        <time>2024-04-01T12:48:45.000Z</time>
        <extensions>
          <ns3:TrackPointExtension>
            <ns3:hr>100</ns3:hr>
            <ns3:cad>55</ns3:cad>
          </ns3:TrackPointExtension>
        </extensions>
      </trkpt>
      <trkpt lat="23.3924314565956592559814453125" lon="113.25070830993354320526123046875">
        <ele>4.400000095367431640625</ele>
        <time>2024-04-01T12:48:46.000Z</time>
        <extensions>
          <ns3:TrackPointExtension>
            <ns3:hr>95</ns3:hr>
            <ns3:cad>0</ns3:cad>
          </ns3:TrackPointExtension>
        </extensions>
      </trkpt>
      <trkpt lat="23.39242164976894855499267578125" lon="113.25070814229547977447509765625">
        <ele>4.599999904632568359375</ele>
        <time>2024-04-01T12:48:47.000Z</time>
        <extensions>
          <ns3:TrackPointExtension>
            <ns3:hr>88</ns3:hr>
            <ns3:cad>0</ns3:cad>
          </ns3:TrackPointExtension>
        </extensions>
      </trkpt>
      <trkpt lat="23.3924143575131893157958984375" lon="113.250709064304828643798828125">
        <ele>4.599999904632568359375</ele>
        <time>2024-04-01T12:48:48.000Z</time>
        <extensions>
          <ns3:TrackPointExtension>
            <ns3:hr>85</ns3:hr>
            <ns3:cad>0</ns3:cad>
          </ns3:TrackPointExtension>
        </extensions>
      </trkpt>
      <trkpt lat="23.39240170083940029144287109375" lon="113.25071434490382671356201171875">
        <ele>4.80000019073486328125</ele>
        <time>2024-04-01T12:48:50.000Z</time>
        <extensions>
          <ns3:TrackPointExtension>
            <ns3:hr>82</ns3:hr>
            <ns3:cad>0</ns3:cad>
          </ns3:TrackPointExtension>
        </extensions>
      </trkpt>
      <trkpt lat="23.3923633955419063568115234375" lon="113.25071275234222412109375">
        <ele>5.19999980926513671875</ele>
        <time>2024-04-01T12:48:54.000Z</time>
        <extensions>
          <ns3:TrackPointExtension>
            <ns3:hr>87</ns3:hr>
            <ns3:cad>0</ns3:cad>
          </ns3:TrackPointExtension>
        </extensions>
      </trkpt>
      <trkpt lat="23.39235258288681507110595703125" lon="113.2507087290287017822265625">
        <ele>5.19999980926513671875</ele>
        <time>2024-04-01T12:48:55.000Z</time>
        <extensions>
          <ns3:TrackPointExtension>
            <ns3:hr>90</ns3:hr>
            <ns3:cad>0</ns3:cad>
          </ns3:TrackPointExtension>
        </extensions>
      </trkpt>
      <trkpt lat="23.39234151877462863922119140625" lon="113.2507082261145114898681640625">
        <ele>5.400000095367431640625</ele>
        <time>2024-04-01T12:48:56.000Z</time>
        <extensions>
          <ns3:TrackPointExtension>
            <ns3:hr>91</ns3:hr>
            <ns3:cad>0</ns3:cad>
          </ns3:TrackPointExtension>
        </extensions>
      </trkpt>
      <trkpt lat="23.39231670834124088287353515625" lon="113.2506968267261981964111328125">
        <ele>5.599999904632568359375</ele>
        <time>2024-04-01T12:48:59.000Z</time>
        <extensions>
          <ns3:TrackPointExtension>
            <ns3:hr>94</ns3:hr>
            <ns3:cad>0</ns3:cad>
          </ns3:TrackPointExtension>
        </extensions>
      </trkpt>
      <trkpt lat="23.392268009483814239501953125" lon="113.25070361606776714324951171875">
        <ele>6.19999980926513671875</ele>
        <time>2024-04-01T12:49:06.000Z</time>
        <extensions>
          <ns3:TrackPointExtension>
            <ns3:hr>98</ns3:hr>
            <ns3:cad>56</ns3:cad>
          </ns3:TrackPointExtension>
        </extensions>
      </trkpt>
      <trkpt lat="23.39208486489951610565185546875" lon="113.2507112435996532440185546875">
        <ele>7.599999904632568359375</ele>
        <time>2024-04-01T12:49:25.000Z</time>
        <extensions>
          <ns3:TrackPointExtension>
            <ns3:hr>99</ns3:hr>
            <ns3:cad>55</ns3:cad>
          </ns3:TrackPointExtension>
        </extensions>
      </trkpt>
      <trkpt lat="23.39190549217164516448974609375" lon="113.2506953179836273193359375">
        <ele>9.19999980926513671875</ele>
        <time>2024-04-01T12:49:45.000Z</time>
        <extensions>
          <ns3:TrackPointExtension>
            <ns3:hr>99</ns3:hr>
            <ns3:cad>58</ns3:cad>
          </ns3:TrackPointExtension>
        </extensions>
      </trkpt>
      <trkpt lat="23.39189057238399982452392578125" lon="113.25069573707878589630126953125">
        <ele>9.19999980926513671875</ele>
        <time>2024-04-01T12:49:47.000Z</time>
        <extensions>
          <ns3:TrackPointExtension>
            <ns3:hr>99</ns3:hr>
            <ns3:cad>58</ns3:cad>
          </ns3:TrackPointExtension>
        </extensions>
      </trkpt>
      <trkpt lat="23.39185721240937709808349609375" lon="113.25069422833621501922607421875">
        <ele>9.19999980926513671875</ele>
        <time>2024-04-01T12:49:50.000Z</time>
        <extensions>
          <ns3:TrackPointExtension>
            <ns3:hr>100</ns3:hr>
            <ns3:cad>107</ns3:cad>
          </ns3:TrackPointExtension>
        </extensions>
      </trkpt>
      <trkpt lat="23.39178646914660930633544921875" lon="113.25070495717227458953857421875">
        <ele>9.80000019073486328125</ele>
        <time>2024-04-01T12:49:58.000Z</time>
        <extensions>
          <ns3:TrackPointExtension>
            <ns3:hr>102</ns3:hr>
            <ns3:cad>61</ns3:cad>
          </ns3:TrackPointExtension>
        </extensions>
      </trkpt>
      <trkpt lat="23.39176501147449016571044921875" lon="113.25070478953421115875244140625">
        <ele>10</ele>
        <time>2024-04-01T12:50:00.000Z</time>
        <extensions>
          <ns3:TrackPointExtension>
            <ns3:hr>102</ns3:hr>
            <ns3:cad>61</ns3:cad>
          </ns3:TrackPointExtension>
        </extensions>
      </trkpt>
      <trkpt lat="23.39162017218768596649169921875" lon="113.25070948339998722076416015625">
        <ele>11</ele>
        <time>2024-04-01T12:50:16.000Z</time>
        <extensions>
          <ns3:TrackPointExtension>
            <ns3:hr>102</ns3:hr>
            <ns3:cad>55</ns3:cad>
          </ns3:TrackPointExtension>
        </extensions>
      </trkpt>
      <trkpt lat="23.3915912546217441558837890625" lon="113.25070965103805065155029296875">
        <ele>11</ele>
        <time>2024-04-01T12:50:19.000Z</time>
        <extensions>
          <ns3:TrackPointExtension>
            <ns3:hr>100</ns3:hr>
            <ns3:cad>53</ns3:cad>
          </ns3:TrackPointExtension>
        </extensions>
      </trkpt>
      <trkpt lat="23.39153920300304889678955078125" lon="113.25071149505674839019775390625">
        <ele>11</ele>
        <time>2024-04-01T12:50:24.000Z</time>
        <extensions>
          <ns3:TrackPointExtension>
            <ns3:hr>97</ns3:hr>
            <ns3:cad>53</ns3:cad>
          </ns3:TrackPointExtension>
        </extensions>
      </trkpt>
      <trkpt lat="23.39148086495697498321533203125" lon="113.25072725303471088409423828125">
        <ele>11.3999996185302734375</ele>
        <time>2024-04-01T12:50:29.000Z</time>
        <extensions>
          <ns3:TrackPointExtension>
            <ns3:hr>94</ns3:hr>
            <ns3:cad>54</ns3:cad>
          </ns3:TrackPointExtension>
        </extensions>
      </trkpt>
      <trkpt lat="23.3913176693022251129150390625" lon="113.25075767934322357177734375">
        <ele>11.3999996185302734375</ele>
        <time>2024-04-01T12:50:47.000Z</time>
        <extensions>
          <ns3:TrackPointExtension>
            <ns3:hr>96</ns3:hr>
            <ns3:cad>0</ns3:cad>
          </ns3:TrackPointExtension>
        </extensions>
      </trkpt>
      <trkpt lat="23.39125539176166057586669921875" lon="113.25074720196425914764404296875">
        <ele>10.3999996185302734375</ele>
        <time>2024-04-01T12:50:55.000Z</time>
        <extensions>
          <ns3:TrackPointExtension>
            <ns3:hr>98</ns3:hr>
            <ns3:cad>55</ns3:cad>
          </ns3:TrackPointExtension>
        </extensions>
      </trkpt>
      <trkpt lat="23.3911760151386260986328125" lon="113.2507538236677646636962890625">
        <ele>9.19999980926513671875</ele>
        <time>2024-04-01T12:51:04.000Z</time>
        <extensions>
          <ns3:TrackPointExtension>
            <ns3:hr>101</ns3:hr>
            <ns3:cad>0</ns3:cad>
          </ns3:TrackPointExtension>
        </extensions>
      </trkpt>
      <trkpt lat="23.390993960201740264892578125" lon="113.25074720196425914764404296875">
        <ele>7</ele>
        <time>2024-04-01T12:51:24.000Z</time>
        <extensions>
          <ns3:TrackPointExtension>
            <ns3:hr>101</ns3:hr>
            <ns3:cad>57</ns3:cad>
          </ns3:TrackPointExtension>
        </extensions>
      </trkpt>
      <trkpt lat="23.390808217227458953857421875" lon="113.2507611997425556182861328125">
        <ele>5</ele>
        <time>2024-04-01T12:51:45.000Z</time>
        <extensions>
          <ns3:TrackPointExtension>
            <ns3:hr>101</ns3:hr>
            <ns3:cad>57</ns3:cad>
          </ns3:TrackPointExtension>
        </extensions>
      </trkpt>
      <trkpt lat="23.39073009788990020751953125" lon="113.25074829161167144775390625">
        <ele>5</ele>
        <time>2024-04-01T12:51:55.000Z</time>
        <extensions>
          <ns3:TrackPointExtension>
            <ns3:hr>104</ns3:hr>
            <ns3:cad>0</ns3:cad>
          </ns3:TrackPointExtension>
        </extensions>
      </trkpt>
      <trkpt lat="23.39072414673864841461181640625" lon="113.25067578814923763275146484375">
        <ele>4.599999904632568359375</ele>
        <time>2024-04-01T12:52:05.000Z</time>
        <extensions>
          <ns3:TrackPointExtension>
            <ns3:hr>103</ns3:hr>
            <ns3:cad>0</ns3:cad>
          </ns3:TrackPointExtension>
        </extensions>
      </trkpt>
      <trkpt lat="23.39070453308522701263427734375" lon="113.25047596357762813568115234375">
        <ele>4.19999980926513671875</ele>
        <time>2024-04-01T12:52:27.000Z</time>
        <extensions>
          <ns3:TrackPointExtension>
            <ns3:hr>101</ns3:hr>
            <ns3:cad>56</ns3:cad>
          </ns3:TrackPointExtension>
        </extensions>
      </trkpt>
      <trkpt lat="23.39069682173430919647216796875" lon="113.2503451220691204071044921875">
        <ele>6</ele>
        <time>2024-04-01T12:52:42.000Z</time>
        <extensions>
          <ns3:TrackPointExtension>
            <ns3:hr>101</ns3:hr>
            <ns3:cad>56</ns3:cad>
          </ns3:TrackPointExtension>
        </extensions>
      </trkpt>
      <trkpt lat="23.39060914702713489532470703125" lon="113.250158540904521942138671875">
        <ele>7.80000019073486328125</ele>
        <time>2024-04-01T12:53:11.000Z</time>
        <extensions>
          <ns3:TrackPointExtension>
            <ns3:hr>102</ns3:hr>
            <ns3:cad>61</ns3:cad>
          </ns3:TrackPointExtension>
        </extensions>
      </trkpt>
      <trkpt lat="23.390576541423797607421875" lon="113.249964080750942230224609375">
        <ele>8.6000003814697265625</ele>
        <time>2024-04-01T12:53:34.000Z</time>
        <extensions>
          <ns3:TrackPointExtension>
            <ns3:hr>102</ns3:hr>
            <ns3:cad>57</ns3:cad>
          </ns3:TrackPointExtension>
        </extensions>
      </trkpt>
      <trkpt lat="23.3905752003192901611328125" lon="113.2499334029853343963623046875">
        <ele>8.80000019073486328125</ele>
        <time>2024-04-01T12:53:37.000Z</time>
        <extensions>
          <ns3:TrackPointExtension>
            <ns3:hr>101</ns3:hr>
            <ns3:cad>57</ns3:cad>
          </ns3:TrackPointExtension>
        </extensions>
      </trkpt>
      <trkpt lat="23.39053723029792308807373046875" lon="113.2497526891529560089111328125">
        <ele>7.599999904632568359375</ele>
        <time>2024-04-01T12:53:56.000Z</time>
        <extensions>
          <ns3:TrackPointExtension>
            <ns3:hr>102</ns3:hr>
            <ns3:cad>57</ns3:cad>
          </ns3:TrackPointExtension>
        </extensions>
      </trkpt>
      <trkpt lat="23.3905361406505107879638671875" lon="113.24973651207983493804931640625">
        <ele>7.599999904632568359375</ele>
        <time>2024-04-01T12:53:58.000Z</time>
        <extensions>
          <ns3:TrackPointExtension>
            <ns3:hr>102</ns3:hr>
            <ns3:cad>57</ns3:cad>
          </ns3:TrackPointExtension>
        </extensions>
      </trkpt>
      <trkpt lat="23.39052214287221431732177734375" lon="113.24970424175262451171875">
        <ele>7.400000095367431640625</ele>
        <time>2024-04-01T12:54:02.000Z</time>
        <extensions>
          <ns3:TrackPointExtension>
            <ns3:hr>102</ns3:hr>
            <ns3:cad>57</ns3:cad>
          </ns3:TrackPointExtension>
        </extensions>
      </trkpt>
      <trkpt lat="23.39051594026386737823486328125" lon="113.24968538247048854827880859375">
        <ele>7.400000095367431640625</ele>
        <time>2024-04-01T12:54:04.000Z</time>
        <extensions>
          <ns3:TrackPointExtension>
            <ns3:hr>102</ns3:hr>
            <ns3:cad>57</ns3:cad>
          </ns3:TrackPointExtension>
        </extensions>
      </trkpt>
      <trkpt lat="23.39051275514066219329833984375" lon="113.249664008617401123046875">
        <ele>7.19999980926513671875</ele>
        <time>2024-04-01T12:54:06.000Z</time>
        <extensions>
          <ns3:TrackPointExtension>
            <ns3:hr>102</ns3:hr>
            <ns3:cad>57</ns3:cad>
          </ns3:TrackPointExtension>
        </extensions>
      </trkpt>
      <trkpt lat="23.39050135575234889984130859375" lon="113.24961363337934017181396484375">
        <ele>6.599999904632568359375</ele>
        <time>2024-04-01T12:54:11.000Z</time>
        <extensions>
          <ns3:TrackPointExtension>
            <ns3:hr>102</ns3:hr>
            <ns3:cad>57</ns3:cad>
          </ns3:TrackPointExtension>
        </extensions>
      </trkpt>
      <trkpt lat="23.3904949016869068145751953125" lon="113.24959100224077701568603515625">
        <ele>6.19999980926513671875</ele>
        <time>2024-04-01T12:54:13.000Z</time>
        <extensions>
          <ns3:TrackPointExtension>
            <ns3:hr>102</ns3:hr>
            <ns3:cad>57</ns3:cad>
          </ns3:TrackPointExtension>
        </extensions>
      </trkpt>
      <trkpt lat="23.3904788084328174591064453125" lon="113.2495491765439510345458984375">
        <ele>5.599999904632568359375</ele>
        <time>2024-04-01T12:54:17.000Z</time>
        <extensions>
          <ns3:TrackPointExtension>
            <ns3:hr>101</ns3:hr>
            <ns3:cad>0</ns3:cad>
          </ns3:TrackPointExtension>
        </extensions>
      </trkpt>
      <trkpt lat="23.3904717676341533660888671875" lon="113.24951036833226680755615234375">
        <ele>5.19999980926513671875</ele>
        <time>2024-04-01T12:54:21.000Z</time>
        <extensions>
          <ns3:TrackPointExtension>
            <ns3:hr>101</ns3:hr>
            <ns3:cad>0</ns3:cad>
          </ns3:TrackPointExtension>
        </extensions>
      </trkpt>
      <trkpt lat="23.3904640562832355499267578125" lon="113.2494378648698329925537109375">
        <ele>4.19999980926513671875</ele>
        <time>2024-04-01T12:54:31.000Z</time>
        <extensions>
          <ns3:TrackPointExtension>
            <ns3:hr>100</ns3:hr>
            <ns3:cad>0</ns3:cad>
          </ns3:TrackPointExtension>
        </extensions>
      </trkpt>
      <trkpt lat="23.39045860804617404937744140625" lon="113.24939620681107044219970703125">
        <ele>3.599999904632568359375</ele>
        <time>2024-04-01T12:54:36.000Z</time>
        <extensions>
          <ns3:TrackPointExtension>
            <ns3:hr>100</ns3:hr>
            <ns3:cad>0</ns3:cad>
          </ns3:TrackPointExtension>
        </extensions>
      </trkpt>
      <trkpt lat="23.39045022614300251007080078125" lon="113.24936737306416034698486328125">
        <ele>3.2000000476837158203125</ele>
        <time>2024-04-01T12:54:39.000Z</time>
        <extensions>
          <ns3:TrackPointExtension>
            <ns3:hr>100</ns3:hr>
            <ns3:cad>0</ns3:cad>
          </ns3:TrackPointExtension>
        </extensions>
      </trkpt>
      <trkpt lat="23.390438742935657501220703125" lon="113.24934205971658229827880859375">
        <ele>3.2000000476837158203125</ele>
        <time>2024-04-01T12:54:42.000Z</time>
        <extensions>
          <ns3:TrackPointExtension>
            <ns3:hr>101</ns3:hr>
            <ns3:cad>52</ns3:cad>
          </ns3:TrackPointExtension>
        </extensions>
      </trkpt>
      <trkpt lat="23.3904070593416690826416015625" lon="113.24925438500940799713134765625">
        <ele>3</ele>
        <time>2024-04-01T12:54:52.000Z</time>
        <extensions>
          <ns3:TrackPointExtension>
            <ns3:hr>102</ns3:hr>
            <ns3:cad>52</ns3:cad>
          </ns3:TrackPointExtension>
        </extensions>
      </trkpt>
      <trkpt lat="23.39040244929492473602294921875" lon="113.2492313347756862640380859375">
        <ele>3</ele>
        <time>2024-04-01T12:54:54.000Z</time>
        <extensions>
          <ns3:TrackPointExtension>
            <ns3:hr>102</ns3:hr>
            <ns3:cad>52</ns3:cad>
          </ns3:TrackPointExtension>
        </extensions>
      </trkpt>
      <trkpt lat="23.39035727083683013916015625" lon="113.249040730297565460205078125">
        <ele>2.400000095367431640625</ele>
        <time>2024-04-01T12:55:13.000Z</time>
        <extensions>
          <ns3:TrackPointExtension>
            <ns3:hr>102</ns3:hr>
            <ns3:cad>52</ns3:cad>
          </ns3:TrackPointExtension>
        </extensions>
      </trkpt>
      <trkpt lat="23.39035199023783206939697265625" lon="113.24899907223880290985107421875">
        <ele>2.2000000476837158203125</ele>
        <time>2024-04-01T12:55:18.000Z</time>
        <extensions>
          <ns3:TrackPointExtension>
            <ns3:hr>103</ns3:hr>
            <ns3:cad>52</ns3:cad>
          </ns3:TrackPointExtension>
        </extensions>
      </trkpt>
      <trkpt lat="23.39034788310527801513671875" lon="113.2489483617246150970458984375">
        <ele>2.2000000476837158203125</ele>
        <time>2024-04-01T12:55:23.000Z</time>
        <extensions>
          <ns3:TrackPointExtension>
            <ns3:hr>104</ns3:hr>
            <ns3:cad>60</ns3:cad>
          </ns3:TrackPointExtension>
        </extensions>
      </trkpt>
      <trkpt lat="23.390335477888584136962890625" lon="113.248897902667522430419921875">
        <ele>2</ele>
        <time>2024-04-01T12:55:28.000Z</time>
        <extensions>
          <ns3:TrackPointExtension>
            <ns3:hr>103</ns3:hr>
            <ns3:cad>60</ns3:cad>
          </ns3:TrackPointExtension>
        </extensions>
      </trkpt>
      <trkpt lat="23.39027370326220989227294921875" lon="113.248707465827465057373046875">
        <ele>2.7999999523162841796875</ele>
        <time>2024-04-01T12:55:47.000Z</time>
        <extensions>
          <ns3:TrackPointExtension>
            <ns3:hr>102</ns3:hr>
            <ns3:cad>61</ns3:cad>
          </ns3:TrackPointExtension>
        </extensions>
      </trkpt>
      <trkpt lat="23.39021922089159488677978515625" lon="113.24851912446320056915283203125">
        <ele>4.80000019073486328125</ele>
        <time>2024-04-01T12:56:07.000Z</time>
        <extensions>
          <ns3:TrackPointExtension>
            <ns3:hr>101</ns3:hr>
            <ns3:cad>0</ns3:cad>
          </ns3:TrackPointExtension>
        </extensions>
      </trkpt>
      <trkpt lat="23.39012333191931247711181640625" lon="113.24835333041846752166748046875">
        <ele>7.80000019073486328125</ele>
        <time>2024-04-01T12:56:24.000Z</time>
        <extensions>
          <ns3:TrackPointExtension>
            <ns3:hr>103</ns3:hr>
            <ns3:cad>0</ns3:cad>
          </ns3:TrackPointExtension>
        </extensions>
      </trkpt>
      <trkpt lat="23.3900469727814197540283203125" lon="113.2481638155877590179443359375">
        <ele>10</ele>
        <time>2024-04-01T12:56:44.000Z</time>
        <extensions>
          <ns3:TrackPointExtension>
            <ns3:hr>101</ns3:hr>
            <ns3:cad>0</ns3:cad>
          </ns3:TrackPointExtension>
        </extensions>
      </trkpt>
      <trkpt lat="23.3899514190852642059326171875" lon="113.247989974915981292724609375">
        <ele>12.19999980926513671875</ele>
        <time>2024-04-01T12:57:05.000Z</time>
        <extensions>
          <ns3:TrackPointExtension>
            <ns3:hr>101</ns3:hr>
            <ns3:cad>61</ns3:cad>
          </ns3:TrackPointExtension>
        </extensions>
      </trkpt>
      <trkpt lat="23.38984857313334941864013671875" lon="113.2478253543376922607421875">
        <ele>13.3999996185302734375</ele>
        <time>2024-04-01T12:57:22.000Z</time>
        <extensions>
          <ns3:TrackPointExtension>
            <ns3:hr>100</ns3:hr>
            <ns3:cad>0</ns3:cad>
          </ns3:TrackPointExtension>
        </extensions>
      </trkpt>
      <trkpt lat="23.38973055593669414520263671875" lon="113.24767389334738254547119140625">
        <ele>14</ele>
        <time>2024-04-01T12:57:40.000Z</time>
        <extensions>
          <ns3:TrackPointExtension>
            <ns3:hr>100</ns3:hr>
            <ns3:cad>61</ns3:cad>
          </ns3:TrackPointExtension>
        </extensions>
      </trkpt>
      <trkpt lat="23.38963382877409458160400390625" lon="113.24750055558979511260986328125">
        <ele>11.3999996185302734375</ele>
        <time>2024-04-01T12:57:58.000Z</time>
        <extensions>
          <ns3:TrackPointExtension>
            <ns3:hr>101</ns3:hr>
            <ns3:cad>0</ns3:cad>
          </ns3:TrackPointExtension>
        </extensions>
      </trkpt>
      <trkpt lat="23.38962360285222530364990234375" lon="113.247482366859912872314453125">
        <ele>11.19999980926513671875</ele>
        <time>2024-04-01T12:58:00.000Z</time>
        <extensions>
          <ns3:TrackPointExtension>
            <ns3:hr>101</ns3:hr>
            <ns3:cad>0</ns3:cad>
          </ns3:TrackPointExtension>
        </extensions>
      </trkpt>
      <trkpt lat="23.3895920030772686004638671875" lon="113.2474215142428874969482421875">
        <ele>10.19999980926513671875</ele>
        <time>2024-04-01T12:58:08.000Z</time>
        <extensions>
          <ns3:TrackPointExtension>
            <ns3:hr>101</ns3:hr>
            <ns3:cad>0</ns3:cad>
          </ns3:TrackPointExtension>
        </extensions>
      </trkpt>
      <trkpt lat="23.38950223289430141448974609375" lon="113.24725060723721981048583984375">
        <ele>7.400000095367431640625</ele>
        <time>2024-04-01T12:58:29.000Z</time>
        <extensions>
          <ns3:TrackPointExtension>
            <ns3:hr>101</ns3:hr>
            <ns3:cad>0</ns3:cad>
          </ns3:TrackPointExtension>
        </extensions>
      </trkpt>
      <trkpt lat="23.389397375285625457763671875" lon="113.24708799831569194793701171875">
        <ele>5.599999904632568359375</ele>
        <time>2024-04-01T12:58:48.000Z</time>
        <extensions>
          <ns3:TrackPointExtension>
            <ns3:hr>103</ns3:hr>
            <ns3:cad>0</ns3:cad>
          </ns3:TrackPointExtension>
        </extensions>
      </trkpt>
      <trkpt lat="23.389315903186798095703125" lon="113.2469578273594379425048828125">
        <ele>5.400000095367431640625</ele>
        <time>2024-04-01T12:59:05.000Z</time>
        <extensions>
          <ns3:TrackPointExtension>
            <ns3:hr>102</ns3:hr>
            <ns3:cad>59</ns3:cad>
          </ns3:TrackPointExtension>
        </extensions>
      </trkpt>
      <trkpt lat="23.38929922319948673248291015625" lon="113.246932514011859893798828125">
        <ele>5.19999980926513671875</ele>
        <time>2024-04-01T12:59:08.000Z</time>
        <extensions>
          <ns3:TrackPointExtension>
            <ns3:hr>101</ns3:hr>
            <ns3:cad>0</ns3:cad>
          </ns3:TrackPointExtension>
        </extensions>
      </trkpt>
      <trkpt lat="23.3892413042485713958740234375" lon="113.2468569092452526092529296875">
        <ele>5.19999980926513671875</ele>
        <time>2024-04-01T12:59:17.000Z</time>
        <extensions>
          <ns3:TrackPointExtension>
            <ns3:hr>104</ns3:hr>
            <ns3:cad>64</ns3:cad>
          </ns3:TrackPointExtension>
        </extensions>
      </trkpt>
      <trkpt lat="23.38912806473672389984130859375" lon="113.24670159257948398590087890625">
        <ele>5.400000095367431640625</ele>
        <time>2024-04-01T12:59:37.000Z</time>
        <extensions>
          <ns3:TrackPointExtension>
            <ns3:hr>104</ns3:hr>
            <ns3:cad>0</ns3:cad>
          </ns3:TrackPointExtension>
        </extensions>
      </trkpt>
      <trkpt lat="23.389023877680301666259765625" lon="113.24653345160186290740966796875">
        <ele>5.400000095367431640625</ele>
        <time>2024-04-01T12:59:56.000Z</time>
        <extensions>
          <ns3:TrackPointExtension>
            <ns3:hr>102</ns3:hr>
            <ns3:cad>0</ns3:cad>
          </ns3:TrackPointExtension>
        </extensions>
      </trkpt>
      <trkpt lat="23.38893343694508075714111328125" lon="113.246358521282672882080078125">
        <ele>5.80000019073486328125</ele>
        <time>2024-04-01T13:00:15.000Z</time>
        <extensions>
          <ns3:TrackPointExtension>
            <ns3:hr>100</ns3:hr>
            <ns3:cad>0</ns3:cad>
          </ns3:TrackPointExtension>
        </extensions>
      </trkpt>
      <trkpt lat="23.3888585865497589111328125" lon="113.24621678330004215240478515625">
        <ele>6.400000095367431640625</ele>
        <time>2024-04-01T13:00:32.000Z</time>
        <extensions>
          <ns3:TrackPointExtension>
            <ns3:hr>99</ns3:hr>
            <ns3:cad>0</ns3:cad>
          </ns3:TrackPointExtension>
        </extensions>
      </trkpt>
      <trkpt lat="23.3888299204409122467041015625" lon="113.24616045691072940826416015625">
        <ele>6.400000095367431640625</ele>
        <time>2024-04-01T13:00:38.000Z</time>
        <extensions>
          <ns3:TrackPointExtension>
            <ns3:hr>99</ns3:hr>
            <ns3:cad>0</ns3:cad>
          </ns3:TrackPointExtension>
        </extensions>
      </trkpt>
      <trkpt lat="23.38876135647296905517578125" lon="113.24597169645130634307861328125">
        <ele>6</ele>
        <time>2024-04-01T13:00:57.000Z</time>
        <extensions>
          <ns3:TrackPointExtension>
            <ns3:hr>100</ns3:hr>
            <ns3:cad>60</ns3:cad>
          </ns3:TrackPointExtension>
        </extensions>
      </trkpt>
      <trkpt lat="23.3886723406612873077392578125" lon="113.24579869396984577178955078125">
        <ele>5</ele>
        <time>2024-04-01T13:01:15.000Z</time>
        <extensions>
          <ns3:TrackPointExtension>
            <ns3:hr>100</ns3:hr>
            <ns3:cad>61</ns3:cad>
          </ns3:TrackPointExtension>
        </extensions>
      </trkpt>
      <trkpt lat="23.38861274532973766326904296875" lon="113.24566843919456005096435546875">
        <ele>5</ele>
        <time>2024-04-01T13:01:30.000Z</time>
        <extensions>
          <ns3:TrackPointExtension>
            <ns3:hr>103</ns3:hr>
            <ns3:cad>61</ns3:cad>
          </ns3:TrackPointExtension>
        </extensions>
      </trkpt>
      <trkpt lat="23.38860235176980495452880859375" lon="113.24561990797519683837890625">
        <ele>5.19999980926513671875</ele>
        <time>2024-04-01T13:01:36.000Z</time>
        <extensions>
          <ns3:TrackPointExtension>
            <ns3:hr>102</ns3:hr>
            <ns3:cad>61</ns3:cad>
          </ns3:TrackPointExtension>
        </extensions>
      </trkpt>
      <trkpt lat="23.3885922096669673919677734375" lon="113.24559350498020648956298828125">
        <ele>5.400000095367431640625</ele>
        <time>2024-04-01T13:01:39.000Z</time>
        <extensions>
          <ns3:TrackPointExtension>
            <ns3:hr>101</ns3:hr>
            <ns3:cad>61</ns3:cad>
          </ns3:TrackPointExtension>
        </extensions>
      </trkpt>
      <trkpt lat="23.38853093795478343963623046875" lon="113.245402984321117401123046875">
        <ele>6.599999904632568359375</ele>
        <time>2024-04-01T13:02:00.000Z</time>
        <extensions>
          <ns3:TrackPointExtension>
            <ns3:hr>100</ns3:hr>
            <ns3:cad>0</ns3:cad>
          </ns3:TrackPointExtension>
        </extensions>
      </trkpt>
      <trkpt lat="23.388435803353786468505859375" lon="113.2452234439551830291748046875">
        <ele>7.80000019073486328125</ele>
        <time>2024-04-01T13:02:19.000Z</time>
        <extensions>
          <ns3:TrackPointExtension>
            <ns3:hr>100</ns3:hr>
            <ns3:cad>61</ns3:cad>
          </ns3:TrackPointExtension>
        </extensions>
      </trkpt>
      <trkpt lat="23.38834100402891635894775390625" lon="113.24505505152046680450439453125">
        <ele>7.400000095367431640625</ele>
        <time>2024-04-01T13:02:39.000Z</time>
        <extensions>
          <ns3:TrackPointExtension>
            <ns3:hr>101</ns3:hr>
            <ns3:cad>0</ns3:cad>
          </ns3:TrackPointExtension>
        </extensions>
      </trkpt>
      <trkpt lat="23.38829993270337581634521484375" lon="113.24493083171546459197998046875">
        <ele>7</ele>
        <time>2024-04-01T13:02:51.000Z</time>
        <extensions>
          <ns3:TrackPointExtension>
            <ns3:hr>100</ns3:hr>
            <ns3:cad>0</ns3:cad>
          </ns3:TrackPointExtension>
        </extensions>
      </trkpt>
      <trkpt lat="23.3882894553244113922119140625" lon="113.2449002377688884735107421875">
        <ele>7</ele>
        <time>2024-04-01T13:02:54.000Z</time>
        <extensions>
          <ns3:TrackPointExtension>
            <ns3:hr>100</ns3:hr>
            <ns3:cad>0</ns3:cad>
          </ns3:TrackPointExtension>
        </extensions>
      </trkpt>
      <trkpt lat="23.38828685693442821502685546875" lon="113.244889341294765472412109375">
        <ele>6.80000019073486328125</ele>
        <time>2024-04-01T13:02:55.000Z</time>
        <extensions>
          <ns3:TrackPointExtension>
            <ns3:hr>100</ns3:hr>
            <ns3:cad>0</ns3:cad>
          </ns3:TrackPointExtension>
        </extensions>
      </trkpt>
      <trkpt lat="23.3882294408977031707763671875" lon="113.24469781480729579925537109375">
        <ele>6.400000095367431640625</ele>
        <time>2024-04-01T13:03:17.000Z</time>
        <extensions>
          <ns3:TrackPointExtension>
            <ns3:hr>101</ns3:hr>
            <ns3:cad>0</ns3:cad>
          </ns3:TrackPointExtension>
        </extensions>
      </trkpt>
      <trkpt lat="23.3881871961057186126708984375" lon="113.24456454254686832427978515625">
        <ele>6.80000019073486328125</ele>
        <time>2024-04-01T13:03:32.000Z</time>
        <extensions>
          <ns3:TrackPointExtension>
            <ns3:hr>100</ns3:hr>
            <ns3:cad>0</ns3:cad>
          </ns3:TrackPointExtension>
        </extensions>
      </trkpt>
      <trkpt lat="23.3881737850606441497802734375" lon="113.24454241432249546051025390625">
        <ele>6.80000019073486328125</ele>
        <time>2024-04-01T13:03:34.000Z</time>
        <extensions>
          <ns3:TrackPointExtension>
            <ns3:hr>100</ns3:hr>
            <ns3:cad>0</ns3:cad>
          </ns3:TrackPointExtension>
        </extensions>
      </trkpt>
      <trkpt lat="23.38816263712942600250244140625" lon="113.2445186935365200042724609375">
        <ele>7</ele>
        <time>2024-04-01T13:03:37.000Z</time>
        <extensions>
          <ns3:TrackPointExtension>
            <ns3:hr>100</ns3:hr>
            <ns3:cad>0</ns3:cad>
          </ns3:TrackPointExtension>
        </extensions>
      </trkpt>
      <trkpt lat="23.38815140537917613983154296875" lon="113.24448893778026103973388671875">
        <ele>7.19999980926513671875</ele>
        <time>2024-04-01T13:03:40.000Z</time>
        <extensions>
          <ns3:TrackPointExtension>
            <ns3:hr>100</ns3:hr>
            <ns3:cad>61</ns3:cad>
          </ns3:TrackPointExtension>
        </extensions>
      </trkpt>
      <trkpt lat="23.3881446160376071929931640625" lon="113.24446898885071277618408203125">
        <ele>7.19999980926513671875</ele>
        <time>2024-04-01T13:03:42.000Z</time>
        <extensions>
          <ns3:TrackPointExtension>
            <ns3:hr>100</ns3:hr>
            <ns3:cad>61</ns3:cad>
          </ns3:TrackPointExtension>
        </extensions>
      </trkpt>
      <trkpt lat="23.388135395944118499755859375" lon="113.2444399036467075347900390625">
        <ele>7.400000095367431640625</ele>
        <time>2024-04-01T13:03:45.000Z</time>
        <extensions>
          <ns3:TrackPointExtension>
            <ns3:hr>100</ns3:hr>
            <ns3:cad>61</ns3:cad>
          </ns3:TrackPointExtension>
        </extensions>
      </trkpt>
      <trkpt lat="23.388056270778179168701171875" lon="113.24426296167075634002685546875">
        <ele>8.6000003814697265625</ele>
        <time>2024-04-01T13:04:04.000Z</time>
        <extensions>
          <ns3:TrackPointExtension>
            <ns3:hr>102</ns3:hr>
            <ns3:cad>50</ns3:cad>
          </ns3:TrackPointExtension>
        </extensions>
      </trkpt>
      <trkpt lat="23.3880376629531383514404296875" lon="113.24417092837393283843994140625">
        <ele>9.3999996185302734375</ele>
        <time>2024-04-01T13:04:15.000Z</time>
        <extensions>
          <ns3:TrackPointExtension>
            <ns3:hr>102</ns3:hr>
            <ns3:cad>50</ns3:cad>
          </ns3:TrackPointExtension>
        </extensions>
      </trkpt>
      <trkpt lat="23.38803942315280437469482421875" lon="113.244125582277774810791015625">
        <ele>9.80000019073486328125</ele>
        <time>2024-04-01T13:04:20.000Z</time>
        <extensions>
          <ns3:TrackPointExtension>
            <ns3:hr>102</ns3:hr>
            <ns3:cad>0</ns3:cad>
          </ns3:TrackPointExtension>
        </extensions>
      </trkpt>
      <trkpt lat="23.38802366517484188079833984375" lon="113.244071938097476959228515625">
        <ele>10</ele>
        <time>2024-04-01T13:04:25.000Z</time>
        <extensions>
          <ns3:TrackPointExtension>
            <ns3:hr>102</ns3:hr>
            <ns3:cad>0</ns3:cad>
          </ns3:TrackPointExtension>
        </extensions>
      </trkpt>
      <trkpt lat="23.3879491500556468963623046875" lon="113.2438900507986545562744140625">
        <ele>9.80000019073486328125</ele>
        <time>2024-04-01T13:04:42.000Z</time>
        <extensions>
          <ns3:TrackPointExtension>
            <ns3:hr>101</ns3:hr>
            <ns3:cad>0</ns3:cad>
          </ns3:TrackPointExtension>
        </extensions>
      </trkpt>
      <trkpt lat="23.38792677037417888641357421875" lon="113.24378519318997859954833984375">
        <ele>9.6000003814697265625</ele>
        <time>2024-04-01T13:04:53.000Z</time>
        <extensions>
          <ns3:TrackPointExtension>
            <ns3:hr>98</ns3:hr>
            <ns3:cad>0</ns3:cad>
          </ns3:TrackPointExtension>
        </extensions>
      </trkpt>
      <trkpt lat="23.38782886974513530731201171875" lon="113.243615627288818359375">
        <ele>9.80000019073486328125</ele>
        <time>2024-04-01T13:05:14.000Z</time>
        <extensions>
          <ns3:TrackPointExtension>
            <ns3:hr>97</ns3:hr>
            <ns3:cad>61</ns3:cad>
          </ns3:TrackPointExtension>
        </extensions>
      </trkpt>
      <trkpt lat="23.38775276206433773040771484375" lon="113.2434813492000102996826171875">
        <ele>9.6000003814697265625</ele>
        <time>2024-04-01T13:05:27.000Z</time>
        <extensions>
          <ns3:TrackPointExtension>
            <ns3:hr>100</ns3:hr>
            <ns3:cad>0</ns3:cad>
          </ns3:TrackPointExtension>
        </extensions>
      </trkpt>
      <trkpt lat="23.3876604773104190826416015625" lon="113.243302144110202789306640625">
        <ele>8.6000003814697265625</ele>
        <time>2024-04-01T13:05:47.000Z</time>
        <extensions>
          <ns3:TrackPointExtension>
            <ns3:hr>100</ns3:hr>
            <ns3:cad>61</ns3:cad>
          </ns3:TrackPointExtension>
        </extensions>
      </trkpt>
      <trkpt lat="23.38755360804498195648193359375" lon="113.2431407086551189422607421875">
        <ele>7</ele>
        <time>2024-04-01T13:06:06.000Z</time>
        <extensions>
          <ns3:TrackPointExtension>
            <ns3:hr>100</ns3:hr>
            <ns3:cad>51</ns3:cad>
          </ns3:TrackPointExtension>
        </extensions>
      </trkpt>
      <trkpt lat="23.38746375404298305511474609375" lon="113.242969550192356109619140625">
        <ele>4.80000019073486328125</ele>
        <time>2024-04-01T13:06:25.000Z</time>
        <extensions>
          <ns3:TrackPointExtension>
            <ns3:hr>99</ns3:hr>
            <ns3:cad>0</ns3:cad>
          </ns3:TrackPointExtension>
        </extensions>
      </trkpt>
      <trkpt lat="23.3873645961284637451171875" lon="113.242798559367656707763671875">
        <ele>3.599999904632568359375</ele>
        <time>2024-04-01T13:06:43.000Z</time>
        <extensions>
          <ns3:TrackPointExtension>
            <ns3:hr>98</ns3:hr>
            <ns3:cad>0</ns3:cad>
          </ns3:TrackPointExtension>
        </extensions>
      </trkpt>
      <trkpt lat="23.3872849680483341217041015625" lon="113.2426218688488006591796875">
        <ele>2.599999904632568359375</ele>
        <time>2024-04-01T13:07:03.000Z</time>
        <extensions>
          <ns3:TrackPointExtension>
            <ns3:hr>97</ns3:hr>
            <ns3:cad>0</ns3:cad>
          </ns3:TrackPointExtension>
        </extensions>
      </trkpt>
      <trkpt lat="23.38719720952212810516357421875" lon="113.24248633347451686859130859375">
        <ele>2.2000000476837158203125</ele>
        <time>2024-04-01T13:07:19.000Z</time>
        <extensions>
          <ns3:TrackPointExtension>
            <ns3:hr>100</ns3:hr>
            <ns3:cad>61</ns3:cad>
          </ns3:TrackPointExtension>
        </extensions>
      </trkpt>
      <trkpt lat="23.38711573742330074310302734375" lon="113.24230360798537731170654296875">
        <ele>3.400000095367431640625</ele>
        <time>2024-04-01T13:07:40.000Z</time>
        <extensions>
          <ns3:TrackPointExtension>
            <ns3:hr>98</ns3:hr>
            <ns3:cad>61</ns3:cad>
          </ns3:TrackPointExtension>
        </extensions>
      </trkpt>
      <trkpt lat="23.38708539493381977081298828125" lon="113.24224476702511310577392578125">
        <ele>4</ele>
        <time>2024-04-01T13:07:48.000Z</time>
        <extensions>
          <ns3:TrackPointExtension>
            <ns3:hr>98</ns3:hr>
            <ns3:cad>61</ns3:cad>
          </ns3:TrackPointExtension>
        </extensions>
      </trkpt>
      <trkpt lat="23.38706552982330322265625" lon="113.24222766794264316558837890625">
        <ele>4.400000095367431640625</ele>
        <time>2024-04-01T13:07:51.000Z</time>
        <extensions>
          <ns3:TrackPointExtension>
            <ns3:hr>98</ns3:hr>
            <ns3:cad>61</ns3:cad>
          </ns3:TrackPointExtension>
        </extensions>
      </trkpt>
      <trkpt lat="23.38701548986136913299560546875" lon="113.242207802832126617431640625">
        <ele>4.80000019073486328125</ele>
        <time>2024-04-01T13:07:56.000Z</time>
        <extensions>
          <ns3:TrackPointExtension>
            <ns3:hr>98</ns3:hr>
            <ns3:cad>61</ns3:cad>
          </ns3:TrackPointExtension>
        </extensions>
      </trkpt>
      <trkpt lat="23.38683662004768848419189453125" lon="113.2422180287539958953857421875">
        <ele>6</ele>
        <time>2024-04-01T13:08:12.000Z</time>
        <extensions>
          <ns3:TrackPointExtension>
            <ns3:hr>99</ns3:hr>
            <ns3:cad>0</ns3:cad>
          </ns3:TrackPointExtension>
        </extensions>
      </trkpt>
      <trkpt lat="23.386677615344524383544921875" lon="113.24231810867786407470703125">
        <ele>6.400000095367431640625</ele>
        <time>2024-04-01T13:08:31.000Z</time>
        <extensions>
          <ns3:TrackPointExtension>
            <ns3:hr>100</ns3:hr>
            <ns3:cad>56</ns3:cad>
          </ns3:TrackPointExtension>
        </extensions>
      </trkpt>
      <trkpt lat="23.38663042522966861724853515625" lon="113.242339901626110076904296875">
        <ele>6.599999904632568359375</ele>
        <time>2024-04-01T13:08:37.000Z</time>
        <extensions>
          <ns3:TrackPointExtension>
            <ns3:hr>100</ns3:hr>
            <ns3:cad>55</ns3:cad>
          </ns3:TrackPointExtension>
        </extensions>
      </trkpt>
      <trkpt lat="23.386615253984928131103515625" lon="113.24236194603145122528076171875">
        <ele>6.599999904632568359375</ele>
        <time>2024-04-01T13:08:39.000Z</time>
        <extensions>
          <ns3:TrackPointExtension>
            <ns3:hr>100</ns3:hr>
            <ns3:cad>55</ns3:cad>
          </ns3:TrackPointExtension>
        </extensions>
      </trkpt>
      <trkpt lat="23.3865617774426937103271484375" lon="113.242545425891876220703125">
        <ele>6.19999980926513671875</ele>
        <time>2024-04-01T13:08:58.000Z</time>
        <extensions>
          <ns3:TrackPointExtension>
            <ns3:hr>100</ns3:hr>
            <ns3:cad>0</ns3:cad>
          </ns3:TrackPointExtension>
        </extensions>
      </trkpt>
      <trkpt lat="23.3866243064403533935546875" lon="113.242732174694538116455078125">
        <ele>5.80000019073486328125</ele>
        <time>2024-04-01T13:09:19.000Z</time>
        <extensions>
          <ns3:TrackPointExtension>
            <ns3:hr>101</ns3:hr>
            <ns3:cad>0</ns3:cad>
          </ns3:TrackPointExtension>
        </extensions>
      </trkpt>
      <trkpt lat="23.38664484210312366485595703125" lon="113.2427613437175750732421875">
        <ele>5.400000095367431640625</ele>
        <time>2024-04-01T13:09:23.000Z</time>
        <extensions>
          <ns3:TrackPointExtension>
            <ns3:hr>101</ns3:hr>
            <ns3:cad>0</ns3:cad>
          </ns3:TrackPointExtension>
        </extensions>
      </trkpt>
      <trkpt lat="23.3866580016911029815673828125" lon="113.24278523214161396026611328125">
        <ele>5</ele>
        <time>2024-04-01T13:09:26.000Z</time>
        <extensions>
          <ns3:TrackPointExtension>
            <ns3:hr>101</ns3:hr>
            <ns3:cad>60</ns3:cad>
          </ns3:TrackPointExtension>
        </extensions>
      </trkpt>
      <trkpt lat="23.3866942115128040313720703125" lon="113.24284113943576812744140625">
        <ele>4.19999980926513671875</ele>
        <time>2024-04-01T13:09:33.000Z</time>
        <extensions>
          <ns3:TrackPointExtension>
            <ns3:hr>100</ns3:hr>
            <ns3:cad>44</ns3:cad>
          </ns3:TrackPointExtension>
        </extensions>
      </trkpt>
      <trkpt lat="23.38669882155954837799072265625" lon="113.24287869036197662353515625">
        <ele>3.599999904632568359375</ele>
        <time>2024-04-01T13:09:36.000Z</time>
        <extensions>
          <ns3:TrackPointExtension>
            <ns3:hr>100</ns3:hr>
            <ns3:cad>44</ns3:cad>
          </ns3:TrackPointExtension>
        </extensions>
      </trkpt>
      <trkpt lat="23.38670250959694385528564453125" lon="113.2429061830043792724609375">
        <ele>3.400000095367431640625</ele>
        <time>2024-04-01T13:09:38.000Z</time>
        <extensions>
          <ns3:TrackPointExtension>
            <ns3:hr>100</ns3:hr>
            <ns3:cad>0</ns3:cad>
          </ns3:TrackPointExtension>
        </extensions>
      </trkpt>
      <trkpt lat="23.38670887984335422515869140625" lon="113.24294297955930233001708984375">
        <ele>3</ele>
        <time>2024-04-01T13:09:42.000Z</time>
        <extensions>
          <ns3:TrackPointExtension>
            <ns3:hr>100</ns3:hr>
            <ns3:cad>55</ns3:cad>
          </ns3:TrackPointExtension>
        </extensions>
      </trkpt>
      <trkpt lat="23.38671608828008174896240234375" lon="113.24295538477599620819091796875">
        <ele>2.7999999523162841796875</ele>
        <time>2024-04-01T13:09:44.000Z</time>
        <extensions>
          <ns3:TrackPointExtension>
            <ns3:hr>97</ns3:hr>
            <ns3:cad>55</ns3:cad>
          </ns3:TrackPointExtension>
        </extensions>
      </trkpt>
      <trkpt lat="23.38672287762165069580078125" lon="113.24297147803008556365966796875">
        <ele>2.599999904632568359375</ele>
        <time>2024-04-01T13:09:46.000Z</time>
        <extensions>
          <ns3:TrackPointExtension>
            <ns3:hr>97</ns3:hr>
            <ns3:cad>55</ns3:cad>
          </ns3:TrackPointExtension>
        </extensions>
      </trkpt>
      <trkpt lat="23.3867227099835872650146484375" lon="113.24300936423242092132568359375">
        <ele>2</ele>
        <time>2024-04-01T13:09:50.000Z</time>
        <extensions>
          <ns3:TrackPointExtension>
            <ns3:hr>97</ns3:hr>
            <ns3:cad>0</ns3:cad>
          </ns3:TrackPointExtension>
        </extensions>
      </trkpt>
      <trkpt lat="23.38671927340328693389892578125" lon="113.24301908724009990692138671875">
        <ele>1.7999999523162841796875</ele>
        <time>2024-04-01T13:09:51.000Z</time>
        <extensions>
          <ns3:TrackPointExtension>
            <ns3:hr>97</ns3:hr>
            <ns3:cad>0</ns3:cad>
          </ns3:TrackPointExtension>
        </extensions>
      </trkpt>
      <trkpt lat="23.38672799058258533477783203125" lon="113.24306133203208446502685546875">
        <ele>1</ele>
        <time>2024-04-01T13:09:55.000Z</time>
        <extensions>
          <ns3:TrackPointExtension>
            <ns3:hr>96</ns3:hr>
            <ns3:cad>0</ns3:cad>
          </ns3:TrackPointExtension>
        </extensions>
      </trkpt>
      <trkpt lat="23.38673201389610767364501953125" lon="113.2430863939225673675537109375">
        <ele>0.4000000059604644775390625</ele>
        <time>2024-04-01T13:09:57.000Z</time>
        <extensions>
          <ns3:TrackPointExtension>
            <ns3:hr>96</ns3:hr>
            <ns3:cad>0</ns3:cad>
          </ns3:TrackPointExtension>
        </extensions>
      </trkpt>
      <trkpt lat="23.38677358813583850860595703125" lon="113.2432164810597896575927734375">
        <ele>-2.2000000476837158203125</ele>
        <time>2024-04-01T13:10:11.000Z</time>
        <extensions>
          <ns3:TrackPointExtension>
            <ns3:hr>99</ns3:hr>
            <ns3:cad>0</ns3:cad>
          </ns3:TrackPointExtension>
        </extensions>
      </trkpt>
      <trkpt lat="23.386840559542179107666015625" lon="113.24339979328215122222900390625">
        <ele>-3</ele>
        <time>2024-04-01T13:10:29.000Z</time>
        <extensions>
          <ns3:TrackPointExtension>
            <ns3:hr>101</ns3:hr>
            <ns3:cad>61</ns3:cad>
          </ns3:TrackPointExtension>
        </extensions>
      </trkpt>
      <trkpt lat="23.386885486543178558349609375" lon="113.243540190160274505615234375">
        <ele>-3</ele>
        <time>2024-04-01T13:10:45.000Z</time>
        <extensions>
          <ns3:TrackPointExtension>
            <ns3:hr>99</ns3:hr>
            <ns3:cad>0</ns3:cad>
          </ns3:TrackPointExtension>
        </extensions>
      </trkpt>
      <trkpt lat="23.38691624812781810760498046875" lon="113.24359509162604808807373046875">
        <ele>-2.2000000476837158203125</ele>
        <time>2024-04-01T13:10:52.000Z</time>
        <extensions>
          <ns3:TrackPointExtension>
            <ns3:hr>99</ns3:hr>
            <ns3:cad>57</ns3:cad>
          </ns3:TrackPointExtension>
        </extensions>
      </trkpt>
      <trkpt lat="23.38695765472948551177978515625" lon="113.24369953013956546783447265625">
        <ele>0.20000000298023223876953125</ele>
        <time>2024-04-01T13:11:00.000Z</time>
        <extensions>
          <ns3:TrackPointExtension>
            <ns3:hr>99</ns3:hr>
            <ns3:cad>0</ns3:cad>
          </ns3:TrackPointExtension>
        </extensions>
      </trkpt>
      <trkpt lat="23.386976011097431182861328125" lon="113.24372216127812862396240234375">
        <ele>1</ele>
        <time>2024-04-01T13:11:02.000Z</time>
        <extensions>
          <ns3:TrackPointExtension>
            <ns3:hr>99</ns3:hr>
            <ns3:cad>62</ns3:cad>
          </ns3:TrackPointExtension>
        </extensions>
      </trkpt>
      <trkpt lat="23.3870534598827362060546875" lon="113.2439058087766170501708984375">
        <ele>4</ele>
        <time>2024-04-01T13:11:20.000Z</time>
        <extensions>
          <ns3:TrackPointExtension>
            <ns3:hr>100</ns3:hr>
            <ns3:cad>0</ns3:cad>
          </ns3:TrackPointExtension>
        </extensions>
      </trkpt>
      <trkpt lat="23.38710551150143146514892578125" lon="113.24409968219697475433349609375">
        <ele>6.400000095367431640625</ele>
        <time>2024-04-01T13:11:39.000Z</time>
        <extensions>
          <ns3:TrackPointExtension>
            <ns3:hr>99</ns3:hr>
            <ns3:cad>0</ns3:cad>
          </ns3:TrackPointExtension>
        </extensions>
      </trkpt>
      <trkpt lat="23.3871847204864025115966796875" lon="113.24425290338695049285888671875">
        <ele>8.6000003814697265625</ele>
        <time>2024-04-01T13:11:58.000Z</time>
        <extensions>
          <ns3:TrackPointExtension>
            <ns3:hr>99</ns3:hr>
            <ns3:cad>61</ns3:cad>
          </ns3:TrackPointExtension>
        </extensions>
      </trkpt>
      <trkpt lat="23.38719335384666919708251953125" lon="113.24426916427910327911376953125">
        <ele>8.80000019073486328125</ele>
        <time>2024-04-01T13:12:00.000Z</time>
        <extensions>
          <ns3:TrackPointExtension>
            <ns3:hr>99</ns3:hr>
            <ns3:cad>0</ns3:cad>
          </ns3:TrackPointExtension>
        </extensions>
      </trkpt>
      <trkpt lat="23.38720592670142650604248046875" lon="113.24428156949579715728759765625">
        <ele>9</ele>
        <time>2024-04-01T13:12:02.000Z</time>
        <extensions>
          <ns3:TrackPointExtension>
            <ns3:hr>99</ns3:hr>
            <ns3:cad>0</ns3:cad>
          </ns3:TrackPointExtension>
        </extensions>
      </trkpt>
      <trkpt lat="23.3872407115995883941650390625" lon="113.244364969432353973388671875">
        <ele>10</ele>
        <time>2024-04-01T13:12:10.000Z</time>
        <extensions>
          <ns3:TrackPointExtension>
            <ns3:hr>99</ns3:hr>
            <ns3:cad>0</ns3:cad>
          </ns3:TrackPointExtension>
        </extensions>
      </trkpt>
      <trkpt lat="23.38731572963297367095947265625" lon="113.24455465190112590789794921875">
        <ele>9.3999996185302734375</ele>
        <time>2024-04-01T13:12:29.000Z</time>
        <extensions>
          <ns3:TrackPointExtension>
            <ns3:hr>99</ns3:hr>
            <ns3:cad>57</ns3:cad>
          </ns3:TrackPointExtension>
        </extensions>
      </trkpt>
      <trkpt lat="23.38738144375383853912353515625" lon="113.2447372935712337493896484375">
        <ele>8.3999996185302734375</ele>
        <time>2024-04-01T13:12:48.000Z</time>
        <extensions>
          <ns3:TrackPointExtension>
            <ns3:hr>99</ns3:hr>
            <ns3:cad>55</ns3:cad>
          </ns3:TrackPointExtension>
        </extensions>
      </trkpt>
      <trkpt lat="23.38743357919156551361083984375" lon="113.24493083171546459197998046875">
        <ele>6.400000095367431640625</ele>
        <time>2024-04-01T13:13:07.000Z</time>
        <extensions>
          <ns3:TrackPointExtension>
            <ns3:hr>99</ns3:hr>
            <ns3:cad>56</ns3:cad>
          </ns3:TrackPointExtension>
        </extensions>
      </trkpt>
      <trkpt lat="23.3874640055000782012939453125" lon="113.2449996471405029296875">
        <ele>5.80000019073486328125</ele>
        <time>2024-04-01T13:13:15.000Z</time>
        <extensions>
          <ns3:TrackPointExtension>
            <ns3:hr>96</ns3:hr>
            <ns3:cad>56</ns3:cad>
          </ns3:TrackPointExtension>
        </extensions>
      </trkpt>
      <trkpt lat="23.38747926056385040283203125" lon="113.245050944387912750244140625">
        <ele>5.599999904632568359375</ele>
        <time>2024-04-01T13:13:20.000Z</time>
        <extensions>
          <ns3:TrackPointExtension>
            <ns3:hr>93</ns3:hr>
            <ns3:cad>55</ns3:cad>
          </ns3:TrackPointExtension>
        </extensions>
      </trkpt>
      <trkpt lat="23.38753047399222850799560546875" lon="113.245237357914447784423828125">
        <ele>5.400000095367431640625</ele>
        <time>2024-04-01T13:13:39.000Z</time>
        <extensions>
          <ns3:TrackPointExtension>
            <ns3:hr>91</ns3:hr>
            <ns3:cad>0</ns3:cad>
          </ns3:TrackPointExtension>
        </extensions>
      </trkpt>
      <trkpt lat="23.3875603973865509033203125" lon="113.2453215122222900390625">
        <ele>6</ele>
        <time>2024-04-01T13:13:48.000Z</time>
        <extensions>
          <ns3:TrackPointExtension>
            <ns3:hr>94</ns3:hr>
            <ns3:cad>0</ns3:cad>
          </ns3:TrackPointExtension>
        </extensions>
      </trkpt>
      <trkpt lat="23.38762820698320865631103515625" lon="113.24550683610141277313232421875">
        <ele>7.19999980926513671875</ele>
        <time>2024-04-01T13:14:09.000Z</time>
        <extensions>
          <ns3:TrackPointExtension>
            <ns3:hr>96</ns3:hr>
            <ns3:cad>0</ns3:cad>
          </ns3:TrackPointExtension>
        </extensions>
      </trkpt>
      <trkpt lat="23.387701548635959625244140625" lon="113.24569710530340671539306640625">
        <ele>8.3999996185302734375</ele>
        <time>2024-04-01T13:14:27.000Z</time>
        <extensions>
          <ns3:TrackPointExtension>
            <ns3:hr>97</ns3:hr>
            <ns3:cad>0</ns3:cad>
          </ns3:TrackPointExtension>
        </extensions>
      </trkpt>
      <trkpt lat="23.38774857111275196075439453125" lon="113.245892487466335296630859375">
        <ele>9</ele>
        <time>2024-04-01T13:14:48.000Z</time>
        <extensions>
          <ns3:TrackPointExtension>
            <ns3:hr>97</ns3:hr>
            <ns3:cad>54</ns3:cad>
          </ns3:TrackPointExtension>
        </extensions>
      </trkpt>
      <trkpt lat="23.38781210593879222869873046875" lon="113.2460800744593143463134765625">
        <ele>9</ele>
        <time>2024-04-01T13:15:07.000Z</time>
        <extensions>
          <ns3:TrackPointExtension>
            <ns3:hr>99</ns3:hr>
            <ns3:cad>0</ns3:cad>
          </ns3:TrackPointExtension>
        </extensions>
      </trkpt>
      <trkpt lat="23.387851417064666748046875" lon="113.24627880938351154327392578125">
        <ele>9.3999996185302734375</ele>
        <time>2024-04-01T13:15:27.000Z</time>
        <extensions>
          <ns3:TrackPointExtension>
            <ns3:hr>98</ns3:hr>
            <ns3:cad>61</ns3:cad>
          </ns3:TrackPointExtension>
        </extensions>
      </trkpt>
      <trkpt lat="23.3879089169204235076904296875" lon="113.2464398257434368133544921875">
        <ele>9.6000003814697265625</ele>
        <time>2024-04-01T13:15:43.000Z</time>
        <extensions>
          <ns3:TrackPointExtension>
            <ns3:hr>94</ns3:hr>
            <ns3:cad>0</ns3:cad>
          </ns3:TrackPointExtension>
        </extensions>
      </trkpt>
      <trkpt lat="23.38793079368770122528076171875" lon="113.2464884407818317413330078125">
        <ele>9.6000003814697265625</ele>
        <time>2024-04-01T13:15:49.000Z</time>
        <extensions>
          <ns3:TrackPointExtension>
            <ns3:hr>91</ns3:hr>
            <ns3:cad>0</ns3:cad>
          </ns3:TrackPointExtension>
        </extensions>
      </trkpt>
      <trkpt lat="23.38798209093511104583740234375" lon="113.24667929671704769134521484375">
        <ele>10</ele>
        <time>2024-04-01T13:16:10.000Z</time>
        <extensions>
          <ns3:TrackPointExtension>
            <ns3:hr>92</ns3:hr>
            <ns3:cad>57</ns3:cad>
          </ns3:TrackPointExtension>
        </extensions>
      </trkpt>
      <trkpt lat="23.38798779062926769256591796875" lon="113.246744088828563690185546875">
        <ele>10</ele>
        <time>2024-04-01T13:16:16.000Z</time>
        <extensions>
          <ns3:TrackPointExtension>
            <ns3:hr>95</ns3:hr>
            <ns3:cad>61</ns3:cad>
          </ns3:TrackPointExtension>
        </extensions>
      </trkpt>
      <trkpt lat="23.3879897184669971466064453125" lon="113.24677250348031520843505859375">
        <ele>10</ele>
        <time>2024-04-01T13:16:19.000Z</time>
        <extensions>
          <ns3:TrackPointExtension>
            <ns3:hr>91</ns3:hr>
            <ns3:cad>61</ns3:cad>
          </ns3:TrackPointExtension>
        </extensions>
      </trkpt>
      <trkpt lat="23.3880661614239215850830078125" lon="113.2469571568071842193603515625">
        <ele>9</ele>
        <time>2024-04-01T13:16:38.000Z</time>
        <extensions>
          <ns3:TrackPointExtension>
            <ns3:hr>92</ns3:hr>
            <ns3:cad>56</ns3:cad>
          </ns3:TrackPointExtension>
        </extensions>
      </trkpt>
      <trkpt lat="23.388099856674671173095703125" lon="113.2470771856606006622314453125">
        <ele>7.599999904632568359375</ele>
        <time>2024-04-01T13:16:51.000Z</time>
        <extensions>
          <ns3:TrackPointExtension>
            <ns3:hr>95</ns3:hr>
            <ns3:cad>0</ns3:cad>
          </ns3:TrackPointExtension>
        </extensions>
      </trkpt>
      <trkpt lat="23.38814402930438518524169921875" lon="113.247269801795482635498046875">
        <ele>6.599999904632568359375</ele>
        <time>2024-04-01T13:17:09.000Z</time>
        <extensions>
          <ns3:TrackPointExtension>
            <ns3:hr>93</ns3:hr>
            <ns3:cad>0</ns3:cad>
          </ns3:TrackPointExtension>
        </extensions>
      </trkpt>
      <trkpt lat="23.388164229691028594970703125" lon="113.24747105129063129425048828125">
        <ele>5</ele>
        <time>2024-04-01T13:17:30.000Z</time>
        <extensions>
          <ns3:TrackPointExtension>
            <ns3:hr>94</ns3:hr>
            <ns3:cad>0</ns3:cad>
          </ns3:TrackPointExtension>
        </extensions>
      </trkpt>
      <trkpt lat="23.38821158744394779205322265625" lon="113.24766819365322589874267578125">
        <ele>5.80000019073486328125</ele>
        <time>2024-04-01T13:17:48.000Z</time>
        <extensions>
          <ns3:TrackPointExtension>
            <ns3:hr>96</ns3:hr>
            <ns3:cad>0</ns3:cad>
          </ns3:TrackPointExtension>
        </extensions>
      </trkpt>
      <trkpt lat="23.38828199543058872222900390625" lon="113.24785443954169750213623046875">
        <ele>5</ele>
        <time>2024-04-01T13:18:07.000Z</time>
        <extensions>
          <ns3:TrackPointExtension>
            <ns3:hr>93</ns3:hr>
            <ns3:cad>61</ns3:cad>
          </ns3:TrackPointExtension>
        </extensions>
      </trkpt>
      <trkpt lat="23.38830177672207355499267578125" lon="113.24798285029828548431396484375">
        <ele>4</ele>
        <time>2024-04-01T13:18:21.000Z</time>
        <extensions>
          <ns3:TrackPointExtension>
            <ns3:hr>94</ns3:hr>
            <ns3:cad>0</ns3:cad>
          </ns3:TrackPointExtension>
        </extensions>
      </trkpt>
      <trkpt lat="23.388305045664310455322265625" lon="113.24799927882850170135498046875">
        <ele>4.19999980926513671875</ele>
        <time>2024-04-01T13:18:23.000Z</time>
        <extensions>
          <ns3:TrackPointExtension>
            <ns3:hr>95</ns3:hr>
            <ns3:cad>0</ns3:cad>
          </ns3:TrackPointExtension>
        </extensions>
      </trkpt>
      <trkpt lat="23.388319127261638641357421875" lon="113.24807102791965007781982421875">
        <ele>4.599999904632568359375</ele>
        <time>2024-04-01T13:18:30.000Z</time>
        <extensions>
          <ns3:TrackPointExtension>
            <ns3:hr>96</ns3:hr>
            <ns3:cad>0</ns3:cad>
          </ns3:TrackPointExtension>
        </extensions>
      </trkpt>
      <trkpt lat="23.388330526649951934814453125" lon="113.24812777340412139892578125">
        <ele>5.19999980926513671875</ele>
        <time>2024-04-01T13:18:36.000Z</time>
        <extensions>
          <ns3:TrackPointExtension>
            <ns3:hr>96</ns3:hr>
            <ns3:cad>0</ns3:cad>
          </ns3:TrackPointExtension>
        </extensions>
      </trkpt>
      <trkpt lat="23.3883382380008697509765625" lon="113.24818636290729045867919921875">
        <ele>5.599999904632568359375</ele>
        <time>2024-04-01T13:18:42.000Z</time>
        <extensions>
          <ns3:TrackPointExtension>
            <ns3:hr>96</ns3:hr>
            <ns3:cad>0</ns3:cad>
          </ns3:TrackPointExtension>
        </extensions>
      </trkpt>
      <trkpt lat="23.3883487991988658905029296875" lon="113.2482094131410121917724609375">
        <ele>5.80000019073486328125</ele>
        <time>2024-04-01T13:18:45.000Z</time>
        <extensions>
          <ns3:TrackPointExtension>
            <ns3:hr>96</ns3:hr>
            <ns3:cad>0</ns3:cad>
          </ns3:TrackPointExtension>
        </extensions>
      </trkpt>
      <trkpt lat="23.3883570134639739990234375" lon="113.24823766015470027923583984375">
        <ele>6</ele>
        <time>2024-04-01T13:18:48.000Z</time>
        <extensions>
          <ns3:TrackPointExtension>
            <ns3:hr>96</ns3:hr>
            <ns3:cad>61</ns3:cad>
          </ns3:TrackPointExtension>
        </extensions>
      </trkpt>
      <trkpt lat="23.38836816139519214630126953125" lon="113.248269259929656982421875">
        <ele>6.19999980926513671875</ele>
        <time>2024-04-01T13:18:52.000Z</time>
        <extensions>
          <ns3:TrackPointExtension>
            <ns3:hr>96</ns3:hr>
            <ns3:cad>61</ns3:cad>
          </ns3:TrackPointExtension>
        </extensions>
      </trkpt>
      <trkpt lat="23.3883742801845073699951171875" lon="113.2483099959790706634521484375">
        <ele>6.80000019073486328125</ele>
        <time>2024-04-01T13:18:56.000Z</time>
        <extensions>
          <ns3:TrackPointExtension>
            <ns3:hr>96</ns3:hr>
            <ns3:cad>60</ns3:cad>
          </ns3:TrackPointExtension>
        </extensions>
      </trkpt>
      <trkpt lat="23.3884012699127197265625" lon="113.24850973673164844512939453125">
        <ele>9</ele>
        <time>2024-04-01T13:19:15.000Z</time>
        <extensions>
          <ns3:TrackPointExtension>
            <ns3:hr>96</ns3:hr>
            <ns3:cad>58</ns3:cad>
          </ns3:TrackPointExtension>
        </extensions>
      </trkpt>
      <trkpt lat="23.38842750526964664459228515625" lon="113.2486305199563503265380859375">
        <ele>9.80000019073486328125</ele>
        <time>2024-04-01T13:19:30.000Z</time>
        <extensions>
          <ns3:TrackPointExtension>
            <ns3:hr>95</ns3:hr>
            <ns3:cad>57</ns3:cad>
          </ns3:TrackPointExtension>
        </extensions>
      </trkpt>
      <trkpt lat="23.38843622244894504547119140625" lon="113.24871391989290714263916015625">
        <ele>10</ele>
        <time>2024-04-01T13:19:38.000Z</time>
        <extensions>
          <ns3:TrackPointExtension>
            <ns3:hr>95</ns3:hr>
            <ns3:cad>0</ns3:cad>
          </ns3:TrackPointExtension>
        </extensions>
      </trkpt>
      <trkpt lat="23.38848081417381763458251953125" lon="113.2489054463803768157958984375">
        <ele>10.3999996185302734375</ele>
        <time>2024-04-01T13:19:54.000Z</time>
        <extensions>
          <ns3:TrackPointExtension>
            <ns3:hr>96</ns3:hr>
            <ns3:cad>55</ns3:cad>
          </ns3:TrackPointExtension>
        </extensions>
      </trkpt>
      <trkpt lat="23.38860042393207550048828125" lon="113.249068222939968109130859375">
        <ele>11</ele>
        <time>2024-04-01T13:20:11.000Z</time>
        <extensions>
          <ns3:TrackPointExtension>
            <ns3:hr>97</ns3:hr>
            <ns3:cad>61</ns3:cad>
          </ns3:TrackPointExtension>
        </extensions>
      </trkpt>
      <trkpt lat="23.38875892572104930877685546875" lon="113.24918347410857677459716796875">
        <ele>11.3999996185302734375</ele>
        <time>2024-04-01T13:20:30.000Z</time>
        <extensions>
          <ns3:TrackPointExtension>
            <ns3:hr>96</ns3:hr>
            <ns3:cad>61</ns3:cad>
          </ns3:TrackPointExtension>
        </extensions>
      </trkpt>
      <trkpt lat="23.38893461041152477264404296875" lon="113.2492517866194248199462890625">
        <ele>11.3999996185302734375</ele>
        <time>2024-04-01T13:20:50.000Z</time>
        <extensions>
          <ns3:TrackPointExtension>
            <ns3:hr>97</ns3:hr>
            <ns3:cad>60</ns3:cad>
          </ns3:TrackPointExtension>
        </extensions>
      </trkpt>
      <trkpt lat="23.389117754995822906494140625" lon="113.24925388209521770477294921875">
        <ele>11</ele>
        <time>2024-04-01T13:21:09.000Z</time>
        <extensions>
          <ns3:TrackPointExtension>
            <ns3:hr>96</ns3:hr>
            <ns3:cad>61</ns3:cad>
          </ns3:TrackPointExtension>
        </extensions>
      </trkpt>
      <trkpt lat="23.38930542580783367156982421875" lon="113.249235861003398895263671875">
        <ele>10.80000019073486328125</ele>
        <time>2024-04-01T13:21:30.000Z</time>
        <extensions>
          <ns3:TrackPointExtension>
            <ns3:hr>95</ns3:hr>
            <ns3:cad>61</ns3:cad>
          </ns3:TrackPointExtension>
        </extensions>
      </trkpt>
      <trkpt lat="23.3893787674605846405029296875" lon="113.2492336817085742950439453125">
        <ele>10.19999980926513671875</ele>
        <time>2024-04-01T13:21:37.000Z</time>
        <extensions>
          <ns3:TrackPointExtension>
            <ns3:hr>85</ns3:hr>
            <ns3:cad>0</ns3:cad>
          </ns3:TrackPointExtension>
        </extensions>
      </trkpt>
      <trkpt lat="23.38938689790666103363037109375" lon="113.24923644773662090301513671875">
        <ele>10.19999980926513671875</ele>
        <time>2024-04-01T13:21:38.000Z</time>
        <extensions>
          <ns3:TrackPointExtension>
            <ns3:hr>81</ns3:hr>
            <ns3:cad>0</ns3:cad>
          </ns3:TrackPointExtension>
        </extensions>
      </trkpt>
      <trkpt lat="23.3895779214799404144287109375" lon="113.24920208193361759185791015625">
        <ele>9.80000019073486328125</ele>
        <time>2024-04-01T13:21:57.000Z</time>
        <extensions>
          <ns3:TrackPointExtension>
            <ns3:hr>83</ns3:hr>
            <ns3:cad>0</ns3:cad>
          </ns3:TrackPointExtension>
        </extensions>
      </trkpt>
      <trkpt lat="23.3896793425083160400390625" lon="113.24919654987752437591552734375">
        <ele>10.6000003814697265625</ele>
        <time>2024-04-01T13:22:07.000Z</time>
        <extensions>
          <ns3:TrackPointExtension>
            <ns3:hr>86</ns3:hr>
            <ns3:cad>0</ns3:cad>
          </ns3:TrackPointExtension>
        </extensions>
      </trkpt>
      <trkpt lat="23.3897619880735874176025390625" lon="113.2491894252598285675048828125">
        <ele>10.19999980926513671875</ele>
        <time>2024-04-01T13:22:17.000Z</time>
        <extensions>
          <ns3:TrackPointExtension>
            <ns3:hr>89</ns3:hr>
            <ns3:cad>0</ns3:cad>
          </ns3:TrackPointExtension>
        </extensions>
      </trkpt>
      <trkpt lat="23.38995016179978847503662109375" lon="113.24914827011525630950927734375">
        <ele>7.400000095367431640625</ele>
        <time>2024-04-01T13:22:34.000Z</time>
        <extensions>
          <ns3:TrackPointExtension>
            <ns3:hr>89</ns3:hr>
            <ns3:cad>0</ns3:cad>
          </ns3:TrackPointExtension>
        </extensions>
      </trkpt>
      <trkpt lat="23.39013892225921154022216796875" lon="113.249137960374355316162109375">
        <ele>4.80000019073486328125</ele>
        <time>2024-04-01T13:22:53.000Z</time>
        <extensions>
          <ns3:TrackPointExtension>
            <ns3:hr>91</ns3:hr>
            <ns3:cad>0</ns3:cad>
          </ns3:TrackPointExtension>
        </extensions>
      </trkpt>
      <trkpt lat="23.39019021950662136077880859375" lon="113.2491377927362918853759765625">
        <ele>4</ele>
        <time>2024-04-01T13:23:01.000Z</time>
        <extensions>
          <ns3:TrackPointExtension>
            <ns3:hr>92</ns3:hr>
            <ns3:cad>60</ns3:cad>
          </ns3:TrackPointExtension>
        </extensions>
      </trkpt>
      <trkpt lat="23.39026196859776973724365234375" lon="113.2492093741893768310546875">
        <ele>3.400000095367431640625</ele>
        <time>2024-04-01T13:23:14.000Z</time>
        <extensions>
          <ns3:TrackPointExtension>
            <ns3:hr>92</ns3:hr>
            <ns3:cad>0</ns3:cad>
          </ns3:TrackPointExtension>
        </extensions>
      </trkpt>
      <trkpt lat="23.390287868678569793701171875" lon="113.24925505556166172027587890625">
        <ele>3.400000095367431640625</ele>
        <time>2024-04-01T13:23:19.000Z</time>
        <extensions>
          <ns3:TrackPointExtension>
            <ns3:hr>92</ns3:hr>
            <ns3:cad>0</ns3:cad>
          </ns3:TrackPointExtension>
        </extensions>
      </trkpt>
      <trkpt lat="23.3903135173022747039794921875" lon="113.2493027485907077789306640625">
        <ele>3.599999904632568359375</ele>
        <time>2024-04-01T13:23:24.000Z</time>
        <extensions>
          <ns3:TrackPointExtension>
            <ns3:hr>92</ns3:hr>
            <ns3:cad>0</ns3:cad>
          </ns3:TrackPointExtension>
        </extensions>
      </trkpt>
      <trkpt lat="23.3903547562658786773681640625" lon="113.249436356127262115478515625">
        <ele>4.400000095367431640625</ele>
        <time>2024-04-01T13:23:39.000Z</time>
        <extensions>
          <ns3:TrackPointExtension>
            <ns3:hr>89</ns3:hr>
            <ns3:cad>61</ns3:cad>
          </ns3:TrackPointExtension>
        </extensions>
      </trkpt>
      <trkpt lat="23.390356935560703277587890625" lon="113.24944683350622653961181640625">
        <ele>4.599999904632568359375</ele>
        <time>2024-04-01T13:23:40.000Z</time>
        <extensions>
          <ns3:TrackPointExtension>
            <ns3:hr>89</ns3:hr>
            <ns3:cad>61</ns3:cad>
          </ns3:TrackPointExtension>
        </extensions>
      </trkpt>
      <trkpt lat="23.39037344790995121002197265625" lon="113.24951590038836002349853515625">
        <ele>5.599999904632568359375</ele>
        <time>2024-04-01T13:23:47.000Z</time>
        <extensions>
          <ns3:TrackPointExtension>
            <ns3:hr>91</ns3:hr>
            <ns3:cad>0</ns3:cad>
          </ns3:TrackPointExtension>
        </extensions>
      </trkpt>
      <trkpt lat="23.390389122068881988525390625" lon="113.24959401972591876983642578125">
        <ele>7</ele>
        <time>2024-04-01T13:23:55.000Z</time>
        <extensions>
          <ns3:TrackPointExtension>
            <ns3:hr>91</ns3:hr>
            <ns3:cad>0</ns3:cad>
          </ns3:TrackPointExtension>
        </extensions>
      </trkpt>
      <trkpt lat="23.3903936482965946197509765625" lon="113.24961413629353046417236328125">
        <ele>7.19999980926513671875</ele>
        <time>2024-04-01T13:23:57.000Z</time>
        <extensions>
          <ns3:TrackPointExtension>
            <ns3:hr>91</ns3:hr>
            <ns3:cad>0</ns3:cad>
          </ns3:TrackPointExtension>
        </extensions>
      </trkpt>
      <trkpt lat="23.39044871740043163299560546875" lon="113.249810524284839630126953125">
        <ele>8.6000003814697265625</ele>
        <time>2024-04-01T13:24:15.000Z</time>
        <extensions>
          <ns3:TrackPointExtension>
            <ns3:hr>91</ns3:hr>
            <ns3:cad>0</ns3:cad>
          </ns3:TrackPointExtension>
        </extensions>
      </trkpt>
      <trkpt lat="23.39050169102847576141357421875" lon="113.25000272132456302642822265625">
        <ele>9</ele>
        <time>2024-04-01T13:24:36.000Z</time>
        <extensions>
          <ns3:TrackPointExtension>
            <ns3:hr>92</ns3:hr>
            <ns3:cad>0</ns3:cad>
          </ns3:TrackPointExtension>
        </extensions>
      </trkpt>
      <trkpt lat="23.3905404992401599884033203125" lon="113.25019433163106441497802734375">
        <ele>8</ele>
        <time>2024-04-01T13:24:56.000Z</time>
        <extensions>
          <ns3:TrackPointExtension>
            <ns3:hr>92</ns3:hr>
            <ns3:cad>0</ns3:cad>
          </ns3:TrackPointExtension>
        </extensions>
      </trkpt>
      <trkpt lat="23.39057092554867267608642578125" lon="113.25038325972855091094970703125">
        <ele>5.400000095367431640625</ele>
        <time>2024-04-01T13:25:16.000Z</time>
        <extensions>
          <ns3:TrackPointExtension>
            <ns3:hr>90</ns3:hr>
            <ns3:cad>0</ns3:cad>
          </ns3:TrackPointExtension>
        </extensions>
      </trkpt>
      <trkpt lat="23.390572853386402130126953125" lon="113.25040387921035289764404296875">
        <ele>5.19999980926513671875</ele>
        <time>2024-04-01T13:25:18.000Z</time>
        <extensions>
          <ns3:TrackPointExtension>
            <ns3:hr>91</ns3:hr>
            <ns3:cad>0</ns3:cad>
          </ns3:TrackPointExtension>
        </extensions>
      </trkpt>
      <trkpt lat="23.39057989418506622314453125" lon="113.25043606571853160858154296875">
        <ele>4.80000019073486328125</ele>
        <time>2024-04-01T13:25:21.000Z</time>
        <extensions>
          <ns3:TrackPointExtension>
            <ns3:hr>91</ns3:hr>
            <ns3:cad>0</ns3:cad>
          </ns3:TrackPointExtension>
        </extensions>
      </trkpt>
      <trkpt lat="23.39059959165751934051513671875" lon="113.250542767345905303955078125">
        <ele>4.19999980926513671875</ele>
        <time>2024-04-01T13:25:29.000Z</time>
        <extensions>
          <ns3:TrackPointExtension>
            <ns3:hr>90</ns3:hr>
            <ns3:cad>0</ns3:cad>
          </ns3:TrackPointExtension>
        </extensions>
      </trkpt>
      <trkpt lat="23.39063362218439579010009765625" lon="113.25072557665407657623291015625">
        <ele>4.80000019073486328125</ele>
        <time>2024-04-01T13:25:46.000Z</time>
        <extensions>
          <ns3:TrackPointExtension>
            <ns3:hr>93</ns3:hr>
            <ns3:cad>61</ns3:cad>
          </ns3:TrackPointExtension>
        </extensions>
      </trkpt>
      <trkpt lat="23.3906652219593524932861328125" lon="113.2507702521979808807373046875">
        <ele>5</ele>
        <time>2024-04-01T13:25:51.000Z</time>
        <extensions>
          <ns3:TrackPointExtension>
            <ns3:hr>90</ns3:hr>
            <ns3:cad>0</ns3:cad>
          </ns3:TrackPointExtension>
        </extensions>
      </trkpt>
      <trkpt lat="23.39068592526018619537353515625" lon="113.250782825052738189697265625">
        <ele>5.19999980926513671875</ele>
        <time>2024-04-01T13:25:53.000Z</time>
        <extensions>
          <ns3:TrackPointExtension>
            <ns3:hr>89</ns3:hr>
            <ns3:cad>0</ns3:cad>
          </ns3:TrackPointExtension>
        </extensions>
      </trkpt>
      <trkpt lat="23.39070436544716358184814453125" lon="113.2507917098701000213623046875">
        <ele>5.19999980926513671875</ele>
        <time>2024-04-01T13:25:55.000Z</time>
        <extensions>
          <ns3:TrackPointExtension>
            <ns3:hr>86</ns3:hr>
            <ns3:cad>0</ns3:cad>
          </ns3:TrackPointExtension>
        </extensions>
      </trkpt>
      <trkpt lat="23.3908888511359691619873046875" lon="113.25081895105540752410888671875">
        <ele>6.400000095367431640625</ele>
        <time>2024-04-01T13:26:11.000Z</time>
        <extensions>
          <ns3:TrackPointExtension>
            <ns3:hr>86</ns3:hr>
            <ns3:cad>0</ns3:cad>
          </ns3:TrackPointExtension>
        </extensions>
      </trkpt>
      <trkpt lat="23.39101416058838367462158203125" lon="113.2508225552737712860107421875">
        <ele>7.80000019073486328125</ele>
        <time>2024-04-01T13:26:23.000Z</time>
        <extensions>
          <ns3:TrackPointExtension>
            <ns3:hr>87</ns3:hr>
            <ns3:cad>51</ns3:cad>
          </ns3:TrackPointExtension>
        </extensions>
      </trkpt>
      <trkpt lat="23.3910544775426387786865234375" lon="113.2508212141692638397216796875">
        <ele>8.19999980926513671875</ele>
        <time>2024-04-01T13:26:27.000Z</time>
        <extensions>
          <ns3:TrackPointExtension>
            <ns3:hr>88</ns3:hr>
            <ns3:cad>56</ns3:cad>
          </ns3:TrackPointExtension>
        </extensions>
      </trkpt>
      <trkpt lat="23.39113553054630756378173828125" lon="113.25083278119564056396484375">
        <ele>9.19999980926513671875</ele>
        <time>2024-04-01T13:26:37.000Z</time>
        <extensions>
          <ns3:TrackPointExtension>
            <ns3:hr>89</ns3:hr>
            <ns3:cad>53</ns3:cad>
          </ns3:TrackPointExtension>
        </extensions>
      </trkpt>
      <trkpt lat="23.3911644481122493743896484375" lon="113.2508369721472263336181640625">
        <ele>9.80000019073486328125</ele>
        <time>2024-04-01T13:26:40.000Z</time>
        <extensions>
          <ns3:TrackPointExtension>
            <ns3:hr>89</ns3:hr>
            <ns3:cad>57</ns3:cad>
          </ns3:TrackPointExtension>
        </extensions>
      </trkpt>
      <trkpt lat="23.3911909349262714385986328125" lon="113.25083076953887939453125">
        <ele>10</ele>
        <time>2024-04-01T13:26:42.000Z</time>
        <extensions>
          <ns3:TrackPointExtension>
            <ns3:hr>89</ns3:hr>
            <ns3:cad>57</ns3:cad>
          </ns3:TrackPointExtension>
        </extensions>
      </trkpt>
      <trkpt lat="23.39131557382643222808837890625" lon="113.25082766823470592498779296875">
        <ele>11.80000019073486328125</ele>
        <time>2024-04-01T13:26:54.000Z</time>
        <extensions>
          <ns3:TrackPointExtension>
            <ns3:hr>90</ns3:hr>
            <ns3:cad>61</ns3:cad>
          </ns3:TrackPointExtension>
        </extensions>
      </trkpt>
      <trkpt lat="23.391328565776348114013671875" lon="113.25082666240632534027099609375">
        <ele>12</ele>
        <time>2024-04-01T13:26:56.000Z</time>
        <extensions>
          <ns3:TrackPointExtension>
            <ns3:hr>90</ns3:hr>
            <ns3:cad>61</ns3:cad>
          </ns3:TrackPointExtension>
        </extensions>
      </trkpt>
      <trkpt lat="23.39135379530489444732666015625" lon="113.25082129798829555511474609375">
        <ele>12.3999996185302734375</ele>
        <time>2024-04-01T13:26:58.000Z</time>
        <extensions>
          <ns3:TrackPointExtension>
            <ns3:hr>90</ns3:hr>
            <ns3:cad>61</ns3:cad>
          </ns3:TrackPointExtension>
        </extensions>
      </trkpt>
      <trkpt lat="23.39153769426047801971435546875" lon="113.25079866684973239898681640625">
        <ele>12.3999996185302734375</ele>
        <time>2024-04-01T13:27:15.000Z</time>
        <extensions>
          <ns3:TrackPointExtension>
            <ns3:hr>89</ns3:hr>
            <ns3:cad>56</ns3:cad>
          </ns3:TrackPointExtension>
        </extensions>
      </trkpt>
      <trkpt lat="23.39172176085412502288818359375" lon="113.2507699169218540191650390625">
        <ele>11.3999996185302734375</ele>
        <time>2024-04-01T13:27:34.000Z</time>
        <extensions>
          <ns3:TrackPointExtension>
            <ns3:hr>90</ns3:hr>
            <ns3:cad>0</ns3:cad>
          </ns3:TrackPointExtension>
        </extensions>
      </trkpt>
      <trkpt lat="23.39174263179302215576171875" lon="113.25077704153954982757568359375">
        <ele>11.3999996185302734375</ele>
        <time>2024-04-01T13:27:37.000Z</time>
        <extensions>
          <ns3:TrackPointExtension>
            <ns3:hr>90</ns3:hr>
            <ns3:cad>61</ns3:cad>
          </ns3:TrackPointExtension>
        </extensions>
      </trkpt>
      <trkpt lat="23.3917575515806674957275390625" lon="113.25077913701534271240234375">
        <ele>11.19999980926513671875</ele>
        <time>2024-04-01T13:27:39.000Z</time>
        <extensions>
          <ns3:TrackPointExtension>
            <ns3:hr>90</ns3:hr>
            <ns3:cad>61</ns3:cad>
          </ns3:TrackPointExtension>
        </extensions>
      </trkpt>
      <trkpt lat="23.39178713969886302947998046875" lon="113.2507816515862941741943359375">
        <ele>11</ele>
        <time>2024-04-01T13:27:42.000Z</time>
        <extensions>
          <ns3:TrackPointExtension>
            <ns3:hr>89</ns3:hr>
            <ns3:cad>61</ns3:cad>
          </ns3:TrackPointExtension>
        </extensions>
      </trkpt>
      <trkpt lat="23.39191437698900699615478515625" lon="113.25077435933053493499755859375">
        <ele>10</ele>
        <time>2024-04-01T13:27:53.000Z</time>
        <extensions>
          <ns3:TrackPointExtension>
            <ns3:hr>90</ns3:hr>
            <ns3:cad>60</ns3:cad>
          </ns3:TrackPointExtension>
        </extensions>
      </trkpt>
      <trkpt lat="23.3919610641896724700927734375" lon="113.25076245702803134918212890625">
        <ele>9.3999996185302734375</ele>
        <time>2024-04-01T13:27:58.000Z</time>
        <extensions>
          <ns3:TrackPointExtension>
            <ns3:hr>90</ns3:hr>
            <ns3:cad>60</ns3:cad>
          </ns3:TrackPointExtension>
        </extensions>
      </trkpt>
      <trkpt lat="23.3921276964247226715087890625" lon="113.25078047811985015869140625">
        <ele>7.599999904632568359375</ele>
        <time>2024-04-01T13:28:14.000Z</time>
        <extensions>
          <ns3:TrackPointExtension>
            <ns3:hr>90</ns3:hr>
            <ns3:cad>58</ns3:cad>
          </ns3:TrackPointExtension>
        </extensions>
      </trkpt>
      <trkpt lat="23.39230857789516448974609375" lon="113.25078123249113559722900390625">
        <ele>5.400000095367431640625</ele>
        <time>2024-04-01T13:28:34.000Z</time>
        <extensions>
          <ns3:TrackPointExtension>
            <ns3:hr>90</ns3:hr>
            <ns3:cad>59</ns3:cad>
          </ns3:TrackPointExtension>
        </extensions>
      </trkpt>
      <trkpt lat="23.39238879270851612091064453125" lon="113.25085231103003025054931640625">
        <ele>3.599999904632568359375</ele>
        <time>2024-04-01T13:28:45.000Z</time>
        <extensions>
          <ns3:TrackPointExtension>
            <ns3:hr>91</ns3:hr>
            <ns3:cad>62</ns3:cad>
          </ns3:TrackPointExtension>
        </extensions>
      </trkpt>
      <trkpt lat="23.3924773894250392913818359375" lon="113.25089338235557079315185546875">
        <ele>2.2000000476837158203125</ele>
        <time>2024-04-01T13:28:55.000Z</time>
        <extensions>
          <ns3:TrackPointExtension>
            <ns3:hr>91</ns3:hr>
            <ns3:cad>0</ns3:cad>
          </ns3:TrackPointExtension>
        </extensions>
      </trkpt>
      <trkpt lat="23.39265768416225910186767578125" lon="113.25088919140398502349853515625">
        <ele>1</ele>
        <time>2024-04-01T13:29:12.000Z</time>
        <extensions>
          <ns3:TrackPointExtension>
            <ns3:hr>90</ns3:hr>
            <ns3:cad>62</ns3:cad>
          </ns3:TrackPointExtension>
        </extensions>
      </trkpt>
      <trkpt lat="23.39284292422235012054443359375" lon="113.2508750259876251220703125">
        <ele>1.2000000476837158203125</ele>
        <time>2024-04-01T13:29:32.000Z</time>
        <extensions>
          <ns3:TrackPointExtension>
            <ns3:hr>89</ns3:hr>
            <ns3:cad>0</ns3:cad>
          </ns3:TrackPointExtension>
        </extensions>
      </trkpt>
      <trkpt lat="23.39300586842000484466552734375" lon="113.2508802227675914764404296875">
        <ele>1.39999997615814208984375</ele>
        <time>2024-04-01T13:29:51.000Z</time>
        <extensions>
          <ns3:TrackPointExtension>
            <ns3:hr>88</ns3:hr>
            <ns3:cad>0</ns3:cad>
          </ns3:TrackPointExtension>
        </extensions>
      </trkpt>
      <trkpt lat="23.39303151704370975494384765625" lon="113.2508802227675914764404296875">
        <ele>1.39999997615814208984375</ele>
        <time>2024-04-01T13:29:54.000Z</time>
        <extensions>
          <ns3:TrackPointExtension>
            <ns3:hr>89</ns3:hr>
            <ns3:cad>0</ns3:cad>
          </ns3:TrackPointExtension>
        </extensions>
      </trkpt>
      <trkpt lat="23.3930597640573978424072265625" lon="113.25088600628077983856201171875">
        <ele>1.60000002384185791015625</ele>
        <time>2024-04-01T13:29:58.000Z</time>
        <extensions>
          <ns3:TrackPointExtension>
            <ns3:hr>89</ns3:hr>
            <ns3:cad>0</ns3:cad>
          </ns3:TrackPointExtension>
        </extensions>
      </trkpt>
      <trkpt lat="23.3931181021034717559814453125" lon="113.2508768700063228607177734375">
        <ele>2</ele>
        <time>2024-04-01T13:30:06.000Z</time>
        <extensions>
          <ns3:TrackPointExtension>
            <ns3:hr>89</ns3:hr>
            <ns3:cad>55</ns3:cad>
          </ns3:TrackPointExtension>
        </extensions>
      </trkpt>
      <trkpt lat="23.393188007175922393798828125" lon="113.25086119584739208221435546875">
        <ele>2.7999999523162841796875</ele>
        <time>2024-04-01T13:30:13.000Z</time>
        <extensions>
          <ns3:TrackPointExtension>
            <ns3:hr>90</ns3:hr>
            <ns3:cad>0</ns3:cad>
          </ns3:TrackPointExtension>
        </extensions>
      </trkpt>
      <trkpt lat="23.39336528442800045013427734375" lon="113.25081945396959781646728515625">
        <ele>4.19999980926513671875</ele>
        <time>2024-04-01T13:30:31.000Z</time>
        <extensions>
          <ns3:TrackPointExtension>
            <ns3:hr>90</ns3:hr>
            <ns3:cad>0</ns3:cad>
          </ns3:TrackPointExtension>
        </extensions>
      </trkpt>
      <trkpt lat="23.39340627193450927734375" lon="113.25082045979797840118408203125">
        <ele>4.400000095367431640625</ele>
        <time>2024-04-01T13:30:37.000Z</time>
        <extensions>
          <ns3:TrackPointExtension>
            <ns3:hr>90</ns3:hr>
            <ns3:cad>0</ns3:cad>
          </ns3:TrackPointExtension>
        </extensions>
      </trkpt>
      <trkpt lat="23.39345178566873073577880859375" lon="113.25080319307744503021240234375">
        <ele>4.599999904632568359375</ele>
        <time>2024-04-01T13:30:42.000Z</time>
        <extensions>
          <ns3:TrackPointExtension>
            <ns3:hr>91</ns3:hr>
            <ns3:cad>58</ns3:cad>
          </ns3:TrackPointExtension>
        </extensions>
      </trkpt>
      <trkpt lat="23.39363585226237773895263671875" lon="113.25076438486576080322265625">
        <ele>4.80000019073486328125</ele>
        <time>2024-04-01T13:31:01.000Z</time>
        <extensions>
          <ns3:TrackPointExtension>
            <ns3:hr>89</ns3:hr>
            <ns3:cad>0</ns3:cad>
          </ns3:TrackPointExtension>
        </extensions>
      </trkpt>
      <trkpt lat="23.39366535656154155731201171875" lon="113.250764720141887664794921875">
        <ele>4.599999904632568359375</ele>
        <time>2024-04-01T13:31:04.000Z</time>
        <extensions>
          <ns3:TrackPointExtension>
            <ns3:hr>83</ns3:hr>
            <ns3:cad>0</ns3:cad>
          </ns3:TrackPointExtension>
        </extensions>
      </trkpt>
      <trkpt lat="23.39379879646003246307373046875" lon="113.2507487945258617401123046875">
        <ele>4.19999980926513671875</ele>
        <time>2024-04-01T13:31:19.000Z</time>
        <extensions>
          <ns3:TrackPointExtension>
            <ns3:hr>83</ns3:hr>
            <ns3:cad>0</ns3:cad>
          </ns3:TrackPointExtension>
        </extensions>
      </trkpt>
      <trkpt lat="23.393884710967540740966796875" lon="113.25073563493788242340087890625">
        <ele>4</ele>
        <time>2024-04-01T13:31:28.000Z</time>
        <extensions>
          <ns3:TrackPointExtension>
            <ns3:hr>85</ns3:hr>
            <ns3:cad>0</ns3:cad>
          </ns3:TrackPointExtension>
        </extensions>
      </trkpt>
      <trkpt lat="23.39397431351244449615478515625" lon="113.250742256641387939453125">
        <ele>3.599999904632568359375</ele>
        <time>2024-04-01T13:31:38.000Z</time>
        <extensions>
          <ns3:TrackPointExtension>
            <ns3:hr>86</ns3:hr>
            <ns3:cad>61</ns3:cad>
          </ns3:TrackPointExtension>
        </extensions>
      </trkpt>
      <trkpt lat="23.39401940815150737762451171875" lon="113.25073731131851673126220703125">
        <ele>3.400000095367431640625</ele>
        <time>2024-04-01T13:31:42.000Z</time>
        <extensions>
          <ns3:TrackPointExtension>
            <ns3:hr>87</ns3:hr>
            <ns3:cad>61</ns3:cad>
          </ns3:TrackPointExtension>
        </extensions>
      </trkpt>
      <trkpt lat="23.39420179836452007293701171875" lon="113.25071903876960277557373046875">
        <ele>4.19999980926513671875</ele>
        <time>2024-04-01T13:31:59.000Z</time>
        <extensions>
          <ns3:TrackPointExtension>
            <ns3:hr>88</ns3:hr>
            <ns3:cad>0</ns3:cad>
          </ns3:TrackPointExtension>
        </extensions>
      </trkpt>
      <trkpt lat="23.3943844400346279144287109375" lon="113.25067855417728424072265625">
        <ele>7.19999980926513671875</ele>
        <time>2024-04-01T13:32:16.000Z</time>
        <extensions>
          <ns3:TrackPointExtension>
            <ns3:hr>89</ns3:hr>
            <ns3:cad>0</ns3:cad>
          </ns3:TrackPointExtension>
        </extensions>
      </trkpt>
      <trkpt lat="23.3945383317768573760986328125" lon="113.250658102333545684814453125">
        <ele>12</ele>
        <time>2024-04-01T13:32:33.000Z</time>
        <extensions>
          <ns3:TrackPointExtension>
            <ns3:hr>86</ns3:hr>
            <ns3:cad>61</ns3:cad>
          </ns3:TrackPointExtension>
        </extensions>
      </trkpt>
      <trkpt lat="23.39472264982759952545166015625" lon="113.25064594857394695281982421875">
        <ele>16</ele>
        <time>2024-04-01T13:32:51.000Z</time>
        <extensions>
          <ns3:TrackPointExtension>
            <ns3:hr>86</ns3:hr>
            <ns3:cad>57</ns3:cad>
          </ns3:TrackPointExtension>
        </extensions>
      </trkpt>
      <trkpt lat="23.39489162899553775787353515625" lon="113.25062231160700321197509765625">
        <ele>18.799999237060546875</ele>
        <time>2024-04-01T13:33:13.000Z</time>
        <extensions>
          <ns3:TrackPointExtension>
            <ns3:hr>88</ns3:hr>
            <ns3:cad>0</ns3:cad>
          </ns3:TrackPointExtension>
        </extensions>
      </trkpt>
      <trkpt lat="23.3949161879718303680419921875" lon="113.25060538016259670257568359375">
        <ele>18.6000003814697265625</ele>
        <time>2024-04-01T13:33:16.000Z</time>
        <extensions>
          <ns3:TrackPointExtension>
            <ns3:hr>88</ns3:hr>
            <ns3:cad>0</ns3:cad>
          </ns3:TrackPointExtension>
        </extensions>
      </trkpt>
      <trkpt lat="23.39494225569069385528564453125" lon="113.25058409012854099273681640625">
        <ele>18.3999996185302734375</ele>
        <time>2024-04-01T13:33:19.000Z</time>
        <extensions>
          <ns3:TrackPointExtension>
            <ns3:hr>88</ns3:hr>
            <ns3:cad>60</ns3:cad>
          </ns3:TrackPointExtension>
        </extensions>
      </trkpt>
      <trkpt lat="23.39504778385162353515625" lon="113.25045500881969928741455078125">
        <ele>14.3999996185302734375</ele>
        <time>2024-04-01T13:33:35.000Z</time>
        <extensions>
          <ns3:TrackPointExtension>
            <ns3:hr>88</ns3:hr>
            <ns3:cad>61</ns3:cad>
          </ns3:TrackPointExtension>
        </extensions>
      </trkpt>
      <trkpt lat="23.39516487903892993927001953125" lon="113.2503010332584381103515625">
        <ele>9.19999980926513671875</ele>
        <time>2024-04-01T13:33:53.000Z</time>
        <extensions>
          <ns3:TrackPointExtension>
            <ns3:hr>89</ns3:hr>
            <ns3:cad>0</ns3:cad>
          </ns3:TrackPointExtension>
        </extensions>
      </trkpt>
      <trkpt lat="23.3952678926289081573486328125" lon="113.25013716705143451690673828125">
        <ele>6.599999904632568359375</ele>
        <time>2024-04-01T13:34:10.000Z</time>
        <extensions>
          <ns3:TrackPointExtension>
            <ns3:hr>88</ns3:hr>
            <ns3:cad>0</ns3:cad>
          </ns3:TrackPointExtension>
        </extensions>
      </trkpt>
      <trkpt lat="23.39528180658817291259765625" lon="113.250104896724224090576171875">
        <ele>6.80000019073486328125</ele>
        <time>2024-04-01T13:34:13.000Z</time>
        <extensions>
          <ns3:TrackPointExtension>
            <ns3:hr>88</ns3:hr>
            <ns3:cad>0</ns3:cad>
          </ns3:TrackPointExtension>
        </extensions>
      </trkpt>
      <trkpt lat="23.39531374163925647735595703125" lon="113.2500542700290679931640625">
        <ele>7.400000095367431640625</ele>
        <time>2024-04-01T13:34:22.000Z</time>
        <extensions>
          <ns3:TrackPointExtension>
            <ns3:hr>88</ns3:hr>
            <ns3:cad>0</ns3:cad>
          </ns3:TrackPointExtension>
        </extensions>
      </trkpt>
      <trkpt lat="23.39538716711103916168212890625" lon="113.24987565167248249053955078125">
        <ele>9.6000003814697265625</ele>
        <time>2024-04-01T13:34:46.000Z</time>
        <extensions>
          <ns3:TrackPointExtension>
            <ns3:hr>89</ns3:hr>
            <ns3:cad>0</ns3:cad>
          </ns3:TrackPointExtension>
        </extensions>
      </trkpt>
      <trkpt lat="23.3954036794602870941162109375" lon="113.2498147152364253997802734375">
        <ele>10</ele>
        <time>2024-04-01T13:34:54.000Z</time>
        <extensions>
          <ns3:TrackPointExtension>
            <ns3:hr>89</ns3:hr>
            <ns3:cad>0</ns3:cad>
          </ns3:TrackPointExtension>
        </extensions>
      </trkpt>
      <trkpt lat="23.39541432447731494903564453125" lon="113.249785713851451873779296875">
        <ele>10.6000003814697265625</ele>
        <time>2024-04-01T13:34:57.000Z</time>
        <extensions>
          <ns3:TrackPointExtension>
            <ns3:hr>85</ns3:hr>
            <ns3:cad>0</ns3:cad>
          </ns3:TrackPointExtension>
        </extensions>
      </trkpt>
      <trkpt lat="23.39541382156312465667724609375" lon="113.24976467527449131011962890625">
        <ele>10.80000019073486328125</ele>
        <time>2024-04-01T13:34:59.000Z</time>
        <extensions>
          <ns3:TrackPointExtension>
            <ns3:hr>85</ns3:hr>
            <ns3:cad>0</ns3:cad>
          </ns3:TrackPointExtension>
        </extensions>
      </trkpt>
      <trkpt lat="23.3954150788486003875732421875" lon="113.2496752403676509857177734375">
        <ele>11.80000019073486328125</ele>
        <time>2024-04-01T13:35:05.000Z</time>
        <extensions>
          <ns3:TrackPointExtension>
            <ns3:hr>82</ns3:hr>
            <ns3:cad>0</ns3:cad>
          </ns3:TrackPointExtension>
        </extensions>
      </trkpt>
      <trkpt lat="23.39538113214075565338134765625" lon="113.2494749128818511962890625">
        <ele>7.80000019073486328125</ele>
        <time>2024-04-01T13:35:26.000Z</time>
        <extensions>
          <ns3:TrackPointExtension>
            <ns3:hr>82</ns3:hr>
            <ns3:cad>61</ns3:cad>
          </ns3:TrackPointExtension>
        </extensions>
      </trkpt>
      <trkpt lat="23.39537040330469608306884765625" lon="113.249430991709232330322265625">
        <ele>6.19999980926513671875</ele>
        <time>2024-04-01T13:35:31.000Z</time>
        <extensions>
          <ns3:TrackPointExtension>
            <ns3:hr>84</ns3:hr>
            <ns3:cad>61</ns3:cad>
          </ns3:TrackPointExtension>
        </extensions>
      </trkpt>
      <trkpt lat="23.39536093175411224365234375" lon="113.2494083605706691741943359375">
        <ele>5.400000095367431640625</ele>
        <time>2024-04-01T13:35:34.000Z</time>
        <extensions>
          <ns3:TrackPointExtension>
            <ns3:hr>85</ns3:hr>
            <ns3:cad>53</ns3:cad>
          </ns3:TrackPointExtension>
        </extensions>
      </trkpt>
      <trkpt lat="23.3953369595110416412353515625" lon="113.24937256984412670135498046875">
        <ele>4.400000095367431640625</ele>
        <time>2024-04-01T13:35:39.000Z</time>
        <extensions>
          <ns3:TrackPointExtension>
            <ns3:hr>85</ns3:hr>
            <ns3:cad>0</ns3:cad>
          </ns3:TrackPointExtension>
        </extensions>
      </trkpt>
      <trkpt lat="23.3953094668686389923095703125" lon="113.249331079423427581787109375">
        <ele>4.19999980926513671875</ele>
        <time>2024-04-01T13:35:44.000Z</time>
        <extensions>
          <ns3:TrackPointExtension>
            <ns3:hr>86</ns3:hr>
            <ns3:cad>57</ns3:cad>
          </ns3:TrackPointExtension>
        </extensions>
      </trkpt>
      <trkpt lat="23.395300917327404022216796875" lon="113.2493148185312747955322265625">
        <ele>4.19999980926513671875</ele>
        <time>2024-04-01T13:35:46.000Z</time>
        <extensions>
          <ns3:TrackPointExtension>
            <ns3:hr>86</ns3:hr>
            <ns3:cad>57</ns3:cad>
          </ns3:TrackPointExtension>
        </extensions>
      </trkpt>
      <trkpt lat="23.39527887292206287384033203125" lon="113.2492769323289394378662109375">
        <ele>4.19999980926513671875</ele>
        <time>2024-04-01T13:35:50.000Z</time>
        <extensions>
          <ns3:TrackPointExtension>
            <ns3:hr>86</ns3:hr>
            <ns3:cad>57</ns3:cad>
          </ns3:TrackPointExtension>
        </extensions>
      </trkpt>
      <trkpt lat="23.39520938694477081298828125" lon="113.249095715582370758056640625">
        <ele>4</ele>
        <time>2024-04-01T13:36:07.000Z</time>
        <extensions>
          <ns3:TrackPointExtension>
            <ns3:hr>87</ns3:hr>
            <ns3:cad>57</ns3:cad>
          </ns3:TrackPointExtension>
        </extensions>
      </trkpt>
      <trkpt lat="23.3951948024332523345947265625" lon="113.24889631010591983795166015625">
        <ele>7</ele>
        <time>2024-04-01T13:36:24.000Z</time>
        <extensions>
          <ns3:TrackPointExtension>
            <ns3:hr>88</ns3:hr>
            <ns3:cad>53</ns3:cad>
          </ns3:TrackPointExtension>
        </extensions>
      </trkpt>
      <trkpt lat="23.395227156579494476318359375" lon="113.24869564734399318695068359375">
        <ele>9</ele>
        <time>2024-04-01T13:36:40.000Z</time>
        <extensions>
          <ns3:TrackPointExtension>
            <ns3:hr>86</ns3:hr>
            <ns3:cad>53</ns3:cad>
          </ns3:TrackPointExtension>
        </extensions>
      </trkpt>
      <trkpt lat="23.39522908441722393035888671875" lon="113.2484977506101131439208984375">
        <ele>9.3999996185302734375</ele>
        <time>2024-04-01T13:37:00.000Z</time>
        <extensions>
          <ns3:TrackPointExtension>
            <ns3:hr>87</ns3:hr>
            <ns3:cad>59</ns3:cad>
          </ns3:TrackPointExtension>
        </extensions>
      </trkpt>
      <trkpt lat="23.3951572515070438385009765625" lon="113.2483384944498538970947265625">
        <ele>7.19999980926513671875</ele>
        <time>2024-04-01T13:37:22.000Z</time>
        <extensions>
          <ns3:TrackPointExtension>
            <ns3:hr>87</ns3:hr>
            <ns3:cad>59</ns3:cad>
          </ns3:TrackPointExtension>
        </extensions>
      </trkpt>
      <trkpt lat="23.3949681557714939117431640625" lon="113.24830287136137485504150390625">
        <ele>3.2000000476837158203125</ele>
        <time>2024-04-01T13:37:44.000Z</time>
        <extensions>
          <ns3:TrackPointExtension>
            <ns3:hr>88</ns3:hr>
            <ns3:cad>57</ns3:cad>
          </ns3:TrackPointExtension>
        </extensions>
      </trkpt>
      <trkpt lat="23.39494342915713787078857421875" lon="113.24829650111496448516845703125">
        <ele>2.7999999523162841796875</ele>
        <time>2024-04-01T13:37:46.000Z</time>
        <extensions>
          <ns3:TrackPointExtension>
            <ns3:hr>88</ns3:hr>
            <ns3:cad>53</ns3:cad>
          </ns3:TrackPointExtension>
        </extensions>
      </trkpt>
      <trkpt lat="23.39491107501089572906494140625" lon="113.24827990494668483734130859375">
        <ele>2</ele>
        <time>2024-04-01T13:37:49.000Z</time>
        <extensions>
          <ns3:TrackPointExtension>
            <ns3:hr>89</ns3:hr>
            <ns3:cad>54</ns3:cad>
          </ns3:TrackPointExtension>
        </extensions>
      </trkpt>
      <trkpt lat="23.394889198243618011474609375" lon="113.248265571892261505126953125">
        <ele>1.60000002384185791015625</ele>
        <time>2024-04-01T13:37:51.000Z</time>
        <extensions>
          <ns3:TrackPointExtension>
            <ns3:hr>89</ns3:hr>
            <ns3:cad>54</ns3:cad>
          </ns3:TrackPointExtension>
        </extensions>
      </trkpt>
      <trkpt lat="23.3948528207838535308837890625" lon="113.24824486859142780303955078125">
        <ele>1</ele>
        <time>2024-04-01T13:37:55.000Z</time>
        <extensions>
          <ns3:TrackPointExtension>
            <ns3:hr>89</ns3:hr>
            <ns3:cad>0</ns3:cad>
          </ns3:TrackPointExtension>
        </extensions>
      </trkpt>
      <trkpt lat="23.3948353864252567291259765625" lon="113.24823983944952487945556640625">
        <ele>0.60000002384185791015625</ele>
        <time>2024-04-01T13:37:57.000Z</time>
        <extensions>
          <ns3:TrackPointExtension>
            <ns3:hr>89</ns3:hr>
            <ns3:cad>61</ns3:cad>
          </ns3:TrackPointExtension>
        </extensions>
      </trkpt>
      <trkpt lat="23.3947814069688320159912109375" lon="113.24822165071964263916015625">
        <ele>-0.20000000298023223876953125</ele>
        <time>2024-04-01T13:38:03.000Z</time>
        <extensions>
          <ns3:TrackPointExtension>
            <ns3:hr>89</ns3:hr>
            <ns3:cad>0</ns3:cad>
          </ns3:TrackPointExtension>
        </extensions>
      </trkpt>
      <trkpt lat="23.39471426792442798614501953125" lon="113.24819960631430149078369140625">
        <ele>-1.39999997615814208984375</ele>
        <time>2024-04-01T13:38:11.000Z</time>
        <extensions>
          <ns3:TrackPointExtension>
            <ns3:hr>89</ns3:hr>
            <ns3:cad>0</ns3:cad>
          </ns3:TrackPointExtension>
        </extensions>
      </trkpt>
      <trkpt lat="23.3946918882429599761962890625" lon="113.2481956668198108673095703125">
        <ele>-1.7999999523162841796875</ele>
        <time>2024-04-01T13:38:13.000Z</time>
        <extensions>
          <ns3:TrackPointExtension>
            <ns3:hr>89</ns3:hr>
            <ns3:cad>0</ns3:cad>
          </ns3:TrackPointExtension>
        </extensions>
      </trkpt>
      <trkpt lat="23.39457395486533641815185546875" lon="113.248140849173069000244140625">
        <ele>-0.800000011920928955078125</ele>
        <time>2024-04-01T13:38:26.000Z</time>
        <extensions>
          <ns3:TrackPointExtension>
            <ns3:hr>89</ns3:hr>
            <ns3:cad>0</ns3:cad>
          </ns3:TrackPointExtension>
        </extensions>
      </trkpt>
      <trkpt lat="23.39439877308905124664306640625" lon="113.248092234134674072265625">
        <ele>0</ele>
        <time>2024-04-01T13:38:45.000Z</time>
        <extensions>
          <ns3:TrackPointExtension>
            <ns3:hr>88</ns3:hr>
            <ns3:cad>61</ns3:cad>
          </ns3:TrackPointExtension>
        </extensions>
      </trkpt>
      <trkpt lat="23.3942141197621822357177734375" lon="113.24804873205721378326416015625">
        <ele>2.400000095367431640625</ele>
        <time>2024-04-01T13:39:04.000Z</time>
        <extensions>
          <ns3:TrackPointExtension>
            <ns3:hr>87</ns3:hr>
            <ns3:cad>63</ns3:cad>
          </ns3:TrackPointExtension>
        </extensions>
      </trkpt>
      <trkpt lat="23.3941246010363101959228515625" lon="113.248020149767398834228515625">
        <ele>3.7999999523162841796875</ele>
        <time>2024-04-01T13:39:15.000Z</time>
        <extensions>
          <ns3:TrackPointExtension>
            <ns3:hr>88</ns3:hr>
            <ns3:cad>63</ns3:cad>
          </ns3:TrackPointExtension>
        </extensions>
      </trkpt>
      <trkpt lat="23.39410121552646160125732421875" lon="113.24800916947424411773681640625">
        <ele>4</ele>
        <time>2024-04-01T13:39:18.000Z</time>
        <extensions>
          <ns3:TrackPointExtension>
            <ns3:hr>88</ns3:hr>
            <ns3:cad>50</ns3:cad>
          </ns3:TrackPointExtension>
        </extensions>
      </trkpt>
      <trkpt lat="23.3940468169748783111572265625" lon="113.2479797489941120147705078125">
        <ele>4.400000095367431640625</ele>
        <time>2024-04-01T13:39:23.000Z</time>
        <extensions>
          <ns3:TrackPointExtension>
            <ns3:hr>88</ns3:hr>
            <ns3:cad>50</ns3:cad>
          </ns3:TrackPointExtension>
        </extensions>
      </trkpt>
      <trkpt lat="23.393878675997257232666015625" lon="113.24793524108827114105224609375">
        <ele>5</ele>
        <time>2024-04-01T13:39:43.000Z</time>
        <extensions>
          <ns3:TrackPointExtension>
            <ns3:hr>87</ns3:hr>
            <ns3:cad>61</ns3:cad>
          </ns3:TrackPointExtension>
        </extensions>
      </trkpt>
      <trkpt lat="23.39387507177889347076416015625" lon="113.24789467267692089080810546875">
        <ele>5</ele>
        <time>2024-04-01T13:39:49.000Z</time>
        <extensions>
          <ns3:TrackPointExtension>
            <ns3:hr>87</ns3:hr>
            <ns3:cad>58</ns3:cad>
          </ns3:TrackPointExtension>
        </extensions>
      </trkpt>
      <trkpt lat="23.39387205429375171661376953125" lon="113.2478841952979564666748046875">
        <ele>5</ele>
        <time>2024-04-01T13:39:51.000Z</time>
        <extensions>
          <ns3:TrackPointExtension>
            <ns3:hr>87</ns3:hr>
            <ns3:cad>55</ns3:cad>
          </ns3:TrackPointExtension>
        </extensions>
      </trkpt>
      <trkpt lat="23.39389250613749027252197265625" lon="113.2478107698261737823486328125">
        <ele>4.80000019073486328125</ele>
        <time>2024-04-01T13:40:00.000Z</time>
        <extensions>
          <ns3:TrackPointExtension>
            <ns3:hr>87</ns3:hr>
            <ns3:cad>59</ns3:cad>
          </ns3:TrackPointExtension>
        </extensions>
      </trkpt>
      <trkpt lat="23.393921591341495513916015625" lon="113.24775435961782932281494140625">
        <ele>5</ele>
        <time>2024-04-01T13:40:05.000Z</time>
        <extensions>
          <ns3:TrackPointExtension>
            <ns3:hr>88</ns3:hr>
            <ns3:cad>56</ns3:cad>
          </ns3:TrackPointExtension>
        </extensions>
      </trkpt>
      <trkpt lat="23.39400147087872028350830078125" lon="113.24757666327059268951416015625">
        <ele>7</ele>
        <time>2024-04-01T13:40:23.000Z</time>
        <extensions>
          <ns3:TrackPointExtension>
            <ns3:hr>89</ns3:hr>
            <ns3:cad>55</ns3:cad>
          </ns3:TrackPointExtension>
        </extensions>
      </trkpt>
      <trkpt lat="23.39405335485935211181640625" lon="113.2473889924585819244384765625">
        <ele>6.19999980926513671875</ele>
        <time>2024-04-01T13:40:42.000Z</time>
        <extensions>
          <ns3:TrackPointExtension>
            <ns3:hr>89</ns3:hr>
            <ns3:cad>55</ns3:cad>
          </ns3:TrackPointExtension>
        </extensions>
      </trkpt>
      <trkpt lat="23.39412434957921504974365234375" lon="113.24720165692269802093505859375">
        <ele>5.19999980926513671875</ele>
        <time>2024-04-01T13:41:00.000Z</time>
        <extensions>
          <ns3:TrackPointExtension>
            <ns3:hr>91</ns3:hr>
            <ns3:cad>0</ns3:cad>
          </ns3:TrackPointExtension>
        </extensions>
      </trkpt>
      <trkpt lat="23.39418034069240093231201171875" lon="113.24706134386360645294189453125">
        <ele>5</ele>
        <time>2024-04-01T13:41:16.000Z</time>
        <extensions>
          <ns3:TrackPointExtension>
            <ns3:hr>88</ns3:hr>
            <ns3:cad>58</ns3:cad>
          </ns3:TrackPointExtension>
        </extensions>
      </trkpt>
      <trkpt lat="23.39424253441393375396728515625" lon="113.246875517070293426513671875">
        <ele>5</ele>
        <time>2024-04-01T13:41:32.000Z</time>
        <extensions>
          <ns3:TrackPointExtension>
            <ns3:hr>88</ns3:hr>
            <ns3:cad>58</ns3:cad>
          </ns3:TrackPointExtension>
        </extensions>
      </trkpt>
      <trkpt lat="23.39431109838187694549560546875" lon="113.24670645408332347869873046875">
        <ele>5.80000019073486328125</ele>
        <time>2024-04-01T13:41:50.000Z</time>
        <extensions>
          <ns3:TrackPointExtension>
            <ns3:hr>88</ns3:hr>
            <ns3:cad>55</ns3:cad>
          </ns3:TrackPointExtension>
        </extensions>
      </trkpt>
      <trkpt lat="23.39417967014014720916748046875" lon="113.2465705834329128265380859375">
        <ele>6.19999980926513671875</ele>
        <time>2024-04-01T13:42:14.000Z</time>
        <extensions>
          <ns3:TrackPointExtension>
            <ns3:hr>88</ns3:hr>
            <ns3:cad>57</ns3:cad>
          </ns3:TrackPointExtension>
        </extensions>
      </trkpt>
      <trkpt lat="23.39405729435384273529052734375" lon="113.24651769362390041351318359375">
        <ele>6.80000019073486328125</ele>
        <time>2024-04-01T13:42:28.000Z</time>
        <extensions>
          <ns3:TrackPointExtension>
            <ns3:hr>88</ns3:hr>
            <ns3:cad>54</ns3:cad>
          </ns3:TrackPointExtension>
        </extensions>
      </trkpt>
      <trkpt lat="23.39400901459157466888427734375" lon="113.24649657122790813446044921875">
        <ele>7</ele>
        <time>2024-04-01T13:42:32.000Z</time>
        <extensions>
          <ns3:TrackPointExtension>
            <ns3:hr>89</ns3:hr>
            <ns3:cad>61</ns3:cad>
          </ns3:TrackPointExtension>
        </extensions>
      </trkpt>
      <trkpt lat="23.39383433572947978973388671875" lon="113.24642498977482318878173828125">
        <ele>7.80000019073486328125</ele>
        <time>2024-04-01T13:42:49.000Z</time>
        <extensions>
          <ns3:TrackPointExtension>
            <ns3:hr>88</ns3:hr>
            <ns3:cad>0</ns3:cad>
          </ns3:TrackPointExtension>
        </extensions>
      </trkpt>
      <trkpt lat="23.39367088861763477325439453125" lon="113.2463419251143932342529296875">
        <ele>8.80000019073486328125</ele>
        <time>2024-04-01T13:43:08.000Z</time>
        <extensions>
          <ns3:TrackPointExtension>
            <ns3:hr>88</ns3:hr>
            <ns3:cad>58</ns3:cad>
          </ns3:TrackPointExtension>
        </extensions>
      </trkpt>
      <trkpt lat="23.39356577955186367034912109375" lon="113.24633731506764888763427734375">
        <ele>8.6000003814697265625</ele>
        <time>2024-04-01T13:43:18.000Z</time>
        <extensions>
          <ns3:TrackPointExtension>
            <ns3:hr>89</ns3:hr>
            <ns3:cad>0</ns3:cad>
          </ns3:TrackPointExtension>
        </extensions>
      </trkpt>
      <trkpt lat="23.39354029856622219085693359375" lon="113.24633748270571231842041015625">
        <ele>8.6000003814697265625</ele>
        <time>2024-04-01T13:43:21.000Z</time>
        <extensions>
          <ns3:TrackPointExtension>
            <ns3:hr>89</ns3:hr>
            <ns3:cad>0</ns3:cad>
          </ns3:TrackPointExtension>
        </extensions>
      </trkpt>
      <trkpt lat="23.39352202601730823516845703125" lon="113.24633463285863399505615234375">
        <ele>8.3999996185302734375</ele>
        <time>2024-04-01T13:43:23.000Z</time>
        <extensions>
          <ns3:TrackPointExtension>
            <ns3:hr>89</ns3:hr>
            <ns3:cad>0</ns3:cad>
          </ns3:TrackPointExtension>
        </extensions>
      </trkpt>
      <trkpt lat="23.39350107125937938690185546875" lon="113.24631636030972003936767578125">
        <ele>8.80000019073486328125</ele>
        <time>2024-04-01T13:43:26.000Z</time>
        <extensions>
          <ns3:TrackPointExtension>
            <ns3:hr>89</ns3:hr>
            <ns3:cad>0</ns3:cad>
          </ns3:TrackPointExtension>
        </extensions>
      </trkpt>
      <trkpt lat="23.39349486865103244781494140625" lon="113.2462956570088863372802734375">
        <ele>9</ele>
        <time>2024-04-01T13:43:28.000Z</time>
        <extensions>
          <ns3:TrackPointExtension>
            <ns3:hr>89</ns3:hr>
            <ns3:cad>58</ns3:cad>
          </ns3:TrackPointExtension>
        </extensions>
      </trkpt>
      <trkpt lat="23.393473662436008453369140625" lon="113.2462872751057147979736328125">
        <ele>9</ele>
        <time>2024-04-01T13:43:31.000Z</time>
        <extensions>
          <ns3:TrackPointExtension>
            <ns3:hr>89</ns3:hr>
            <ns3:cad>0</ns3:cad>
          </ns3:TrackPointExtension>
        </extensions>
      </trkpt>
      <trkpt lat="23.3933933638036251068115234375" lon="113.2462420128285884857177734375">
        <ele>9.3999996185302734375</ele>
        <time>2024-04-01T13:43:43.000Z</time>
        <extensions>
          <ns3:TrackPointExtension>
            <ns3:hr>89</ns3:hr>
            <ns3:cad>0</ns3:cad>
          </ns3:TrackPointExtension>
        </extensions>
      </trkpt>
      <trkpt lat="23.39337316341698169708251953125" lon="113.2462299428880214691162109375">
        <ele>9.6000003814697265625</ele>
        <time>2024-04-01T13:43:45.000Z</time>
        <extensions>
          <ns3:TrackPointExtension>
            <ns3:hr>89</ns3:hr>
            <ns3:cad>0</ns3:cad>
          </ns3:TrackPointExtension>
        </extensions>
      </trkpt>
      <trkpt lat="23.3933061920106410980224609375" lon="113.2462108321487903594970703125">
        <ele>9.6000003814697265625</ele>
        <time>2024-04-01T13:43:52.000Z</time>
        <extensions>
          <ns3:TrackPointExtension>
            <ns3:hr>89</ns3:hr>
            <ns3:cad>0</ns3:cad>
          </ns3:TrackPointExtension>
        </extensions>
      </trkpt>
      <trkpt lat="23.39321960695087909698486328125" lon="113.2461846806108951568603515625">
        <ele>9.6000003814697265625</ele>
        <time>2024-04-01T13:43:59.000Z</time>
        <extensions>
          <ns3:TrackPointExtension>
            <ns3:hr>88</ns3:hr>
            <ns3:cad>0</ns3:cad>
          </ns3:TrackPointExtension>
        </extensions>
      </trkpt>
      <trkpt lat="23.39316328056156635284423828125" lon="113.24616146273910999298095703125">
        <ele>9.80000019073486328125</ele>
        <time>2024-04-01T13:44:06.000Z</time>
        <extensions>
          <ns3:TrackPointExtension>
            <ns3:hr>87</ns3:hr>
            <ns3:cad>0</ns3:cad>
          </ns3:TrackPointExtension>
        </extensions>
      </trkpt>
      <trkpt lat="23.3931254781782627105712890625" lon="113.2461028732359409332275390625">
        <ele>10.3999996185302734375</ele>
        <time>2024-04-01T13:44:24.000Z</time>
        <extensions>
          <ns3:TrackPointExtension>
            <ns3:hr>90</ns3:hr>
            <ns3:cad>0</ns3:cad>
          </ns3:TrackPointExtension>
        </extensions>
      </trkpt>
      <trkpt lat="23.3931100554764270782470703125" lon="113.24609792791306972503662109375">
        <ele>10.3999996185302734375</ele>
        <time>2024-04-01T13:44:26.000Z</time>
        <extensions>
          <ns3:TrackPointExtension>
            <ns3:hr>93</ns3:hr>
            <ns3:cad>0</ns3:cad>
          </ns3:TrackPointExtension>
        </extensions>
      </trkpt>
      <trkpt lat="23.3930884301662445068359375" lon="113.2460891269147396087646484375">
        <ele>10.6000003814697265625</ele>
        <time>2024-04-01T13:44:29.000Z</time>
        <extensions>
          <ns3:TrackPointExtension>
            <ns3:hr>103</ns3:hr>
            <ns3:cad>0</ns3:cad>
          </ns3:TrackPointExtension>
        </extensions>
      </trkpt>
      <trkpt lat="23.39307677932083606719970703125" lon="113.2460864447057247161865234375">
        <ele>10.6000003814697265625</ele>
        <time>2024-04-01T13:44:30.000Z</time>
        <extensions>
          <ns3:TrackPointExtension>
            <ns3:hr>104</ns3:hr>
            <ns3:cad>0</ns3:cad>
          </ns3:TrackPointExtension>
        </extensions>
      </trkpt>
      <trkpt lat="23.39296144433319568634033203125" lon="113.24602517299354076385498046875">
        <ele>10.80000019073486328125</ele>
        <time>2024-04-01T13:44:43.000Z</time>
        <extensions>
          <ns3:TrackPointExtension>
            <ns3:hr>105</ns3:hr>
            <ns3:cad>61</ns3:cad>
          </ns3:TrackPointExtension>
        </extensions>
      </trkpt>
      <trkpt lat="23.3929407410323619842529296875" lon="113.24593934230506420135498046875">
        <ele>10.6000003814697265625</ele>
        <time>2024-04-01T13:44:52.000Z</time>
        <extensions>
          <ns3:TrackPointExtension>
            <ns3:hr>102</ns3:hr>
            <ns3:cad>61</ns3:cad>
          </ns3:TrackPointExtension>
        </extensions>
      </trkpt>
      <trkpt lat="23.39293529279530048370361328125" lon="113.245881758630275726318359375">
        <ele>10.3999996185302734375</ele>
        <time>2024-04-01T13:44:58.000Z</time>
        <extensions>
          <ns3:TrackPointExtension>
            <ns3:hr>99</ns3:hr>
            <ns3:cad>0</ns3:cad>
          </ns3:TrackPointExtension>
        </extensions>
      </trkpt>
      <trkpt lat="23.39292808435857295989990234375" lon="113.24582015164196491241455078125">
        <ele>10.19999980926513671875</ele>
        <time>2024-04-01T13:45:05.000Z</time>
        <extensions>
          <ns3:TrackPointExtension>
            <ns3:hr>96</ns3:hr>
            <ns3:cad>59</ns3:cad>
          </ns3:TrackPointExtension>
        </extensions>
      </trkpt>
      <trkpt lat="23.39290394447743892669677734375" lon="113.245726861059665679931640625">
        <ele>10</ele>
        <time>2024-04-01T13:45:16.000Z</time>
        <extensions>
          <ns3:TrackPointExtension>
            <ns3:hr>93</ns3:hr>
            <ns3:cad>0</ns3:cad>
          </ns3:TrackPointExtension>
        </extensions>
      </trkpt>
      <trkpt lat="23.39285113848745822906494140625" lon="113.2456552796065807342529296875">
        <ele>10</ele>
        <time>2024-04-01T13:45:28.000Z</time>
        <extensions>
          <ns3:TrackPointExtension>
            <ns3:hr>93</ns3:hr>
            <ns3:cad>0</ns3:cad>
          </ns3:TrackPointExtension>
        </extensions>
      </trkpt>
      <trkpt lat="23.39283655397593975067138671875" lon="113.24568570591509342193603515625">
        <ele>10</ele>
        <time>2024-04-01T13:45:32.000Z</time>
        <extensions>
          <ns3:TrackPointExtension>
            <ns3:hr>93</ns3:hr>
            <ns3:cad>0</ns3:cad>
          </ns3:TrackPointExtension>
        </extensions>
      </trkpt>
      <trkpt lat="23.39282481931149959564208984375" lon="113.24572191573679447174072265625">
        <ele>10</ele>
        <time>2024-04-01T13:45:35.000Z</time>
        <extensions>
          <ns3:TrackPointExtension>
            <ns3:hr>93</ns3:hr>
            <ns3:cad>0</ns3:cad>
          </ns3:TrackPointExtension>
        </extensions>
      </trkpt>
      <trkpt lat="23.39280319400131702423095703125" lon="113.2457588799297809600830078125">
        <ele>10</ele>
        <time>2024-04-01T13:45:40.000Z</time>
        <extensions>
          <ns3:TrackPointExtension>
            <ns3:hr>92</ns3:hr>
            <ns3:cad>0</ns3:cad>
          </ns3:TrackPointExtension>
        </extensions>
      </trkpt>
      <trkpt lat="23.3927960693836212158203125" lon="113.245758377015590667724609375">
        <ele>10</ele>
        <time>2024-04-01T13:45:46.000Z</time>
        <extensions>
          <ns3:TrackPointExtension>
            <ns3:hr>89</ns3:hr>
            <ns3:cad>0</ns3:cad>
          </ns3:TrackPointExtension>
        </extensions>
      </trkpt>
      <trkpt lat="23.39279129169881343841552734375" lon="113.245767094194889068603515625">
        <ele>10</ele>
        <time>2024-04-01T13:45:55.000Z</time>
        <extensions>
          <ns3:TrackPointExtension>
            <ns3:hr>86</ns3:hr>
            <ns3:cad>0</ns3:cad>
          </ns3:TrackPointExtension>
        </extensions>
      </trkpt>
      <trkpt lat="23.392784334719181060791015625" lon="113.24579735286533832550048828125">
        <ele>10.19999980926513671875</ele>
        <time>2024-04-01T13:46:34.000Z</time>
        <extensions>
          <ns3:TrackPointExtension>
            <ns3:hr>83</ns3:hr>
            <ns3:cad>61</ns3:cad>
          </ns3:TrackPointExtension>
        </extensions>
      </trkpt>
      <trkpt lat="23.392812497913837432861328125" lon="113.2457890547811985015869140625">
        <ele>10</ele>
        <time>2024-04-01T13:46:41.000Z</time>
        <extensions>
          <ns3:TrackPointExtension>
            <ns3:hr>80</ns3:hr>
            <ns3:cad>0</ns3:cad>
          </ns3:TrackPointExtension>
        </extensions>
      </trkpt>
      <trkpt lat="23.3928116597235202789306640625" lon="113.24570464901626110076904296875">
        <ele>10</ele>
        <time>2024-04-01T13:46:48.000Z</time>
        <extensions>
          <ns3:TrackPointExtension>
            <ns3:hr>77</ns3:hr>
            <ns3:cad>0</ns3:cad>
          </ns3:TrackPointExtension>
        </extensions>
      </trkpt>
      <trkpt lat="23.39283554814755916595458984375" lon="113.245626948773860931396484375">
        <ele>10</ele>
        <time>2024-04-01T13:46:58.000Z</time>
        <extensions>
          <ns3:TrackPointExtension>
            <ns3:hr>81</ns3:hr>
            <ns3:cad>0</ns3:cad>
          </ns3:TrackPointExtension>
        </extensions>
      </trkpt>
      <trkpt lat="23.39284275658428668975830078125" lon="113.24554220773279666900634765625">
        <ele>9.80000019073486328125</ele>
        <time>2024-04-01T13:47:06.000Z</time>
        <extensions>
          <ns3:TrackPointExtension>
            <ns3:hr>86</ns3:hr>
            <ns3:cad>55</ns3:cad>
          </ns3:TrackPointExtension>
        </extensions>
      </trkpt>
      <trkpt lat="23.39280872605741024017333984375" lon="113.2453907467424869537353515625">
        <ele>9.19999980926513671875</ele>
        <time>2024-04-01T13:47:20.000Z</time>
        <extensions>
          <ns3:TrackPointExtension>
            <ns3:hr>89</ns3:hr>
            <ns3:cad>61</ns3:cad>
          </ns3:TrackPointExtension>
        </extensions>
      </trkpt>
      <trkpt lat="23.3927435986697673797607421875" lon="113.24519854970276355743408203125">
        <ele>8</ele>
        <time>2024-04-01T13:47:37.000Z</time>
        <extensions>
          <ns3:TrackPointExtension>
            <ns3:hr>88</ns3:hr>
            <ns3:cad>58</ns3:cad>
          </ns3:TrackPointExtension>
        </extensions>
      </trkpt>
      <trkpt lat="23.39269607327878475189208984375" lon="113.24511741288006305694580078125">
        <ele>7.80000019073486328125</ele>
        <time>2024-04-01T13:47:47.000Z</time>
        <extensions>
          <ns3:TrackPointExtension>
            <ns3:hr>87</ns3:hr>
            <ns3:cad>61</ns3:cad>
          </ns3:TrackPointExtension>
        </extensions>
      </trkpt>
      <trkpt lat="23.39266606606543064117431640625" lon="113.2450863160192966461181640625">
        <ele>7.80000019073486328125</ele>
        <time>2024-04-01T13:47:51.000Z</time>
        <extensions>
          <ns3:TrackPointExtension>
            <ns3:hr>87</ns3:hr>
            <ns3:cad>61</ns3:cad>
          </ns3:TrackPointExtension>
        </extensions>
      </trkpt>
      <trkpt lat="23.39264192618429660797119140625" lon="113.24505521915853023529052734375">
        <ele>7.599999904632568359375</ele>
        <time>2024-04-01T13:47:54.000Z</time>
        <extensions>
          <ns3:TrackPointExtension>
            <ns3:hr>88</ns3:hr>
            <ns3:cad>61</ns3:cad>
          </ns3:TrackPointExtension>
        </extensions>
      </trkpt>
      <trkpt lat="23.392588198184967041015625" lon="113.24486092664301395416259765625">
        <ele>7.400000095367431640625</ele>
        <time>2024-04-01T13:48:10.000Z</time>
        <extensions>
          <ns3:TrackPointExtension>
            <ns3:hr>87</ns3:hr>
            <ns3:cad>60</ns3:cad>
          </ns3:TrackPointExtension>
        </extensions>
      </trkpt>
      <trkpt lat="23.39253120124340057373046875" lon="113.2446715794503688812255859375">
        <ele>7.19999980926513671875</ele>
        <time>2024-04-01T13:48:28.000Z</time>
        <extensions>
          <ns3:TrackPointExtension>
            <ns3:hr>88</ns3:hr>
            <ns3:cad>57</ns3:cad>
          </ns3:TrackPointExtension>
        </extensions>
      </trkpt>
      <trkpt lat="23.39254117570817470550537109375" lon="113.24463612399995326995849609375">
        <ele>7.400000095367431640625</ele>
        <time>2024-04-01T13:48:33.000Z</time>
        <extensions>
          <ns3:TrackPointExtension>
            <ns3:hr>88</ns3:hr>
            <ns3:cad>0</ns3:cad>
          </ns3:TrackPointExtension>
        </extensions>
      </trkpt>
      <trkpt lat="23.3925895392894744873046875" lon="113.24457057751715183258056640625">
        <ele>8</ele>
        <time>2024-04-01T13:48:45.000Z</time>
        <extensions>
          <ns3:TrackPointExtension>
            <ns3:hr>89</ns3:hr>
            <ns3:cad>56</ns3:cad>
          </ns3:TrackPointExtension>
        </extensions>
      </trkpt>
      <trkpt lat="23.39260035194456577301025390625" lon="113.24456169269979000091552734375">
        <ele>8.19999980926513671875</ele>
        <time>2024-04-01T13:48:47.000Z</time>
        <extensions>
          <ns3:TrackPointExtension>
            <ns3:hr>89</ns3:hr>
            <ns3:cad>56</ns3:cad>
          </ns3:TrackPointExtension>
        </extensions>
      </trkpt>
      <trkpt lat="23.3926094882190227508544921875" lon="113.24455238878726959228515625">
        <ele>8.19999980926513671875</ele>
        <time>2024-04-01T13:48:49.000Z</time>
        <extensions>
          <ns3:TrackPointExtension>
            <ns3:hr>88</ns3:hr>
            <ns3:cad>56</ns3:cad>
          </ns3:TrackPointExtension>
        </extensions>
      </trkpt>
      <trkpt lat="23.39267495088279247283935546875" lon="113.24452397413551807403564453125">
        <ele>8.3999996185302734375</ele>
        <time>2024-04-01T13:49:01.000Z</time>
        <extensions>
          <ns3:TrackPointExtension>
            <ns3:hr>85</ns3:hr>
            <ns3:cad>51</ns3:cad>
          </ns3:TrackPointExtension>
        </extensions>
      </trkpt>
      <trkpt lat="23.39271090924739837646484375" lon="113.244518525898456573486328125">
        <ele>8.3999996185302734375</ele>
        <time>2024-04-01T13:49:03.000Z</time>
        <extensions>
          <ns3:TrackPointExtension>
            <ns3:hr>85</ns3:hr>
            <ns3:cad>55</ns3:cad>
          </ns3:TrackPointExtension>
        </extensions>
      </trkpt>
      <trkpt lat="23.392760865390300750732421875" lon="113.24451659806072711944580078125">
        <ele>8.3999996185302734375</ele>
        <time>2024-04-01T13:49:07.000Z</time>
        <extensions>
          <ns3:TrackPointExtension>
            <ns3:hr>85</ns3:hr>
            <ns3:cad>55</ns3:cad>
          </ns3:TrackPointExtension>
        </extensions>
      </trkpt>
      <trkpt lat="23.39277125895023345947265625" lon="113.24451810680329799652099609375">
        <ele>8.3999996185302734375</ele>
        <time>2024-04-01T13:49:09.000Z</time>
        <extensions>
          <ns3:TrackPointExtension>
            <ns3:hr>85</ns3:hr>
            <ns3:cad>55</ns3:cad>
          </ns3:TrackPointExtension>
        </extensions>
      </trkpt>
      <trkpt lat="23.39295096695423126220703125" lon="113.24448927305638790130615234375">
        <ele>8.6000003814697265625</ele>
        <time>2024-04-01T13:49:35.000Z</time>
        <extensions>
          <ns3:TrackPointExtension>
            <ns3:hr>87</ns3:hr>
            <ns3:cad>0</ns3:cad>
          </ns3:TrackPointExtension>
        </extensions>
      </trkpt>
      <trkpt lat="23.392996899783611297607421875" lon="113.2444513030350208282470703125">
        <ele>8.80000019073486328125</ele>
        <time>2024-04-01T13:49:41.000Z</time>
        <extensions>
          <ns3:TrackPointExtension>
            <ns3:hr>87</ns3:hr>
            <ns3:cad>53</ns3:cad>
          </ns3:TrackPointExtension>
        </extensions>
      </trkpt>
      <trkpt lat="23.39303067885339260101318359375" lon="113.2444412447512149810791015625">
        <ele>8.80000019073486328125</ele>
        <time>2024-04-01T13:49:45.000Z</time>
        <extensions>
          <ns3:TrackPointExtension>
            <ns3:hr>88</ns3:hr>
            <ns3:cad>53</ns3:cad>
          </ns3:TrackPointExtension>
        </extensions>
      </trkpt>
      <trkpt lat="23.393056578934192657470703125" lon="113.24441635049879550933837890625">
        <ele>9</ele>
        <time>2024-04-01T13:49:48.000Z</time>
        <extensions>
          <ns3:TrackPointExtension>
            <ns3:hr>88</ns3:hr>
            <ns3:cad>53</ns3:cad>
          </ns3:TrackPointExtension>
        </extensions>
      </trkpt>
      <trkpt lat="23.39307376183569431304931640625" lon="113.24440847150981426239013671875">
        <ele>9.19999980926513671875</ele>
        <time>2024-04-01T13:49:51.000Z</time>
        <extensions>
          <ns3:TrackPointExtension>
            <ns3:hr>88</ns3:hr>
            <ns3:cad>52</ns3:cad>
          </ns3:TrackPointExtension>
        </extensions>
      </trkpt>
      <trkpt lat="23.39309706352651119232177734375" lon="113.24439774267375469207763671875">
        <ele>9.19999980926513671875</ele>
        <time>2024-04-01T13:49:54.000Z</time>
        <extensions>
          <ns3:TrackPointExtension>
            <ns3:hr>88</ns3:hr>
            <ns3:cad>51</ns3:cad>
          </ns3:TrackPointExtension>
        </extensions>
      </trkpt>
      <trkpt lat="23.39317853562533855438232421875" lon="113.24438475072383880615234375">
        <ele>9.6000003814697265625</ele>
        <time>2024-04-01T13:49:59.000Z</time>
        <extensions>
          <ns3:TrackPointExtension>
            <ns3:hr>87</ns3:hr>
            <ns3:cad>52</ns3:cad>
          </ns3:TrackPointExtension>
        </extensions>
      </trkpt>
      <trkpt lat="23.39319312013685703277587890625" lon="113.24438282288610935211181640625">
        <ele>9.6000003814697265625</ele>
        <time>2024-04-01T13:50:00.000Z</time>
        <extensions>
          <ns3:TrackPointExtension>
            <ns3:hr>87</ns3:hr>
            <ns3:cad>52</ns3:cad>
          </ns3:TrackPointExtension>
        </extensions>
      </trkpt>
      <trkpt lat="23.393268473446369171142578125" lon="113.24437268078327178955078125">
        <ele>9.80000019073486328125</ele>
        <time>2024-04-01T13:50:05.000Z</time>
        <extensions>
          <ns3:TrackPointExtension>
            <ns3:hr>87</ns3:hr>
            <ns3:cad>53</ns3:cad>
          </ns3:TrackPointExtension>
        </extensions>
      </trkpt>
      <trkpt lat="23.39344994165003299713134765625" lon="113.24431023560464382171630859375">
        <ele>11</ele>
        <time>2024-04-01T13:50:21.000Z</time>
        <extensions>
          <ns3:TrackPointExtension>
            <ns3:hr>87</ns3:hr>
            <ns3:cad>0</ns3:cad>
          </ns3:TrackPointExtension>
        </extensions>
      </trkpt>
      <trkpt lat="23.39356661774218082427978515625" lon="113.24428685009479522705078125">
        <ele>11.6000003814697265625</ele>
        <time>2024-04-01T13:50:36.000Z</time>
        <extensions>
          <ns3:TrackPointExtension>
            <ns3:hr>88</ns3:hr>
            <ns3:cad>0</ns3:cad>
          </ns3:TrackPointExtension>
        </extensions>
      </trkpt>
      <trkpt lat="23.39357399381697177886962890625" lon="113.244299925863742828369140625">
        <ele>11.80000019073486328125</ele>
        <time>2024-04-01T13:50:40.000Z</time>
        <extensions>
          <ns3:TrackPointExtension>
            <ns3:hr>88</ns3:hr>
            <ns3:cad>0</ns3:cad>
          </ns3:TrackPointExtension>
        </extensions>
      </trkpt>
      <trkpt lat="23.39357097633183002471923828125" lon="113.2443004287779331207275390625">
        <ele>11.6000003814697265625</ele>
        <time>2024-04-01T13:50:44.000Z</time>
        <extensions>
          <ns3:TrackPointExtension>
            <ns3:hr>91</ns3:hr>
            <ns3:cad>0</ns3:cad>
          </ns3:TrackPointExtension>
        </extensions>
      </trkpt>
      <trkpt lat="23.39349017478525638580322265625" lon="113.24411057867109775543212890625">
        <ele>10.80000019073486328125</ele>
        <time>2024-04-01T13:51:50.000Z</time>
        <extensions>
          <ns3:TrackPointExtension>
            <ns3:hr>80</ns3:hr>
            <ns3:cad>0</ns3:cad>
          </ns3:TrackPointExtension>
        </extensions>
      </trkpt>
      <trkpt lat="23.3935472555458545684814453125" lon="113.2441227324306964874267578125">
        <ele>11</ele>
        <time>2024-04-01T13:51:52.000Z</time>
        <extensions>
          <ns3:TrackPointExtension>
            <ns3:hr>82</ns3:hr>
            <ns3:cad>0</ns3:cad>
          </ns3:TrackPointExtension>
        </extensions>
      </trkpt>
      <trkpt lat="23.393578939139842987060546875" lon="113.2441317848861217498779296875">
        <ele>11.19999980926513671875</ele>
        <time>2024-04-01T13:51:53.000Z</time>
        <extensions>
          <ns3:TrackPointExtension>
            <ns3:hr>82</ns3:hr>
            <ns3:cad>0</ns3:cad>
          </ns3:TrackPointExtension>
        </extensions>
      </trkpt>
      <trkpt lat="23.39363182894885540008544921875" lon="113.2441673241555690765380859375">
        <ele>11.3999996185302734375</ele>
        <time>2024-04-01T13:51:57.000Z</time>
        <extensions>
          <ns3:TrackPointExtension>
            <ns3:hr>82</ns3:hr>
            <ns3:cad>53</ns3:cad>
          </ns3:TrackPointExtension>
        </extensions>
      </trkpt>
      <trkpt lat="23.3936347626149654388427734375" lon="113.2441726885735988616943359375">
        <ele>11.3999996185302734375</ele>
        <time>2024-04-01T13:51:58.000Z</time>
        <extensions>
          <ns3:TrackPointExtension>
            <ns3:hr>85</ns3:hr>
            <ns3:cad>0</ns3:cad>
          </ns3:TrackPointExtension>
        </extensions>
      </trkpt>
      <trkpt lat="23.39362956583499908447265625" lon="113.24418568052351474761962890625">
        <ele>11.3999996185302734375</ele>
        <time>2024-04-01T13:52:01.000Z</time>
        <extensions>
          <ns3:TrackPointExtension>
            <ns3:hr>82</ns3:hr>
            <ns3:cad>0</ns3:cad>
          </ns3:TrackPointExtension>
        </extensions>
      </trkpt>
      <trkpt lat="23.39361749589443206787109375" lon="113.2441936433315277099609375">
        <ele>11.3999996185302734375</ele>
        <time>2024-04-01T13:52:03.000Z</time>
        <extensions>
          <ns3:TrackPointExtension>
            <ns3:hr>80</ns3:hr>
            <ns3:cad>0</ns3:cad>
          </ns3:TrackPointExtension>
        </extensions>
      </trkpt>
      <trkpt lat="23.3936082758009433746337890625" lon="113.24418534524738788604736328125">
        <ele>11.3999996185302734375</ele>
        <time>2024-04-01T13:52:06.000Z</time>
        <extensions>
          <ns3:TrackPointExtension>
            <ns3:hr>80</ns3:hr>
            <ns3:cad>0</ns3:cad>
          </ns3:TrackPointExtension>
        </extensions>
      </trkpt>
      <trkpt lat="23.393603079020977020263671875" lon="113.2441683299839496612548828125">
        <ele>11.3999996185302734375</ele>
        <time>2024-04-01T13:52:10.000Z</time>
        <extensions>
          <ns3:TrackPointExtension>
            <ns3:hr>81</ns3:hr>
            <ns3:cad>0</ns3:cad>
          </ns3:TrackPointExtension>
        </extensions>
      </trkpt>
      <trkpt lat="23.3935643546283245086669921875" lon="113.24417553842067718505859375">
        <ele>11.19999980926513671875</ele>
        <time>2024-04-01T13:52:15.000Z</time>
        <extensions>
          <ns3:TrackPointExtension>
            <ns3:hr>82</ns3:hr>
            <ns3:cad>0</ns3:cad>
          </ns3:TrackPointExtension>
        </extensions>
      </trkpt>
      <trkpt lat="23.39356787502765655517578125" lon="113.24416338466107845306396484375">
        <ele>11.19999980926513671875</ele>
        <time>2024-04-01T13:52:19.000Z</time>
        <extensions>
          <ns3:TrackPointExtension>
            <ns3:hr>83</ns3:hr>
            <ns3:cad>0</ns3:cad>
          </ns3:TrackPointExtension>
        </extensions>
      </trkpt>
      <trkpt lat="23.39357919059693813323974609375" lon="113.2442177832126617431640625">
        <ele>11.3999996185302734375</ele>
        <time>2024-04-01T13:52:23.000Z</time>
        <extensions>
          <ns3:TrackPointExtension>
            <ns3:hr>84</ns3:hr>
            <ns3:cad>61</ns3:cad>
          </ns3:TrackPointExtension>
        </extensions>
      </trkpt>
      <trkpt lat="23.3935804478824138641357421875" lon="113.2442166097462177276611328125">
        <ele>11.3999996185302734375</ele>
        <time>2024-04-01T13:52:24.000Z</time>
        <extensions>
          <ns3:TrackPointExtension>
            <ns3:hr>85</ns3:hr>
            <ns3:cad>61</ns3:cad>
          </ns3:TrackPointExtension>
        </extensions>
      </trkpt>
    </trkseg>
  </trk>
</gpx>
