<gpx xmlns:ns3="http://www.garmin.com/xmlschemas/TrackPointExtension/v1" xmlns="http://www.topografix.com/GPX/1/1" xmlns:xsi="http://www.w3.org/2001/XMLSchema-instance" xmlns:ns2="http://www.garmin.com/xmlschemas/GpxExtensions/v3" creator="Garmin Connect" version="1.1" xsi:schemaLocation="http://www.topografix.com/GPX/1/1 http://www.topografix.com/GPX/11.xsd">
  <extensions>
<distance>5202.99</distance>
<average_hr>154.0</average_hr>
<average_speed>1.9329999685287476</average_speed>
<start_time>2025-01-08T12:41:56+00:00</start_time>
<end_time>2025-01-08T13:26:47.165000+00:00</end_time>
<moving_time>2658.218</moving_time>
<elapsed_time>2694.809</elapsed_time>
</extensions>
<metadata>
    <link href="connect.garmin.com">
      <text>Garmin Connect</text>
    </link>
    <time>2025-01-08T12:41:56.000Z</time>
  </metadata>
  <trk>
    <name>广州市 跑步</name>
    <type>running</type>
    <trkseg>
      <trkpt lat="23.39364641346037387847900390625" lon="113.24404318816959857940673828125">
        <ele>11.19999980926513671875</ele>
        <time>2025-01-08T12:41:56.000Z</time>
        <extensions>
          <ns3:TrackPointExtension>
            <ns3:hr>97</ns3:hr>
            <ns3:cad>0</ns3:cad>
          </ns3:TrackPointExtension>
        </extensions>
      </trkpt>
      <trkpt lat="23.393648006021976470947265625" lon="113.244035728275775909423828125">
        <ele>11.19999980926513671875</ele>
        <time>2025-01-08T12:41:57.000Z</time>
        <extensions>
          <ns3:TrackPointExtension>
            <ns3:hr>98</ns3:hr>
            <ns3:cad>0</ns3:cad>
          </ns3:TrackPointExtension>
        </extensions>
      </trkpt>
      <trkpt lat="23.39365110732614994049072265625" lon="113.24401116929948329925537109375">
        <ele>11.19999980926513671875</ele>
        <time>2025-01-08T12:42:02.000Z</time>
        <extensions>
          <ns3:TrackPointExtension>
            <ns3:hr>94</ns3:hr>
            <ns3:cad>0</ns3:cad>
          </ns3:TrackPointExtension>
        </extensions>
      </trkpt>
      <trkpt lat="23.3936428092420101165771484375" lon="113.24399842880666255950927734375">
        <ele>11.19999980926513671875</ele>
        <time>2025-01-08T12:42:09.000Z</time>
        <extensions>
          <ns3:TrackPointExtension>
            <ns3:hr>91</ns3:hr>
            <ns3:cad>0</ns3:cad>
          </ns3:TrackPointExtension>
        </extensions>
      </trkpt>
      <trkpt lat="23.39364155195653438568115234375" lon="113.24398820288479328155517578125">
        <ele>11.19999980926513671875</ele>
        <time>2025-01-08T12:42:13.000Z</time>
        <extensions>
          <ns3:TrackPointExtension>
            <ns3:hr>91</ns3:hr>
            <ns3:cad>0</ns3:cad>
          </ns3:TrackPointExtension>
        </extensions>
      </trkpt>
      <trkpt lat="23.3935137279331684112548828125" lon="113.2444395683705806732177734375">
        <ele>12</ele>
        <time>2025-01-08T12:42:51.000Z</time>
        <extensions>
          <ns3:TrackPointExtension>
            <ns3:hr>92</ns3:hr>
            <ns3:cad>56</ns3:cad>
          </ns3:TrackPointExtension>
        </extensions>
      </trkpt>
      <trkpt lat="23.39350375346839427947998046875" lon="113.24443168938159942626953125">
        <ele>11.80000019073486328125</ele>
        <time>2025-01-08T12:42:52.000Z</time>
        <extensions>
          <ns3:TrackPointExtension>
            <ns3:hr>89</ns3:hr>
            <ns3:cad>57</ns3:cad>
          </ns3:TrackPointExtension>
        </extensions>
      </trkpt>
      <trkpt lat="23.39346519671380519866943359375" lon="113.24441903270781040191650390625">
        <ele>11.3999996185302734375</ele>
        <time>2025-01-08T12:42:57.000Z</time>
        <extensions>
          <ns3:TrackPointExtension>
            <ns3:hr>94</ns3:hr>
            <ns3:cad>58</ns3:cad>
          </ns3:TrackPointExtension>
        </extensions>
      </trkpt>
      <trkpt lat="23.39344239793717861175537109375" lon="113.24441400356590747833251953125">
        <ele>11.19999980926513671875</ele>
        <time>2025-01-08T12:43:00.000Z</time>
        <extensions>
          <ns3:TrackPointExtension>
            <ns3:hr>99</ns3:hr>
            <ns3:cad>56</ns3:cad>
          </ns3:TrackPointExtension>
        </extensions>
      </trkpt>
      <trkpt lat="23.39333225972950458526611328125" lon="113.24429715983569622039794921875">
        <ele>10.19999980926513671875</ele>
        <time>2025-01-08T12:43:10.000Z</time>
        <extensions>
          <ns3:TrackPointExtension>
            <ns3:hr>93</ns3:hr>
            <ns3:cad>56</ns3:cad>
          </ns3:TrackPointExtension>
        </extensions>
      </trkpt>
      <trkpt lat="23.39331566356122493743896484375" lon="113.24428877793252468109130859375">
        <ele>10</ele>
        <time>2025-01-08T12:43:11.000Z</time>
        <extensions>
          <ns3:TrackPointExtension>
            <ns3:hr>90</ns3:hr>
            <ns3:cad>82</ns3:cad>
          </ns3:TrackPointExtension>
        </extensions>
      </trkpt>
      <trkpt lat="23.39329923503100872039794921875" lon="113.2442848384380340576171875">
        <ele>10</ele>
        <time>2025-01-08T12:43:12.000Z</time>
        <extensions>
          <ns3:TrackPointExtension>
            <ns3:hr>90</ns3:hr>
            <ns3:cad>82</ns3:cad>
          </ns3:TrackPointExtension>
        </extensions>
      </trkpt>
      <trkpt lat="23.3932386338710784912109375" lon="113.244306631386280059814453125">
        <ele>10.19999980926513671875</ele>
        <time>2025-01-08T12:43:15.000Z</time>
        <extensions>
          <ns3:TrackPointExtension>
            <ns3:hr>86</ns3:hr>
            <ns3:cad>84</ns3:cad>
          </ns3:TrackPointExtension>
        </extensions>
      </trkpt>
      <trkpt lat="23.393161185085773468017578125" lon="113.2443222217261791229248046875">
        <ele>9.80000019073486328125</ele>
        <time>2025-01-08T12:43:19.000Z</time>
        <extensions>
          <ns3:TrackPointExtension>
            <ns3:hr>89</ns3:hr>
            <ns3:cad>83</ns3:cad>
          </ns3:TrackPointExtension>
        </extensions>
      </trkpt>
      <trkpt lat="23.39311114512383937835693359375" lon="113.24432532303035259246826171875">
        <ele>9.6000003814697265625</ele>
        <time>2025-01-08T12:43:22.000Z</time>
        <extensions>
          <ns3:TrackPointExtension>
            <ns3:hr>95</ns3:hr>
            <ns3:cad>82</ns3:cad>
          </ns3:TrackPointExtension>
        </extensions>
      </trkpt>
      <trkpt lat="23.393097482621669769287109375" lon="113.24433320201933383941650390625">
        <ele>9.6000003814697265625</ele>
        <time>2025-01-08T12:43:23.000Z</time>
        <extensions>
          <ns3:TrackPointExtension>
            <ns3:hr>98</ns3:hr>
            <ns3:cad>82</ns3:cad>
          </ns3:TrackPointExtension>
        </extensions>
      </trkpt>
      <trkpt lat="23.3930604346096515655517578125" lon="113.24434929527342319488525390625">
        <ele>9.19999980926513671875</ele>
        <time>2025-01-08T12:43:25.000Z</time>
        <extensions>
          <ns3:TrackPointExtension>
            <ns3:hr>101</ns3:hr>
            <ns3:cad>84</ns3:cad>
          </ns3:TrackPointExtension>
        </extensions>
      </trkpt>
      <trkpt lat="23.39303101412951946258544921875" lon="113.244371004402637481689453125">
        <ele>9</ele>
        <time>2025-01-08T12:43:27.000Z</time>
        <extensions>
          <ns3:TrackPointExtension>
            <ns3:hr>105</ns3:hr>
            <ns3:cad>85</ns3:cad>
          </ns3:TrackPointExtension>
        </extensions>
      </trkpt>
      <trkpt lat="23.392995558679103851318359375" lon="113.244382403790950775146484375">
        <ele>9</ele>
        <time>2025-01-08T12:43:29.000Z</time>
        <extensions>
          <ns3:TrackPointExtension>
            <ns3:hr>108</ns3:hr>
            <ns3:cad>84</ns3:cad>
          </ns3:TrackPointExtension>
        </extensions>
      </trkpt>
      <trkpt lat="23.39297711849212646484375" lon="113.24438433162868022918701171875">
        <ele>9</ele>
        <time>2025-01-08T12:43:30.000Z</time>
        <extensions>
          <ns3:TrackPointExtension>
            <ns3:hr>113</ns3:hr>
            <ns3:cad>84</ns3:cad>
          </ns3:TrackPointExtension>
        </extensions>
      </trkpt>
      <trkpt lat="23.392940573394298553466796875" lon="113.24439019896090030670166015625">
        <ele>9</ele>
        <time>2025-01-08T12:43:31.000Z</time>
        <extensions>
          <ns3:TrackPointExtension>
            <ns3:hr>113</ns3:hr>
            <ns3:cad>84</ns3:cad>
          </ns3:TrackPointExtension>
        </extensions>
      </trkpt>
      <trkpt lat="23.39290495030581951141357421875" lon="113.24439740739762783050537109375">
        <ele>9</ele>
        <time>2025-01-08T12:43:33.000Z</time>
        <extensions>
          <ns3:TrackPointExtension>
            <ns3:hr>117</ns3:hr>
            <ns3:cad>86</ns3:cad>
          </ns3:TrackPointExtension>
        </extensions>
      </trkpt>
      <trkpt lat="23.39289371855556964874267578125" lon="113.244409225881099700927734375">
        <ele>8.80000019073486328125</ele>
        <time>2025-01-08T12:43:34.000Z</time>
        <extensions>
          <ns3:TrackPointExtension>
            <ns3:hr>120</ns3:hr>
            <ns3:cad>86</ns3:cad>
          </ns3:TrackPointExtension>
        </extensions>
      </trkpt>
      <trkpt lat="23.392884917557239532470703125" lon="113.244422972202301025390625">
        <ele>8.80000019073486328125</ele>
        <time>2025-01-08T12:43:35.000Z</time>
        <extensions>
          <ns3:TrackPointExtension>
            <ns3:hr>123</ns3:hr>
            <ns3:cad>86</ns3:cad>
          </ns3:TrackPointExtension>
        </extensions>
      </trkpt>
      <trkpt lat="23.392877541482448577880859375" lon="113.24443378485739231109619140625">
        <ele>8.80000019073486328125</ele>
        <time>2025-01-08T12:43:36.000Z</time>
        <extensions>
          <ns3:TrackPointExtension>
            <ns3:hr>123</ns3:hr>
            <ns3:cad>86</ns3:cad>
          </ns3:TrackPointExtension>
        </extensions>
      </trkpt>
      <trkpt lat="23.39284158311784267425537109375" lon="113.24451173655688762664794921875">
        <ele>8.6000003814697265625</ele>
        <time>2025-01-08T12:43:43.000Z</time>
        <extensions>
          <ns3:TrackPointExtension>
            <ns3:hr>126</ns3:hr>
            <ns3:cad>86</ns3:cad>
          </ns3:TrackPointExtension>
        </extensions>
      </trkpt>
      <trkpt lat="23.39270680211484432220458984375" lon="113.2444298453629016876220703125">
        <ele>8.80000019073486328125</ele>
        <time>2025-01-08T12:43:47.000Z</time>
        <extensions>
          <ns3:TrackPointExtension>
            <ns3:hr>130</ns3:hr>
            <ns3:cad>86</ns3:cad>
          </ns3:TrackPointExtension>
        </extensions>
      </trkpt>
      <trkpt lat="23.3926560916006565093994140625" lon="113.2443906180560588836669921875">
        <ele>9</ele>
        <time>2025-01-08T12:43:48.000Z</time>
        <extensions>
          <ns3:TrackPointExtension>
            <ns3:hr>129</ns3:hr>
            <ns3:cad>86</ns3:cad>
          </ns3:TrackPointExtension>
        </extensions>
      </trkpt>
      <trkpt lat="23.392631448805332183837890625" lon="113.24439338408410549163818359375">
        <ele>9</ele>
        <time>2025-01-08T12:43:49.000Z</time>
        <extensions>
          <ns3:TrackPointExtension>
            <ns3:hr>128</ns3:hr>
            <ns3:cad>86</ns3:cad>
          </ns3:TrackPointExtension>
        </extensions>
      </trkpt>
      <trkpt lat="23.39261300861835479736328125" lon="113.24440729804337024688720703125">
        <ele>8.80000019073486328125</ele>
        <time>2025-01-08T12:43:50.000Z</time>
        <extensions>
          <ns3:TrackPointExtension>
            <ns3:hr>131</ns3:hr>
            <ns3:cad>85</ns3:cad>
          </ns3:TrackPointExtension>
        </extensions>
      </trkpt>
      <trkpt lat="23.3926071412861347198486328125" lon="113.2444305159151554107666015625">
        <ele>8.80000019073486328125</ele>
        <time>2025-01-08T12:43:51.000Z</time>
        <extensions>
          <ns3:TrackPointExtension>
            <ns3:hr>137</ns3:hr>
            <ns3:cad>85</ns3:cad>
          </ns3:TrackPointExtension>
        </extensions>
      </trkpt>
      <trkpt lat="23.3926029503345489501953125" lon="113.24444518424570560455322265625">
        <ele>8.80000019073486328125</ele>
        <time>2025-01-08T12:43:52.000Z</time>
        <extensions>
          <ns3:TrackPointExtension>
            <ns3:hr>135</ns3:hr>
            <ns3:cad>85</ns3:cad>
          </ns3:TrackPointExtension>
        </extensions>
      </trkpt>
      <trkpt lat="23.3925675787031650543212890625" lon="113.24449966661632061004638671875">
        <ele>8.3999996185302734375</ele>
        <time>2025-01-08T12:43:54.000Z</time>
        <extensions>
          <ns3:TrackPointExtension>
            <ns3:hr>139</ns3:hr>
            <ns3:cad>83</ns3:cad>
          </ns3:TrackPointExtension>
        </extensions>
      </trkpt>
      <trkpt lat="23.39255508966743946075439453125" lon="113.2445207051932811737060546875">
        <ele>8.19999980926513671875</ele>
        <time>2025-01-08T12:43:55.000Z</time>
        <extensions>
          <ns3:TrackPointExtension>
            <ns3:hr>139</ns3:hr>
            <ns3:cad>83</ns3:cad>
          </ns3:TrackPointExtension>
        </extensions>
      </trkpt>
      <trkpt lat="23.39254117570817470550537109375" lon="113.244563452899456024169921875">
        <ele>7.80000019073486328125</ele>
        <time>2025-01-08T12:43:57.000Z</time>
        <extensions>
          <ns3:TrackPointExtension>
            <ns3:hr>136</ns3:hr>
            <ns3:cad>83</ns3:cad>
          </ns3:TrackPointExtension>
        </extensions>
      </trkpt>
      <trkpt lat="23.39257202111184597015380859375" lon="113.24469647370278835296630859375">
        <ele>7.400000095367431640625</ele>
        <time>2025-01-08T12:44:02.000Z</time>
        <extensions>
          <ns3:TrackPointExtension>
            <ns3:hr>133</ns3:hr>
            <ns3:cad>84</ns3:cad>
          </ns3:TrackPointExtension>
        </extensions>
      </trkpt>
      <trkpt lat="23.3926138468086719512939453125" lon="113.24479068629443645477294921875">
        <ele>7.599999904632568359375</ele>
        <time>2025-01-08T12:44:06.000Z</time>
        <extensions>
          <ns3:TrackPointExtension>
            <ns3:hr>137</ns3:hr>
            <ns3:cad>84</ns3:cad>
          </ns3:TrackPointExtension>
        </extensions>
      </trkpt>
      <trkpt lat="23.3926245756447315216064453125" lon="113.244835697114467620849609375">
        <ele>7.599999904632568359375</ele>
        <time>2025-01-08T12:44:08.000Z</time>
        <extensions>
          <ns3:TrackPointExtension>
            <ns3:hr>140</ns3:hr>
            <ns3:cad>83</ns3:cad>
          </ns3:TrackPointExtension>
        </extensions>
      </trkpt>
      <trkpt lat="23.3926285989582538604736328125" lon="113.24485774151980876922607421875">
        <ele>7.599999904632568359375</ele>
        <time>2025-01-08T12:44:09.000Z</time>
        <extensions>
          <ns3:TrackPointExtension>
            <ns3:hr>144</ns3:hr>
            <ns3:cad>83</ns3:cad>
          </ns3:TrackPointExtension>
        </extensions>
      </trkpt>
      <trkpt lat="23.39263320900499820709228515625" lon="113.24493016116321086883544921875">
        <ele>7.599999904632568359375</ele>
        <time>2025-01-08T12:44:12.000Z</time>
        <extensions>
          <ns3:TrackPointExtension>
            <ns3:hr>140</ns3:hr>
            <ns3:cad>84</ns3:cad>
          </ns3:TrackPointExtension>
        </extensions>
      </trkpt>
      <trkpt lat="23.3926369808614253997802734375" lon="113.24495111592113971710205078125">
        <ele>7.599999904632568359375</ele>
        <time>2025-01-08T12:44:13.000Z</time>
        <extensions>
          <ns3:TrackPointExtension>
            <ns3:hr>133</ns3:hr>
            <ns3:cad>84</ns3:cad>
          </ns3:TrackPointExtension>
        </extensions>
      </trkpt>
      <trkpt lat="23.39265801943838596343994140625" lon="113.24508078396320343017578125">
        <ele>7.599999904632568359375</ele>
        <time>2025-01-08T12:44:19.000Z</time>
        <extensions>
          <ns3:TrackPointExtension>
            <ns3:hr>136</ns3:hr>
            <ns3:cad>85</ns3:cad>
          </ns3:TrackPointExtension>
        </extensions>
      </trkpt>
      <trkpt lat="23.39266489259898662567138671875" lon="113.245120681822299957275390625">
        <ele>7.80000019073486328125</ele>
        <time>2025-01-08T12:44:21.000Z</time>
        <extensions>
          <ns3:TrackPointExtension>
            <ns3:hr>139</ns3:hr>
            <ns3:cad>84</ns3:cad>
          </ns3:TrackPointExtension>
        </extensions>
      </trkpt>
      <trkpt lat="23.392672352492809295654296875" lon="113.24516468681395053863525390625">
        <ele>8</ele>
        <time>2025-01-08T12:44:23.000Z</time>
        <extensions>
          <ns3:TrackPointExtension>
            <ns3:hr>142</ns3:hr>
            <ns3:cad>84</ns3:cad>
          </ns3:TrackPointExtension>
        </extensions>
      </trkpt>
      <trkpt lat="23.39270646683871746063232421875" lon="113.24532628990709781646728515625">
        <ele>9.19999980926513671875</ele>
        <time>2025-01-08T12:44:30.000Z</time>
        <extensions>
          <ns3:TrackPointExtension>
            <ns3:hr>139</ns3:hr>
            <ns3:cad>83</ns3:cad>
          </ns3:TrackPointExtension>
        </extensions>
      </trkpt>
      <trkpt lat="23.39272968471050262451171875" lon="113.2453858852386474609375">
        <ele>9.3999996185302734375</ele>
        <time>2025-01-08T12:44:33.000Z</time>
        <extensions>
          <ns3:TrackPointExtension>
            <ns3:hr>142</ns3:hr>
            <ns3:cad>83</ns3:cad>
          </ns3:TrackPointExtension>
        </extensions>
      </trkpt>
      <trkpt lat="23.39273278601467609405517578125" lon="113.24544288218021392822265625">
        <ele>9.80000019073486328125</ele>
        <time>2025-01-08T12:44:36.000Z</time>
        <extensions>
          <ns3:TrackPointExtension>
            <ns3:hr>146</ns3:hr>
            <ns3:cad>84</ns3:cad>
          </ns3:TrackPointExtension>
        </extensions>
      </trkpt>
      <trkpt lat="23.39274317957460880279541015625" lon="113.245511949062347412109375">
        <ele>10</ele>
        <time>2025-01-08T12:44:39.000Z</time>
        <extensions>
          <ns3:TrackPointExtension>
            <ns3:hr>143</ns3:hr>
            <ns3:cad>84</ns3:cad>
          </ns3:TrackPointExtension>
        </extensions>
      </trkpt>
      <trkpt lat="23.3927486278116703033447265625" lon="113.245535083115100860595703125">
        <ele>10</ele>
        <time>2025-01-08T12:44:40.000Z</time>
        <extensions>
          <ns3:TrackPointExtension>
            <ns3:hr>139</ns3:hr>
            <ns3:cad>84</ns3:cad>
          </ns3:TrackPointExtension>
        </extensions>
      </trkpt>
      <trkpt lat="23.39275826700031757354736328125" lon="113.2455587200820446014404296875">
        <ele>10</ele>
        <time>2025-01-08T12:44:41.000Z</time>
        <extensions>
          <ns3:TrackPointExtension>
            <ns3:hr>134</ns3:hr>
            <ns3:cad>84</ns3:cad>
          </ns3:TrackPointExtension>
        </extensions>
      </trkpt>
      <trkpt lat="23.39277771301567554473876953125" lon="113.24560247361660003662109375">
        <ele>10</ele>
        <time>2025-01-08T12:44:43.000Z</time>
        <extensions>
          <ns3:TrackPointExtension>
            <ns3:hr>127</ns3:hr>
            <ns3:cad>86</ns3:cad>
          </ns3:TrackPointExtension>
        </extensions>
      </trkpt>
      <trkpt lat="23.39279430918395519256591796875" lon="113.2456224225461483001708984375">
        <ele>10</ele>
        <time>2025-01-08T12:44:44.000Z</time>
        <extensions>
          <ns3:TrackPointExtension>
            <ns3:hr>120</ns3:hr>
            <ns3:cad>86</ns3:cad>
          </ns3:TrackPointExtension>
        </extensions>
      </trkpt>
      <trkpt lat="23.39280520565807819366455078125" lon="113.24564396403729915618896484375">
        <ele>10</ele>
        <time>2025-01-08T12:44:45.000Z</time>
        <extensions>
          <ns3:TrackPointExtension>
            <ns3:hr>117</ns3:hr>
            <ns3:cad>85</ns3:cad>
          </ns3:TrackPointExtension>
        </extensions>
      </trkpt>
      <trkpt lat="23.39281945489346981048583984375" lon="113.2456626556813716888427734375">
        <ele>10</ele>
        <time>2025-01-08T12:44:46.000Z</time>
        <extensions>
          <ns3:TrackPointExtension>
            <ns3:hr>114</ns3:hr>
            <ns3:cad>84</ns3:cad>
          </ns3:TrackPointExtension>
        </extensions>
      </trkpt>
      <trkpt lat="23.39286522008478641510009765625" lon="113.24586960487067699432373046875">
        <ele>10.3999996185302734375</ele>
        <time>2025-01-08T12:44:55.000Z</time>
        <extensions>
          <ns3:TrackPointExtension>
            <ns3:hr>114</ns3:hr>
            <ns3:cad>84</ns3:cad>
          </ns3:TrackPointExtension>
        </extensions>
      </trkpt>
      <trkpt lat="23.3929062075912952423095703125" lon="113.2460180483758449554443359375">
        <ele>10.6000003814697265625</ele>
        <time>2025-01-08T12:45:02.000Z</time>
        <extensions>
          <ns3:TrackPointExtension>
            <ns3:hr>113</ns3:hr>
            <ns3:cad>85</ns3:cad>
          </ns3:TrackPointExtension>
        </extensions>
      </trkpt>
      <trkpt lat="23.3930835686624050140380859375" lon="113.24613497592508792877197265625">
        <ele>9.80000019073486328125</ele>
        <time>2025-01-08T12:45:10.000Z</time>
        <extensions>
          <ns3:TrackPointExtension>
            <ns3:hr>113</ns3:hr>
            <ns3:cad>82</ns3:cad>
          </ns3:TrackPointExtension>
        </extensions>
      </trkpt>
      <trkpt lat="23.39326218701899051666259765625" lon="113.246219716966152191162109375">
        <ele>9.19999980926513671875</ele>
        <time>2025-01-08T12:45:18.000Z</time>
        <extensions>
          <ns3:TrackPointExtension>
            <ns3:hr>114</ns3:hr>
            <ns3:cad>84</ns3:cad>
          </ns3:TrackPointExtension>
        </extensions>
      </trkpt>
      <trkpt lat="23.39341473765671253204345703125" lon="113.246293477714061737060546875">
        <ele>8.80000019073486328125</ele>
        <time>2025-01-08T12:45:25.000Z</time>
        <extensions>
          <ns3:TrackPointExtension>
            <ns3:hr>111</ns3:hr>
            <ns3:cad>83</ns3:cad>
          </ns3:TrackPointExtension>
        </extensions>
      </trkpt>
      <trkpt lat="23.39359997771680355072021484375" lon="113.2463640533387660980224609375">
        <ele>8.3999996185302734375</ele>
        <time>2025-01-08T12:45:33.000Z</time>
        <extensions>
          <ns3:TrackPointExtension>
            <ns3:hr>110</ns3:hr>
            <ns3:cad>83</ns3:cad>
          </ns3:TrackPointExtension>
        </extensions>
      </trkpt>
      <trkpt lat="23.39373744092881679534912109375" lon="113.246428258717060089111328125">
        <ele>7.80000019073486328125</ele>
        <time>2025-01-08T12:45:43.000Z</time>
        <extensions>
          <ns3:TrackPointExtension>
            <ns3:hr>113</ns3:hr>
            <ns3:cad>83</ns3:cad>
          </ns3:TrackPointExtension>
        </extensions>
      </trkpt>
      <trkpt lat="23.3939174003899097442626953125" lon="113.246467150747776031494140625">
        <ele>7.400000095367431640625</ele>
        <time>2025-01-08T12:45:59.000Z</time>
        <extensions>
          <ns3:TrackPointExtension>
            <ns3:hr>113</ns3:hr>
            <ns3:cad>57</ns3:cad>
          </ns3:TrackPointExtension>
        </extensions>
      </trkpt>
      <trkpt lat="23.39393123053014278411865234375" lon="113.24646824039518833160400390625">
        <ele>7.400000095367431640625</ele>
        <time>2025-01-08T12:46:02.000Z</time>
        <extensions>
          <ns3:TrackPointExtension>
            <ns3:hr>111</ns3:hr>
            <ns3:cad>55</ns3:cad>
          </ns3:TrackPointExtension>
        </extensions>
      </trkpt>
      <trkpt lat="23.3939901553094387054443359375" lon="113.24648818932473659515380859375">
        <ele>7.19999980926513671875</ele>
        <time>2025-01-08T12:46:09.000Z</time>
        <extensions>
          <ns3:TrackPointExtension>
            <ns3:hr>109</ns3:hr>
            <ns3:cad>57</ns3:cad>
          </ns3:TrackPointExtension>
        </extensions>
      </trkpt>
      <trkpt lat="23.3940028958022594451904296875" lon="113.2464921288192272186279296875">
        <ele>7.19999980926513671875</ele>
        <time>2025-01-08T12:46:10.000Z</time>
        <extensions>
          <ns3:TrackPointExtension>
            <ns3:hr>104</ns3:hr>
            <ns3:cad>57</ns3:cad>
          </ns3:TrackPointExtension>
        </extensions>
      </trkpt>
      <trkpt lat="23.394028879702091217041015625" lon="113.2464941404759883880615234375">
        <ele>7.19999980926513671875</ele>
        <time>2025-01-08T12:46:12.000Z</time>
        <extensions>
          <ns3:TrackPointExtension>
            <ns3:hr>107</ns3:hr>
            <ns3:cad>57</ns3:cad>
          </ns3:TrackPointExtension>
        </extensions>
      </trkpt>
      <trkpt lat="23.39404086582362651824951171875" lon="113.24649321846663951873779296875">
        <ele>7</ele>
        <time>2025-01-08T12:46:13.000Z</time>
        <extensions>
          <ns3:TrackPointExtension>
            <ns3:hr>113</ns3:hr>
            <ns3:cad>56</ns3:cad>
          </ns3:TrackPointExtension>
        </extensions>
      </trkpt>
      <trkpt lat="23.39405243285000324249267578125" lon="113.24649254791438579559326171875">
        <ele>7</ele>
        <time>2025-01-08T12:46:14.000Z</time>
        <extensions>
          <ns3:TrackPointExtension>
            <ns3:hr>116</ns3:hr>
            <ns3:cad>56</ns3:cad>
          </ns3:TrackPointExtension>
        </extensions>
      </trkpt>
      <trkpt lat="23.39406651444733142852783203125" lon="113.24650101363658905029296875">
        <ele>6.80000019073486328125</ele>
        <time>2025-01-08T12:46:15.000Z</time>
        <extensions>
          <ns3:TrackPointExtension>
            <ns3:hr>119</ns3:hr>
            <ns3:cad>56</ns3:cad>
          </ns3:TrackPointExtension>
        </extensions>
      </trkpt>
      <trkpt lat="23.3940826915204524993896484375" lon="113.2465055398643016815185546875">
        <ele>6.80000019073486328125</ele>
        <time>2025-01-08T12:46:16.000Z</time>
        <extensions>
          <ns3:TrackPointExtension>
            <ns3:hr>123</ns3:hr>
            <ns3:cad>56</ns3:cad>
          </ns3:TrackPointExtension>
        </extensions>
      </trkpt>
      <trkpt lat="23.39409735985100269317626953125" lon="113.2465110719203948974609375">
        <ele>6.599999904632568359375</ele>
        <time>2025-01-08T12:46:17.000Z</time>
        <extensions>
          <ns3:TrackPointExtension>
            <ns3:hr>128</ns3:hr>
            <ns3:cad>56</ns3:cad>
          </ns3:TrackPointExtension>
        </extensions>
      </trkpt>
      <trkpt lat="23.3941360004246234893798828125" lon="113.246525824069976806640625">
        <ele>6.19999980926513671875</ele>
        <time>2025-01-08T12:46:19.000Z</time>
        <extensions>
          <ns3:TrackPointExtension>
            <ns3:hr>134</ns3:hr>
            <ns3:cad>77</ns3:cad>
          </ns3:TrackPointExtension>
        </extensions>
      </trkpt>
      <trkpt lat="23.3941586315631866455078125" lon="113.24653227813541889190673828125">
        <ele>6.400000095367431640625</ele>
        <time>2025-01-08T12:46:20.000Z</time>
        <extensions>
          <ns3:TrackPointExtension>
            <ns3:hr>137</ns3:hr>
            <ns3:cad>83</ns3:cad>
          </ns3:TrackPointExtension>
        </extensions>
      </trkpt>
      <trkpt lat="23.3941815979778766632080078125" lon="113.24653848074376583099365234375">
        <ele>6.400000095367431640625</ele>
        <time>2025-01-08T12:46:21.000Z</time>
        <extensions>
          <ns3:TrackPointExtension>
            <ns3:hr>137</ns3:hr>
            <ns3:cad>83</ns3:cad>
          </ns3:TrackPointExtension>
        </extensions>
      </trkpt>
      <trkpt lat="23.39429265819489955902099609375" lon="113.24661240912973880767822265625">
        <ele>6.400000095367431640625</ele>
        <time>2025-01-08T12:46:27.000Z</time>
        <extensions>
          <ns3:TrackPointExtension>
            <ns3:hr>134</ns3:hr>
            <ns3:cad>84</ns3:cad>
          </ns3:TrackPointExtension>
        </extensions>
      </trkpt>
      <trkpt lat="23.394299782812595367431640625" lon="113.24663185514509677886962890625">
        <ele>6.400000095367431640625</ele>
        <time>2025-01-08T12:46:28.000Z</time>
        <extensions>
          <ns3:TrackPointExtension>
            <ns3:hr>132</ns3:hr>
            <ns3:cad>83</ns3:cad>
          </ns3:TrackPointExtension>
        </extensions>
      </trkpt>
      <trkpt lat="23.3942965976893901824951171875" lon="113.24667259119451045989990234375">
        <ele>6</ele>
        <time>2025-01-08T12:46:30.000Z</time>
        <extensions>
          <ns3:TrackPointExtension>
            <ns3:hr>138</ns3:hr>
            <ns3:cad>83</ns3:cad>
          </ns3:TrackPointExtension>
        </extensions>
      </trkpt>
      <trkpt lat="23.394237421452999114990234375" lon="113.24678239412605762481689453125">
        <ele>5.400000095367431640625</ele>
        <time>2025-01-08T12:46:35.000Z</time>
        <extensions>
          <ns3:TrackPointExtension>
            <ns3:hr>135</ns3:hr>
            <ns3:cad>82</ns3:cad>
          </ns3:TrackPointExtension>
        </extensions>
      </trkpt>
      <trkpt lat="23.39421386830508708953857421875" lon="113.2468374632298946380615234375">
        <ele>5.19999980926513671875</ele>
        <time>2025-01-08T12:46:37.000Z</time>
        <extensions>
          <ns3:TrackPointExtension>
            <ns3:hr>131</ns3:hr>
            <ns3:cad>82</ns3:cad>
          </ns3:TrackPointExtension>
        </extensions>
      </trkpt>
      <trkpt lat="23.394122086465358734130859375" lon="113.247033767402172088623046875">
        <ele>5</ele>
        <time>2025-01-08T12:46:45.000Z</time>
        <extensions>
          <ns3:TrackPointExtension>
            <ns3:hr>132</ns3:hr>
            <ns3:cad>84</ns3:cad>
          </ns3:TrackPointExtension>
        </extensions>
      </trkpt>
      <trkpt lat="23.394061066210269927978515625" lon="113.247196376323699951171875">
        <ele>5.400000095367431640625</ele>
        <time>2025-01-08T12:46:52.000Z</time>
        <extensions>
          <ns3:TrackPointExtension>
            <ns3:hr>128</ns3:hr>
            <ns3:cad>84</ns3:cad>
          </ns3:TrackPointExtension>
        </extensions>
      </trkpt>
      <trkpt lat="23.39405192993581295013427734375" lon="113.24721959419548511505126953125">
        <ele>5.599999904632568359375</ele>
        <time>2025-01-08T12:46:53.000Z</time>
        <extensions>
          <ns3:TrackPointExtension>
            <ns3:hr>124</ns3:hr>
            <ns3:cad>84</ns3:cad>
          </ns3:TrackPointExtension>
        </extensions>
      </trkpt>
      <trkpt lat="23.3940444700419902801513671875" lon="113.2472414709627628326416015625">
        <ele>5.599999904632568359375</ele>
        <time>2025-01-08T12:46:54.000Z</time>
        <extensions>
          <ns3:TrackPointExtension>
            <ns3:hr>125</ns3:hr>
            <ns3:cad>84</ns3:cad>
          </ns3:TrackPointExtension>
        </extensions>
      </trkpt>
      <trkpt lat="23.39402393437922000885009765625" lon="113.24730609543621540069580078125">
        <ele>6</ele>
        <time>2025-01-08T12:46:57.000Z</time>
        <extensions>
          <ns3:TrackPointExtension>
            <ns3:hr>128</ns3:hr>
            <ns3:cad>84</ns3:cad>
          </ns3:TrackPointExtension>
        </extensions>
      </trkpt>
      <trkpt lat="23.39400549419224262237548828125" lon="113.24735403992235660552978515625">
        <ele>6.19999980926513671875</ele>
        <time>2025-01-08T12:46:59.000Z</time>
        <extensions>
          <ns3:TrackPointExtension>
            <ns3:hr>131</ns3:hr>
            <ns3:cad>84</ns3:cad>
          </ns3:TrackPointExtension>
        </extensions>
      </trkpt>
      <trkpt lat="23.39399459771811962127685546875" lon="113.24737750925123691558837890625">
        <ele>6.400000095367431640625</ele>
        <time>2025-01-08T12:47:00.000Z</time>
        <extensions>
          <ns3:TrackPointExtension>
            <ns3:hr>135</ns3:hr>
            <ns3:cad>84</ns3:cad>
          </ns3:TrackPointExtension>
        </extensions>
      </trkpt>
      <trkpt lat="23.39398638345301151275634765625" lon="113.24740198440849781036376953125">
        <ele>6.400000095367431640625</ele>
        <time>2025-01-08T12:47:01.000Z</time>
        <extensions>
          <ns3:TrackPointExtension>
            <ns3:hr>140</ns3:hr>
            <ns3:cad>83</ns3:cad>
          </ns3:TrackPointExtension>
        </extensions>
      </trkpt>
      <trkpt lat="23.39397984556853771209716796875" lon="113.2474241964519023895263671875">
        <ele>6.599999904632568359375</ele>
        <time>2025-01-08T12:47:02.000Z</time>
        <extensions>
          <ns3:TrackPointExtension>
            <ns3:hr>144</ns3:hr>
            <ns3:cad>83</ns3:cad>
          </ns3:TrackPointExtension>
        </extensions>
      </trkpt>
      <trkpt lat="23.393973894417285919189453125" lon="113.24744657613337039947509765625">
        <ele>6.599999904632568359375</ele>
        <time>2025-01-08T12:47:03.000Z</time>
        <extensions>
          <ns3:TrackPointExtension>
            <ns3:hr>149</ns3:hr>
            <ns3:cad>83</ns3:cad>
          </ns3:TrackPointExtension>
        </extensions>
      </trkpt>
      <trkpt lat="23.39396752417087554931640625" lon="113.24746954254806041717529296875">
        <ele>6.80000019073486328125</ele>
        <time>2025-01-08T12:47:04.000Z</time>
        <extensions>
          <ns3:TrackPointExtension>
            <ns3:hr>148</ns3:hr>
            <ns3:cad>83</ns3:cad>
          </ns3:TrackPointExtension>
        </extensions>
      </trkpt>
      <trkpt lat="23.39394698850810527801513671875" lon="113.24751899577677249908447265625">
        <ele>7</ele>
        <time>2025-01-08T12:47:06.000Z</time>
        <extensions>
          <ns3:TrackPointExtension>
            <ns3:hr>145</ns3:hr>
            <ns3:cad>83</ns3:cad>
          </ns3:TrackPointExtension>
        </extensions>
      </trkpt>
      <trkpt lat="23.3939373493194580078125" lon="113.247542046010494232177734375">
        <ele>6.80000019073486328125</ele>
        <time>2025-01-08T12:47:07.000Z</time>
        <extensions>
          <ns3:TrackPointExtension>
            <ns3:hr>139</ns3:hr>
            <ns3:cad>83</ns3:cad>
          </ns3:TrackPointExtension>
        </extensions>
      </trkpt>
      <trkpt lat="23.393920920789241790771484375" lon="113.24758739210665225982666015625">
        <ele>6.400000095367431640625</ele>
        <time>2025-01-08T12:47:09.000Z</time>
        <extensions>
          <ns3:TrackPointExtension>
            <ns3:hr>135</ns3:hr>
            <ns3:cad>85</ns3:cad>
          </ns3:TrackPointExtension>
        </extensions>
      </trkpt>
      <trkpt lat="23.3939120359718799591064453125" lon="113.24760876595973968505859375">
        <ele>6</ele>
        <time>2025-01-08T12:47:10.000Z</time>
        <extensions>
          <ns3:TrackPointExtension>
            <ns3:hr>130</ns3:hr>
            <ns3:cad>85</ns3:cad>
          </ns3:TrackPointExtension>
        </extensions>
      </trkpt>
      <trkpt lat="23.39390491135418415069580078125" lon="113.247629888355731964111328125">
        <ele>5.80000019073486328125</ele>
        <time>2025-01-08T12:47:11.000Z</time>
        <extensions>
          <ns3:TrackPointExtension>
            <ns3:hr>130</ns3:hr>
            <ns3:cad>85</ns3:cad>
          </ns3:TrackPointExtension>
        </extensions>
      </trkpt>
      <trkpt lat="23.393854200839996337890625" lon="113.24778654612600803375244140625">
        <ele>5</ele>
        <time>2025-01-08T12:47:18.000Z</time>
        <extensions>
          <ns3:TrackPointExtension>
            <ns3:hr>127</ns3:hr>
            <ns3:cad>84</ns3:cad>
          </ns3:TrackPointExtension>
        </extensions>
      </trkpt>
      <trkpt lat="23.39382075704634189605712890625" lon="113.247891403734683990478515625">
        <ele>4.400000095367431640625</ele>
        <time>2025-01-08T12:47:24.000Z</time>
        <extensions>
          <ns3:TrackPointExtension>
            <ns3:hr>130</ns3:hr>
            <ns3:cad>84</ns3:cad>
          </ns3:TrackPointExtension>
        </extensions>
      </trkpt>
      <trkpt lat="23.39380281977355480194091796875" lon="113.2479033060371875762939453125">
        <ele>4.19999980926513671875</ele>
        <time>2025-01-08T12:47:26.000Z</time>
        <extensions>
          <ns3:TrackPointExtension>
            <ns3:hr>132</ns3:hr>
            <ns3:cad>77</ns3:cad>
          </ns3:TrackPointExtension>
        </extensions>
      </trkpt>
      <trkpt lat="23.39375319890677928924560546875" lon="113.247900120913982391357421875">
        <ele>3.400000095367431640625</ele>
        <time>2025-01-08T12:47:29.000Z</time>
        <extensions>
          <ns3:TrackPointExtension>
            <ns3:hr>135</ns3:hr>
            <ns3:cad>75</ns3:cad>
          </ns3:TrackPointExtension>
        </extensions>
      </trkpt>
      <trkpt lat="23.393634259700775146484375" lon="113.24789282865822315216064453125">
        <ele>1.2000000476837158203125</ele>
        <time>2025-01-08T12:47:34.000Z</time>
        <extensions>
          <ns3:TrackPointExtension>
            <ns3:hr>138</ns3:hr>
            <ns3:cad>82</ns3:cad>
          </ns3:TrackPointExtension>
        </extensions>
      </trkpt>
      <trkpt lat="23.39345061220228672027587890625" lon="113.2479237578809261322021484375">
        <ele>-0.20000000298023223876953125</ele>
        <time>2025-01-08T12:47:42.000Z</time>
        <extensions>
          <ns3:TrackPointExtension>
            <ns3:hr>136</ns3:hr>
            <ns3:cad>83</ns3:cad>
          </ns3:TrackPointExtension>
        </extensions>
      </trkpt>
      <trkpt lat="23.3933444134891033172607421875" lon="113.24793742038309574127197265625">
        <ele>-0.60000002384185791015625</ele>
        <time>2025-01-08T12:47:46.000Z</time>
        <extensions>
          <ns3:TrackPointExtension>
            <ns3:hr>133</ns3:hr>
            <ns3:cad>83</ns3:cad>
          </ns3:TrackPointExtension>
        </extensions>
      </trkpt>
      <trkpt lat="23.39315171353518962860107421875" lon="113.24797086417675018310546875">
        <ele>2.2000000476837158203125</ele>
        <time>2025-01-08T12:47:54.000Z</time>
        <extensions>
          <ns3:TrackPointExtension>
            <ns3:hr>132</ns3:hr>
            <ns3:cad>83</ns3:cad>
          </ns3:TrackPointExtension>
        </extensions>
      </trkpt>
      <trkpt lat="23.39306286536157131195068359375" lon="113.24798167683184146881103515625">
        <ele>4.19999980926513671875</ele>
        <time>2025-01-08T12:47:58.000Z</time>
        <extensions>
          <ns3:TrackPointExtension>
            <ns3:hr>135</ns3:hr>
            <ns3:cad>85</ns3:cad>
          </ns3:TrackPointExtension>
        </extensions>
      </trkpt>
      <trkpt lat="23.39301508851349353790283203125" lon="113.247987292706966400146484375">
        <ele>5</ele>
        <time>2025-01-08T12:48:01.000Z</time>
        <extensions>
          <ns3:TrackPointExtension>
            <ns3:hr>138</ns3:hr>
            <ns3:cad>85</ns3:cad>
          </ns3:TrackPointExtension>
        </extensions>
      </trkpt>
      <trkpt lat="23.39298508130013942718505859375" lon="113.24800011701881885528564453125">
        <ele>5.19999980926513671875</ele>
        <time>2025-01-08T12:48:03.000Z</time>
        <extensions>
          <ns3:TrackPointExtension>
            <ns3:hr>135</ns3:hr>
            <ns3:cad>85</ns3:cad>
          </ns3:TrackPointExtension>
        </extensions>
      </trkpt>
      <trkpt lat="23.3929705806076526641845703125" lon="113.24800363741815090179443359375">
        <ele>5.400000095367431640625</ele>
        <time>2025-01-08T12:48:04.000Z</time>
        <extensions>
          <ns3:TrackPointExtension>
            <ns3:hr>128</ns3:hr>
            <ns3:cad>85</ns3:cad>
          </ns3:TrackPointExtension>
        </extensions>
      </trkpt>
      <trkpt lat="23.39291098527610301971435546875" lon="113.24800464324653148651123046875">
        <ele>5.599999904632568359375</ele>
        <time>2025-01-08T12:48:09.000Z</time>
        <extensions>
          <ns3:TrackPointExtension>
            <ns3:hr>131</ns3:hr>
            <ns3:cad>59</ns3:cad>
          </ns3:TrackPointExtension>
        </extensions>
      </trkpt>
      <trkpt lat="23.39290394447743892669677734375" lon="113.24800145812332630157470703125">
        <ele>5.599999904632568359375</ele>
        <time>2025-01-08T12:48:10.000Z</time>
        <extensions>
          <ns3:TrackPointExtension>
            <ns3:hr>134</ns3:hr>
            <ns3:cad>56</ns3:cad>
          </ns3:TrackPointExtension>
        </extensions>
      </trkpt>
      <trkpt lat="23.3928917907178401947021484375" lon="113.24798938818275928497314453125">
        <ele>5.599999904632568359375</ele>
        <time>2025-01-08T12:48:12.000Z</time>
        <extensions>
          <ns3:TrackPointExtension>
            <ns3:hr>137</ns3:hr>
            <ns3:cad>57</ns3:cad>
          </ns3:TrackPointExtension>
        </extensions>
      </trkpt>
      <trkpt lat="23.39287997223436832427978515625" lon="113.2479733787477016448974609375">
        <ele>5.400000095367431640625</ele>
        <time>2025-01-08T12:48:14.000Z</time>
        <extensions>
          <ns3:TrackPointExtension>
            <ns3:hr>140</ns3:hr>
            <ns3:cad>58</ns3:cad>
          </ns3:TrackPointExtension>
        </extensions>
      </trkpt>
      <trkpt lat="23.39280419982969760894775390625" lon="113.247964493930339813232421875">
        <ele>5.80000019073486328125</ele>
        <time>2025-01-08T12:48:24.000Z</time>
        <extensions>
          <ns3:TrackPointExtension>
            <ns3:hr>139</ns3:hr>
            <ns3:cad>58</ns3:cad>
          </ns3:TrackPointExtension>
        </extensions>
      </trkpt>
      <trkpt lat="23.39274083264172077178955078125" lon="113.2479743845760822296142578125">
        <ele>6</ele>
        <time>2025-01-08T12:48:29.000Z</time>
        <extensions>
          <ns3:TrackPointExtension>
            <ns3:hr>143</ns3:hr>
            <ns3:cad>57</ns3:cad>
          </ns3:TrackPointExtension>
        </extensions>
      </trkpt>
      <trkpt lat="23.39272976852953433990478515625" lon="113.24797346256673336029052734375">
        <ele>6</ele>
        <time>2025-01-08T12:48:30.000Z</time>
        <extensions>
          <ns3:TrackPointExtension>
            <ns3:hr>148</ns3:hr>
            <ns3:cad>57</ns3:cad>
          </ns3:TrackPointExtension>
        </extensions>
      </trkpt>
      <trkpt lat="23.39271903969347476959228515625" lon="113.2479700259864330291748046875">
        <ele>5.80000019073486328125</ele>
        <time>2025-01-08T12:48:31.000Z</time>
        <extensions>
          <ns3:TrackPointExtension>
            <ns3:hr>154</ns3:hr>
            <ns3:cad>57</ns3:cad>
          </ns3:TrackPointExtension>
        </extensions>
      </trkpt>
      <trkpt lat="23.39271233417093753814697265625" lon="113.2479670085012912750244140625">
        <ele>5.80000019073486328125</ele>
        <time>2025-01-08T12:48:32.000Z</time>
        <extensions>
          <ns3:TrackPointExtension>
            <ns3:hr>154</ns3:hr>
            <ns3:cad>57</ns3:cad>
          </ns3:TrackPointExtension>
        </extensions>
      </trkpt>
      <trkpt lat="23.39270579628646373748779296875" lon="113.24796038679778575897216796875">
        <ele>5.80000019073486328125</ele>
        <time>2025-01-08T12:48:33.000Z</time>
        <extensions>
          <ns3:TrackPointExtension>
            <ns3:hr>159</ns3:hr>
            <ns3:cad>58</ns3:cad>
          </ns3:TrackPointExtension>
        </extensions>
      </trkpt>
      <trkpt lat="23.39268500916659832000732421875" lon="113.24796608649194240570068359375">
        <ele>5.80000019073486328125</ele>
        <time>2025-01-08T12:48:35.000Z</time>
        <extensions>
          <ns3:TrackPointExtension>
            <ns3:hr>154</ns3:hr>
            <ns3:cad>58</ns3:cad>
          </ns3:TrackPointExtension>
        </extensions>
      </trkpt>
      <trkpt lat="23.39262147434055805206298828125" lon="113.24797648005187511444091796875">
        <ele>5.599999904632568359375</ele>
        <time>2025-01-08T12:48:42.000Z</time>
        <extensions>
          <ns3:TrackPointExtension>
            <ns3:hr>151</ns3:hr>
            <ns3:cad>58</ns3:cad>
          </ns3:TrackPointExtension>
        </extensions>
      </trkpt>
      <trkpt lat="23.392585851252079010009765625" lon="113.24796549975872039794921875">
        <ele>5.400000095367431640625</ele>
        <time>2025-01-08T12:48:47.000Z</time>
        <extensions>
          <ns3:TrackPointExtension>
            <ns3:hr>148</ns3:hr>
            <ns3:cad>55</ns3:cad>
          </ns3:TrackPointExtension>
        </extensions>
      </trkpt>
      <trkpt lat="23.39256581850349903106689453125" lon="113.24796549975872039794921875">
        <ele>5.400000095367431640625</ele>
        <time>2025-01-08T12:48:49.000Z</time>
        <extensions>
          <ns3:TrackPointExtension>
            <ns3:hr>147</ns3:hr>
            <ns3:cad>55</ns3:cad>
          </ns3:TrackPointExtension>
        </extensions>
      </trkpt>
      <trkpt lat="23.39254796504974365234375" lon="113.2479609735310077667236328125">
        <ele>5.19999980926513671875</ele>
        <time>2025-01-08T12:48:52.000Z</time>
        <extensions>
          <ns3:TrackPointExtension>
            <ns3:hr>144</ns3:hr>
            <ns3:cad>53</ns3:cad>
          </ns3:TrackPointExtension>
        </extensions>
      </trkpt>
      <trkpt lat="23.39254184626042842864990234375" lon="113.24796172790229320526123046875">
        <ele>5.19999980926513671875</ele>
        <time>2025-01-08T12:48:53.000Z</time>
        <extensions>
          <ns3:TrackPointExtension>
            <ns3:hr>143</ns3:hr>
            <ns3:cad>55</ns3:cad>
          </ns3:TrackPointExtension>
        </extensions>
      </trkpt>
      <trkpt lat="23.3925286866724491119384765625" lon="113.2479609735310077667236328125">
        <ele>5.19999980926513671875</ele>
        <time>2025-01-08T12:48:55.000Z</time>
        <extensions>
          <ns3:TrackPointExtension>
            <ns3:hr>142</ns3:hr>
            <ns3:cad>55</ns3:cad>
          </ns3:TrackPointExtension>
        </extensions>
      </trkpt>
      <trkpt lat="23.39249893091619014739990234375" lon="113.247955106198787689208984375">
        <ele>5.19999980926513671875</ele>
        <time>2025-01-08T12:48:59.000Z</time>
        <extensions>
          <ns3:TrackPointExtension>
            <ns3:hr>139</ns3:hr>
            <ns3:cad>56</ns3:cad>
          </ns3:TrackPointExtension>
        </extensions>
      </trkpt>
      <trkpt lat="23.3924636431038379669189453125" lon="113.2479492388665676116943359375">
        <ele>5</ele>
        <time>2025-01-08T12:49:02.000Z</time>
        <extensions>
          <ns3:TrackPointExtension>
            <ns3:hr>133</ns3:hr>
            <ns3:cad>56</ns3:cad>
          </ns3:TrackPointExtension>
        </extensions>
      </trkpt>
      <trkpt lat="23.39245752431452274322509765625" lon="113.24794806540012359619140625">
        <ele>5</ele>
        <time>2025-01-08T12:49:03.000Z</time>
        <extensions>
          <ns3:TrackPointExtension>
            <ns3:hr>130</ns3:hr>
            <ns3:cad>56</ns3:cad>
          </ns3:TrackPointExtension>
        </extensions>
      </trkpt>
      <trkpt lat="23.39245115406811237335205078125" lon="113.24794672429561614990234375">
        <ele>5</ele>
        <time>2025-01-08T12:49:04.000Z</time>
        <extensions>
          <ns3:TrackPointExtension>
            <ns3:hr>130</ns3:hr>
            <ns3:cad>56</ns3:cad>
          </ns3:TrackPointExtension>
        </extensions>
      </trkpt>
      <trkpt lat="23.39243422262370586395263671875" lon="113.24793825857341289520263671875">
        <ele>5</ele>
        <time>2025-01-08T12:49:07.000Z</time>
        <extensions>
          <ns3:TrackPointExtension>
            <ns3:hr>130</ns3:hr>
            <ns3:cad>55</ns3:cad>
          </ns3:TrackPointExtension>
        </extensions>
      </trkpt>
      <trkpt lat="23.392427265644073486328125" lon="113.24793524108827114105224609375">
        <ele>5</ele>
        <time>2025-01-08T12:49:08.000Z</time>
        <extensions>
          <ns3:TrackPointExtension>
            <ns3:hr>127</ns3:hr>
            <ns3:cad>55</ns3:cad>
          </ns3:TrackPointExtension>
        </extensions>
      </trkpt>
      <trkpt lat="23.392404802143573760986328125" lon="113.2479245960712432861328125">
        <ele>5</ele>
        <time>2025-01-08T12:49:11.000Z</time>
        <extensions>
          <ns3:TrackPointExtension>
            <ns3:hr>124</ns3:hr>
            <ns3:cad>55</ns3:cad>
          </ns3:TrackPointExtension>
        </extensions>
      </trkpt>
      <trkpt lat="23.3923546783626079559326171875" lon="113.2479190640151500701904296875">
        <ele>5</ele>
        <time>2025-01-08T12:49:15.000Z</time>
        <extensions>
          <ns3:TrackPointExtension>
            <ns3:hr>124</ns3:hr>
            <ns3:cad>56</ns3:cad>
          </ns3:TrackPointExtension>
        </extensions>
      </trkpt>
      <trkpt lat="23.3922416903078556060791015625" lon="113.2478535175323486328125">
        <ele>5</ele>
        <time>2025-01-08T12:49:28.000Z</time>
        <extensions>
          <ns3:TrackPointExtension>
            <ns3:hr>123</ns3:hr>
            <ns3:cad>58</ns3:cad>
          </ns3:TrackPointExtension>
        </extensions>
      </trkpt>
      <trkpt lat="23.3922007866203784942626953125" lon="113.247828371822834014892578125">
        <ele>5</ele>
        <time>2025-01-08T12:49:34.000Z</time>
        <extensions>
          <ns3:TrackPointExtension>
            <ns3:hr>127</ns3:hr>
            <ns3:cad>52</ns3:cad>
          </ns3:TrackPointExtension>
        </extensions>
      </trkpt>
      <trkpt lat="23.39219366200268268585205078125" lon="113.24782644398510456085205078125">
        <ele>5</ele>
        <time>2025-01-08T12:49:35.000Z</time>
        <extensions>
          <ns3:TrackPointExtension>
            <ns3:hr>128</ns3:hr>
            <ns3:cad>52</ns3:cad>
          </ns3:TrackPointExtension>
        </extensions>
      </trkpt>
      <trkpt lat="23.3921297080814838409423828125" lon="113.2477980293333530426025390625">
        <ele>5.19999980926513671875</ele>
        <time>2025-01-08T12:49:42.000Z</time>
        <extensions>
          <ns3:TrackPointExtension>
            <ns3:hr>130</ns3:hr>
            <ns3:cad>57</ns3:cad>
          </ns3:TrackPointExtension>
        </extensions>
      </trkpt>
      <trkpt lat="23.39206944219768047332763671875" lon="113.2477681897580623626708984375">
        <ele>5.400000095367431640625</ele>
        <time>2025-01-08T12:49:49.000Z</time>
        <extensions>
          <ns3:TrackPointExtension>
            <ns3:hr>130</ns3:hr>
            <ns3:cad>57</ns3:cad>
          </ns3:TrackPointExtension>
        </extensions>
      </trkpt>
      <trkpt lat="23.3920475654304027557373046875" lon="113.247758634388446807861328125">
        <ele>5.599999904632568359375</ele>
        <time>2025-01-08T12:49:53.000Z</time>
        <extensions>
          <ns3:TrackPointExtension>
            <ns3:hr>130</ns3:hr>
            <ns3:cad>57</ns3:cad>
          </ns3:TrackPointExtension>
        </extensions>
      </trkpt>
      <trkpt lat="23.39200557209551334381103515625" lon="113.24775184504687786102294921875">
        <ele>5.599999904632568359375</ele>
        <time>2025-01-08T12:49:57.000Z</time>
        <extensions>
          <ns3:TrackPointExtension>
            <ns3:hr>131</ns3:hr>
            <ns3:cad>57</ns3:cad>
          </ns3:TrackPointExtension>
        </extensions>
      </trkpt>
      <trkpt lat="23.39194715023040771484375" lon="113.24772133491933345794677734375">
        <ele>5.80000019073486328125</ele>
        <time>2025-01-08T12:50:05.000Z</time>
        <extensions>
          <ns3:TrackPointExtension>
            <ns3:hr>129</ns3:hr>
            <ns3:cad>57</ns3:cad>
          </ns3:TrackPointExtension>
        </extensions>
      </trkpt>
      <trkpt lat="23.39188889600336551666259765625" lon="113.2477024756371974945068359375">
        <ele>6</ele>
        <time>2025-01-08T12:50:11.000Z</time>
        <extensions>
          <ns3:TrackPointExtension>
            <ns3:hr>128</ns3:hr>
            <ns3:cad>53</ns3:cad>
          </ns3:TrackPointExtension>
        </extensions>
      </trkpt>
      <trkpt lat="23.39172326959669589996337890625" lon="113.2476226799190044403076171875">
        <ele>5.19999980926513671875</ele>
        <time>2025-01-08T12:50:27.000Z</time>
        <extensions>
          <ns3:TrackPointExtension>
            <ns3:hr>128</ns3:hr>
            <ns3:cad>57</ns3:cad>
          </ns3:TrackPointExtension>
        </extensions>
      </trkpt>
      <trkpt lat="23.391661830246448516845703125" lon="113.2476032339036464691162109375">
        <ele>5</ele>
        <time>2025-01-08T12:50:34.000Z</time>
        <extensions>
          <ns3:TrackPointExtension>
            <ns3:hr>128</ns3:hr>
            <ns3:cad>57</ns3:cad>
          </ns3:TrackPointExtension>
        </extensions>
      </trkpt>
      <trkpt lat="23.39162469841539859771728515625" lon="113.2475891523063182830810546875">
        <ele>4.80000019073486328125</ele>
        <time>2025-01-08T12:50:38.000Z</time>
        <extensions>
          <ns3:TrackPointExtension>
            <ns3:hr>129</ns3:hr>
            <ns3:cad>57</ns3:cad>
          </ns3:TrackPointExtension>
        </extensions>
      </trkpt>
      <trkpt lat="23.3916033245623111724853515625" lon="113.24757884256541728973388671875">
        <ele>4.599999904632568359375</ele>
        <time>2025-01-08T12:50:40.000Z</time>
        <extensions>
          <ns3:TrackPointExtension>
            <ns3:hr>129</ns3:hr>
            <ns3:cad>57</ns3:cad>
          </ns3:TrackPointExtension>
        </extensions>
      </trkpt>
      <trkpt lat="23.3915466628968715667724609375" lon="113.24754179455339908599853515625">
        <ele>4</ele>
        <time>2025-01-08T12:50:48.000Z</time>
        <extensions>
          <ns3:TrackPointExtension>
            <ns3:hr>125</ns3:hr>
            <ns3:cad>55</ns3:cad>
          </ns3:TrackPointExtension>
        </extensions>
      </trkpt>
      <trkpt lat="23.3915339224040508270263671875" lon="113.2475348375737667083740234375">
        <ele>3.7999999523162841796875</ele>
        <time>2025-01-08T12:50:50.000Z</time>
        <extensions>
          <ns3:TrackPointExtension>
            <ns3:hr>126</ns3:hr>
            <ns3:cad>55</ns3:cad>
          </ns3:TrackPointExtension>
        </extensions>
      </trkpt>
      <trkpt lat="23.391525708138942718505859375" lon="113.24753056280314922332763671875">
        <ele>3.7999999523162841796875</ele>
        <time>2025-01-08T12:50:51.000Z</time>
        <extensions>
          <ns3:TrackPointExtension>
            <ns3:hr>123</ns3:hr>
            <ns3:cad>55</ns3:cad>
          </ns3:TrackPointExtension>
        </extensions>
      </trkpt>
      <trkpt lat="23.39148170314729213714599609375" lon="113.2475160621106624603271484375">
        <ele>3.599999904632568359375</ele>
        <time>2025-01-08T12:50:55.000Z</time>
        <extensions>
          <ns3:TrackPointExtension>
            <ns3:hr>124</ns3:hr>
            <ns3:cad>55</ns3:cad>
          </ns3:TrackPointExtension>
        </extensions>
      </trkpt>
      <trkpt lat="23.3914175815880298614501953125" lon="113.24749234132468700408935546875">
        <ele>3</ele>
        <time>2025-01-08T12:51:02.000Z</time>
        <extensions>
          <ns3:TrackPointExtension>
            <ns3:hr>125</ns3:hr>
            <ns3:cad>55</ns3:cad>
          </ns3:TrackPointExtension>
        </extensions>
      </trkpt>
      <trkpt lat="23.39138053357601165771484375" lon="113.247487060725688934326171875">
        <ele>2.599999904632568359375</ele>
        <time>2025-01-08T12:51:06.000Z</time>
        <extensions>
          <ns3:TrackPointExtension>
            <ns3:hr>125</ns3:hr>
            <ns3:cad>56</ns3:cad>
          </ns3:TrackPointExtension>
        </extensions>
      </trkpt>
      <trkpt lat="23.39136066846549510955810546875" lon="113.24747867882251739501953125">
        <ele>2.400000095367431640625</ele>
        <time>2025-01-08T12:51:08.000Z</time>
        <extensions>
          <ns3:TrackPointExtension>
            <ns3:hr>125</ns3:hr>
            <ns3:cad>56</ns3:cad>
          </ns3:TrackPointExtension>
        </extensions>
      </trkpt>
      <trkpt lat="23.39131574146449565887451171875" lon="113.24746585451066493988037109375">
        <ele>2.2000000476837158203125</ele>
        <time>2025-01-08T12:51:12.000Z</time>
        <extensions>
          <ns3:TrackPointExtension>
            <ns3:hr>125</ns3:hr>
            <ns3:cad>0</ns3:cad>
          </ns3:TrackPointExtension>
        </extensions>
      </trkpt>
      <trkpt lat="23.39127534069120883941650390625" lon="113.2474389486014842987060546875">
        <ele>1.7999999523162841796875</ele>
        <time>2025-01-08T12:51:19.000Z</time>
        <extensions>
          <ns3:TrackPointExtension>
            <ns3:hr>126</ns3:hr>
            <ns3:cad>0</ns3:cad>
          </ns3:TrackPointExtension>
        </extensions>
      </trkpt>
      <trkpt lat="23.39125254191458225250244140625" lon="113.24744137935340404510498046875">
        <ele>1.7999999523162841796875</ele>
        <time>2025-01-08T12:51:26.000Z</time>
        <extensions>
          <ns3:TrackPointExtension>
            <ns3:hr>123</ns3:hr>
            <ns3:cad>0</ns3:cad>
          </ns3:TrackPointExtension>
        </extensions>
      </trkpt>
      <trkpt lat="23.39123259298503398895263671875" lon="113.2474335841834545135498046875">
        <ele>1.60000002384185791015625</ele>
        <time>2025-01-08T12:51:33.000Z</time>
        <extensions>
          <ns3:TrackPointExtension>
            <ns3:hr>120</ns3:hr>
            <ns3:cad>0</ns3:cad>
          </ns3:TrackPointExtension>
        </extensions>
      </trkpt>
      <trkpt lat="23.391139805316925048828125" lon="113.2474050857126712799072265625">
        <ele>1.39999997615814208984375</ele>
        <time>2025-01-08T12:51:50.000Z</time>
        <extensions>
          <ns3:TrackPointExtension>
            <ns3:hr>118</ns3:hr>
            <ns3:cad>61</ns3:cad>
          </ns3:TrackPointExtension>
        </extensions>
      </trkpt>
      <trkpt lat="23.39113452471792697906494140625" lon="113.24739553034305572509765625">
        <ele>1.39999997615814208984375</ele>
        <time>2025-01-08T12:51:52.000Z</time>
        <extensions>
          <ns3:TrackPointExtension>
            <ns3:hr>117</ns3:hr>
            <ns3:cad>61</ns3:cad>
          </ns3:TrackPointExtension>
        </extensions>
      </trkpt>
      <trkpt lat="23.39105573482811450958251953125" lon="113.247375078499317169189453125">
        <ele>1.39999997615814208984375</ele>
        <time>2025-01-08T12:52:02.000Z</time>
        <extensions>
          <ns3:TrackPointExtension>
            <ns3:hr>117</ns3:hr>
            <ns3:cad>55</ns3:cad>
          </ns3:TrackPointExtension>
        </extensions>
      </trkpt>
      <trkpt lat="23.39093721471726894378662109375" lon="113.2473544590175151824951171875">
        <ele>2.599999904632568359375</ele>
        <time>2025-01-08T12:52:09.000Z</time>
        <extensions>
          <ns3:TrackPointExtension>
            <ns3:hr>120</ns3:hr>
            <ns3:cad>81</ns3:cad>
          </ns3:TrackPointExtension>
        </extensions>
      </trkpt>
      <trkpt lat="23.39089178480207920074462890625" lon="113.24734448455274105072021484375">
        <ele>3</ele>
        <time>2025-01-08T12:52:11.000Z</time>
        <extensions>
          <ns3:TrackPointExtension>
            <ns3:hr>123</ns3:hr>
            <ns3:cad>81</ns3:cad>
          </ns3:TrackPointExtension>
        </extensions>
      </trkpt>
      <trkpt lat="23.3908144198358058929443359375" lon="113.247328810393810272216796875">
        <ele>3.7999999523162841796875</ele>
        <time>2025-01-08T12:52:15.000Z</time>
        <extensions>
          <ns3:TrackPointExtension>
            <ns3:hr>129</ns3:hr>
            <ns3:cad>82</ns3:cad>
          </ns3:TrackPointExtension>
        </extensions>
      </trkpt>
      <trkpt lat="23.39079489000141620635986328125" lon="113.24732637964189052581787109375">
        <ele>4</ele>
        <time>2025-01-08T12:52:16.000Z</time>
        <extensions>
          <ns3:TrackPointExtension>
            <ns3:hr>133</ns3:hr>
            <ns3:cad>82</ns3:cad>
          </ns3:TrackPointExtension>
        </extensions>
      </trkpt>
      <trkpt lat="23.39077326469123363494873046875" lon="113.24732034467160701751708984375">
        <ele>4.19999980926513671875</ele>
        <time>2025-01-08T12:52:17.000Z</time>
        <extensions>
          <ns3:TrackPointExtension>
            <ns3:hr>138</ns3:hr>
            <ns3:cad>82</ns3:cad>
          </ns3:TrackPointExtension>
        </extensions>
      </trkpt>
      <trkpt lat="23.3906757831573486328125" lon="113.24730257503688335418701171875">
        <ele>5</ele>
        <time>2025-01-08T12:52:21.000Z</time>
        <extensions>
          <ns3:TrackPointExtension>
            <ns3:hr>141</ns3:hr>
            <ns3:cad>81</ns3:cad>
          </ns3:TrackPointExtension>
        </extensions>
      </trkpt>
      <trkpt lat="23.39060663245618343353271484375" lon="113.24727105908095836639404296875">
        <ele>5.599999904632568359375</ele>
        <time>2025-01-08T12:52:24.000Z</time>
        <extensions>
          <ns3:TrackPointExtension>
            <ns3:hr>144</ns3:hr>
            <ns3:cad>82</ns3:cad>
          </ns3:TrackPointExtension>
        </extensions>
      </trkpt>
      <trkpt lat="23.39058299548923969268798828125" lon="113.2472585700452327728271484375">
        <ele>5.80000019073486328125</ele>
        <time>2025-01-08T12:52:25.000Z</time>
        <extensions>
          <ns3:TrackPointExtension>
            <ns3:hr>147</ns3:hr>
            <ns3:cad>82</ns3:cad>
          </ns3:TrackPointExtension>
        </extensions>
      </trkpt>
      <trkpt lat="23.39052130468189716339111328125" lon="113.24723116122186183929443359375">
        <ele>6.19999980926513671875</ele>
        <time>2025-01-08T12:52:28.000Z</time>
        <extensions>
          <ns3:TrackPointExtension>
            <ns3:hr>151</ns3:hr>
            <ns3:cad>82</ns3:cad>
          </ns3:TrackPointExtension>
        </extensions>
      </trkpt>
      <trkpt lat="23.39048475958406925201416015625" lon="113.24721221812069416046142578125">
        <ele>6.400000095367431640625</ele>
        <time>2025-01-08T12:52:30.000Z</time>
        <extensions>
          <ns3:TrackPointExtension>
            <ns3:hr>154</ns3:hr>
            <ns3:cad>83</ns3:cad>
          </ns3:TrackPointExtension>
        </extensions>
      </trkpt>
      <trkpt lat="23.39046531356871128082275390625" lon="113.2472003996372222900390625">
        <ele>6.400000095367431640625</ele>
        <time>2025-01-08T12:52:31.000Z</time>
        <extensions>
          <ns3:TrackPointExtension>
            <ns3:hr>158</ns3:hr>
            <ns3:cad>83</ns3:cad>
          </ns3:TrackPointExtension>
        </extensions>
      </trkpt>
      <trkpt lat="23.3903715200722217559814453125" lon="113.24712638743221759796142578125">
        <ele>6.400000095367431640625</ele>
        <time>2025-01-08T12:52:36.000Z</time>
        <extensions>
          <ns3:TrackPointExtension>
            <ns3:hr>159</ns3:hr>
            <ns3:cad>83</ns3:cad>
          </ns3:TrackPointExtension>
        </extensions>
      </trkpt>
      <trkpt lat="23.39033321477472782135009765625" lon="113.24709453620016574859619140625">
        <ele>6.19999980926513671875</ele>
        <time>2025-01-08T12:52:38.000Z</time>
        <extensions>
          <ns3:TrackPointExtension>
            <ns3:hr>162</ns3:hr>
            <ns3:cad>82</ns3:cad>
          </ns3:TrackPointExtension>
        </extensions>
      </trkpt>
      <trkpt lat="23.3902595378458499908447265625" lon="113.247034437954425811767578125">
        <ele>6.19999980926513671875</ele>
        <time>2025-01-08T12:52:42.000Z</time>
        <extensions>
          <ns3:TrackPointExtension>
            <ns3:hr>156</ns3:hr>
            <ns3:cad>82</ns3:cad>
          </ns3:TrackPointExtension>
        </extensions>
      </trkpt>
      <trkpt lat="23.3902162872254848480224609375" lon="113.24698506854474544525146484375">
        <ele>5.599999904632568359375</ele>
        <time>2025-01-08T12:52:45.000Z</time>
        <extensions>
          <ns3:TrackPointExtension>
            <ns3:hr>159</ns3:hr>
            <ns3:cad>82</ns3:cad>
          </ns3:TrackPointExtension>
        </extensions>
      </trkpt>
      <trkpt lat="23.3901730366051197052001953125" lon="113.24690912850201129913330078125">
        <ele>4.80000019073486328125</ele>
        <time>2025-01-08T12:52:49.000Z</time>
        <extensions>
          <ns3:TrackPointExtension>
            <ns3:hr>162</ns3:hr>
            <ns3:cad>81</ns3:cad>
          </ns3:TrackPointExtension>
        </extensions>
      </trkpt>
      <trkpt lat="23.39006734080612659454345703125" lon="113.246759511530399322509765625">
        <ele>3.2000000476837158203125</ele>
        <time>2025-01-08T12:52:56.000Z</time>
        <extensions>
          <ns3:TrackPointExtension>
            <ns3:hr>159</ns3:hr>
            <ns3:cad>82</ns3:cad>
          </ns3:TrackPointExtension>
        </extensions>
      </trkpt>
      <trkpt lat="23.3899755589663982391357421875" lon="113.2465722598135471343994140625">
        <ele>2.2000000476837158203125</ele>
        <time>2025-01-08T12:53:04.000Z</time>
        <extensions>
          <ns3:TrackPointExtension>
            <ns3:hr>156</ns3:hr>
            <ns3:cad>83</ns3:cad>
          </ns3:TrackPointExtension>
        </extensions>
      </trkpt>
      <trkpt lat="23.38996491394937038421630859375" lon="113.24654619209468364715576171875">
        <ele>2.2000000476837158203125</ele>
        <time>2025-01-08T12:53:05.000Z</time>
        <extensions>
          <ns3:TrackPointExtension>
            <ns3:hr>153</ns3:hr>
            <ns3:cad>83</ns3:cad>
          </ns3:TrackPointExtension>
        </extensions>
      </trkpt>
      <trkpt lat="23.38995150290429592132568359375" lon="113.246521465480327606201171875">
        <ele>2.2000000476837158203125</ele>
        <time>2025-01-08T12:53:06.000Z</time>
        <extensions>
          <ns3:TrackPointExtension>
            <ns3:hr>157</ns3:hr>
            <ns3:cad>83</ns3:cad>
          </ns3:TrackPointExtension>
        </extensions>
      </trkpt>
      <trkpt lat="23.38990573771297931671142578125" lon="113.2464388199150562286376953125">
        <ele>2.400000095367431640625</ele>
        <time>2025-01-08T12:53:10.000Z</time>
        <extensions>
          <ns3:TrackPointExtension>
            <ns3:hr>160</ns3:hr>
            <ns3:cad>82</ns3:cad>
          </ns3:TrackPointExtension>
        </extensions>
      </trkpt>
      <trkpt lat="23.38984169997274875640869140625" lon="113.2462872751057147979736328125">
        <ele>2.599999904632568359375</ele>
        <time>2025-01-08T12:53:17.000Z</time>
        <extensions>
          <ns3:TrackPointExtension>
            <ns3:hr>163</ns3:hr>
            <ns3:cad>82</ns3:cad>
          </ns3:TrackPointExtension>
        </extensions>
      </trkpt>
      <trkpt lat="23.389832563698291778564453125" lon="113.24625290930271148681640625">
        <ele>2.7999999523162841796875</ele>
        <time>2025-01-08T12:53:19.000Z</time>
        <extensions>
          <ns3:TrackPointExtension>
            <ns3:hr>162</ns3:hr>
            <ns3:cad>82</ns3:cad>
          </ns3:TrackPointExtension>
        </extensions>
      </trkpt>
      <trkpt lat="23.38980096392333507537841796875" lon="113.24616531841456890106201171875">
        <ele>3</ele>
        <time>2025-01-08T12:53:23.000Z</time>
        <extensions>
          <ns3:TrackPointExtension>
            <ns3:hr>168</ns3:hr>
            <ns3:cad>82</ns3:cad>
          </ns3:TrackPointExtension>
        </extensions>
      </trkpt>
      <trkpt lat="23.3897841162979602813720703125" lon="113.24611016549170017242431640625">
        <ele>3</ele>
        <time>2025-01-08T12:53:25.000Z</time>
        <extensions>
          <ns3:TrackPointExtension>
            <ns3:hr>173</ns3:hr>
            <ns3:cad>83</ns3:cad>
          </ns3:TrackPointExtension>
        </extensions>
      </trkpt>
      <trkpt lat="23.38975620456039905548095703125" lon="113.24603523127734661102294921875">
        <ele>3.2000000476837158203125</ele>
        <time>2025-01-08T12:53:28.000Z</time>
        <extensions>
          <ns3:TrackPointExtension>
            <ns3:hr>169</ns3:hr>
            <ns3:cad>83</ns3:cad>
          </ns3:TrackPointExtension>
        </extensions>
      </trkpt>
      <trkpt lat="23.38967808522284030914306640625" lon="113.24584932066500186920166015625">
        <ele>2.400000095367431640625</ele>
        <time>2025-01-08T12:53:36.000Z</time>
        <extensions>
          <ns3:TrackPointExtension>
            <ns3:hr>167</ns3:hr>
            <ns3:cad>82</ns3:cad>
          </ns3:TrackPointExtension>
        </extensions>
      </trkpt>
      <trkpt lat="23.3895749039947986602783203125" lon="113.24567464180290699005126953125">
        <ele>3</ele>
        <time>2025-01-08T12:53:44.000Z</time>
        <extensions>
          <ns3:TrackPointExtension>
            <ns3:hr>169</ns3:hr>
            <ns3:cad>83</ns3:cad>
          </ns3:TrackPointExtension>
        </extensions>
      </trkpt>
      <trkpt lat="23.389523439109325408935546875" lon="113.245588727295398712158203125">
        <ele>3.2000000476837158203125</ele>
        <time>2025-01-08T12:53:48.000Z</time>
        <extensions>
          <ns3:TrackPointExtension>
            <ns3:hr>166</ns3:hr>
            <ns3:cad>83</ns3:cad>
          </ns3:TrackPointExtension>
        </extensions>
      </trkpt>
      <trkpt lat="23.3894689567387104034423828125" lon="113.2454490847885608673095703125">
        <ele>3.2000000476837158203125</ele>
        <time>2025-01-08T12:53:54.000Z</time>
        <extensions>
          <ns3:TrackPointExtension>
            <ns3:hr>163</ns3:hr>
            <ns3:cad>83</ns3:cad>
          </ns3:TrackPointExtension>
        </extensions>
      </trkpt>
      <trkpt lat="23.38940349407494068145751953125" lon="113.245329223573207855224609375">
        <ele>3.599999904632568359375</ele>
        <time>2025-01-08T12:54:00.000Z</time>
        <extensions>
          <ns3:TrackPointExtension>
            <ns3:hr>167</ns3:hr>
            <ns3:cad>83</ns3:cad>
          </ns3:TrackPointExtension>
        </extensions>
      </trkpt>
      <trkpt lat="23.3893351815640926361083984375" lon="113.24517524801194667816162109375">
        <ele>3.599999904632568359375</ele>
        <time>2025-01-08T12:54:07.000Z</time>
        <extensions>
          <ns3:TrackPointExtension>
            <ns3:hr>166</ns3:hr>
            <ns3:cad>82</ns3:cad>
          </ns3:TrackPointExtension>
        </extensions>
      </trkpt>
      <trkpt lat="23.3892915956676006317138671875" lon="113.24510299600660800933837890625">
        <ele>3.7999999523162841796875</ele>
        <time>2025-01-08T12:54:12.000Z</time>
        <extensions>
          <ns3:TrackPointExtension>
            <ns3:hr>163</ns3:hr>
            <ns3:cad>81</ns3:cad>
          </ns3:TrackPointExtension>
        </extensions>
      </trkpt>
      <trkpt lat="23.38922697119414806365966796875" lon="113.244914151728153228759765625">
        <ele>4</ele>
        <time>2025-01-08T12:54:22.000Z</time>
        <extensions>
          <ns3:TrackPointExtension>
            <ns3:hr>161</ns3:hr>
            <ns3:cad>81</ns3:cad>
          </ns3:TrackPointExtension>
        </extensions>
      </trkpt>
      <trkpt lat="23.38916502892971038818359375" lon="113.24471759609878063201904296875">
        <ele>4</ele>
        <time>2025-01-08T12:54:31.000Z</time>
        <extensions>
          <ns3:TrackPointExtension>
            <ns3:hr>164</ns3:hr>
            <ns3:cad>81</ns3:cad>
          </ns3:TrackPointExtension>
        </extensions>
      </trkpt>
      <trkpt lat="23.3890892565250396728515625" lon="113.24453000910580158233642578125">
        <ele>3.7999999523162841796875</ele>
        <time>2025-01-08T12:54:40.000Z</time>
        <extensions>
          <ns3:TrackPointExtension>
            <ns3:hr>166</ns3:hr>
            <ns3:cad>81</ns3:cad>
          </ns3:TrackPointExtension>
        </extensions>
      </trkpt>
      <trkpt lat="23.389001078903675079345703125" lon="113.24435113929212093353271484375">
        <ele>4</ele>
        <time>2025-01-08T12:54:49.000Z</time>
        <extensions>
          <ns3:TrackPointExtension>
            <ns3:hr>166</ns3:hr>
            <ns3:cad>82</ns3:cad>
          </ns3:TrackPointExtension>
        </extensions>
      </trkpt>
      <trkpt lat="23.38892589323222637176513671875" lon="113.244164474308490753173828125">
        <ele>5.19999980926513671875</ele>
        <time>2025-01-08T12:54:58.000Z</time>
        <extensions>
          <ns3:TrackPointExtension>
            <ns3:hr>167</ns3:hr>
            <ns3:cad>81</ns3:cad>
          </ns3:TrackPointExtension>
        </extensions>
      </trkpt>
      <trkpt lat="23.38888465426862239837646484375" lon="113.24405827559530735015869140625">
        <ele>5.19999980926513671875</ele>
        <time>2025-01-08T12:55:03.000Z</time>
        <extensions>
          <ns3:TrackPointExtension>
            <ns3:hr>164</ns3:hr>
            <ns3:cad>80</ns3:cad>
          </ns3:TrackPointExtension>
        </extensions>
      </trkpt>
      <trkpt lat="23.3888104744255542755126953125" lon="113.24385845102369785308837890625">
        <ele>4</ele>
        <time>2025-01-08T12:55:12.000Z</time>
        <extensions>
          <ns3:TrackPointExtension>
            <ns3:hr>163</ns3:hr>
            <ns3:cad>80</ns3:cad>
          </ns3:TrackPointExtension>
        </extensions>
      </trkpt>
      <trkpt lat="23.38873445056378841400146484375" lon="113.2436620630323886871337890625">
        <ele>3.400000095367431640625</ele>
        <time>2025-01-08T12:55:20.000Z</time>
        <extensions>
          <ns3:TrackPointExtension>
            <ns3:hr>165</ns3:hr>
            <ns3:cad>81</ns3:cad>
          </ns3:TrackPointExtension>
        </extensions>
      </trkpt>
      <trkpt lat="23.388642333447933197021484375" lon="113.24347305111587047576904296875">
        <ele>4.599999904632568359375</ele>
        <time>2025-01-08T12:55:29.000Z</time>
        <extensions>
          <ns3:TrackPointExtension>
            <ns3:hr>165</ns3:hr>
            <ns3:cad>82</ns3:cad>
          </ns3:TrackPointExtension>
        </extensions>
      </trkpt>
      <trkpt lat="23.3885717578232288360595703125" lon="113.243282027542591094970703125">
        <ele>7.80000019073486328125</ele>
        <time>2025-01-08T12:55:39.000Z</time>
        <extensions>
          <ns3:TrackPointExtension>
            <ns3:hr>167</ns3:hr>
            <ns3:cad>82</ns3:cad>
          </ns3:TrackPointExtension>
        </extensions>
      </trkpt>
      <trkpt lat="23.38850696571171283721923828125" lon="113.2431718893349170684814453125">
        <ele>6.400000095367431640625</ele>
        <time>2025-01-08T12:55:50.000Z</time>
        <extensions>
          <ns3:TrackPointExtension>
            <ns3:hr>167</ns3:hr>
            <ns3:cad>57</ns3:cad>
          </ns3:TrackPointExtension>
        </extensions>
      </trkpt>
      <trkpt lat="23.38847343809902667999267578125" lon="113.2430899143218994140625">
        <ele>5.400000095367431640625</ele>
        <time>2025-01-08T12:55:58.000Z</time>
        <extensions>
          <ns3:TrackPointExtension>
            <ns3:hr>165</ns3:hr>
            <ns3:cad>58</ns3:cad>
          </ns3:TrackPointExtension>
        </extensions>
      </trkpt>
      <trkpt lat="23.38845801539719104766845703125" lon="113.24305705726146697998046875">
        <ele>5</ele>
        <time>2025-01-08T12:56:01.000Z</time>
        <extensions>
          <ns3:TrackPointExtension>
            <ns3:hr>162</ns3:hr>
            <ns3:cad>58</ns3:cad>
          </ns3:TrackPointExtension>
        </extensions>
      </trkpt>
      <trkpt lat="23.3884550817310810089111328125" lon="113.2430438138544559478759765625">
        <ele>4.80000019073486328125</ele>
        <time>2025-01-08T12:56:02.000Z</time>
        <extensions>
          <ns3:TrackPointExtension>
            <ns3:hr>162</ns3:hr>
            <ns3:cad>58</ns3:cad>
          </ns3:TrackPointExtension>
        </extensions>
      </trkpt>
      <trkpt lat="23.388374112546443939208984375" lon="113.242872990667819976806640625">
        <ele>1.60000002384185791015625</ele>
        <time>2025-01-08T12:56:16.000Z</time>
        <extensions>
          <ns3:TrackPointExtension>
            <ns3:hr>159</ns3:hr>
            <ns3:cad>58</ns3:cad>
          </ns3:TrackPointExtension>
        </extensions>
      </trkpt>
      <trkpt lat="23.38833161629736423492431640625" lon="113.24277366511523723602294921875">
        <ele>-0.60000002384185791015625</ele>
        <time>2025-01-08T12:56:23.000Z</time>
        <extensions>
          <ns3:TrackPointExtension>
            <ns3:hr>156</ns3:hr>
            <ns3:cad>60</ns3:cad>
          </ns3:TrackPointExtension>
        </extensions>
      </trkpt>
      <trkpt lat="23.3882904611527919769287109375" lon="113.24269956909120082855224609375">
        <ele>-2</ele>
        <time>2025-01-08T12:56:29.000Z</time>
        <extensions>
          <ns3:TrackPointExtension>
            <ns3:hr>153</ns3:hr>
            <ns3:cad>61</ns3:cad>
          </ns3:TrackPointExtension>
        </extensions>
      </trkpt>
      <trkpt lat="23.38826171122491359710693359375" lon="113.2426602579653263092041015625">
        <ele>-1.39999997615814208984375</ele>
        <time>2025-01-08T12:56:34.000Z</time>
        <extensions>
          <ns3:TrackPointExtension>
            <ns3:hr>150</ns3:hr>
            <ns3:cad>61</ns3:cad>
          </ns3:TrackPointExtension>
        </extensions>
      </trkpt>
      <trkpt lat="23.3882462047040462493896484375" lon="113.2426352798938751220703125">
        <ele>-1.2000000476837158203125</ele>
        <time>2025-01-08T12:56:37.000Z</time>
        <extensions>
          <ns3:TrackPointExtension>
            <ns3:hr>147</ns3:hr>
            <ns3:cad>61</ns3:cad>
          </ns3:TrackPointExtension>
        </extensions>
      </trkpt>
      <trkpt lat="23.38818962685763835906982421875" lon="113.24242807924747467041015625">
        <ele>1.60000002384185791015625</ele>
        <time>2025-01-08T12:56:47.000Z</time>
        <extensions>
          <ns3:TrackPointExtension>
            <ns3:hr>149</ns3:hr>
            <ns3:cad>81</ns3:cad>
          </ns3:TrackPointExtension>
        </extensions>
      </trkpt>
      <trkpt lat="23.38817269541323184967041015625" lon="113.24238943867385387420654296875">
        <ele>2</ele>
        <time>2025-01-08T12:56:49.000Z</time>
        <extensions>
          <ns3:TrackPointExtension>
            <ns3:hr>153</ns3:hr>
            <ns3:cad>81</ns3:cad>
          </ns3:TrackPointExtension>
        </extensions>
      </trkpt>
      <trkpt lat="23.38815576396882534027099609375" lon="113.24234887026250362396240234375">
        <ele>2.599999904632568359375</ele>
        <time>2025-01-08T12:56:51.000Z</time>
        <extensions>
          <ns3:TrackPointExtension>
            <ns3:hr>158</ns3:hr>
            <ns3:cad>81</ns3:cad>
          </ns3:TrackPointExtension>
        </extensions>
      </trkpt>
      <trkpt lat="23.388078399002552032470703125" lon="113.24215717613697052001953125">
        <ele>5</ele>
        <time>2025-01-08T12:57:00.000Z</time>
        <extensions>
          <ns3:TrackPointExtension>
            <ns3:hr>159</ns3:hr>
            <ns3:cad>82</ns3:cad>
          </ns3:TrackPointExtension>
        </extensions>
      </trkpt>
      <trkpt lat="23.38805316947400569915771484375" lon="113.2420886121690273284912109375">
        <ele>5.19999980926513671875</ele>
        <time>2025-01-08T12:57:03.000Z</time>
        <extensions>
          <ns3:TrackPointExtension>
            <ns3:hr>156</ns3:hr>
            <ns3:cad>80</ns3:cad>
          </ns3:TrackPointExtension>
        </extensions>
      </trkpt>
      <trkpt lat="23.3879327215254306793212890625" lon="113.24192893691360950469970703125">
        <ele>5.80000019073486328125</ele>
        <time>2025-01-08T12:57:11.000Z</time>
        <extensions>
          <ns3:TrackPointExtension>
            <ns3:hr>162</ns3:hr>
            <ns3:cad>80</ns3:cad>
          </ns3:TrackPointExtension>
        </extensions>
      </trkpt>
      <trkpt lat="23.3879144489765167236328125" lon="113.24191301129758358001708984375">
        <ele>5.80000019073486328125</ele>
        <time>2025-01-08T12:57:12.000Z</time>
        <extensions>
          <ns3:TrackPointExtension>
            <ns3:hr>167</ns3:hr>
            <ns3:cad>80</ns3:cad>
          </ns3:TrackPointExtension>
        </extensions>
      </trkpt>
      <trkpt lat="23.387895338237285614013671875" lon="113.2418961636722087860107421875">
        <ele>6</ele>
        <time>2025-01-08T12:57:13.000Z</time>
        <extensions>
          <ns3:TrackPointExtension>
            <ns3:hr>171</ns3:hr>
            <ns3:cad>80</ns3:cad>
          </ns3:TrackPointExtension>
        </extensions>
      </trkpt>
      <trkpt lat="23.38784806430339813232421875" lon="113.24184914119541645050048828125">
        <ele>6</ele>
        <time>2025-01-08T12:57:16.000Z</time>
        <extensions>
          <ns3:TrackPointExtension>
            <ns3:hr>164</ns3:hr>
            <ns3:cad>81</ns3:cad>
          </ns3:TrackPointExtension>
        </extensions>
      </trkpt>
      <trkpt lat="23.38783222250640392303466796875" lon="113.2418311201035976409912109375">
        <ele>6.19999980926513671875</ele>
        <time>2025-01-08T12:57:17.000Z</time>
        <extensions>
          <ns3:TrackPointExtension>
            <ns3:hr>161</ns3:hr>
            <ns3:cad>81</ns3:cad>
          </ns3:TrackPointExtension>
        </extensions>
      </trkpt>
      <trkpt lat="23.3878178894519805908203125" lon="113.2418133504688739776611328125">
        <ele>6.19999980926513671875</ele>
        <time>2025-01-08T12:57:18.000Z</time>
        <extensions>
          <ns3:TrackPointExtension>
            <ns3:hr>158</ns3:hr>
            <ns3:cad>81</ns3:cad>
          </ns3:TrackPointExtension>
        </extensions>
      </trkpt>
      <trkpt lat="23.38780422694981098175048828125" lon="113.2417932339012622833251953125">
        <ele>6.19999980926513671875</ele>
        <time>2025-01-08T12:57:19.000Z</time>
        <extensions>
          <ns3:TrackPointExtension>
            <ns3:hr>158</ns3:hr>
            <ns3:cad>81</ns3:cad>
          </ns3:TrackPointExtension>
        </extensions>
      </trkpt>
      <trkpt lat="23.3877696096897125244140625" lon="113.24173472821712493896484375">
        <ele>6.400000095367431640625</ele>
        <time>2025-01-08T12:57:22.000Z</time>
        <extensions>
          <ns3:TrackPointExtension>
            <ns3:hr>162</ns3:hr>
            <ns3:cad>80</ns3:cad>
          </ns3:TrackPointExtension>
        </extensions>
      </trkpt>
      <trkpt lat="23.387760221958160400390625" lon="113.24171436019241809844970703125">
        <ele>6.599999904632568359375</ele>
        <time>2025-01-08T12:57:23.000Z</time>
        <extensions>
          <ns3:TrackPointExtension>
            <ns3:hr>167</ns3:hr>
            <ns3:cad>80</ns3:cad>
          </ns3:TrackPointExtension>
        </extensions>
      </trkpt>
      <trkpt lat="23.38774723000824451446533203125" lon="113.24169374071061611175537109375">
        <ele>6.599999904632568359375</ele>
        <time>2025-01-08T12:57:24.000Z</time>
        <extensions>
          <ns3:TrackPointExtension>
            <ns3:hr>166</ns3:hr>
            <ns3:cad>80</ns3:cad>
          </ns3:TrackPointExtension>
        </extensions>
      </trkpt>
      <trkpt lat="23.3877214975655078887939453125" lon="113.24165753088891506195068359375">
        <ele>6.599999904632568359375</ele>
        <time>2025-01-08T12:57:26.000Z</time>
        <extensions>
          <ns3:TrackPointExtension>
            <ns3:hr>163</ns3:hr>
            <ns3:cad>81</ns3:cad>
          </ns3:TrackPointExtension>
        </extensions>
      </trkpt>
      <trkpt lat="23.38770615868270397186279296875" lon="113.24163875542581081390380859375">
        <ele>6.599999904632568359375</ele>
        <time>2025-01-08T12:57:27.000Z</time>
        <extensions>
          <ns3:TrackPointExtension>
            <ns3:hr>160</ns3:hr>
            <ns3:cad>81</ns3:cad>
          </ns3:TrackPointExtension>
        </extensions>
      </trkpt>
      <trkpt lat="23.3876517601311206817626953125" lon="113.2415622286498546600341796875">
        <ele>6.80000019073486328125</ele>
        <time>2025-01-08T12:57:31.000Z</time>
        <extensions>
          <ns3:TrackPointExtension>
            <ns3:hr>163</ns3:hr>
            <ns3:cad>80</ns3:cad>
          </ns3:TrackPointExtension>
        </extensions>
      </trkpt>
      <trkpt lat="23.3876175619661808013916015625" lon="113.241499029099941253662109375">
        <ele>6.80000019073486328125</ele>
        <time>2025-01-08T12:57:34.000Z</time>
        <extensions>
          <ns3:TrackPointExtension>
            <ns3:hr>168</ns3:hr>
            <ns3:cad>79</ns3:cad>
          </ns3:TrackPointExtension>
        </extensions>
      </trkpt>
      <trkpt lat="23.38755360804498195648193359375" lon="113.241296522319316864013671875">
        <ele>7.400000095367431640625</ele>
        <time>2025-01-08T12:57:43.000Z</time>
        <extensions>
          <ns3:TrackPointExtension>
            <ns3:hr>168</ns3:hr>
            <ns3:cad>81</ns3:cad>
          </ns3:TrackPointExtension>
        </extensions>
      </trkpt>
      <trkpt lat="23.38751471601426601409912109375" lon="113.2412292994558811187744140625">
        <ele>6.599999904632568359375</ele>
        <time>2025-01-08T12:57:46.000Z</time>
        <extensions>
          <ns3:TrackPointExtension>
            <ns3:hr>164</ns3:hr>
            <ns3:cad>77</ns3:cad>
          </ns3:TrackPointExtension>
        </extensions>
      </trkpt>
      <trkpt lat="23.38745101355016231536865234375" lon="113.2411386072635650634765625">
        <ele>5.400000095367431640625</ele>
        <time>2025-01-08T12:57:49.000Z</time>
        <extensions>
          <ns3:TrackPointExtension>
            <ns3:hr>161</ns3:hr>
            <ns3:cad>78</ns3:cad>
          </ns3:TrackPointExtension>
        </extensions>
      </trkpt>
      <trkpt lat="23.38743005879223346710205078125" lon="113.24104364030063152313232421875">
        <ele>4.400000095367431640625</ele>
        <time>2025-01-08T12:57:52.000Z</time>
        <extensions>
          <ns3:TrackPointExtension>
            <ns3:hr>166</ns3:hr>
            <ns3:cad>78</ns3:cad>
          </ns3:TrackPointExtension>
        </extensions>
      </trkpt>
      <trkpt lat="23.38743257336318492889404296875" lon="113.24101564474403858184814453125">
        <ele>4.400000095367431640625</ele>
        <time>2025-01-08T12:57:53.000Z</time>
        <extensions>
          <ns3:TrackPointExtension>
            <ns3:hr>166</ns3:hr>
            <ns3:cad>79</ns3:cad>
          </ns3:TrackPointExtension>
        </extensions>
      </trkpt>
      <trkpt lat="23.38744196109473705291748046875" lon="113.24094909243285655975341796875">
        <ele>4.19999980926513671875</ele>
        <time>2025-01-08T12:57:55.000Z</time>
        <extensions>
          <ns3:TrackPointExtension>
            <ns3:hr>162</ns3:hr>
            <ns3:cad>81</ns3:cad>
          </ns3:TrackPointExtension>
        </extensions>
      </trkpt>
      <trkpt lat="23.387458138167858123779296875" lon="113.24084599502384662628173828125">
        <ele>4.19999980926513671875</ele>
        <time>2025-01-08T12:57:58.000Z</time>
        <extensions>
          <ns3:TrackPointExtension>
            <ns3:hr>157</ns3:hr>
            <ns3:cad>82</ns3:cad>
          </ns3:TrackPointExtension>
        </extensions>
      </trkpt>
      <trkpt lat="23.38753223419189453125" lon="113.2406522892415523529052734375">
        <ele>3</ele>
        <time>2025-01-08T12:58:06.000Z</time>
        <extensions>
          <ns3:TrackPointExtension>
            <ns3:hr>159</ns3:hr>
            <ns3:cad>80</ns3:cad>
          </ns3:TrackPointExtension>
        </extensions>
      </trkpt>
      <trkpt lat="23.38755059055984020233154296875" lon="113.24045439250767230987548828125">
        <ele>2.2000000476837158203125</ele>
        <time>2025-01-08T12:58:14.000Z</time>
        <extensions>
          <ns3:TrackPointExtension>
            <ns3:hr>158</ns3:hr>
            <ns3:cad>81</ns3:cad>
          </ns3:TrackPointExtension>
        </extensions>
      </trkpt>
      <trkpt lat="23.3874879777431488037109375" lon="113.24025071226060390472412109375">
        <ele>-0.4000000059604644775390625</ele>
        <time>2025-01-08T12:58:22.000Z</time>
        <extensions>
          <ns3:TrackPointExtension>
            <ns3:hr>158</ns3:hr>
            <ns3:cad>79</ns3:cad>
          </ns3:TrackPointExtension>
        </extensions>
      </trkpt>
      <trkpt lat="23.38746945373713970184326171875" lon="113.24019975028932094573974609375">
        <ele>-1</ele>
        <time>2025-01-08T12:58:24.000Z</time>
        <extensions>
          <ns3:TrackPointExtension>
            <ns3:hr>161</ns3:hr>
            <ns3:cad>80</ns3:cad>
          </ns3:TrackPointExtension>
        </extensions>
      </trkpt>
      <trkpt lat="23.38743207044899463653564453125" lon="113.2400960661470890045166015625">
        <ele>0</ele>
        <time>2025-01-08T12:58:28.000Z</time>
        <extensions>
          <ns3:TrackPointExtension>
            <ns3:hr>166</ns3:hr>
            <ns3:cad>81</ns3:cad>
          </ns3:TrackPointExtension>
        </extensions>
      </trkpt>
      <trkpt lat="23.38738781400024890899658203125" lon="113.23989607393741607666015625">
        <ele>1.60000002384185791015625</ele>
        <time>2025-01-08T12:58:36.000Z</time>
        <extensions>
          <ns3:TrackPointExtension>
            <ns3:hr>167</ns3:hr>
            <ns3:cad>81</ns3:cad>
          </ns3:TrackPointExtension>
        </extensions>
      </trkpt>
      <trkpt lat="23.38735311292111873626708984375" lon="113.23968912474811077117919921875">
        <ele>2.2000000476837158203125</ele>
        <time>2025-01-08T12:58:45.000Z</time>
        <extensions>
          <ns3:TrackPointExtension>
            <ns3:hr>162</ns3:hr>
            <ns3:cad>81</ns3:cad>
          </ns3:TrackPointExtension>
        </extensions>
      </trkpt>
      <trkpt lat="23.38734808377921581268310546875" lon="113.2396380789577960968017578125">
        <ele>2.2000000476837158203125</ele>
        <time>2025-01-08T12:58:47.000Z</time>
        <extensions>
          <ns3:TrackPointExtension>
            <ns3:hr>167</ns3:hr>
            <ns3:cad>81</ns3:cad>
          </ns3:TrackPointExtension>
        </extensions>
      </trkpt>
      <trkpt lat="23.387343473732471466064453125" lon="113.23961310088634490966796875">
        <ele>2.2000000476837158203125</ele>
        <time>2025-01-08T12:58:48.000Z</time>
        <extensions>
          <ns3:TrackPointExtension>
            <ns3:hr>167</ns3:hr>
            <ns3:cad>82</ns3:cad>
          </ns3:TrackPointExtension>
        </extensions>
      </trkpt>
      <trkpt lat="23.38729678653180599212646484375" lon="113.23941738344728946685791015625">
        <ele>2.599999904632568359375</ele>
        <time>2025-01-08T12:59:00.000Z</time>
        <extensions>
          <ns3:TrackPointExtension>
            <ns3:hr>168</ns3:hr>
            <ns3:cad>62</ns3:cad>
          </ns3:TrackPointExtension>
        </extensions>
      </trkpt>
      <trkpt lat="23.3872921764850616455078125" lon="113.2392689399421215057373046875">
        <ele>1.2000000476837158203125</ele>
        <time>2025-01-08T12:59:12.000Z</time>
        <extensions>
          <ns3:TrackPointExtension>
            <ns3:hr>165</ns3:hr>
            <ns3:cad>61</ns3:cad>
          </ns3:TrackPointExtension>
        </extensions>
      </trkpt>
      <trkpt lat="23.387250602245330810546875" lon="113.23907590471208095550537109375">
        <ele>-1</ele>
        <time>2025-01-08T12:59:27.000Z</time>
        <extensions>
          <ns3:TrackPointExtension>
            <ns3:hr>163</ns3:hr>
            <ns3:cad>61</ns3:cad>
          </ns3:TrackPointExtension>
        </extensions>
      </trkpt>
      <trkpt lat="23.3872519433498382568359375" lon="113.23900449089705944061279296875">
        <ele>-1</ele>
        <time>2025-01-08T12:59:33.000Z</time>
        <extensions>
          <ns3:TrackPointExtension>
            <ns3:hr>163</ns3:hr>
            <ns3:cad>61</ns3:cad>
          </ns3:TrackPointExtension>
        </extensions>
      </trkpt>
      <trkpt lat="23.38725395500659942626953125" lon="113.2389745675027370452880859375">
        <ele>-0.800000011920928955078125</ele>
        <time>2025-01-08T12:59:36.000Z</time>
        <extensions>
          <ns3:TrackPointExtension>
            <ns3:hr>160</ns3:hr>
            <ns3:cad>61</ns3:cad>
          </ns3:TrackPointExtension>
        </extensions>
      </trkpt>
      <trkpt lat="23.3872564695775508880615234375" lon="113.2389633357524871826171875">
        <ele>-0.800000011920928955078125</ele>
        <time>2025-01-08T12:59:37.000Z</time>
        <extensions>
          <ns3:TrackPointExtension>
            <ns3:hr>156</ns3:hr>
            <ns3:cad>61</ns3:cad>
          </ns3:TrackPointExtension>
        </extensions>
      </trkpt>
      <trkpt lat="23.387254290282726287841796875" lon="113.23893659748136997222900390625">
        <ele>-0.800000011920928955078125</ele>
        <time>2025-01-08T12:59:39.000Z</time>
        <extensions>
          <ns3:TrackPointExtension>
            <ns3:hr>159</ns3:hr>
            <ns3:cad>61</ns3:cad>
          </ns3:TrackPointExtension>
        </extensions>
      </trkpt>
      <trkpt lat="23.38724565692245960235595703125" lon="113.23884573765099048614501953125">
        <ele>-1.2000000476837158203125</ele>
        <time>2025-01-08T12:59:46.000Z</time>
        <extensions>
          <ns3:TrackPointExtension>
            <ns3:hr>158</ns3:hr>
            <ns3:cad>61</ns3:cad>
          </ns3:TrackPointExtension>
        </extensions>
      </trkpt>
      <trkpt lat="23.38721078820526599884033203125" lon="113.23876409791409969329833984375">
        <ele>-1.2000000476837158203125</ele>
        <time>2025-01-08T12:59:52.000Z</time>
        <extensions>
          <ns3:TrackPointExtension>
            <ns3:hr>155</ns3:hr>
            <ns3:cad>61</ns3:cad>
          </ns3:TrackPointExtension>
        </extensions>
      </trkpt>
      <trkpt lat="23.387212716042995452880859375" lon="113.23868597857654094696044921875">
        <ele>0</ele>
        <time>2025-01-08T12:59:58.000Z</time>
        <extensions>
          <ns3:TrackPointExtension>
            <ns3:hr>147</ns3:hr>
            <ns3:cad>61</ns3:cad>
          </ns3:TrackPointExtension>
        </extensions>
      </trkpt>
      <trkpt lat="23.38720005936920642852783203125" lon="113.2386292330920696258544921875">
        <ele>0.800000011920928955078125</ele>
        <time>2025-01-08T13:00:03.000Z</time>
        <extensions>
          <ns3:TrackPointExtension>
            <ns3:hr>143</ns3:hr>
            <ns3:cad>61</ns3:cad>
          </ns3:TrackPointExtension>
        </extensions>
      </trkpt>
      <trkpt lat="23.38719737716019153594970703125" lon="113.2385973818600177764892578125">
        <ele>1.2000000476837158203125</ele>
        <time>2025-01-08T13:00:06.000Z</time>
        <extensions>
          <ns3:TrackPointExtension>
            <ns3:hr>143</ns3:hr>
            <ns3:cad>61</ns3:cad>
          </ns3:TrackPointExtension>
        </extensions>
      </trkpt>
      <trkpt lat="23.38718891143798828125" lon="113.23850803077220916748046875">
        <ele>2.400000095367431640625</ele>
        <time>2025-01-08T13:00:13.000Z</time>
        <extensions>
          <ns3:TrackPointExtension>
            <ns3:hr>140</ns3:hr>
            <ns3:cad>61</ns3:cad>
          </ns3:TrackPointExtension>
        </extensions>
      </trkpt>
      <trkpt lat="23.38719234801828861236572265625" lon="113.23841691948473453521728515625">
        <ele>3.7999999523162841796875</ele>
        <time>2025-01-08T13:00:21.000Z</time>
        <extensions>
          <ns3:TrackPointExtension>
            <ns3:hr>143</ns3:hr>
            <ns3:cad>61</ns3:cad>
          </ns3:TrackPointExtension>
        </extensions>
      </trkpt>
      <trkpt lat="23.3871947787702083587646484375" lon="113.238265626132488250732421875">
        <ele>6</ele>
        <time>2025-01-08T13:00:34.000Z</time>
        <extensions>
          <ns3:TrackPointExtension>
            <ns3:hr>140</ns3:hr>
            <ns3:cad>61</ns3:cad>
          </ns3:TrackPointExtension>
        </extensions>
      </trkpt>
      <trkpt lat="23.38719150982797145843505859375" lon="113.23824458755552768707275390625">
        <ele>6</ele>
        <time>2025-01-08T13:00:36.000Z</time>
        <extensions>
          <ns3:TrackPointExtension>
            <ns3:hr>138</ns3:hr>
            <ns3:cad>61</ns3:cad>
          </ns3:TrackPointExtension>
        </extensions>
      </trkpt>
      <trkpt lat="23.38719100691378116607666015625" lon="113.23802657425403594970703125">
        <ele>6.80000019073486328125</ele>
        <time>2025-01-08T13:00:50.000Z</time>
        <extensions>
          <ns3:TrackPointExtension>
            <ns3:hr>137</ns3:hr>
            <ns3:cad>80</ns3:cad>
          </ns3:TrackPointExtension>
        </extensions>
      </trkpt>
      <trkpt lat="23.38718245737254619598388671875" lon="113.23795775882899761199951171875">
        <ele>7</ele>
        <time>2025-01-08T13:00:53.000Z</time>
        <extensions>
          <ns3:TrackPointExtension>
            <ns3:hr>143</ns3:hr>
            <ns3:cad>80</ns3:cad>
          </ns3:TrackPointExtension>
        </extensions>
      </trkpt>
      <trkpt lat="23.38717692531645298004150390625" lon="113.23788148351013660430908203125">
        <ele>7</ele>
        <time>2025-01-08T13:00:56.000Z</time>
        <extensions>
          <ns3:TrackPointExtension>
            <ns3:hr>146</ns3:hr>
            <ns3:cad>80</ns3:cad>
          </ns3:TrackPointExtension>
        </extensions>
      </trkpt>
      <trkpt lat="23.3871713094413280487060546875" lon="113.23785633780062198638916015625">
        <ele>7</ele>
        <time>2025-01-08T13:00:57.000Z</time>
        <extensions>
          <ns3:TrackPointExtension>
            <ns3:hr>151</ns3:hr>
            <ns3:cad>81</ns3:cad>
          </ns3:TrackPointExtension>
        </extensions>
      </trkpt>
      <trkpt lat="23.38716552592813968658447265625" lon="113.23783018626272678375244140625">
        <ele>7</ele>
        <time>2025-01-08T13:00:58.000Z</time>
        <extensions>
          <ns3:TrackPointExtension>
            <ns3:hr>151</ns3:hr>
            <ns3:cad>81</ns3:cad>
          </ns3:TrackPointExtension>
        </extensions>
      </trkpt>
      <trkpt lat="23.38715739548206329345703125" lon="113.23780537582933902740478515625">
        <ele>7</ele>
        <time>2025-01-08T13:00:59.000Z</time>
        <extensions>
          <ns3:TrackPointExtension>
            <ns3:hr>154</ns3:hr>
            <ns3:cad>81</ns3:cad>
          </ns3:TrackPointExtension>
        </extensions>
      </trkpt>
      <trkpt lat="23.38714356534183025360107421875" lon="113.2377214729785919189453125">
        <ele>7</ele>
        <time>2025-01-08T13:01:02.000Z</time>
        <extensions>
          <ns3:TrackPointExtension>
            <ns3:hr>151</ns3:hr>
            <ns3:cad>81</ns3:cad>
          </ns3:TrackPointExtension>
        </extensions>
      </trkpt>
      <trkpt lat="23.3871200121939182281494140625" lon="113.237564228475093841552734375">
        <ele>7.80000019073486328125</ele>
        <time>2025-01-08T13:01:08.000Z</time>
        <extensions>
          <ns3:TrackPointExtension>
            <ns3:hr>154</ns3:hr>
            <ns3:cad>81</ns3:cad>
          </ns3:TrackPointExtension>
        </extensions>
      </trkpt>
      <trkpt lat="23.38711850345134735107421875" lon="113.23753447271883487701416015625">
        <ele>7.80000019073486328125</ele>
        <time>2025-01-08T13:01:09.000Z</time>
        <extensions>
          <ns3:TrackPointExtension>
            <ns3:hr>150</ns3:hr>
            <ns3:cad>82</ns3:cad>
          </ns3:TrackPointExtension>
        </extensions>
      </trkpt>
      <trkpt lat="23.38711858727037906646728515625" lon="113.2374559342861175537109375">
        <ele>8.19999980926513671875</ele>
        <time>2025-01-08T13:01:12.000Z</time>
        <extensions>
          <ns3:TrackPointExtension>
            <ns3:hr>153</ns3:hr>
            <ns3:cad>82</ns3:cad>
          </ns3:TrackPointExtension>
        </extensions>
      </trkpt>
      <trkpt lat="23.38713300414383411407470703125" lon="113.23731754906475543975830078125">
        <ele>8.3999996185302734375</ele>
        <time>2025-01-08T13:01:18.000Z</time>
        <extensions>
          <ns3:TrackPointExtension>
            <ns3:hr>156</ns3:hr>
            <ns3:cad>82</ns3:cad>
          </ns3:TrackPointExtension>
        </extensions>
      </trkpt>
      <trkpt lat="23.38714105077087879180908203125" lon="113.2372693531215190887451171875">
        <ele>8.6000003814697265625</ele>
        <time>2025-01-08T13:01:20.000Z</time>
        <extensions>
          <ns3:TrackPointExtension>
            <ns3:hr>151</ns3:hr>
            <ns3:cad>82</ns3:cad>
          </ns3:TrackPointExtension>
        </extensions>
      </trkpt>
      <trkpt lat="23.3871448226273059844970703125" lon="113.237247057259082794189453125">
        <ele>8.6000003814697265625</ele>
        <time>2025-01-08T13:01:21.000Z</time>
        <extensions>
          <ns3:TrackPointExtension>
            <ns3:hr>158</ns3:hr>
            <ns3:cad>83</ns3:cad>
          </ns3:TrackPointExtension>
        </extensions>
      </trkpt>
      <trkpt lat="23.38716208934783935546875" lon="113.23706273920834064483642578125">
        <ele>9.3999996185302734375</ele>
        <time>2025-01-08T13:01:29.000Z</time>
        <extensions>
          <ns3:TrackPointExtension>
            <ns3:hr>162</ns3:hr>
            <ns3:cad>82</ns3:cad>
          </ns3:TrackPointExtension>
        </extensions>
      </trkpt>
      <trkpt lat="23.387173824012279510498046875" lon="113.23694120161235332489013671875">
        <ele>9.80000019073486328125</ele>
        <time>2025-01-08T13:01:34.000Z</time>
        <extensions>
          <ns3:TrackPointExtension>
            <ns3:hr>167</ns3:hr>
            <ns3:cad>82</ns3:cad>
          </ns3:TrackPointExtension>
        </extensions>
      </trkpt>
      <trkpt lat="23.387179188430309295654296875" lon="113.23692074976861476898193359375">
        <ele>9.80000019073486328125</ele>
        <time>2025-01-08T13:01:35.000Z</time>
        <extensions>
          <ns3:TrackPointExtension>
            <ns3:hr>170</ns3:hr>
            <ns3:cad>82</ns3:cad>
          </ns3:TrackPointExtension>
        </extensions>
      </trkpt>
      <trkpt lat="23.3871907554566860198974609375" lon="113.2368549518287181854248046875">
        <ele>9.80000019073486328125</ele>
        <time>2025-01-08T13:01:38.000Z</time>
        <extensions>
          <ns3:TrackPointExtension>
            <ns3:hr>166</ns3:hr>
            <ns3:cad>83</ns3:cad>
          </ns3:TrackPointExtension>
        </extensions>
      </trkpt>
      <trkpt lat="23.38719385676085948944091796875" lon="113.236736096441745758056640625">
        <ele>9</ele>
        <time>2025-01-08T13:01:43.000Z</time>
        <extensions>
          <ns3:TrackPointExtension>
            <ns3:hr>173</ns3:hr>
            <ns3:cad>82</ns3:cad>
          </ns3:TrackPointExtension>
        </extensions>
      </trkpt>
      <trkpt lat="23.3871998079121112823486328125" lon="113.2366400398313999176025390625">
        <ele>8.19999980926513671875</ele>
        <time>2025-01-08T13:01:47.000Z</time>
        <extensions>
          <ns3:TrackPointExtension>
            <ns3:hr>170</ns3:hr>
            <ns3:cad>82</ns3:cad>
          </ns3:TrackPointExtension>
        </extensions>
      </trkpt>
      <trkpt lat="23.38721564970910549163818359375" lon="113.23648053221404552459716796875">
        <ele>7</ele>
        <time>2025-01-08T13:01:54.000Z</time>
        <extensions>
          <ns3:TrackPointExtension>
            <ns3:hr>166</ns3:hr>
            <ns3:cad>81</ns3:cad>
          </ns3:TrackPointExtension>
        </extensions>
      </trkpt>
      <trkpt lat="23.387218415737152099609375" lon="113.23639738373458385467529296875">
        <ele>6.19999980926513671875</ele>
        <time>2025-01-08T13:01:57.000Z</time>
        <extensions>
          <ns3:TrackPointExtension>
            <ns3:hr>163</ns3:hr>
            <ns3:cad>81</ns3:cad>
          </ns3:TrackPointExtension>
        </extensions>
      </trkpt>
      <trkpt lat="23.38723107241094112396240234375" lon="113.2362004928290843963623046875">
        <ele>4.80000019073486328125</ele>
        <time>2025-01-08T13:02:04.000Z</time>
        <extensions>
          <ns3:TrackPointExtension>
            <ns3:hr>162</ns3:hr>
            <ns3:cad>79</ns3:cad>
          </ns3:TrackPointExtension>
        </extensions>
      </trkpt>
      <trkpt lat="23.387244231998920440673828125" lon="113.23599790222942829132080078125">
        <ele>3.7999999523162841796875</ele>
        <time>2025-01-08T13:02:11.000Z</time>
        <extensions>
          <ns3:TrackPointExtension>
            <ns3:hr>161</ns3:hr>
            <ns3:cad>79</ns3:cad>
          </ns3:TrackPointExtension>
        </extensions>
      </trkpt>
      <trkpt lat="23.387279100716114044189453125" lon="113.2357958145439624786376953125">
        <ele>3.599999904632568359375</ele>
        <time>2025-01-08T13:02:18.000Z</time>
        <extensions>
          <ns3:TrackPointExtension>
            <ns3:hr>162</ns3:hr>
            <ns3:cad>79</ns3:cad>
          </ns3:TrackPointExtension>
        </extensions>
      </trkpt>
      <trkpt lat="23.38731019757688045501708984375" lon="113.235571347177028656005859375">
        <ele>3.2000000476837158203125</ele>
        <time>2025-01-08T13:02:26.000Z</time>
        <extensions>
          <ns3:TrackPointExtension>
            <ns3:hr>164</ns3:hr>
            <ns3:cad>80</ns3:cad>
          </ns3:TrackPointExtension>
        </extensions>
      </trkpt>
      <trkpt lat="23.387341462075710296630859375" lon="113.23537395335733890533447265625">
        <ele>2.599999904632568359375</ele>
        <time>2025-01-08T13:02:33.000Z</time>
        <extensions>
          <ns3:TrackPointExtension>
            <ns3:hr>166</ns3:hr>
            <ns3:cad>80</ns3:cad>
          </ns3:TrackPointExtension>
        </extensions>
      </trkpt>
      <trkpt lat="23.387357890605926513671875" lon="113.2351641543209552764892578125">
        <ele>2.7999999523162841796875</ele>
        <time>2025-01-08T13:02:41.000Z</time>
        <extensions>
          <ns3:TrackPointExtension>
            <ns3:hr>166</ns3:hr>
            <ns3:cad>81</ns3:cad>
          </ns3:TrackPointExtension>
        </extensions>
      </trkpt>
      <trkpt lat="23.38738395832479000091552734375" lon="113.234968520700931549072265625">
        <ele>1</ele>
        <time>2025-01-08T13:02:49.000Z</time>
        <extensions>
          <ns3:TrackPointExtension>
            <ns3:hr>166</ns3:hr>
            <ns3:cad>80</ns3:cad>
          </ns3:TrackPointExtension>
        </extensions>
      </trkpt>
      <trkpt lat="23.38742134161293506622314453125" lon="113.23480012826621532440185546875">
        <ele>-0.4000000059604644775390625</ele>
        <time>2025-01-08T13:03:00.000Z</time>
        <extensions>
          <ns3:TrackPointExtension>
            <ns3:hr>169</ns3:hr>
            <ns3:cad>59</ns3:cad>
          </ns3:TrackPointExtension>
        </extensions>
      </trkpt>
      <trkpt lat="23.3874626643955707550048828125" lon="113.234601058065891265869140625">
        <ele>0.4000000059604644775390625</ele>
        <time>2025-01-08T13:03:17.000Z</time>
        <extensions>
          <ns3:TrackPointExtension>
            <ns3:hr>169</ns3:hr>
            <ns3:cad>59</ns3:cad>
          </ns3:TrackPointExtension>
        </extensions>
      </trkpt>
      <trkpt lat="23.38750834576785564422607421875" lon="113.23443132452666759490966796875">
        <ele>5.599999904632568359375</ele>
        <time>2025-01-08T13:03:34.000Z</time>
        <extensions>
          <ns3:TrackPointExtension>
            <ns3:hr>166</ns3:hr>
            <ns3:cad>61</ns3:cad>
          </ns3:TrackPointExtension>
        </extensions>
      </trkpt>
      <trkpt lat="23.38751387782394886016845703125" lon="113.23439276777207851409912109375">
        <ele>6.599999904632568359375</ele>
        <time>2025-01-08T13:03:38.000Z</time>
        <extensions>
          <ns3:TrackPointExtension>
            <ns3:hr>163</ns3:hr>
            <ns3:cad>61</ns3:cad>
          </ns3:TrackPointExtension>
        </extensions>
      </trkpt>
      <trkpt lat="23.38751354254782199859619140625" lon="113.234343230724334716796875">
        <ele>7.19999980926513671875</ele>
        <time>2025-01-08T13:03:43.000Z</time>
        <extensions>
          <ns3:TrackPointExtension>
            <ns3:hr>160</ns3:hr>
            <ns3:cad>61</ns3:cad>
          </ns3:TrackPointExtension>
        </extensions>
      </trkpt>
      <trkpt lat="23.38751656003296375274658203125" lon="113.23430861346423625946044921875">
        <ele>7.400000095367431640625</ele>
        <time>2025-01-08T13:03:45.000Z</time>
        <extensions>
          <ns3:TrackPointExtension>
            <ns3:hr>156</ns3:hr>
            <ns3:cad>61</ns3:cad>
          </ns3:TrackPointExtension>
        </extensions>
      </trkpt>
      <trkpt lat="23.38751823641359806060791015625" lon="113.2342957891523838043212890625">
        <ele>7.599999904632568359375</ele>
        <time>2025-01-08T13:03:46.000Z</time>
        <extensions>
          <ns3:TrackPointExtension>
            <ns3:hr>151</ns3:hr>
            <ns3:cad>61</ns3:cad>
          </ns3:TrackPointExtension>
        </extensions>
      </trkpt>
      <trkpt lat="23.387515135109424591064453125" lon="113.23428623378276824951171875">
        <ele>7.599999904632568359375</ele>
        <time>2025-01-08T13:03:47.000Z</time>
        <extensions>
          <ns3:TrackPointExtension>
            <ns3:hr>151</ns3:hr>
            <ns3:cad>61</ns3:cad>
          </ns3:TrackPointExtension>
        </extensions>
      </trkpt>
      <trkpt lat="23.3875166438519954681396484375" lon="113.23426804505288600921630859375">
        <ele>7.80000019073486328125</ele>
        <time>2025-01-08T13:03:48.000Z</time>
        <extensions>
          <ns3:TrackPointExtension>
            <ns3:hr>151</ns3:hr>
            <ns3:cad>61</ns3:cad>
          </ns3:TrackPointExtension>
        </extensions>
      </trkpt>
      <trkpt lat="23.3875075913965702056884765625" lon="113.234220184385776519775390625">
        <ele>8</ele>
        <time>2025-01-08T13:03:52.000Z</time>
        <extensions>
          <ns3:TrackPointExtension>
            <ns3:hr>148</ns3:hr>
            <ns3:cad>61</ns3:cad>
          </ns3:TrackPointExtension>
        </extensions>
      </trkpt>
      <trkpt lat="23.3875065855681896209716796875" lon="113.23418556712567806243896484375">
        <ele>8.3999996185302734375</ele>
        <time>2025-01-08T13:03:54.000Z</time>
        <extensions>
          <ns3:TrackPointExtension>
            <ns3:hr>145</ns3:hr>
            <ns3:cad>61</ns3:cad>
          </ns3:TrackPointExtension>
        </extensions>
      </trkpt>
      <trkpt lat="23.38750214315950870513916015625" lon="113.23415555991232395172119140625">
        <ele>8.6000003814697265625</ele>
        <time>2025-01-08T13:03:57.000Z</time>
        <extensions>
          <ns3:TrackPointExtension>
            <ns3:hr>144</ns3:hr>
            <ns3:cad>61</ns3:cad>
          </ns3:TrackPointExtension>
        </extensions>
      </trkpt>
      <trkpt lat="23.38751002214848995208740234375" lon="113.23412136174738407135009765625">
        <ele>8.80000019073486328125</ele>
        <time>2025-01-08T13:03:59.000Z</time>
        <extensions>
          <ns3:TrackPointExtension>
            <ns3:hr>143</ns3:hr>
            <ns3:cad>61</ns3:cad>
          </ns3:TrackPointExtension>
        </extensions>
      </trkpt>
      <trkpt lat="23.38750666938722133636474609375" lon="113.23407542891800403594970703125">
        <ele>9</ele>
        <time>2025-01-08T13:04:01.000Z</time>
        <extensions>
          <ns3:TrackPointExtension>
            <ns3:hr>142</ns3:hr>
            <ns3:cad>61</ns3:cad>
          </ns3:TrackPointExtension>
        </extensions>
      </trkpt>
      <trkpt lat="23.3875163085758686065673828125" lon="113.23390980251133441925048828125">
        <ele>8.6000003814697265625</ele>
        <time>2025-01-08T13:04:10.000Z</time>
        <extensions>
          <ns3:TrackPointExtension>
            <ns3:hr>145</ns3:hr>
            <ns3:cad>80</ns3:cad>
          </ns3:TrackPointExtension>
        </extensions>
      </trkpt>
      <trkpt lat="23.3875414542853832244873046875" lon="113.233811818063259124755859375">
        <ele>8</ele>
        <time>2025-01-08T13:04:14.000Z</time>
        <extensions>
          <ns3:TrackPointExtension>
            <ns3:hr>151</ns3:hr>
            <ns3:cad>80</ns3:cad>
          </ns3:TrackPointExtension>
        </extensions>
      </trkpt>
      <trkpt lat="23.38755662553012371063232421875" lon="113.233715593814849853515625">
        <ele>7.599999904632568359375</ele>
        <time>2025-01-08T13:04:18.000Z</time>
        <extensions>
          <ns3:TrackPointExtension>
            <ns3:hr>156</ns3:hr>
            <ns3:cad>81</ns3:cad>
          </ns3:TrackPointExtension>
        </extensions>
      </trkpt>
      <trkpt lat="23.38748739100992679595947265625" lon="113.23359154164791107177734375">
        <ele>7.19999980926513671875</ele>
        <time>2025-01-08T13:04:24.000Z</time>
        <extensions>
          <ns3:TrackPointExtension>
            <ns3:hr>159</ns3:hr>
            <ns3:cad>81</ns3:cad>
          </ns3:TrackPointExtension>
        </extensions>
      </trkpt>
      <trkpt lat="23.38742737658321857452392578125" lon="113.23355927132070064544677734375">
        <ele>7</ele>
        <time>2025-01-08T13:04:27.000Z</time>
        <extensions>
          <ns3:TrackPointExtension>
            <ns3:hr>162</ns3:hr>
            <ns3:cad>80</ns3:cad>
          </ns3:TrackPointExtension>
        </extensions>
      </trkpt>
      <trkpt lat="23.38738027028739452362060546875" lon="113.23353814892470836639404296875">
        <ele>6.599999904632568359375</ele>
        <time>2025-01-08T13:04:29.000Z</time>
        <extensions>
          <ns3:TrackPointExtension>
            <ns3:hr>159</ns3:hr>
            <ns3:cad>81</ns3:cad>
          </ns3:TrackPointExtension>
        </extensions>
      </trkpt>
      <trkpt lat="23.38724984787404537200927734375" lon="113.2335145957767963409423828125">
        <ele>6</ele>
        <time>2025-01-08T13:04:35.000Z</time>
        <extensions>
          <ns3:TrackPointExtension>
            <ns3:hr>162</ns3:hr>
            <ns3:cad>81</ns3:cad>
          </ns3:TrackPointExtension>
        </extensions>
      </trkpt>
      <trkpt lat="23.3871317468583583831787109375" lon="113.233526833355426788330078125">
        <ele>4.80000019073486328125</ele>
        <time>2025-01-08T13:04:40.000Z</time>
        <extensions>
          <ns3:TrackPointExtension>
            <ns3:hr>166</ns3:hr>
            <ns3:cad>82</ns3:cad>
          </ns3:TrackPointExtension>
        </extensions>
      </trkpt>
      <trkpt lat="23.3871112950146198272705078125" lon="113.233524151146411895751953125">
        <ele>4.19999980926513671875</ele>
        <time>2025-01-08T13:04:41.000Z</time>
        <extensions>
          <ns3:TrackPointExtension>
            <ns3:hr>170</ns3:hr>
            <ns3:cad>82</ns3:cad>
          </ns3:TrackPointExtension>
        </extensions>
      </trkpt>
      <trkpt lat="23.38698129169642925262451171875" lon="113.2335028611123561859130859375">
        <ele>1.39999997615814208984375</ele>
        <time>2025-01-08T13:04:47.000Z</time>
        <extensions>
          <ns3:TrackPointExtension>
            <ns3:hr>165</ns3:hr>
            <ns3:cad>81</ns3:cad>
          </ns3:TrackPointExtension>
        </extensions>
      </trkpt>
      <trkpt lat="23.3869698084890842437744140625" lon="113.233489952981472015380859375">
        <ele>1.2000000476837158203125</ele>
        <time>2025-01-08T13:04:48.000Z</time>
        <extensions>
          <ns3:TrackPointExtension>
            <ns3:hr>165</ns3:hr>
            <ns3:cad>81</ns3:cad>
          </ns3:TrackPointExtension>
        </extensions>
      </trkpt>
      <trkpt lat="23.38694759644567966461181640625" lon="113.23343907482922077178955078125">
        <ele>0.800000011920928955078125</ele>
        <time>2025-01-08T13:04:51.000Z</time>
        <extensions>
          <ns3:TrackPointExtension>
            <ns3:hr>161</ns3:hr>
            <ns3:cad>80</ns3:cad>
          </ns3:TrackPointExtension>
        </extensions>
      </trkpt>
      <trkpt lat="23.38695413433015346527099609375" lon="113.23323857970535755157470703125">
        <ele>0.60000002384185791015625</ele>
        <time>2025-01-08T13:05:00.000Z</time>
        <extensions>
          <ns3:TrackPointExtension>
            <ns3:hr>162</ns3:hr>
            <ns3:cad>83</ns3:cad>
          </ns3:TrackPointExtension>
        </extensions>
      </trkpt>
      <trkpt lat="23.3869594149291515350341796875" lon="113.23321603238582611083984375">
        <ele>1</ele>
        <time>2025-01-08T13:05:01.000Z</time>
        <extensions>
          <ns3:TrackPointExtension>
            <ns3:hr>166</ns3:hr>
            <ns3:cad>83</ns3:cad>
          </ns3:TrackPointExtension>
        </extensions>
      </trkpt>
      <trkpt lat="23.38696519844233989715576171875" lon="113.233194909989833831787109375">
        <ele>1.2000000476837158203125</ele>
        <time>2025-01-08T13:05:02.000Z</time>
        <extensions>
          <ns3:TrackPointExtension>
            <ns3:hr>163</ns3:hr>
            <ns3:cad>83</ns3:cad>
          </ns3:TrackPointExtension>
        </extensions>
      </trkpt>
      <trkpt lat="23.3869835548102855682373046875" lon="113.23313028551638126373291015625">
        <ele>2.2000000476837158203125</ele>
        <time>2025-01-08T13:05:07.000Z</time>
        <extensions>
          <ns3:TrackPointExtension>
            <ns3:hr>168</ns3:hr>
            <ns3:cad>41</ns3:cad>
          </ns3:TrackPointExtension>
        </extensions>
      </trkpt>
      <trkpt lat="23.3869899250566959381103515625" lon="113.23311838321387767791748046875">
        <ele>2.400000095367431640625</ele>
        <time>2025-01-08T13:05:08.000Z</time>
        <extensions>
          <ns3:TrackPointExtension>
            <ns3:hr>173</ns3:hr>
            <ns3:cad>41</ns3:cad>
          </ns3:TrackPointExtension>
        </extensions>
      </trkpt>
      <trkpt lat="23.38700509630143642425537109375" lon="113.233084268867969512939453125">
        <ele>2.7999999523162841796875</ele>
        <time>2025-01-08T13:05:11.000Z</time>
        <extensions>
          <ns3:TrackPointExtension>
            <ns3:hr>170</ns3:hr>
            <ns3:cad>61</ns3:cad>
          </ns3:TrackPointExtension>
        </extensions>
      </trkpt>
      <trkpt lat="23.38701297529041767120361328125" lon="113.2330720312893390655517578125">
        <ele>3</ele>
        <time>2025-01-08T13:05:12.000Z</time>
        <extensions>
          <ns3:TrackPointExtension>
            <ns3:hr>167</ns3:hr>
            <ns3:cad>61</ns3:cad>
          </ns3:TrackPointExtension>
        </extensions>
      </trkpt>
      <trkpt lat="23.38711179792881011962890625" lon="113.232889808714389801025390625">
        <ele>3.2000000476837158203125</ele>
        <time>2025-01-08T13:05:23.000Z</time>
        <extensions>
          <ns3:TrackPointExtension>
            <ns3:hr>167</ns3:hr>
            <ns3:cad>80</ns3:cad>
          </ns3:TrackPointExtension>
        </extensions>
      </trkpt>
      <trkpt lat="23.38712546043097972869873046875" lon="113.2327843643724918365478515625">
        <ele>4.400000095367431640625</ele>
        <time>2025-01-08T13:05:29.000Z</time>
        <extensions>
          <ns3:TrackPointExtension>
            <ns3:hr>168</ns3:hr>
            <ns3:cad>83</ns3:cad>
          </ns3:TrackPointExtension>
        </extensions>
      </trkpt>
      <trkpt lat="23.3871371112763881683349609375" lon="113.232582695782184600830078125">
        <ele>6.400000095367431640625</ele>
        <time>2025-01-08T13:05:40.000Z</time>
        <extensions>
          <ns3:TrackPointExtension>
            <ns3:hr>167</ns3:hr>
            <ns3:cad>82</ns3:cad>
          </ns3:TrackPointExtension>
        </extensions>
      </trkpt>
      <trkpt lat="23.3871659450232982635498046875" lon="113.232468701899051666259765625">
        <ele>6.19999980926513671875</ele>
        <time>2025-01-08T13:05:44.000Z</time>
        <extensions>
          <ns3:TrackPointExtension>
            <ns3:hr>168</ns3:hr>
            <ns3:cad>81</ns3:cad>
          </ns3:TrackPointExtension>
        </extensions>
      </trkpt>
      <trkpt lat="23.3873087726533412933349609375" lon="113.23231120593845844268798828125">
        <ele>4.80000019073486328125</ele>
        <time>2025-01-08T13:05:51.000Z</time>
        <extensions>
          <ns3:TrackPointExtension>
            <ns3:hr>168</ns3:hr>
            <ns3:cad>80</ns3:cad>
          </ns3:TrackPointExtension>
        </extensions>
      </trkpt>
      <trkpt lat="23.38745939545333385467529296875" lon="113.23220886290073394775390625">
        <ele>3.2000000476837158203125</ele>
        <time>2025-01-08T13:06:00.000Z</time>
        <extensions>
          <ns3:TrackPointExtension>
            <ns3:hr>172</ns3:hr>
            <ns3:cad>80</ns3:cad>
          </ns3:TrackPointExtension>
        </extensions>
      </trkpt>
      <trkpt lat="23.3875937573611736297607421875" lon="113.23207634501159191131591796875">
        <ele>3.599999904632568359375</ele>
        <time>2025-01-08T13:06:10.000Z</time>
        <extensions>
          <ns3:TrackPointExtension>
            <ns3:hr>170</ns3:hr>
            <ns3:cad>80</ns3:cad>
          </ns3:TrackPointExtension>
        </extensions>
      </trkpt>
      <trkpt lat="23.3876608125865459442138671875" lon="113.2318690605461597442626953125">
        <ele>3.599999904632568359375</ele>
        <time>2025-01-08T13:06:18.000Z</time>
        <extensions>
          <ns3:TrackPointExtension>
            <ns3:hr>168</ns3:hr>
            <ns3:cad>80</ns3:cad>
          </ns3:TrackPointExtension>
        </extensions>
      </trkpt>
      <trkpt lat="23.38771998882293701171875" lon="113.23166965506970882415771484375">
        <ele>3.7999999523162841796875</ele>
        <time>2025-01-08T13:06:27.000Z</time>
        <extensions>
          <ns3:TrackPointExtension>
            <ns3:hr>168</ns3:hr>
            <ns3:cad>82</ns3:cad>
          </ns3:TrackPointExtension>
        </extensions>
      </trkpt>
      <trkpt lat="23.387756533920764923095703125" lon="113.23151140473783016204833984375">
        <ele>3.599999904632568359375</ele>
        <time>2025-01-08T13:06:34.000Z</time>
        <extensions>
          <ns3:TrackPointExtension>
            <ns3:hr>171</ns3:hr>
            <ns3:cad>81</ns3:cad>
          </ns3:TrackPointExtension>
        </extensions>
      </trkpt>
      <trkpt lat="23.3877734653651714324951171875" lon="113.23139523155987262725830078125">
        <ele>3</ele>
        <time>2025-01-08T13:06:39.000Z</time>
        <extensions>
          <ns3:TrackPointExtension>
            <ns3:hr>175</ns3:hr>
            <ns3:cad>82</ns3:cad>
          </ns3:TrackPointExtension>
        </extensions>
      </trkpt>
      <trkpt lat="23.38780892081558704376220703125" lon="113.2312886975705623626708984375">
        <ele>3</ele>
        <time>2025-01-08T13:06:43.000Z</time>
        <extensions>
          <ns3:TrackPointExtension>
            <ns3:hr>172</ns3:hr>
            <ns3:cad>80</ns3:cad>
          </ns3:TrackPointExtension>
        </extensions>
      </trkpt>
      <trkpt lat="23.3878495730459690093994140625" lon="113.2311110012233257293701171875">
        <ele>2.2000000476837158203125</ele>
        <time>2025-01-08T13:06:49.000Z</time>
        <extensions>
          <ns3:TrackPointExtension>
            <ns3:hr>168</ns3:hr>
            <ns3:cad>81</ns3:cad>
          </ns3:TrackPointExtension>
        </extensions>
      </trkpt>
      <trkpt lat="23.38788854889571666717529296875" lon="113.23096825741231441497802734375">
        <ele>1.7999999523162841796875</ele>
        <time>2025-01-08T13:06:54.000Z</time>
        <extensions>
          <ns3:TrackPointExtension>
            <ns3:hr>171</ns3:hr>
            <ns3:cad>81</ns3:cad>
          </ns3:TrackPointExtension>
        </extensions>
      </trkpt>
      <trkpt lat="23.3879117667675018310546875" lon="113.2308979332447052001953125">
        <ele>1.7999999523162841796875</ele>
        <time>2025-01-08T13:06:56.000Z</time>
        <extensions>
          <ns3:TrackPointExtension>
            <ns3:hr>176</ns3:hr>
            <ns3:cad>81</ns3:cad>
          </ns3:TrackPointExtension>
        </extensions>
      </trkpt>
      <trkpt lat="23.38792073540389537811279296875" lon="113.23086096905171871185302734375">
        <ele>1.7999999523162841796875</ele>
        <time>2025-01-08T13:06:57.000Z</time>
        <extensions>
          <ns3:TrackPointExtension>
            <ns3:hr>176</ns3:hr>
            <ns3:cad>81</ns3:cad>
          </ns3:TrackPointExtension>
        </extensions>
      </trkpt>
      <trkpt lat="23.38794101960957050323486328125" lon="113.23078670538961887359619140625">
        <ele>1.60000002384185791015625</ele>
        <time>2025-01-08T13:06:59.000Z</time>
        <extensions>
          <ns3:TrackPointExtension>
            <ns3:hr>179</ns3:hr>
            <ns3:cad>81</ns3:cad>
          </ns3:TrackPointExtension>
        </extensions>
      </trkpt>
      <trkpt lat="23.38800388388335704803466796875" lon="113.23056760244071483612060546875">
        <ele>1.7999999523162841796875</ele>
        <time>2025-01-08T13:07:04.000Z</time>
        <extensions>
          <ns3:TrackPointExtension>
            <ns3:hr>174</ns3:hr>
            <ns3:cad>83</ns3:cad>
          </ns3:TrackPointExtension>
        </extensions>
      </trkpt>
      <trkpt lat="23.38803070597350597381591796875" lon="113.23049132712185382843017578125">
        <ele>2</ele>
        <time>2025-01-08T13:07:06.000Z</time>
        <extensions>
          <ns3:TrackPointExtension>
            <ns3:hr>170</ns3:hr>
            <ns3:cad>83</ns3:cad>
          </ns3:TrackPointExtension>
        </extensions>
      </trkpt>
      <trkpt lat="23.3880447037518024444580078125" lon="113.23045863769948482513427734375">
        <ele>2</ele>
        <time>2025-01-08T13:07:07.000Z</time>
        <extensions>
          <ns3:TrackPointExtension>
            <ns3:hr>166</ns3:hr>
            <ns3:cad>82</ns3:cad>
          </ns3:TrackPointExtension>
        </extensions>
      </trkpt>
      <trkpt lat="23.38806004263460636138916015625" lon="113.23042846284806728363037109375">
        <ele>2</ele>
        <time>2025-01-08T13:07:08.000Z</time>
        <extensions>
          <ns3:TrackPointExtension>
            <ns3:hr>161</ns3:hr>
            <ns3:cad>82</ns3:cad>
          </ns3:TrackPointExtension>
        </extensions>
      </trkpt>
      <trkpt lat="23.38807160966098308563232421875" lon="113.23039979673922061920166015625">
        <ele>2.2000000476837158203125</ele>
        <time>2025-01-08T13:07:09.000Z</time>
        <extensions>
          <ns3:TrackPointExtension>
            <ns3:hr>161</ns3:hr>
            <ns3:cad>81</ns3:cad>
          </ns3:TrackPointExtension>
        </extensions>
      </trkpt>
      <trkpt lat="23.3881238289177417755126953125" lon="113.2301993854343891143798828125">
        <ele>3</ele>
        <time>2025-01-08T13:07:16.000Z</time>
        <extensions>
          <ns3:TrackPointExtension>
            <ns3:hr>161</ns3:hr>
            <ns3:cad>81</ns3:cad>
          </ns3:TrackPointExtension>
        </extensions>
      </trkpt>
      <trkpt lat="23.38812709785997867584228515625" lon="113.2301484234631061553955078125">
        <ele>3.599999904632568359375</ele>
        <time>2025-01-08T13:07:18.000Z</time>
        <extensions>
          <ns3:TrackPointExtension>
            <ns3:hr>165</ns3:hr>
            <ns3:cad>81</ns3:cad>
          </ns3:TrackPointExtension>
        </extensions>
      </trkpt>
      <trkpt lat="23.38812567293643951416015625" lon="113.23006804101169109344482421875">
        <ele>4.400000095367431640625</ele>
        <time>2025-01-08T13:07:21.000Z</time>
        <extensions>
          <ns3:TrackPointExtension>
            <ns3:hr>161</ns3:hr>
            <ns3:cad>81</ns3:cad>
          </ns3:TrackPointExtension>
        </extensions>
      </trkpt>
      <trkpt lat="23.3880799077451229095458984375" lon="113.2298644445836544036865234375">
        <ele>6.599999904632568359375</ele>
        <time>2025-01-08T13:07:36.000Z</time>
        <extensions>
          <ns3:TrackPointExtension>
            <ns3:hr>161</ns3:hr>
            <ns3:cad>59</ns3:cad>
          </ns3:TrackPointExtension>
        </extensions>
      </trkpt>
      <trkpt lat="23.38805903680622577667236328125" lon="113.2297792844474315643310546875">
        <ele>7.19999980926513671875</ele>
        <time>2025-01-08T13:07:42.000Z</time>
        <extensions>
          <ns3:TrackPointExtension>
            <ns3:hr>164</ns3:hr>
            <ns3:cad>60</ns3:cad>
          </ns3:TrackPointExtension>
        </extensions>
      </trkpt>
      <trkpt lat="23.38799600489437580108642578125" lon="113.2296418212354183197021484375">
        <ele>7.80000019073486328125</ele>
        <time>2025-01-08T13:07:50.000Z</time>
        <extensions>
          <ns3:TrackPointExtension>
            <ns3:hr>162</ns3:hr>
            <ns3:cad>78</ns3:cad>
          </ns3:TrackPointExtension>
        </extensions>
      </trkpt>
      <trkpt lat="23.387985192239284515380859375" lon="113.2296428270637989044189453125">
        <ele>7.80000019073486328125</ele>
        <time>2025-01-08T13:07:53.000Z</time>
        <extensions>
          <ns3:TrackPointExtension>
            <ns3:hr>161</ns3:hr>
            <ns3:cad>78</ns3:cad>
          </ns3:TrackPointExtension>
        </extensions>
      </trkpt>
      <trkpt lat="23.3880048058927059173583984375" lon="113.2297645322978496551513671875">
        <ele>7</ele>
        <time>2025-01-08T13:08:02.000Z</time>
        <extensions>
          <ns3:TrackPointExtension>
            <ns3:hr>164</ns3:hr>
            <ns3:cad>79</ns3:cad>
          </ns3:TrackPointExtension>
        </extensions>
      </trkpt>
      <trkpt lat="23.388021402060985565185546875" lon="113.229811303317546844482421875">
        <ele>6.80000019073486328125</ele>
        <time>2025-01-08T13:08:05.000Z</time>
        <extensions>
          <ns3:TrackPointExtension>
            <ns3:hr>159</ns3:hr>
            <ns3:cad>80</ns3:cad>
          </ns3:TrackPointExtension>
        </extensions>
      </trkpt>
      <trkpt lat="23.3880276046693325042724609375" lon="113.22982731275260448455810546875">
        <ele>6.80000019073486328125</ele>
        <time>2025-01-08T13:08:06.000Z</time>
        <extensions>
          <ns3:TrackPointExtension>
            <ns3:hr>156</ns3:hr>
            <ns3:cad>81</ns3:cad>
          </ns3:TrackPointExtension>
        </extensions>
      </trkpt>
      <trkpt lat="23.38803087361156940460205078125" lon="113.22984240017831325531005859375">
        <ele>6.599999904632568359375</ele>
        <time>2025-01-08T13:08:07.000Z</time>
        <extensions>
          <ns3:TrackPointExtension>
            <ns3:hr>154</ns3:hr>
            <ns3:cad>81</ns3:cad>
          </ns3:TrackPointExtension>
        </extensions>
      </trkpt>
      <trkpt lat="23.38803322054445743560791015625" lon="113.22988917119801044464111328125">
        <ele>6.19999980926513671875</ele>
        <time>2025-01-08T13:08:10.000Z</time>
        <extensions>
          <ns3:TrackPointExtension>
            <ns3:hr>157</ns3:hr>
            <ns3:cad>80</ns3:cad>
          </ns3:TrackPointExtension>
        </extensions>
      </trkpt>
      <trkpt lat="23.38803439401090145111083984375" lon="113.22990752756595611572265625">
        <ele>6.19999980926513671875</ele>
        <time>2025-01-08T13:08:11.000Z</time>
        <extensions>
          <ns3:TrackPointExtension>
            <ns3:hr>160</ns3:hr>
            <ns3:cad>81</ns3:cad>
          </ns3:TrackPointExtension>
        </extensions>
      </trkpt>
      <trkpt lat="23.38804210536181926727294921875" lon="113.23003116063773632049560546875">
        <ele>4.80000019073486328125</ele>
        <time>2025-01-08T13:08:17.000Z</time>
        <extensions>
          <ns3:TrackPointExtension>
            <ns3:hr>163</ns3:hr>
            <ns3:cad>81</ns3:cad>
          </ns3:TrackPointExtension>
        </extensions>
      </trkpt>
      <trkpt lat="23.3880316279828548431396484375" lon="113.2301685400307178497314453125">
        <ele>3.400000095367431640625</ele>
        <time>2025-01-08T13:08:23.000Z</time>
        <extensions>
          <ns3:TrackPointExtension>
            <ns3:hr>160</ns3:hr>
            <ns3:cad>81</ns3:cad>
          </ns3:TrackPointExtension>
        </extensions>
      </trkpt>
      <trkpt lat="23.388034142553806304931640625" lon="113.2303231023252010345458984375">
        <ele>2.599999904632568359375</ele>
        <time>2025-01-08T13:08:30.000Z</time>
        <extensions>
          <ns3:TrackPointExtension>
            <ns3:hr>157</ns3:hr>
            <ns3:cad>82</ns3:cad>
          </ns3:TrackPointExtension>
        </extensions>
      </trkpt>
      <trkpt lat="23.3880336396396160125732421875" lon="113.23034740984439849853515625">
        <ele>2.400000095367431640625</ele>
        <time>2025-01-08T13:08:31.000Z</time>
        <extensions>
          <ns3:TrackPointExtension>
            <ns3:hr>160</ns3:hr>
            <ns3:cad>82</ns3:cad>
          </ns3:TrackPointExtension>
        </extensions>
      </trkpt>
      <trkpt lat="23.38803112506866455078125" lon="113.23037213645875453948974609375">
        <ele>2.400000095367431640625</ele>
        <time>2025-01-08T13:08:32.000Z</time>
        <extensions>
          <ns3:TrackPointExtension>
            <ns3:hr>164</ns3:hr>
            <ns3:cad>82</ns3:cad>
          </ns3:TrackPointExtension>
        </extensions>
      </trkpt>
      <trkpt lat="23.38802634738385677337646484375" lon="113.23040231131017208099365234375">
        <ele>2.2000000476837158203125</ele>
        <time>2025-01-08T13:08:33.000Z</time>
        <extensions>
          <ns3:TrackPointExtension>
            <ns3:hr>164</ns3:hr>
            <ns3:cad>82</ns3:cad>
          </ns3:TrackPointExtension>
        </extensions>
      </trkpt>
      <trkpt lat="23.38798217475414276123046875" lon="113.2306077517569065093994140625">
        <ele>1.7999999523162841796875</ele>
        <time>2025-01-08T13:08:41.000Z</time>
        <extensions>
          <ns3:TrackPointExtension>
            <ns3:hr>164</ns3:hr>
            <ns3:cad>82</ns3:cad>
          </ns3:TrackPointExtension>
        </extensions>
      </trkpt>
      <trkpt lat="23.38792710565030574798583984375" lon="113.23082492686808109283447265625">
        <ele>1.7999999523162841796875</ele>
        <time>2025-01-08T13:08:49.000Z</time>
        <extensions>
          <ns3:TrackPointExtension>
            <ns3:hr>165</ns3:hr>
            <ns3:cad>82</ns3:cad>
          </ns3:TrackPointExtension>
        </extensions>
      </trkpt>
      <trkpt lat="23.3879069052636623382568359375" lon="113.23090924881398677825927734375">
        <ele>1.7999999523162841796875</ele>
        <time>2025-01-08T13:08:52.000Z</time>
        <extensions>
          <ns3:TrackPointExtension>
            <ns3:hr>170</ns3:hr>
            <ns3:cad>81</ns3:cad>
          </ns3:TrackPointExtension>
        </extensions>
      </trkpt>
      <trkpt lat="23.3878804184496402740478515625" lon="113.23111879639327526092529296875">
        <ele>2.2000000476837158203125</ele>
        <time>2025-01-08T13:09:00.000Z</time>
        <extensions>
          <ns3:TrackPointExtension>
            <ns3:hr>171</ns3:hr>
            <ns3:cad>82</ns3:cad>
          </ns3:TrackPointExtension>
        </extensions>
      </trkpt>
      <trkpt lat="23.38788016699254512786865234375" lon="113.23114595375955104827880859375">
        <ele>2.400000095367431640625</ele>
        <time>2025-01-08T13:09:01.000Z</time>
        <extensions>
          <ns3:TrackPointExtension>
            <ns3:hr>176</ns3:hr>
            <ns3:cad>82</ns3:cad>
          </ns3:TrackPointExtension>
        </extensions>
      </trkpt>
      <trkpt lat="23.387872874736785888671875" lon="113.23125491850078105926513671875">
        <ele>2.7999999523162841796875</ele>
        <time>2025-01-08T13:09:05.000Z</time>
        <extensions>
          <ns3:TrackPointExtension>
            <ns3:hr>180</ns3:hr>
            <ns3:cad>82</ns3:cad>
          </ns3:TrackPointExtension>
        </extensions>
      </trkpt>
      <trkpt lat="23.3878495730459690093994140625" lon="113.2313674874603748321533203125">
        <ele>2.7999999523162841796875</ele>
        <time>2025-01-08T13:09:09.000Z</time>
        <extensions>
          <ns3:TrackPointExtension>
            <ns3:hr>177</ns3:hr>
            <ns3:cad>82</ns3:cad>
          </ns3:TrackPointExtension>
        </extensions>
      </trkpt>
      <trkpt lat="23.38778260163962841033935546875" lon="113.2315703295171260833740234375">
        <ele>3.599999904632568359375</ele>
        <time>2025-01-08T13:09:17.000Z</time>
        <extensions>
          <ns3:TrackPointExtension>
            <ns3:hr>178</ns3:hr>
            <ns3:cad>82</ns3:cad>
          </ns3:TrackPointExtension>
        </extensions>
      </trkpt>
      <trkpt lat="23.38777790777385234832763671875" lon="113.231595642864704132080078125">
        <ele>3.7999999523162841796875</ele>
        <time>2025-01-08T13:09:18.000Z</time>
        <extensions>
          <ns3:TrackPointExtension>
            <ns3:hr>181</ns3:hr>
            <ns3:cad>82</ns3:cad>
          </ns3:TrackPointExtension>
        </extensions>
      </trkpt>
      <trkpt lat="23.38777204044163227081298828125" lon="113.23162070475518703460693359375">
        <ele>3.599999904632568359375</ele>
        <time>2025-01-08T13:09:19.000Z</time>
        <extensions>
          <ns3:TrackPointExtension>
            <ns3:hr>174</ns3:hr>
            <ns3:cad>82</ns3:cad>
          </ns3:TrackPointExtension>
        </extensions>
      </trkpt>
      <trkpt lat="23.3877241797745227813720703125" lon="113.231824971735477447509765625">
        <ele>3.2000000476837158203125</ele>
        <time>2025-01-08T13:09:27.000Z</time>
        <extensions>
          <ns3:TrackPointExtension>
            <ns3:hr>174</ns3:hr>
            <ns3:cad>81</ns3:cad>
          </ns3:TrackPointExtension>
        </extensions>
      </trkpt>
      <trkpt lat="23.38770180009305477142333984375" lon="113.231913484632968902587890625">
        <ele>3.400000095367431640625</ele>
        <time>2025-01-08T13:09:30.000Z</time>
        <extensions>
          <ns3:TrackPointExtension>
            <ns3:hr>171</ns3:hr>
            <ns3:cad>82</ns3:cad>
          </ns3:TrackPointExtension>
        </extensions>
      </trkpt>
      <trkpt lat="23.3875665999948978424072265625" lon="113.23206813074648380279541015625">
        <ele>3.599999904632568359375</ele>
        <time>2025-01-08T13:09:37.000Z</time>
        <extensions>
          <ns3:TrackPointExtension>
            <ns3:hr>170</ns3:hr>
            <ns3:cad>79</ns3:cad>
          </ns3:TrackPointExtension>
        </extensions>
      </trkpt>
      <trkpt lat="23.38746962137520313262939453125" lon="113.2321228645741939544677734375">
        <ele>3.2000000476837158203125</ele>
        <time>2025-01-08T13:09:41.000Z</time>
        <extensions>
          <ns3:TrackPointExtension>
            <ns3:hr>173</ns3:hr>
            <ns3:cad>80</ns3:cad>
          </ns3:TrackPointExtension>
        </extensions>
      </trkpt>
      <trkpt lat="23.3874209225177764892578125" lon="113.232151530683040618896484375">
        <ele>3.599999904632568359375</ele>
        <time>2025-01-08T13:09:43.000Z</time>
        <extensions>
          <ns3:TrackPointExtension>
            <ns3:hr>176</ns3:hr>
            <ns3:cad>80</ns3:cad>
          </ns3:TrackPointExtension>
        </extensions>
      </trkpt>
      <trkpt lat="23.387395441532135009765625" lon="113.23216837830841541290283203125">
        <ele>3.7999999523162841796875</ele>
        <time>2025-01-08T13:09:44.000Z</time>
        <extensions>
          <ns3:TrackPointExtension>
            <ns3:hr>179</ns3:hr>
            <ns3:cad>80</ns3:cad>
          </ns3:TrackPointExtension>
        </extensions>
      </trkpt>
      <trkpt lat="23.3873684518039226531982421875" lon="113.23218514211475849151611328125">
        <ele>4</ele>
        <time>2025-01-08T13:09:45.000Z</time>
        <extensions>
          <ns3:TrackPointExtension>
            <ns3:hr>185</ns3:hr>
            <ns3:cad>80</ns3:cad>
          </ns3:TrackPointExtension>
        </extensions>
      </trkpt>
      <trkpt lat="23.38734221644699573516845703125" lon="113.23219679296016693115234375">
        <ele>4.400000095367431640625</ele>
        <time>2025-01-08T13:09:46.000Z</time>
        <extensions>
          <ns3:TrackPointExtension>
            <ns3:hr>182</ns3:hr>
            <ns3:cad>80</ns3:cad>
          </ns3:TrackPointExtension>
        </extensions>
      </trkpt>
      <trkpt lat="23.38718145154416561126708984375" lon="113.23228924535214900970458984375">
        <ele>6.19999980926513671875</ele>
        <time>2025-01-08T13:09:53.000Z</time>
        <extensions>
          <ns3:TrackPointExtension>
            <ns3:hr>179</ns3:hr>
            <ns3:cad>79</ns3:cad>
          </ns3:TrackPointExtension>
        </extensions>
      </trkpt>
      <trkpt lat="23.38709780015051364898681640625" lon="113.232436515390872955322265625">
        <ele>7.599999904632568359375</ele>
        <time>2025-01-08T13:10:00.000Z</time>
        <extensions>
          <ns3:TrackPointExtension>
            <ns3:hr>182</ns3:hr>
            <ns3:cad>81</ns3:cad>
          </ns3:TrackPointExtension>
        </extensions>
      </trkpt>
      <trkpt lat="23.38708556257188320159912109375" lon="113.232476748526096343994140625">
        <ele>7.80000019073486328125</ele>
        <time>2025-01-08T13:10:02.000Z</time>
        <extensions>
          <ns3:TrackPointExtension>
            <ns3:hr>179</ns3:hr>
            <ns3:cad>81</ns3:cad>
          </ns3:TrackPointExtension>
        </extensions>
      </trkpt>
      <trkpt lat="23.387025631964206695556640625" lon="113.23267799802124500274658203125">
        <ele>6</ele>
        <time>2025-01-08T13:10:09.000Z</time>
        <extensions>
          <ns3:TrackPointExtension>
            <ns3:hr>178</ns3:hr>
            <ns3:cad>82</ns3:cad>
          </ns3:TrackPointExtension>
        </extensions>
      </trkpt>
      <trkpt lat="23.38701901026070117950439453125" lon="113.232749998569488525390625">
        <ele>5.19999980926513671875</ele>
        <time>2025-01-08T13:10:12.000Z</time>
        <extensions>
          <ns3:TrackPointExtension>
            <ns3:hr>182</ns3:hr>
            <ns3:cad>82</ns3:cad>
          </ns3:TrackPointExtension>
        </extensions>
      </trkpt>
      <trkpt lat="23.38693787343800067901611328125" lon="113.232958875596523284912109375">
        <ele>3.2000000476837158203125</ele>
        <time>2025-01-08T13:10:19.000Z</time>
        <extensions>
          <ns3:TrackPointExtension>
            <ns3:hr>184</ns3:hr>
            <ns3:cad>83</ns3:cad>
          </ns3:TrackPointExtension>
        </extensions>
      </trkpt>
      <trkpt lat="23.38689646683633327484130859375" lon="113.2331581972539424896240234375">
        <ele>1</ele>
        <time>2025-01-08T13:10:27.000Z</time>
        <extensions>
          <ns3:TrackPointExtension>
            <ns3:hr>185</ns3:hr>
            <ns3:cad>82</ns3:cad>
          </ns3:TrackPointExtension>
        </extensions>
      </trkpt>
      <trkpt lat="23.38689361698925495147705078125" lon="113.23319583199918270111083984375">
        <ele>0.60000002384185791015625</ele>
        <time>2025-01-08T13:10:29.000Z</time>
        <extensions>
          <ns3:TrackPointExtension>
            <ns3:hr>181</ns3:hr>
            <ns3:cad>81</ns3:cad>
          </ns3:TrackPointExtension>
        </extensions>
      </trkpt>
      <trkpt lat="23.38688422925770282745361328125" lon="113.23324059136211872100830078125">
        <ele>0.20000000298023223876953125</ele>
        <time>2025-01-08T13:10:32.000Z</time>
        <extensions>
          <ns3:TrackPointExtension>
            <ns3:hr>184</ns3:hr>
            <ns3:cad>65</ns3:cad>
          </ns3:TrackPointExtension>
        </extensions>
      </trkpt>
      <trkpt lat="23.3868789486587047576904296875" lon="113.23331586085259914398193359375">
        <ele>0.20000000298023223876953125</ele>
        <time>2025-01-08T13:10:37.000Z</time>
        <extensions>
          <ns3:TrackPointExtension>
            <ns3:hr>181</ns3:hr>
            <ns3:cad>61</ns3:cad>
          </ns3:TrackPointExtension>
        </extensions>
      </trkpt>
      <trkpt lat="23.386888839304447174072265625" lon="113.2333762943744659423828125">
        <ele>0</ele>
        <time>2025-01-08T13:10:42.000Z</time>
        <extensions>
          <ns3:TrackPointExtension>
            <ns3:hr>178</ns3:hr>
            <ns3:cad>61</ns3:cad>
          </ns3:TrackPointExtension>
        </extensions>
      </trkpt>
      <trkpt lat="23.3869024179875850677490234375" lon="113.23341594077646732330322265625">
        <ele>0</ele>
        <time>2025-01-08T13:10:46.000Z</time>
        <extensions>
          <ns3:TrackPointExtension>
            <ns3:hr>178</ns3:hr>
            <ns3:cad>61</ns3:cad>
          </ns3:TrackPointExtension>
        </extensions>
      </trkpt>
      <trkpt lat="23.38693183846771717071533203125" lon="113.23349975980818271636962890625">
        <ele>0.4000000059604644775390625</ele>
        <time>2025-01-08T13:10:51.000Z</time>
        <extensions>
          <ns3:TrackPointExtension>
            <ns3:hr>176</ns3:hr>
            <ns3:cad>80</ns3:cad>
          </ns3:TrackPointExtension>
        </extensions>
      </trkpt>
      <trkpt lat="23.38700325228273868560791015625" lon="113.233555667102336883544921875">
        <ele>2</ele>
        <time>2025-01-08T13:10:55.000Z</time>
        <extensions>
          <ns3:TrackPointExtension>
            <ns3:hr>173</ns3:hr>
            <ns3:cad>81</ns3:cad>
          </ns3:TrackPointExtension>
        </extensions>
      </trkpt>
      <trkpt lat="23.38718228973448276519775390625" lon="113.23359531350433826446533203125">
        <ele>6</ele>
        <time>2025-01-08T13:11:04.000Z</time>
        <extensions>
          <ns3:TrackPointExtension>
            <ns3:hr>170</ns3:hr>
            <ns3:cad>81</ns3:cad>
          </ns3:TrackPointExtension>
        </extensions>
      </trkpt>
      <trkpt lat="23.38722570799291133880615234375" lon="113.2336004264652729034423828125">
        <ele>6.400000095367431640625</ele>
        <time>2025-01-08T13:11:06.000Z</time>
        <extensions>
          <ns3:TrackPointExtension>
            <ns3:hr>173</ns3:hr>
            <ns3:cad>81</ns3:cad>
          </ns3:TrackPointExtension>
        </extensions>
      </trkpt>
      <trkpt lat="23.38726309128105640411376953125" lon="113.23360755108296871185302734375">
        <ele>6.599999904632568359375</ele>
        <time>2025-01-08T13:11:08.000Z</time>
        <extensions>
          <ns3:TrackPointExtension>
            <ns3:hr>177</ns3:hr>
            <ns3:cad>80</ns3:cad>
          </ns3:TrackPointExtension>
        </extensions>
      </trkpt>
      <trkpt lat="23.38743408210575580596923828125" lon="113.23369807563722133636474609375">
        <ele>7.400000095367431640625</ele>
        <time>2025-01-08T13:11:18.000Z</time>
        <extensions>
          <ns3:TrackPointExtension>
            <ns3:hr>179</ns3:hr>
            <ns3:cad>80</ns3:cad>
          </ns3:TrackPointExtension>
        </extensions>
      </trkpt>
      <trkpt lat="23.3874583058059215545654296875" lon="113.23374233208596706390380859375">
        <ele>7.80000019073486328125</ele>
        <time>2025-01-08T13:11:21.000Z</time>
        <extensions>
          <ns3:TrackPointExtension>
            <ns3:hr>179</ns3:hr>
            <ns3:cad>81</ns3:cad>
          </ns3:TrackPointExtension>
        </extensions>
      </trkpt>
      <trkpt lat="23.3874489180743694305419921875" lon="113.23386252857744693756103515625">
        <ele>8</ele>
        <time>2025-01-08T13:11:26.000Z</time>
        <extensions>
          <ns3:TrackPointExtension>
            <ns3:hr>176</ns3:hr>
            <ns3:cad>80</ns3:cad>
          </ns3:TrackPointExtension>
        </extensions>
      </trkpt>
      <trkpt lat="23.38742922060191631317138671875" lon="113.23406763374805450439453125">
        <ele>9</ele>
        <time>2025-01-08T13:11:35.000Z</time>
        <extensions>
          <ns3:TrackPointExtension>
            <ns3:hr>178</ns3:hr>
            <ns3:cad>81</ns3:cad>
          </ns3:TrackPointExtension>
        </extensions>
      </trkpt>
      <trkpt lat="23.38740223087370395660400390625" lon="113.2342807017266750335693359375">
        <ele>8.19999980926513671875</ele>
        <time>2025-01-08T13:11:44.000Z</time>
        <extensions>
          <ns3:TrackPointExtension>
            <ns3:hr>177</ns3:hr>
            <ns3:cad>80</ns3:cad>
          </ns3:TrackPointExtension>
        </extensions>
      </trkpt>
      <trkpt lat="23.38736937381327152252197265625" lon="113.234477341175079345703125">
        <ele>3.599999904632568359375</ele>
        <time>2025-01-08T13:11:51.000Z</time>
        <extensions>
          <ns3:TrackPointExtension>
            <ns3:hr>178</ns3:hr>
            <ns3:cad>81</ns3:cad>
          </ns3:TrackPointExtension>
        </extensions>
      </trkpt>
      <trkpt lat="23.38734338991343975067138671875" lon="113.2346907444298267364501953125">
        <ele>-0.800000011920928955078125</ele>
        <time>2025-01-08T13:11:59.000Z</time>
        <extensions>
          <ns3:TrackPointExtension>
            <ns3:hr>178</ns3:hr>
            <ns3:cad>81</ns3:cad>
          </ns3:TrackPointExtension>
        </extensions>
      </trkpt>
      <trkpt lat="23.387310616672039031982421875" lon="113.23489584960043430328369140625">
        <ele>0.4000000059604644775390625</ele>
        <time>2025-01-08T13:12:07.000Z</time>
        <extensions>
          <ns3:TrackPointExtension>
            <ns3:hr>181</ns3:hr>
            <ns3:cad>81</ns3:cad>
          </ns3:TrackPointExtension>
        </extensions>
      </trkpt>
      <trkpt lat="23.38728706352412700653076171875" lon="113.234997689723968505859375">
        <ele>1.60000002384185791015625</ele>
        <time>2025-01-08T13:12:11.000Z</time>
        <extensions>
          <ns3:TrackPointExtension>
            <ns3:hr>178</ns3:hr>
            <ns3:cad>81</ns3:cad>
          </ns3:TrackPointExtension>
        </extensions>
      </trkpt>
      <trkpt lat="23.38725127279758453369140625" lon="113.2352157868444919586181640625">
        <ele>1.60000002384185791015625</ele>
        <time>2025-01-08T13:12:19.000Z</time>
        <extensions>
          <ns3:TrackPointExtension>
            <ns3:hr>180</ns3:hr>
            <ns3:cad>82</ns3:cad>
          </ns3:TrackPointExtension>
        </extensions>
      </trkpt>
      <trkpt lat="23.38721984066069126129150390625" lon="113.2354253344237804412841796875">
        <ele>2</ele>
        <time>2025-01-08T13:12:27.000Z</time>
        <extensions>
          <ns3:TrackPointExtension>
            <ns3:hr>180</ns3:hr>
            <ns3:cad>82</ns3:cad>
          </ns3:TrackPointExtension>
        </extensions>
      </trkpt>
      <trkpt lat="23.38719955645501613616943359375" lon="113.23563865385949611663818359375">
        <ele>2.599999904632568359375</ele>
        <time>2025-01-08T13:12:34.000Z</time>
        <extensions>
          <ns3:TrackPointExtension>
            <ns3:hr>181</ns3:hr>
            <ns3:cad>81</ns3:cad>
          </ns3:TrackPointExtension>
        </extensions>
      </trkpt>
      <trkpt lat="23.38716418482363224029541015625" lon="113.2358310185372829437255859375">
        <ele>3.2000000476837158203125</ele>
        <time>2025-01-08T13:12:40.000Z</time>
        <extensions>
          <ns3:TrackPointExtension>
            <ns3:hr>182</ns3:hr>
            <ns3:cad>79</ns3:cad>
          </ns3:TrackPointExtension>
        </extensions>
      </trkpt>
      <trkpt lat="23.38713702745735645294189453125" lon="113.236038386821746826171875">
        <ele>4.400000095367431640625</ele>
        <time>2025-01-08T13:12:49.000Z</time>
        <extensions>
          <ns3:TrackPointExtension>
            <ns3:hr>185</ns3:hr>
            <ns3:cad>81</ns3:cad>
          </ns3:TrackPointExtension>
        </extensions>
      </trkpt>
      <trkpt lat="23.38709880597889423370361328125" lon="113.2362367026507854461669921875">
        <ele>6.19999980926513671875</ele>
        <time>2025-01-08T13:12:57.000Z</time>
        <extensions>
          <ns3:TrackPointExtension>
            <ns3:hr>184</ns3:hr>
            <ns3:cad>81</ns3:cad>
          </ns3:TrackPointExtension>
        </extensions>
      </trkpt>
      <trkpt lat="23.387077264487743377685546875" lon="113.23643594048917293548583984375">
        <ele>8.6000003814697265625</ele>
        <time>2025-01-08T13:13:05.000Z</time>
        <extensions>
          <ns3:TrackPointExtension>
            <ns3:hr>184</ns3:hr>
            <ns3:cad>82</ns3:cad>
          </ns3:TrackPointExtension>
        </extensions>
      </trkpt>
      <trkpt lat="23.38707483373582363128662109375" lon="113.23650198988616466522216796875">
        <ele>9</ele>
        <time>2025-01-08T13:13:08.000Z</time>
        <extensions>
          <ns3:TrackPointExtension>
            <ns3:hr>181</ns3:hr>
            <ns3:cad>82</ns3:cad>
          </ns3:TrackPointExtension>
        </extensions>
      </trkpt>
      <trkpt lat="23.38707181625068187713623046875" lon="113.23652319610118865966796875">
        <ele>9.19999980926513671875</ele>
        <time>2025-01-08T13:13:09.000Z</time>
        <extensions>
          <ns3:TrackPointExtension>
            <ns3:hr>184</ns3:hr>
            <ns3:cad>82</ns3:cad>
          </ns3:TrackPointExtension>
        </extensions>
      </trkpt>
      <trkpt lat="23.38704097084701061248779296875" lon="113.236732073128223419189453125">
        <ele>11</ele>
        <time>2025-01-08T13:13:18.000Z</time>
        <extensions>
          <ns3:TrackPointExtension>
            <ns3:hr>182</ns3:hr>
            <ns3:cad>81</ns3:cad>
          </ns3:TrackPointExtension>
        </extensions>
      </trkpt>
      <trkpt lat="23.38700979016721248626708984375" lon="113.236927203834056854248046875">
        <ele>9.80000019073486328125</ele>
        <time>2025-01-08T13:13:26.000Z</time>
        <extensions>
          <ns3:TrackPointExtension>
            <ns3:hr>182</ns3:hr>
            <ns3:cad>81</ns3:cad>
          </ns3:TrackPointExtension>
        </extensions>
      </trkpt>
      <trkpt lat="23.38698565028607845306396484375" lon="113.23707128874957561492919921875">
        <ele>9.19999980926513671875</ele>
        <time>2025-01-08T13:13:32.000Z</time>
        <extensions>
          <ns3:TrackPointExtension>
            <ns3:hr>185</ns3:hr>
            <ns3:cad>81</ns3:cad>
          </ns3:TrackPointExtension>
        </extensions>
      </trkpt>
      <trkpt lat="23.38697609491646289825439453125" lon="113.2372140325605869293212890625">
        <ele>8.80000019073486328125</ele>
        <time>2025-01-08T13:13:39.000Z</time>
        <extensions>
          <ns3:TrackPointExtension>
            <ns3:hr>182</ns3:hr>
            <ns3:cad>80</ns3:cad>
          </ns3:TrackPointExtension>
        </extensions>
      </trkpt>
      <trkpt lat="23.38697207160294055938720703125" lon="113.23723205365240573883056640625">
        <ele>8.80000019073486328125</ele>
        <time>2025-01-08T13:13:41.000Z</time>
        <extensions>
          <ns3:TrackPointExtension>
            <ns3:hr>185</ns3:hr>
            <ns3:cad>70</ns3:cad>
          </ns3:TrackPointExtension>
        </extensions>
      </trkpt>
      <trkpt lat="23.38697307743132114410400390625" lon="113.23723934590816497802734375">
        <ele>8.80000019073486328125</ele>
        <time>2025-01-08T13:13:42.000Z</time>
        <extensions>
          <ns3:TrackPointExtension>
            <ns3:hr>184</ns3:hr>
            <ns3:cad>70</ns3:cad>
          </ns3:TrackPointExtension>
        </extensions>
      </trkpt>
      <trkpt lat="23.3869795314967632293701171875" lon="113.2372547686100006103515625">
        <ele>8.80000019073486328125</ele>
        <time>2025-01-08T13:13:44.000Z</time>
        <extensions>
          <ns3:TrackPointExtension>
            <ns3:hr>180</ns3:hr>
            <ns3:cad>70</ns3:cad>
          </ns3:TrackPointExtension>
        </extensions>
      </trkpt>
      <trkpt lat="23.38698514737188816070556640625" lon="113.2372708618640899658203125">
        <ele>8.80000019073486328125</ele>
        <time>2025-01-08T13:13:46.000Z</time>
        <extensions>
          <ns3:TrackPointExtension>
            <ns3:hr>181</ns3:hr>
            <ns3:cad>70</ns3:cad>
          </ns3:TrackPointExtension>
        </extensions>
      </trkpt>
      <trkpt lat="23.38698514737188816070556640625" lon="113.2373022101819515228271484375">
        <ele>8.80000019073486328125</ele>
        <time>2025-01-08T13:13:49.000Z</time>
        <extensions>
          <ns3:TrackPointExtension>
            <ns3:hr>181</ns3:hr>
            <ns3:cad>70</ns3:cad>
          </ns3:TrackPointExtension>
        </extensions>
      </trkpt>
      <trkpt lat="23.38698430918157100677490234375" lon="113.2373263500630855560302734375">
        <ele>8.80000019073486328125</ele>
        <time>2025-01-08T13:13:51.000Z</time>
        <extensions>
          <ns3:TrackPointExtension>
            <ns3:hr>178</ns3:hr>
            <ns3:cad>61</ns3:cad>
          </ns3:TrackPointExtension>
        </extensions>
      </trkpt>
      <trkpt lat="23.38699319399893283843994140625" lon="113.2374618016183376312255859375">
        <ele>8.6000003814697265625</ele>
        <time>2025-01-08T13:13:58.000Z</time>
        <extensions>
          <ns3:TrackPointExtension>
            <ns3:hr>175</ns3:hr>
            <ns3:cad>63</ns3:cad>
          </ns3:TrackPointExtension>
        </extensions>
      </trkpt>
      <trkpt lat="23.38700341992080211639404296875" lon="113.23757118545472621917724609375">
        <ele>8</ele>
        <time>2025-01-08T13:14:02.000Z</time>
        <extensions>
          <ns3:TrackPointExtension>
            <ns3:hr>172</ns3:hr>
            <ns3:cad>80</ns3:cad>
          </ns3:TrackPointExtension>
        </extensions>
      </trkpt>
      <trkpt lat="23.3870103769004344940185546875" lon="113.23769473470747470855712890625">
        <ele>7</ele>
        <time>2025-01-08T13:14:09.000Z</time>
        <extensions>
          <ns3:TrackPointExtension>
            <ns3:hr>175</ns3:hr>
            <ns3:cad>81</ns3:cad>
          </ns3:TrackPointExtension>
        </extensions>
      </trkpt>
      <trkpt lat="23.387008868157863616943359375" lon="113.2377169467508792877197265625">
        <ele>7</ele>
        <time>2025-01-08T13:14:11.000Z</time>
        <extensions>
          <ns3:TrackPointExtension>
            <ns3:hr>178</ns3:hr>
            <ns3:cad>81</ns3:cad>
          </ns3:TrackPointExtension>
        </extensions>
      </trkpt>
      <trkpt lat="23.38702202774584293365478515625" lon="113.2377974130213260650634765625">
        <ele>7</ele>
        <time>2025-01-08T13:14:19.000Z</time>
        <extensions>
          <ns3:TrackPointExtension>
            <ns3:hr>173</ns3:hr>
            <ns3:cad>61</ns3:cad>
          </ns3:TrackPointExtension>
        </extensions>
      </trkpt>
      <trkpt lat="23.38702403940260410308837890625" lon="113.237808309495449066162109375">
        <ele>7</ele>
        <time>2025-01-08T13:14:20.000Z</time>
        <extensions>
          <ns3:TrackPointExtension>
            <ns3:hr>173</ns3:hr>
            <ns3:cad>61</ns3:cad>
          </ns3:TrackPointExtension>
        </extensions>
      </trkpt>
      <trkpt lat="23.38702722452580928802490234375" lon="113.23783420957624912261962890625">
        <ele>6.80000019073486328125</ele>
        <time>2025-01-08T13:14:23.000Z</time>
        <extensions>
          <ns3:TrackPointExtension>
            <ns3:hr>170</ns3:hr>
            <ns3:cad>61</ns3:cad>
          </ns3:TrackPointExtension>
        </extensions>
      </trkpt>
      <trkpt lat="23.3870284818112850189208984375" lon="113.2378637976944446563720703125">
        <ele>6.599999904632568359375</ele>
        <time>2025-01-08T13:14:26.000Z</time>
        <extensions>
          <ns3:TrackPointExtension>
            <ns3:hr>170</ns3:hr>
            <ns3:cad>61</ns3:cad>
          </ns3:TrackPointExtension>
        </extensions>
      </trkpt>
      <trkpt lat="23.3870264701545238494873046875" lon="113.23791123926639556884765625">
        <ele>6</ele>
        <time>2025-01-08T13:14:30.000Z</time>
        <extensions>
          <ns3:TrackPointExtension>
            <ns3:hr>165</ns3:hr>
            <ns3:cad>61</ns3:cad>
          </ns3:TrackPointExtension>
        </extensions>
      </trkpt>
      <trkpt lat="23.38702739216387271881103515625" lon="113.23793680407106876373291015625">
        <ele>5.80000019073486328125</ele>
        <time>2025-01-08T13:14:32.000Z</time>
        <extensions>
          <ns3:TrackPointExtension>
            <ns3:hr>166</ns3:hr>
            <ns3:cad>61</ns3:cad>
          </ns3:TrackPointExtension>
        </extensions>
      </trkpt>
      <trkpt lat="23.387035019695758819580078125" lon="113.2379982434213161468505859375">
        <ele>5.19999980926513671875</ele>
        <time>2025-01-08T13:14:35.000Z</time>
        <extensions>
          <ns3:TrackPointExtension>
            <ns3:hr>161</ns3:hr>
            <ns3:cad>64</ns3:cad>
          </ns3:TrackPointExtension>
        </extensions>
      </trkpt>
      <trkpt lat="23.38703644461929798126220703125" lon="113.23802246712148189544677734375">
        <ele>5.19999980926513671875</ele>
        <time>2025-01-08T13:14:36.000Z</time>
        <extensions>
          <ns3:TrackPointExtension>
            <ns3:hr>158</ns3:hr>
            <ns3:cad>79</ns3:cad>
          </ns3:TrackPointExtension>
        </extensions>
      </trkpt>
      <trkpt lat="23.387038372457027435302734375" lon="113.23804677464067935943603515625">
        <ele>5.19999980926513671875</ele>
        <time>2025-01-08T13:14:37.000Z</time>
        <extensions>
          <ns3:TrackPointExtension>
            <ns3:hr>158</ns3:hr>
            <ns3:cad>79</ns3:cad>
          </ns3:TrackPointExtension>
        </extensions>
      </trkpt>
      <trkpt lat="23.3870509453117847442626953125" lon="113.238205946981906890869140625">
        <ele>5</ele>
        <time>2025-01-08T13:14:43.000Z</time>
        <extensions>
          <ns3:TrackPointExtension>
            <ns3:hr>161</ns3:hr>
            <ns3:cad>82</ns3:cad>
          </ns3:TrackPointExtension>
        </extensions>
      </trkpt>
      <trkpt lat="23.38705119676887989044189453125" lon="113.2382560707628726959228515625">
        <ele>5</ele>
        <time>2025-01-08T13:14:45.000Z</time>
        <extensions>
          <ns3:TrackPointExtension>
            <ns3:hr>164</ns3:hr>
            <ns3:cad>82</ns3:cad>
          </ns3:TrackPointExtension>
        </extensions>
      </trkpt>
      <trkpt lat="23.38705019094049930572509765625" lon="113.2382798753678798675537109375">
        <ele>4.80000019073486328125</ele>
        <time>2025-01-08T13:14:46.000Z</time>
        <extensions>
          <ns3:TrackPointExtension>
            <ns3:hr>167</ns3:hr>
            <ns3:cad>81</ns3:cad>
          </ns3:TrackPointExtension>
        </extensions>
      </trkpt>
      <trkpt lat="23.38705119676887989044189453125" lon="113.23830426670610904693603515625">
        <ele>4.400000095367431640625</ele>
        <time>2025-01-08T13:14:47.000Z</time>
        <extensions>
          <ns3:TrackPointExtension>
            <ns3:hr>167</ns3:hr>
            <ns3:cad>81</ns3:cad>
          </ns3:TrackPointExtension>
        </extensions>
      </trkpt>
      <trkpt lat="23.3870573155581951141357421875" lon="113.2383784465491771697998046875">
        <ele>3.400000095367431640625</ele>
        <time>2025-01-08T13:14:50.000Z</time>
        <extensions>
          <ns3:TrackPointExtension>
            <ns3:hr>164</ns3:hr>
            <ns3:cad>81</ns3:cad>
          </ns3:TrackPointExtension>
        </extensions>
      </trkpt>
      <trkpt lat="23.38706888258457183837890625" lon="113.23847793973982334136962890625">
        <ele>2.7999999523162841796875</ele>
        <time>2025-01-08T13:14:54.000Z</time>
        <extensions>
          <ns3:TrackPointExtension>
            <ns3:hr>171</ns3:hr>
            <ns3:cad>81</ns3:cad>
          </ns3:TrackPointExtension>
        </extensions>
      </trkpt>
      <trkpt lat="23.3870784379541873931884765625" lon="113.23863049037754535675048828125">
        <ele>1.39999997615814208984375</ele>
        <time>2025-01-08T13:15:00.000Z</time>
        <extensions>
          <ns3:TrackPointExtension>
            <ns3:hr>167</ns3:hr>
            <ns3:cad>81</ns3:cad>
          </ns3:TrackPointExtension>
        </extensions>
      </trkpt>
      <trkpt lat="23.3870791085064411163330078125" lon="113.23867592029273509979248046875">
        <ele>0.800000011920928955078125</ele>
        <time>2025-01-08T13:15:02.000Z</time>
        <extensions>
          <ns3:TrackPointExtension>
            <ns3:hr>171</ns3:hr>
            <ns3:cad>80</ns3:cad>
          </ns3:TrackPointExtension>
        </extensions>
      </trkpt>
      <trkpt lat="23.38708137162029743194580078125" lon="113.23870089836418628692626953125">
        <ele>0.4000000059604644775390625</ele>
        <time>2025-01-08T13:15:03.000Z</time>
        <extensions>
          <ns3:TrackPointExtension>
            <ns3:hr>176</ns3:hr>
            <ns3:cad>81</ns3:cad>
          </ns3:TrackPointExtension>
        </extensions>
      </trkpt>
      <trkpt lat="23.3870851434767246246337890625" lon="113.23872688226401805877685546875">
        <ele>0.20000000298023223876953125</ele>
        <time>2025-01-08T13:15:04.000Z</time>
        <extensions>
          <ns3:TrackPointExtension>
            <ns3:hr>181</ns3:hr>
            <ns3:cad>81</ns3:cad>
          </ns3:TrackPointExtension>
        </extensions>
      </trkpt>
      <trkpt lat="23.3870928548276424407958984375" lon="113.2387744076550006866455078125">
        <ele>-0.20000000298023223876953125</ele>
        <time>2025-01-08T13:15:06.000Z</time>
        <extensions>
          <ns3:TrackPointExtension>
            <ns3:hr>185</ns3:hr>
            <ns3:cad>82</ns3:cad>
          </ns3:TrackPointExtension>
        </extensions>
      </trkpt>
      <trkpt lat="23.387096039950847625732421875" lon="113.23880131356418132781982421875">
        <ele>-0.60000002384185791015625</ele>
        <time>2025-01-08T13:15:07.000Z</time>
        <extensions>
          <ns3:TrackPointExtension>
            <ns3:hr>182</ns3:hr>
            <ns3:cad>82</ns3:cad>
          </ns3:TrackPointExtension>
        </extensions>
      </trkpt>
      <trkpt lat="23.387098722159862518310546875" lon="113.23882796801626682281494140625">
        <ele>-0.60000002384185791015625</ele>
        <time>2025-01-08T13:15:08.000Z</time>
        <extensions>
          <ns3:TrackPointExtension>
            <ns3:hr>179</ns3:hr>
            <ns3:cad>81</ns3:cad>
          </ns3:TrackPointExtension>
        </extensions>
      </trkpt>
      <trkpt lat="23.38710375130176544189453125" lon="113.2388800196349620819091796875">
        <ele>-0.800000011920928955078125</ele>
        <time>2025-01-08T13:15:10.000Z</time>
        <extensions>
          <ns3:TrackPointExtension>
            <ns3:hr>174</ns3:hr>
            <ns3:cad>81</ns3:cad>
          </ns3:TrackPointExtension>
        </extensions>
      </trkpt>
      <trkpt lat="23.3871062658727169036865234375" lon="113.23890625499188899993896484375">
        <ele>-0.800000011920928955078125</ele>
        <time>2025-01-08T13:15:11.000Z</time>
        <extensions>
          <ns3:TrackPointExtension>
            <ns3:hr>174</ns3:hr>
            <ns3:cad>82</ns3:cad>
          </ns3:TrackPointExtension>
        </extensions>
      </trkpt>
      <trkpt lat="23.38712043128907680511474609375" lon="113.23897632770240306854248046875">
        <ele>-1</ele>
        <time>2025-01-08T13:15:14.000Z</time>
        <extensions>
          <ns3:TrackPointExtension>
            <ns3:hr>178</ns3:hr>
            <ns3:cad>82</ns3:cad>
          </ns3:TrackPointExtension>
        </extensions>
      </trkpt>
      <trkpt lat="23.3871257118880748748779296875" lon="113.23899845592677593231201171875">
        <ele>-1</ele>
        <time>2025-01-08T13:15:15.000Z</time>
        <extensions>
          <ns3:TrackPointExtension>
            <ns3:hr>181</ns3:hr>
            <ns3:cad>82</ns3:cad>
          </ns3:TrackPointExtension>
        </extensions>
      </trkpt>
      <trkpt lat="23.38714524172246456146240234375" lon="113.23911580257117748260498046875">
        <ele>-0.800000011920928955078125</ele>
        <time>2025-01-08T13:15:20.000Z</time>
        <extensions>
          <ns3:TrackPointExtension>
            <ns3:hr>178</ns3:hr>
            <ns3:cad>82</ns3:cad>
          </ns3:TrackPointExtension>
        </extensions>
      </trkpt>
      <trkpt lat="23.38714641518890857696533203125" lon="113.23915821500122547149658203125">
        <ele>0</ele>
        <time>2025-01-08T13:15:22.000Z</time>
        <extensions>
          <ns3:TrackPointExtension>
            <ns3:hr>184</ns3:hr>
            <ns3:cad>82</ns3:cad>
          </ns3:TrackPointExtension>
        </extensions>
      </trkpt>
      <trkpt lat="23.38716099970042705535888671875" lon="113.239256702363491058349609375">
        <ele>1.39999997615814208984375</ele>
        <time>2025-01-08T13:15:26.000Z</time>
        <extensions>
          <ns3:TrackPointExtension>
            <ns3:hr>180</ns3:hr>
            <ns3:cad>81</ns3:cad>
          </ns3:TrackPointExtension>
        </extensions>
      </trkpt>
      <trkpt lat="23.3871662802994251251220703125" lon="113.23928109370172023773193359375">
        <ele>1.7999999523162841796875</ele>
        <time>2025-01-08T13:15:27.000Z</time>
        <extensions>
          <ns3:TrackPointExtension>
            <ns3:hr>180</ns3:hr>
            <ns3:cad>81</ns3:cad>
          </ns3:TrackPointExtension>
        </extensions>
      </trkpt>
      <trkpt lat="23.38716854341328144073486328125" lon="113.23930389247834682464599609375">
        <ele>2.2000000476837158203125</ele>
        <time>2025-01-08T13:15:28.000Z</time>
        <extensions>
          <ns3:TrackPointExtension>
            <ns3:hr>183</ns3:hr>
            <ns3:cad>82</ns3:cad>
          </ns3:TrackPointExtension>
        </extensions>
      </trkpt>
      <trkpt lat="23.3872205950319766998291015625" lon="113.2394975982606410980224609375">
        <ele>3.2000000476837158203125</ele>
        <time>2025-01-08T13:15:36.000Z</time>
        <extensions>
          <ns3:TrackPointExtension>
            <ns3:hr>186</ns3:hr>
            <ns3:cad>81</ns3:cad>
          </ns3:TrackPointExtension>
        </extensions>
      </trkpt>
      <trkpt lat="23.387256972491741180419921875" lon="113.239692561328411102294921875">
        <ele>3.2000000476837158203125</ele>
        <time>2025-01-08T13:15:44.000Z</time>
        <extensions>
          <ns3:TrackPointExtension>
            <ns3:hr>184</ns3:hr>
            <ns3:cad>81</ns3:cad>
          </ns3:TrackPointExtension>
        </extensions>
      </trkpt>
      <trkpt lat="23.3872772566974163055419921875" lon="113.23978166095912456512451171875">
        <ele>3</ele>
        <time>2025-01-08T13:15:48.000Z</time>
        <extensions>
          <ns3:TrackPointExtension>
            <ns3:hr>181</ns3:hr>
            <ns3:cad>82</ns3:cad>
          </ns3:TrackPointExtension>
        </extensions>
      </trkpt>
      <trkpt lat="23.3873084373772144317626953125" lon="113.23999271728098392486572265625">
        <ele>1.60000002384185791015625</ele>
        <time>2025-01-08T13:15:57.000Z</time>
        <extensions>
          <ns3:TrackPointExtension>
            <ns3:hr>177</ns3:hr>
            <ns3:cad>80</ns3:cad>
          </ns3:TrackPointExtension>
        </extensions>
      </trkpt>
      <trkpt lat="23.3873174898326396942138671875" lon="113.2400370575487613677978515625">
        <ele>1.39999997615814208984375</ele>
        <time>2025-01-08T13:15:59.000Z</time>
        <extensions>
          <ns3:TrackPointExtension>
            <ns3:hr>173</ns3:hr>
            <ns3:cad>81</ns3:cad>
          </ns3:TrackPointExtension>
        </extensions>
      </trkpt>
      <trkpt lat="23.38734380900859832763671875" lon="113.2401544041931629180908203125">
        <ele>0</ele>
        <time>2025-01-08T13:16:04.000Z</time>
        <extensions>
          <ns3:TrackPointExtension>
            <ns3:hr>170</ns3:hr>
            <ns3:cad>81</ns3:cad>
          </ns3:TrackPointExtension>
        </extensions>
      </trkpt>
      <trkpt lat="23.38737197220325469970703125" lon="113.2402472756803035736083984375">
        <ele>-0.4000000059604644775390625</ele>
        <time>2025-01-08T13:16:08.000Z</time>
        <extensions>
          <ns3:TrackPointExtension>
            <ns3:hr>173</ns3:hr>
            <ns3:cad>82</ns3:cad>
          </ns3:TrackPointExtension>
        </extensions>
      </trkpt>
      <trkpt lat="23.387379683554172515869140625" lon="113.24029714800417423248291015625">
        <ele>0</ele>
        <time>2025-01-08T13:16:10.000Z</time>
        <extensions>
          <ns3:TrackPointExtension>
            <ns3:hr>176</ns3:hr>
            <ns3:cad>82</ns3:cad>
          </ns3:TrackPointExtension>
        </extensions>
      </trkpt>
      <trkpt lat="23.38738664053380489349365234375" lon="113.2403384707868099212646484375">
        <ele>0.20000000298023223876953125</ele>
        <time>2025-01-08T13:16:12.000Z</time>
        <extensions>
          <ns3:TrackPointExtension>
            <ns3:hr>175</ns3:hr>
            <ns3:cad>82</ns3:cad>
          </ns3:TrackPointExtension>
        </extensions>
      </trkpt>
      <trkpt lat="23.38738672435283660888671875" lon="113.24035339057445526123046875">
        <ele>0.4000000059604644775390625</ele>
        <time>2025-01-08T13:16:13.000Z</time>
        <extensions>
          <ns3:TrackPointExtension>
            <ns3:hr>171</ns3:hr>
            <ns3:cad>83</ns3:cad>
          </ns3:TrackPointExtension>
        </extensions>
      </trkpt>
      <trkpt lat="23.3873860538005828857421875" lon="113.24036520905792713165283203125">
        <ele>0.4000000059604644775390625</ele>
        <time>2025-01-08T13:16:14.000Z</time>
        <extensions>
          <ns3:TrackPointExtension>
            <ns3:hr>171</ns3:hr>
            <ns3:cad>83</ns3:cad>
          </ns3:TrackPointExtension>
        </extensions>
      </trkpt>
      <trkpt lat="23.387397117912769317626953125" lon="113.2404568232595920562744140625">
        <ele>1</ele>
        <time>2025-01-08T13:16:22.000Z</time>
        <extensions>
          <ns3:TrackPointExtension>
            <ns3:hr>174</ns3:hr>
            <ns3:cad>61</ns3:cad>
          </ns3:TrackPointExtension>
        </extensions>
      </trkpt>
      <trkpt lat="23.3874049969017505645751953125" lon="113.24047870002686977386474609375">
        <ele>1</ele>
        <time>2025-01-08T13:16:24.000Z</time>
        <extensions>
          <ns3:TrackPointExtension>
            <ns3:hr>177</ns3:hr>
            <ns3:cad>61</ns3:cad>
          </ns3:TrackPointExtension>
        </extensions>
      </trkpt>
      <trkpt lat="23.387422598898410797119140625" lon="113.24051625095307826995849609375">
        <ele>1.39999997615814208984375</ele>
        <time>2025-01-08T13:16:27.000Z</time>
        <extensions>
          <ns3:TrackPointExtension>
            <ns3:hr>173</ns3:hr>
            <ns3:cad>61</ns3:cad>
          </ns3:TrackPointExtension>
        </extensions>
      </trkpt>
      <trkpt lat="23.387401811778545379638671875" lon="113.24070987291634082794189453125">
        <ele>3.2000000476837158203125</ele>
        <time>2025-01-08T13:16:39.000Z</time>
        <extensions>
          <ns3:TrackPointExtension>
            <ns3:hr>172</ns3:hr>
            <ns3:cad>79</ns3:cad>
          </ns3:TrackPointExtension>
        </extensions>
      </trkpt>
      <trkpt lat="23.38738135993480682373046875" lon="113.240775167942047119140625">
        <ele>2.7999999523162841796875</ele>
        <time>2025-01-08T13:16:42.000Z</time>
        <extensions>
          <ns3:TrackPointExtension>
            <ns3:hr>169</ns3:hr>
            <ns3:cad>80</ns3:cad>
          </ns3:TrackPointExtension>
        </extensions>
      </trkpt>
      <trkpt lat="23.38736702688038349151611328125" lon="113.2408209331333637237548828125">
        <ele>2.7999999523162841796875</ele>
        <time>2025-01-08T13:16:44.000Z</time>
        <extensions>
          <ns3:TrackPointExtension>
            <ns3:hr>172</ns3:hr>
            <ns3:cad>79</ns3:cad>
          </ns3:TrackPointExtension>
        </extensions>
      </trkpt>
      <trkpt lat="23.3873671106994152069091796875" lon="113.240947835147380828857421875">
        <ele>3.2000000476837158203125</ele>
        <time>2025-01-08T13:16:49.000Z</time>
        <extensions>
          <ns3:TrackPointExtension>
            <ns3:hr>169</ns3:hr>
            <ns3:cad>80</ns3:cad>
          </ns3:TrackPointExtension>
        </extensions>
      </trkpt>
      <trkpt lat="23.3874140493571758270263671875" lon="113.24116081930696964263916015625">
        <ele>4.80000019073486328125</ele>
        <time>2025-01-08T13:16:56.000Z</time>
        <extensions>
          <ns3:TrackPointExtension>
            <ns3:hr>168</ns3:hr>
            <ns3:cad>80</ns3:cad>
          </ns3:TrackPointExtension>
        </extensions>
      </trkpt>
      <trkpt lat="23.38744715787470340728759765625" lon="113.24126207269728183746337890625">
        <ele>6.19999980926513671875</ele>
        <time>2025-01-08T13:16:59.000Z</time>
        <extensions>
          <ns3:TrackPointExtension>
            <ns3:hr>171</ns3:hr>
            <ns3:cad>79</ns3:cad>
          </ns3:TrackPointExtension>
        </extensions>
      </trkpt>
      <trkpt lat="23.38747699744999408721923828125" lon="113.24138067662715911865234375">
        <ele>6.80000019073486328125</ele>
        <time>2025-01-08T13:17:04.000Z</time>
        <extensions>
          <ns3:TrackPointExtension>
            <ns3:hr>167</ns3:hr>
            <ns3:cad>80</ns3:cad>
          </ns3:TrackPointExtension>
        </extensions>
      </trkpt>
      <trkpt lat="23.3875082619488239288330078125" lon="113.24140674434602260589599609375">
        <ele>6.80000019073486328125</ele>
        <time>2025-01-08T13:17:06.000Z</time>
        <extensions>
          <ns3:TrackPointExtension>
            <ns3:hr>165</ns3:hr>
            <ns3:cad>82</ns3:cad>
          </ns3:TrackPointExtension>
        </extensions>
      </trkpt>
      <trkpt lat="23.3875657618045806884765625" lon="113.24147321283817291259765625">
        <ele>6.80000019073486328125</ele>
        <time>2025-01-08T13:17:09.000Z</time>
        <extensions>
          <ns3:TrackPointExtension>
            <ns3:hr>168</ns3:hr>
            <ns3:cad>82</ns3:cad>
          </ns3:TrackPointExtension>
        </extensions>
      </trkpt>
      <trkpt lat="23.38758562691509723663330078125" lon="113.2414951734244823455810546875">
        <ele>6.80000019073486328125</ele>
        <time>2025-01-08T13:17:10.000Z</time>
        <extensions>
          <ns3:TrackPointExtension>
            <ns3:hr>172</ns3:hr>
            <ns3:cad>82</ns3:cad>
          </ns3:TrackPointExtension>
        </extensions>
      </trkpt>
      <trkpt lat="23.38760725222527980804443359375" lon="113.2415169663727283477783203125">
        <ele>6.80000019073486328125</ele>
        <time>2025-01-08T13:17:11.000Z</time>
        <extensions>
          <ns3:TrackPointExtension>
            <ns3:hr>172</ns3:hr>
            <ns3:cad>81</ns3:cad>
          </ns3:TrackPointExtension>
        </extensions>
      </trkpt>
      <trkpt lat="23.3876849524676799774169921875" lon="113.241651244461536407470703125">
        <ele>6.599999904632568359375</ele>
        <time>2025-01-08T13:17:18.000Z</time>
        <extensions>
          <ns3:TrackPointExtension>
            <ns3:hr>169</ns3:hr>
            <ns3:cad>84</ns3:cad>
          </ns3:TrackPointExtension>
        </extensions>
      </trkpt>
      <trkpt lat="23.38771202601492404937744140625" lon="113.24171234853565692901611328125">
        <ele>6.400000095367431640625</ele>
        <time>2025-01-08T13:17:23.000Z</time>
        <extensions>
          <ns3:TrackPointExtension>
            <ns3:hr>172</ns3:hr>
            <ns3:cad>57</ns3:cad>
          </ns3:TrackPointExtension>
        </extensions>
      </trkpt>
      <trkpt lat="23.38771638460457324981689453125" lon="113.24172223918139934539794921875">
        <ele>6.400000095367431640625</ele>
        <time>2025-01-08T13:17:24.000Z</time>
        <extensions>
          <ns3:TrackPointExtension>
            <ns3:hr>178</ns3:hr>
            <ns3:cad>59</ns3:cad>
          </ns3:TrackPointExtension>
        </extensions>
      </trkpt>
      <trkpt lat="23.38776885531842708587646484375" lon="113.24186154641211032867431640625">
        <ele>6</ele>
        <time>2025-01-08T13:17:37.000Z</time>
        <extensions>
          <ns3:TrackPointExtension>
            <ns3:hr>175</ns3:hr>
            <ns3:cad>61</ns3:cad>
          </ns3:TrackPointExtension>
        </extensions>
      </trkpt>
      <trkpt lat="23.38778100907802581787109375" lon="113.24188099242746829986572265625">
        <ele>6</ele>
        <time>2025-01-08T13:17:39.000Z</time>
        <extensions>
          <ns3:TrackPointExtension>
            <ns3:hr>178</ns3:hr>
            <ns3:cad>58</ns3:cad>
          </ns3:TrackPointExtension>
        </extensions>
      </trkpt>
      <trkpt lat="23.38778796605765819549560546875" lon="113.2418907992541790008544921875">
        <ele>6</ele>
        <time>2025-01-08T13:17:40.000Z</time>
        <extensions>
          <ns3:TrackPointExtension>
            <ns3:hr>181</ns3:hr>
            <ns3:cad>58</ns3:cad>
          </ns3:TrackPointExtension>
        </extensions>
      </trkpt>
      <trkpt lat="23.38779668323695659637451171875" lon="113.2419021986424922943115234375">
        <ele>5.80000019073486328125</ele>
        <time>2025-01-08T13:17:41.000Z</time>
        <extensions>
          <ns3:TrackPointExtension>
            <ns3:hr>178</ns3:hr>
            <ns3:cad>58</ns3:cad>
          </ns3:TrackPointExtension>
        </extensions>
      </trkpt>
      <trkpt lat="23.38787429966032505035400390625" lon="113.241990543901920318603515625">
        <ele>5.599999904632568359375</ele>
        <time>2025-01-08T13:17:50.000Z</time>
        <extensions>
          <ns3:TrackPointExtension>
            <ns3:hr>175</ns3:hr>
            <ns3:cad>59</ns3:cad>
          </ns3:TrackPointExtension>
        </extensions>
      </trkpt>
      <trkpt lat="23.3879132755100727081298828125" lon="113.242069669067859649658203125">
        <ele>5.19999980926513671875</ele>
        <time>2025-01-08T13:17:58.000Z</time>
        <extensions>
          <ns3:TrackPointExtension>
            <ns3:hr>172</ns3:hr>
            <ns3:cad>61</ns3:cad>
          </ns3:TrackPointExtension>
        </extensions>
      </trkpt>
      <trkpt lat="23.38791637681424617767333984375" lon="113.2420827448368072509765625">
        <ele>5.19999980926513671875</ele>
        <time>2025-01-08T13:17:59.000Z</time>
        <extensions>
          <ns3:TrackPointExtension>
            <ns3:hr>171</ns3:hr>
            <ns3:cad>61</ns3:cad>
          </ns3:TrackPointExtension>
        </extensions>
      </trkpt>
      <trkpt lat="23.38794001378118991851806640625" lon="113.2421315275132656097412109375">
        <ele>5</ele>
        <time>2025-01-08T13:18:03.000Z</time>
        <extensions>
          <ns3:TrackPointExtension>
            <ns3:hr>168</ns3:hr>
            <ns3:cad>61</ns3:cad>
          </ns3:TrackPointExtension>
        </extensions>
      </trkpt>
      <trkpt lat="23.3879457972943782806396484375" lon="113.24214334599673748016357421875">
        <ele>5</ele>
        <time>2025-01-08T13:18:04.000Z</time>
        <extensions>
          <ns3:TrackPointExtension>
            <ns3:hr>164</ns3:hr>
            <ns3:cad>61</ns3:cad>
          </ns3:TrackPointExtension>
        </extensions>
      </trkpt>
      <trkpt lat="23.3879501558840274810791015625" lon="113.242153823375701904296875">
        <ele>5</ele>
        <time>2025-01-08T13:18:05.000Z</time>
        <extensions>
          <ns3:TrackPointExtension>
            <ns3:hr>164</ns3:hr>
            <ns3:cad>61</ns3:cad>
          </ns3:TrackPointExtension>
        </extensions>
      </trkpt>
      <trkpt lat="23.38796951808035373687744140625" lon="113.2421965710818767547607421875">
        <ele>4.400000095367431640625</ele>
        <time>2025-01-08T13:18:09.000Z</time>
        <extensions>
          <ns3:TrackPointExtension>
            <ns3:hr>160</ns3:hr>
            <ns3:cad>59</ns3:cad>
          </ns3:TrackPointExtension>
        </extensions>
      </trkpt>
      <trkpt lat="23.38800187222659587860107421875" lon="113.24226723052561283111572265625">
        <ele>3.400000095367431640625</ele>
        <time>2025-01-08T13:18:16.000Z</time>
        <extensions>
          <ns3:TrackPointExtension>
            <ns3:hr>157</ns3:hr>
            <ns3:cad>58</ns3:cad>
          </ns3:TrackPointExtension>
        </extensions>
      </trkpt>
      <trkpt lat="23.38801972568035125732421875" lon="113.24233277700841426849365234375">
        <ele>2.400000095367431640625</ele>
        <time>2025-01-08T13:18:21.000Z</time>
        <extensions>
          <ns3:TrackPointExtension>
            <ns3:hr>154</ns3:hr>
            <ns3:cad>61</ns3:cad>
          </ns3:TrackPointExtension>
        </extensions>
      </trkpt>
      <trkpt lat="23.38809482753276824951171875" lon="113.24251986108720302581787109375">
        <ele>0</ele>
        <time>2025-01-08T13:18:33.000Z</time>
        <extensions>
          <ns3:TrackPointExtension>
            <ns3:hr>155</ns3:hr>
            <ns3:cad>81</ns3:cad>
          </ns3:TrackPointExtension>
        </extensions>
      </trkpt>
      <trkpt lat="23.38813698850572109222412109375" lon="113.2425955496728420257568359375">
        <ele>-0.800000011920928955078125</ele>
        <time>2025-01-08T13:18:37.000Z</time>
        <extensions>
          <ns3:TrackPointExtension>
            <ns3:hr>160</ns3:hr>
            <ns3:cad>80</ns3:cad>
          </ns3:TrackPointExtension>
        </extensions>
      </trkpt>
      <trkpt lat="23.38814704678952693939208984375" lon="113.2426170073449611663818359375">
        <ele>-1</ele>
        <time>2025-01-08T13:18:38.000Z</time>
        <extensions>
          <ns3:TrackPointExtension>
            <ns3:hr>164</ns3:hr>
            <ns3:cad>80</ns3:cad>
          </ns3:TrackPointExtension>
        </extensions>
      </trkpt>
      <trkpt lat="23.38819314725697040557861328125" lon="113.24269638396799564361572265625">
        <ele>-1.7999999523162841796875</ele>
        <time>2025-01-08T13:18:42.000Z</time>
        <extensions>
          <ns3:TrackPointExtension>
            <ns3:hr>167</ns3:hr>
            <ns3:cad>81</ns3:cad>
          </ns3:TrackPointExtension>
        </extensions>
      </trkpt>
      <trkpt lat="23.38824260048568248748779296875" lon="113.242789842188358306884765625">
        <ele>-0.4000000059604644775390625</ele>
        <time>2025-01-08T13:18:46.000Z</time>
        <extensions>
          <ns3:TrackPointExtension>
            <ns3:hr>171</ns3:hr>
            <ns3:cad>82</ns3:cad>
          </ns3:TrackPointExtension>
        </extensions>
      </trkpt>
      <trkpt lat="23.3883008547127246856689453125" lon="113.2429361902177333831787109375">
        <ele>2.2000000476837158203125</ele>
        <time>2025-01-08T13:18:52.000Z</time>
        <extensions>
          <ns3:TrackPointExtension>
            <ns3:hr>168</ns3:hr>
            <ns3:cad>81</ns3:cad>
          </ns3:TrackPointExtension>
        </extensions>
      </trkpt>
      <trkpt lat="23.38833480142056941986083984375" lon="113.2429985515773296356201171875">
        <ele>3.400000095367431640625</ele>
        <time>2025-01-08T13:18:55.000Z</time>
        <extensions>
          <ns3:TrackPointExtension>
            <ns3:hr>165</ns3:hr>
            <ns3:cad>81</ns3:cad>
          </ns3:TrackPointExtension>
        </extensions>
      </trkpt>
      <trkpt lat="23.388364724814891815185546875" lon="113.24306309223175048828125">
        <ele>4.400000095367431640625</ele>
        <time>2025-01-08T13:18:58.000Z</time>
        <extensions>
          <ns3:TrackPointExtension>
            <ns3:hr>169</ns3:hr>
            <ns3:cad>81</ns3:cad>
          </ns3:TrackPointExtension>
        </extensions>
      </trkpt>
      <trkpt lat="23.38839263655245304107666015625" lon="113.2431299798190593719482421875">
        <ele>5.599999904632568359375</ele>
        <time>2025-01-08T13:19:01.000Z</time>
        <extensions>
          <ns3:TrackPointExtension>
            <ns3:hr>166</ns3:hr>
            <ns3:cad>81</ns3:cad>
          </ns3:TrackPointExtension>
        </extensions>
      </trkpt>
      <trkpt lat="23.38840194046497344970703125" lon="113.24315353296697139739990234375">
        <ele>6</ele>
        <time>2025-01-08T13:19:02.000Z</time>
        <extensions>
          <ns3:TrackPointExtension>
            <ns3:hr>170</ns3:hr>
            <ns3:cad>82</ns3:cad>
          </ns3:TrackPointExtension>
        </extensions>
      </trkpt>
      <trkpt lat="23.388413004577159881591796875" lon="113.24319829232990741729736328125">
        <ele>6.80000019073486328125</ele>
        <time>2025-01-08T13:19:05.000Z</time>
        <extensions>
          <ns3:TrackPointExtension>
            <ns3:hr>174</ns3:hr>
            <ns3:cad>81</ns3:cad>
          </ns3:TrackPointExtension>
        </extensions>
      </trkpt>
      <trkpt lat="23.388415686786174774169921875" lon="113.2432080991566181182861328125">
        <ele>7</ele>
        <time>2025-01-08T13:19:06.000Z</time>
        <extensions>
          <ns3:TrackPointExtension>
            <ns3:hr>179</ns3:hr>
            <ns3:cad>81</ns3:cad>
          </ns3:TrackPointExtension>
        </extensions>
      </trkpt>
      <trkpt lat="23.3884182013571262359619140625" lon="113.24321907944977283477783203125">
        <ele>7.19999980926513671875</ele>
        <time>2025-01-08T13:19:07.000Z</time>
        <extensions>
          <ns3:TrackPointExtension>
            <ns3:hr>184</ns3:hr>
            <ns3:cad>81</ns3:cad>
          </ns3:TrackPointExtension>
        </extensions>
      </trkpt>
      <trkpt lat="23.38842473924160003662109375" lon="113.24324003420770168304443359375">
        <ele>7.599999904632568359375</ele>
        <time>2025-01-08T13:19:09.000Z</time>
        <extensions>
          <ns3:TrackPointExtension>
            <ns3:hr>187</ns3:hr>
            <ns3:cad>61</ns3:cad>
          </ns3:TrackPointExtension>
        </extensions>
      </trkpt>
      <trkpt lat="23.38843035511672496795654296875" lon="113.243249170482158660888671875">
        <ele>7.80000019073486328125</ele>
        <time>2025-01-08T13:19:10.000Z</time>
        <extensions>
          <ns3:TrackPointExtension>
            <ns3:hr>186</ns3:hr>
            <ns3:cad>61</ns3:cad>
          </ns3:TrackPointExtension>
        </extensions>
      </trkpt>
      <trkpt lat="23.388448543846607208251953125" lon="113.24327859096229076385498046875">
        <ele>7.80000019073486328125</ele>
        <time>2025-01-08T13:19:13.000Z</time>
        <extensions>
          <ns3:TrackPointExtension>
            <ns3:hr>182</ns3:hr>
            <ns3:cad>60</ns3:cad>
          </ns3:TrackPointExtension>
        </extensions>
      </trkpt>
      <trkpt lat="23.3884523995220661163330078125" lon="113.24328948743641376495361328125">
        <ele>7.599999904632568359375</ele>
        <time>2025-01-08T13:19:14.000Z</time>
        <extensions>
          <ns3:TrackPointExtension>
            <ns3:hr>175</ns3:hr>
            <ns3:cad>60</ns3:cad>
          </ns3:TrackPointExtension>
        </extensions>
      </trkpt>
      <trkpt lat="23.3884594403207302093505859375" lon="113.24331262148916721343994140625">
        <ele>7.19999980926513671875</ele>
        <time>2025-01-08T13:19:16.000Z</time>
        <extensions>
          <ns3:TrackPointExtension>
            <ns3:hr>170</ns3:hr>
            <ns3:cad>60</ns3:cad>
          </ns3:TrackPointExtension>
        </extensions>
      </trkpt>
      <trkpt lat="23.38849045336246490478515625" lon="113.24339794926345348358154296875">
        <ele>6</ele>
        <time>2025-01-08T13:19:24.000Z</time>
        <extensions>
          <ns3:TrackPointExtension>
            <ns3:hr>164</ns3:hr>
            <ns3:cad>61</ns3:cad>
          </ns3:TrackPointExtension>
        </extensions>
      </trkpt>
      <trkpt lat="23.38849422521889209747314453125" lon="113.24340767227113246917724609375">
        <ele>6</ele>
        <time>2025-01-08T13:19:25.000Z</time>
        <extensions>
          <ns3:TrackPointExtension>
            <ns3:hr>156</ns3:hr>
            <ns3:cad>61</ns3:cad>
          </ns3:TrackPointExtension>
        </extensions>
      </trkpt>
      <trkpt lat="23.388538062572479248046875" lon="113.243486881256103515625">
        <ele>4.80000019073486328125</ele>
        <time>2025-01-08T13:19:33.000Z</time>
        <extensions>
          <ns3:TrackPointExtension>
            <ns3:hr>153</ns3:hr>
            <ns3:cad>61</ns3:cad>
          </ns3:TrackPointExtension>
        </extensions>
      </trkpt>
      <trkpt lat="23.38859631679952144622802734375" lon="113.24363515712320804595947265625">
        <ele>4.599999904632568359375</ele>
        <time>2025-01-08T13:19:47.000Z</time>
        <extensions>
          <ns3:TrackPointExtension>
            <ns3:hr>150</ns3:hr>
            <ns3:cad>61</ns3:cad>
          </ns3:TrackPointExtension>
        </extensions>
      </trkpt>
      <trkpt lat="23.3886493742465972900390625" lon="113.2437458820641040802001953125">
        <ele>4.80000019073486328125</ele>
        <time>2025-01-08T13:19:55.000Z</time>
        <extensions>
          <ns3:TrackPointExtension>
            <ns3:hr>146</ns3:hr>
            <ns3:cad>123</ns3:cad>
          </ns3:TrackPointExtension>
        </extensions>
      </trkpt>
      <trkpt lat="23.3887078799307346343994140625" lon="113.24388292618095874786376953125">
        <ele>5.400000095367431640625</ele>
        <time>2025-01-08T13:20:01.000Z</time>
        <extensions>
          <ns3:TrackPointExtension>
            <ns3:hr>149</ns3:hr>
            <ns3:cad>79</ns3:cad>
          </ns3:TrackPointExtension>
        </extensions>
      </trkpt>
      <trkpt lat="23.38874735869467258453369140625" lon="113.24395048432052135467529296875">
        <ele>5.599999904632568359375</ele>
        <time>2025-01-08T13:20:04.000Z</time>
        <extensions>
          <ns3:TrackPointExtension>
            <ns3:hr>153</ns3:hr>
            <ns3:cad>81</ns3:cad>
          </ns3:TrackPointExtension>
        </extensions>
      </trkpt>
      <trkpt lat="23.38876076973974704742431640625" lon="113.24397261254489421844482421875">
        <ele>5.80000019073486328125</ele>
        <time>2025-01-08T13:20:05.000Z</time>
        <extensions>
          <ns3:TrackPointExtension>
            <ns3:hr>158</ns3:hr>
            <ns3:cad>81</ns3:cad>
          </ns3:TrackPointExtension>
        </extensions>
      </trkpt>
      <trkpt lat="23.38877367787063121795654296875" lon="113.24399641714990139007568359375">
        <ele>5.80000019073486328125</ele>
        <time>2025-01-08T13:20:06.000Z</time>
        <extensions>
          <ns3:TrackPointExtension>
            <ns3:hr>157</ns3:hr>
            <ns3:cad>82</ns3:cad>
          </ns3:TrackPointExtension>
        </extensions>
      </trkpt>
      <trkpt lat="23.38881307281553745269775390625" lon="113.244079314172267913818359375">
        <ele>6.400000095367431640625</ele>
        <time>2025-01-08T13:20:10.000Z</time>
        <extensions>
          <ns3:TrackPointExtension>
            <ns3:hr>160</ns3:hr>
            <ns3:cad>81</ns3:cad>
          </ns3:TrackPointExtension>
        </extensions>
      </trkpt>
      <trkpt lat="23.38883352465927600860595703125" lon="113.2441163621842861175537109375">
        <ele>6.19999980926513671875</ele>
        <time>2025-01-08T13:20:12.000Z</time>
        <extensions>
          <ns3:TrackPointExtension>
            <ns3:hr>165</ns3:hr>
            <ns3:cad>81</ns3:cad>
          </ns3:TrackPointExtension>
        </extensions>
      </trkpt>
      <trkpt lat="23.388842828571796417236328125" lon="113.24413756839931011199951171875">
        <ele>6</ele>
        <time>2025-01-08T13:20:13.000Z</time>
        <extensions>
          <ns3:TrackPointExtension>
            <ns3:hr>170</ns3:hr>
            <ns3:cad>80</ns3:cad>
          </ns3:TrackPointExtension>
        </extensions>
      </trkpt>
      <trkpt lat="23.38885523378849029541015625" lon="113.2441569305956363677978515625">
        <ele>5.80000019073486328125</ele>
        <time>2025-01-08T13:20:14.000Z</time>
        <extensions>
          <ns3:TrackPointExtension>
            <ns3:hr>175</ns3:hr>
            <ns3:cad>80</ns3:cad>
          </ns3:TrackPointExtension>
        </extensions>
      </trkpt>
      <trkpt lat="23.38886721991002559661865234375" lon="113.24417461641132831573486328125">
        <ele>5.599999904632568359375</ele>
        <time>2025-01-08T13:20:15.000Z</time>
        <extensions>
          <ns3:TrackPointExtension>
            <ns3:hr>178</ns3:hr>
            <ns3:cad>80</ns3:cad>
          </ns3:TrackPointExtension>
        </extensions>
      </trkpt>
      <trkpt lat="23.388891108334064483642578125" lon="113.24422993697226047515869140625">
        <ele>5.19999980926513671875</ele>
        <time>2025-01-08T13:20:18.000Z</time>
        <extensions>
          <ns3:TrackPointExtension>
            <ns3:hr>173</ns3:hr>
            <ns3:cad>80</ns3:cad>
          </ns3:TrackPointExtension>
        </extensions>
      </trkpt>
      <trkpt lat="23.38893695734441280364990234375" lon="113.24432632885873317718505859375">
        <ele>4.599999904632568359375</ele>
        <time>2025-01-08T13:20:23.000Z</time>
        <extensions>
          <ns3:TrackPointExtension>
            <ns3:hr>178</ns3:hr>
            <ns3:cad>80</ns3:cad>
          </ns3:TrackPointExtension>
        </extensions>
      </trkpt>
      <trkpt lat="23.38896210305392742156982421875" lon="113.24438340961933135986328125">
        <ele>4.19999980926513671875</ele>
        <time>2025-01-08T13:20:26.000Z</time>
        <extensions>
          <ns3:TrackPointExtension>
            <ns3:hr>175</ns3:hr>
            <ns3:cad>80</ns3:cad>
          </ns3:TrackPointExtension>
        </extensions>
      </trkpt>
      <trkpt lat="23.38898456655442714691162109375" lon="113.24443194083869457244873046875">
        <ele>4.19999980926513671875</ele>
        <time>2025-01-08T13:20:28.000Z</time>
        <extensions>
          <ns3:TrackPointExtension>
            <ns3:hr>172</ns3:hr>
            <ns3:cad>81</ns3:cad>
          </ns3:TrackPointExtension>
        </extensions>
      </trkpt>
      <trkpt lat="23.3890548907220363616943359375" lon="113.24459991417825222015380859375">
        <ele>4.599999904632568359375</ele>
        <time>2025-01-08T13:20:35.000Z</time>
        <extensions>
          <ns3:TrackPointExtension>
            <ns3:hr>168</ns3:hr>
            <ns3:cad>81</ns3:cad>
          </ns3:TrackPointExtension>
        </extensions>
      </trkpt>
      <trkpt lat="23.38908297009766101837158203125" lon="113.2446906901895999908447265625">
        <ele>4.80000019073486328125</ele>
        <time>2025-01-08T13:20:42.000Z</time>
        <extensions>
          <ns3:TrackPointExtension>
            <ns3:hr>174</ns3:hr>
            <ns3:cad>81</ns3:cad>
          </ns3:TrackPointExtension>
        </extensions>
      </trkpt>
      <trkpt lat="23.38910945691168308258056640625" lon="113.2447570748627185821533203125">
        <ele>4.599999904632568359375</ele>
        <time>2025-01-08T13:20:48.000Z</time>
        <extensions>
          <ns3:TrackPointExtension>
            <ns3:hr>171</ns3:hr>
            <ns3:cad>59</ns3:cad>
          </ns3:TrackPointExtension>
        </extensions>
      </trkpt>
      <trkpt lat="23.3891268074512481689453125" lon="113.24481122195720672607421875">
        <ele>4.599999904632568359375</ele>
        <time>2025-01-08T13:20:53.000Z</time>
        <extensions>
          <ns3:TrackPointExtension>
            <ns3:hr>168</ns3:hr>
            <ns3:cad>61</ns3:cad>
          </ns3:TrackPointExtension>
        </extensions>
      </trkpt>
      <trkpt lat="23.389128148555755615234375" lon="113.24482287280261516571044921875">
        <ele>4.80000019073486328125</ele>
        <time>2025-01-08T13:20:54.000Z</time>
        <extensions>
          <ns3:TrackPointExtension>
            <ns3:hr>162</ns3:hr>
            <ns3:cad>61</ns3:cad>
          </ns3:TrackPointExtension>
        </extensions>
      </trkpt>
      <trkpt lat="23.38913074694573879241943359375" lon="113.2448318414390087127685546875">
        <ele>4.80000019073486328125</ele>
        <time>2025-01-08T13:20:55.000Z</time>
        <extensions>
          <ns3:TrackPointExtension>
            <ns3:hr>162</ns3:hr>
            <ns3:cad>61</ns3:cad>
          </ns3:TrackPointExtension>
        </extensions>
      </trkpt>
      <trkpt lat="23.38915673084557056427001953125" lon="113.244916498661041259765625">
        <ele>4.80000019073486328125</ele>
        <time>2025-01-08T13:21:01.000Z</time>
        <extensions>
          <ns3:TrackPointExtension>
            <ns3:hr>159</ns3:hr>
            <ns3:cad>58</ns3:cad>
          </ns3:TrackPointExtension>
        </extensions>
      </trkpt>
      <trkpt lat="23.38920216076076030731201171875" lon="113.24500459246337413787841796875">
        <ele>4.599999904632568359375</ele>
        <time>2025-01-08T13:21:08.000Z</time>
        <extensions>
          <ns3:TrackPointExtension>
            <ns3:hr>156</ns3:hr>
            <ns3:cad>58</ns3:cad>
          </ns3:TrackPointExtension>
        </extensions>
      </trkpt>
      <trkpt lat="23.3892475068569183349609375" lon="113.245112635195255279541015625">
        <ele>4.19999980926513671875</ele>
        <time>2025-01-08T13:21:17.000Z</time>
        <extensions>
          <ns3:TrackPointExtension>
            <ns3:hr>159</ns3:hr>
            <ns3:cad>61</ns3:cad>
          </ns3:TrackPointExtension>
        </extensions>
      </trkpt>
      <trkpt lat="23.38927290402352809906005859375" lon="113.24518597684800624847412109375">
        <ele>4</ele>
        <time>2025-01-08T13:21:23.000Z</time>
        <extensions>
          <ns3:TrackPointExtension>
            <ns3:hr>156</ns3:hr>
            <ns3:cad>61</ns3:cad>
          </ns3:TrackPointExtension>
        </extensions>
      </trkpt>
      <trkpt lat="23.389284051954746246337890625" lon="113.24522369541227817535400390625">
        <ele>4</ele>
        <time>2025-01-08T13:21:27.000Z</time>
        <extensions>
          <ns3:TrackPointExtension>
            <ns3:hr>153</ns3:hr>
            <ns3:cad>61</ns3:cad>
          </ns3:TrackPointExtension>
        </extensions>
      </trkpt>
      <trkpt lat="23.38929687626659870147705078125" lon="113.24525780975818634033203125">
        <ele>4</ele>
        <time>2025-01-08T13:21:30.000Z</time>
        <extensions>
          <ns3:TrackPointExtension>
            <ns3:hr>150</ns3:hr>
            <ns3:cad>61</ns3:cad>
          </ns3:TrackPointExtension>
        </extensions>
      </trkpt>
      <trkpt lat="23.38933124206960201263427734375" lon="113.24533718638122081756591796875">
        <ele>4</ele>
        <time>2025-01-08T13:21:36.000Z</time>
        <extensions>
          <ns3:TrackPointExtension>
            <ns3:hr>146</ns3:hr>
            <ns3:cad>55</ns3:cad>
          </ns3:TrackPointExtension>
        </extensions>
      </trkpt>
      <trkpt lat="23.389406092464923858642578125" lon="113.24551823548972606658935546875">
        <ele>4.19999980926513671875</ele>
        <time>2025-01-08T13:21:50.000Z</time>
        <extensions>
          <ns3:TrackPointExtension>
            <ns3:hr>148</ns3:hr>
            <ns3:cad>60</ns3:cad>
          </ns3:TrackPointExtension>
        </extensions>
      </trkpt>
      <trkpt lat="23.38949024677276611328125" lon="113.24569174088537693023681640625">
        <ele>4</ele>
        <time>2025-01-08T13:21:59.000Z</time>
        <extensions>
          <ns3:TrackPointExtension>
            <ns3:hr>149</ns3:hr>
            <ns3:cad>79</ns3:cad>
          </ns3:TrackPointExtension>
        </extensions>
      </trkpt>
      <trkpt lat="23.38950810022652149200439453125" lon="113.24573029763996601104736328125">
        <ele>3.7999999523162841796875</ele>
        <time>2025-01-08T13:22:01.000Z</time>
        <extensions>
          <ns3:TrackPointExtension>
            <ns3:hr>153</ns3:hr>
            <ns3:cad>80</ns3:cad>
          </ns3:TrackPointExtension>
        </extensions>
      </trkpt>
      <trkpt lat="23.389519751071929931640625" lon="113.2457504980266094207763671875">
        <ele>3.7999999523162841796875</ele>
        <time>2025-01-08T13:22:02.000Z</time>
        <extensions>
          <ns3:TrackPointExtension>
            <ns3:hr>159</ns3:hr>
            <ns3:cad>80</ns3:cad>
          </ns3:TrackPointExtension>
        </extensions>
      </trkpt>
      <trkpt lat="23.38952989317476749420166015625" lon="113.24577153660356998443603515625">
        <ele>3.7999999523162841796875</ele>
        <time>2025-01-08T13:22:03.000Z</time>
        <extensions>
          <ns3:TrackPointExtension>
            <ns3:hr>153</ns3:hr>
            <ns3:cad>81</ns3:cad>
          </ns3:TrackPointExtension>
        </extensions>
      </trkpt>
      <trkpt lat="23.38955755345523357391357421875" lon="113.24583113193511962890625">
        <ele>3.599999904632568359375</ele>
        <time>2025-01-08T13:22:06.000Z</time>
        <extensions>
          <ns3:TrackPointExtension>
            <ns3:hr>156</ns3:hr>
            <ns3:cad>81</ns3:cad>
          </ns3:TrackPointExtension>
        </extensions>
      </trkpt>
      <trkpt lat="23.38959342800080776214599609375" lon="113.2459117658436298370361328125">
        <ele>3.599999904632568359375</ele>
        <time>2025-01-08T13:22:10.000Z</time>
        <extensions>
          <ns3:TrackPointExtension>
            <ns3:hr>163</ns3:hr>
            <ns3:cad>81</ns3:cad>
          </ns3:TrackPointExtension>
        </extensions>
      </trkpt>
      <trkpt lat="23.38962829671800136566162109375" lon="113.2459677569568157196044921875">
        <ele>3.400000095367431640625</ele>
        <time>2025-01-08T13:22:13.000Z</time>
        <extensions>
          <ns3:TrackPointExtension>
            <ns3:hr>166</ns3:hr>
            <ns3:cad>81</ns3:cad>
          </ns3:TrackPointExtension>
        </extensions>
      </trkpt>
      <trkpt lat="23.38964019902050495147705078125" lon="113.24598326347768306732177734375">
        <ele>3.400000095367431640625</ele>
        <time>2025-01-08T13:22:14.000Z</time>
        <extensions>
          <ns3:TrackPointExtension>
            <ns3:hr>169</ns3:hr>
            <ns3:cad>81</ns3:cad>
          </ns3:TrackPointExtension>
        </extensions>
      </trkpt>
      <trkpt lat="23.38964908383786678314208984375" lon="113.24600212275981903076171875">
        <ele>3.400000095367431640625</ele>
        <time>2025-01-08T13:22:15.000Z</time>
        <extensions>
          <ns3:TrackPointExtension>
            <ns3:hr>169</ns3:hr>
            <ns3:cad>82</ns3:cad>
          </ns3:TrackPointExtension>
        </extensions>
      </trkpt>
      <trkpt lat="23.38966869749128818511962890625" lon="113.24605467729270458221435546875">
        <ele>3.2000000476837158203125</ele>
        <time>2025-01-08T13:22:18.000Z</time>
        <extensions>
          <ns3:TrackPointExtension>
            <ns3:hr>166</ns3:hr>
            <ns3:cad>81</ns3:cad>
          </ns3:TrackPointExtension>
        </extensions>
      </trkpt>
      <trkpt lat="23.38968663476407527923583984375" lon="113.246083594858646392822265625">
        <ele>2.7999999523162841796875</ele>
        <time>2025-01-08T13:22:20.000Z</time>
        <extensions>
          <ns3:TrackPointExtension>
            <ns3:hr>163</ns3:hr>
            <ns3:cad>81</ns3:cad>
          </ns3:TrackPointExtension>
        </extensions>
      </trkpt>
      <trkpt lat="23.38971345685422420501708984375" lon="113.2461340539157390594482421875">
        <ele>2.7999999523162841796875</ele>
        <time>2025-01-08T13:22:23.000Z</time>
        <extensions>
          <ns3:TrackPointExtension>
            <ns3:hr>169</ns3:hr>
            <ns3:cad>80</ns3:cad>
          </ns3:TrackPointExtension>
        </extensions>
      </trkpt>
      <trkpt lat="23.389723598957061767578125" lon="113.24615056626498699188232421875">
        <ele>2.7999999523162841796875</ele>
        <time>2025-01-08T13:22:24.000Z</time>
        <extensions>
          <ns3:TrackPointExtension>
            <ns3:hr>166</ns3:hr>
            <ns3:cad>80</ns3:cad>
          </ns3:TrackPointExtension>
        </extensions>
      </trkpt>
      <trkpt lat="23.38979400694370269775390625" lon="113.2462782226502895355224609375">
        <ele>2.599999904632568359375</ele>
        <time>2025-01-08T13:22:32.000Z</time>
        <extensions>
          <ns3:TrackPointExtension>
            <ns3:hr>169</ns3:hr>
            <ns3:cad>82</ns3:cad>
          </ns3:TrackPointExtension>
        </extensions>
      </trkpt>
      <trkpt lat="23.3898662589490413665771484375" lon="113.24643219821155071258544921875">
        <ele>2.2000000476837158203125</ele>
        <time>2025-01-08T13:22:40.000Z</time>
        <extensions>
          <ns3:TrackPointExtension>
            <ns3:hr>166</ns3:hr>
            <ns3:cad>82</ns3:cad>
          </ns3:TrackPointExtension>
        </extensions>
      </trkpt>
      <trkpt lat="23.389878161251544952392578125" lon="113.24648332782089710235595703125">
        <ele>2</ele>
        <time>2025-01-08T13:22:43.000Z</time>
        <extensions>
          <ns3:TrackPointExtension>
            <ns3:hr>170</ns3:hr>
            <ns3:cad>82</ns3:cad>
          </ns3:TrackPointExtension>
        </extensions>
      </trkpt>
      <trkpt lat="23.389881514012813568115234375" lon="113.24649824760854244232177734375">
        <ele>2</ele>
        <time>2025-01-08T13:22:44.000Z</time>
        <extensions>
          <ns3:TrackPointExtension>
            <ns3:hr>174</ns3:hr>
            <ns3:cad>82</ns3:cad>
          </ns3:TrackPointExtension>
        </extensions>
      </trkpt>
      <trkpt lat="23.3899138681590557098388671875" lon="113.24656966142356395721435546875">
        <ele>1.7999999523162841796875</ele>
        <time>2025-01-08T13:22:49.000Z</time>
        <extensions>
          <ns3:TrackPointExtension>
            <ns3:hr>171</ns3:hr>
            <ns3:cad>61</ns3:cad>
          </ns3:TrackPointExtension>
        </extensions>
      </trkpt>
      <trkpt lat="23.38993138633668422698974609375" lon="113.2466332800686359405517578125">
        <ele>2</ele>
        <time>2025-01-08T13:22:54.000Z</time>
        <extensions>
          <ns3:TrackPointExtension>
            <ns3:hr>171</ns3:hr>
            <ns3:cad>0</ns3:cad>
          </ns3:TrackPointExtension>
        </extensions>
      </trkpt>
      <trkpt lat="23.3899953402578830718994140625" lon="113.24677619151771068572998046875">
        <ele>2.7999999523162841796875</ele>
        <time>2025-01-08T13:23:05.000Z</time>
        <extensions>
          <ns3:TrackPointExtension>
            <ns3:hr>168</ns3:hr>
            <ns3:cad>61</ns3:cad>
          </ns3:TrackPointExtension>
        </extensions>
      </trkpt>
      <trkpt lat="23.3900023810565471649169921875" lon="113.2467953860759735107421875">
        <ele>3</ele>
        <time>2025-01-08T13:23:07.000Z</time>
        <extensions>
          <ns3:TrackPointExtension>
            <ns3:hr>161</ns3:hr>
            <ns3:cad>61</ns3:cad>
          </ns3:TrackPointExtension>
        </extensions>
      </trkpt>
      <trkpt lat="23.39001185260713100433349609375" lon="113.2468136586248874664306640625">
        <ele>3</ele>
        <time>2025-01-08T13:23:09.000Z</time>
        <extensions>
          <ns3:TrackPointExtension>
            <ns3:hr>161</ns3:hr>
            <ns3:cad>61</ns3:cad>
          </ns3:TrackPointExtension>
        </extensions>
      </trkpt>
      <trkpt lat="23.3900307118892669677734375" lon="113.24684240855276584625244140625">
        <ele>3.400000095367431640625</ele>
        <time>2025-01-08T13:23:12.000Z</time>
        <extensions>
          <ns3:TrackPointExtension>
            <ns3:hr>158</ns3:hr>
            <ns3:cad>61</ns3:cad>
          </ns3:TrackPointExtension>
        </extensions>
      </trkpt>
      <trkpt lat="23.39004538021981716156005859375" lon="113.24686705134809017181396484375">
        <ele>3.599999904632568359375</ele>
        <time>2025-01-08T13:23:14.000Z</time>
        <extensions>
          <ns3:TrackPointExtension>
            <ns3:hr>159</ns3:hr>
            <ns3:cad>61</ns3:cad>
          </ns3:TrackPointExtension>
        </extensions>
      </trkpt>
      <trkpt lat="23.39011721312999725341796875" lon="113.246976435184478759765625">
        <ele>4.80000019073486328125</ele>
        <time>2025-01-08T13:23:24.000Z</time>
        <extensions>
          <ns3:TrackPointExtension>
            <ns3:hr>156</ns3:hr>
            <ns3:cad>61</ns3:cad>
          </ns3:TrackPointExtension>
        </extensions>
      </trkpt>
      <trkpt lat="23.39023665525019168853759765625" lon="113.2471117191016674041748046875">
        <ele>6.599999904632568359375</ele>
        <time>2025-01-08T13:23:37.000Z</time>
        <extensions>
          <ns3:TrackPointExtension>
            <ns3:hr>153</ns3:hr>
            <ns3:cad>61</ns3:cad>
          </ns3:TrackPointExtension>
        </extensions>
      </trkpt>
      <trkpt lat="23.39026750065386295318603515625" lon="113.24713929556310176849365234375">
        <ele>6.80000019073486328125</ele>
        <time>2025-01-08T13:23:40.000Z</time>
        <extensions>
          <ns3:TrackPointExtension>
            <ns3:hr>156</ns3:hr>
            <ns3:cad>61</ns3:cad>
          </ns3:TrackPointExtension>
        </extensions>
      </trkpt>
      <trkpt lat="23.39037680067121982574462890625" lon="113.24719763360917568206787109375">
        <ele>6.599999904632568359375</ele>
        <time>2025-01-08T13:23:50.000Z</time>
        <extensions>
          <ns3:TrackPointExtension>
            <ns3:hr>151</ns3:hr>
            <ns3:cad>61</ns3:cad>
          </ns3:TrackPointExtension>
        </extensions>
      </trkpt>
      <trkpt lat="23.39038786478340625762939453125" lon="113.2472029142081737518310546875">
        <ele>6.599999904632568359375</ele>
        <time>2025-01-08T13:23:51.000Z</time>
        <extensions>
          <ns3:TrackPointExtension>
            <ns3:hr>147</ns3:hr>
            <ns3:cad>61</ns3:cad>
          </ns3:TrackPointExtension>
        </extensions>
      </trkpt>
      <trkpt lat="23.39051744900643825531005859375" lon="113.24725798331201076507568359375">
        <ele>6.400000095367431640625</ele>
        <time>2025-01-08T13:24:02.000Z</time>
        <extensions>
          <ns3:TrackPointExtension>
            <ns3:hr>144</ns3:hr>
            <ns3:cad>61</ns3:cad>
          </ns3:TrackPointExtension>
        </extensions>
      </trkpt>
      <trkpt lat="23.39053454808890819549560546875" lon="113.2472656108438968658447265625">
        <ele>6.400000095367431640625</ele>
        <time>2025-01-08T13:24:04.000Z</time>
        <extensions>
          <ns3:TrackPointExtension>
            <ns3:hr>143</ns3:hr>
            <ns3:cad>61</ns3:cad>
          </ns3:TrackPointExtension>
        </extensions>
      </trkpt>
      <trkpt lat="23.3905542455613613128662109375" lon="113.24727273546159267425537109375">
        <ele>6.19999980926513671875</ele>
        <time>2025-01-08T13:24:06.000Z</time>
        <extensions>
          <ns3:TrackPointExtension>
            <ns3:hr>143</ns3:hr>
            <ns3:cad>61</ns3:cad>
          </ns3:TrackPointExtension>
        </extensions>
      </trkpt>
      <trkpt lat="23.39058685116469860076904296875" lon="113.247288577258586883544921875">
        <ele>5.80000019073486328125</ele>
        <time>2025-01-08T13:24:09.000Z</time>
        <extensions>
          <ns3:TrackPointExtension>
            <ns3:hr>140</ns3:hr>
            <ns3:cad>61</ns3:cad>
          </ns3:TrackPointExtension>
        </extensions>
      </trkpt>
      <trkpt lat="23.39059506542980670928955078125" lon="113.24729251675307750701904296875">
        <ele>5.80000019073486328125</ele>
        <time>2025-01-08T13:24:10.000Z</time>
        <extensions>
          <ns3:TrackPointExtension>
            <ns3:hr>137</ns3:hr>
            <ns3:cad>61</ns3:cad>
          </ns3:TrackPointExtension>
        </extensions>
      </trkpt>
      <trkpt lat="23.39060344733297824859619140625" lon="113.247295282781124114990234375">
        <ele>5.599999904632568359375</ele>
        <time>2025-01-08T13:24:11.000Z</time>
        <extensions>
          <ns3:TrackPointExtension>
            <ns3:hr>137</ns3:hr>
            <ns3:cad>61</ns3:cad>
          </ns3:TrackPointExtension>
        </extensions>
      </trkpt>
      <trkpt lat="23.3906127512454986572265625" lon="113.24729788117110729217529296875">
        <ele>5.599999904632568359375</ele>
        <time>2025-01-08T13:24:12.000Z</time>
        <extensions>
          <ns3:TrackPointExtension>
            <ns3:hr>137</ns3:hr>
            <ns3:cad>61</ns3:cad>
          </ns3:TrackPointExtension>
        </extensions>
      </trkpt>
      <trkpt lat="23.3906571753323078155517578125" lon="113.24731430970132350921630859375">
        <ele>5.19999980926513671875</ele>
        <time>2025-01-08T13:24:16.000Z</time>
        <extensions>
          <ns3:TrackPointExtension>
            <ns3:hr>138</ns3:hr>
            <ns3:cad>61</ns3:cad>
          </ns3:TrackPointExtension>
        </extensions>
      </trkpt>
      <trkpt lat="23.39068877510726451873779296875" lon="113.24732336215674877166748046875">
        <ele>4.80000019073486328125</ele>
        <time>2025-01-08T13:24:19.000Z</time>
        <extensions>
          <ns3:TrackPointExtension>
            <ns3:hr>136</ns3:hr>
            <ns3:cad>61</ns3:cad>
          </ns3:TrackPointExtension>
        </extensions>
      </trkpt>
      <trkpt lat="23.390743173658847808837890625" lon="113.2473226077854633331298828125">
        <ele>4.400000095367431640625</ele>
        <time>2025-01-08T13:24:23.000Z</time>
        <extensions>
          <ns3:TrackPointExtension>
            <ns3:hr>137</ns3:hr>
            <ns3:cad>61</ns3:cad>
          </ns3:TrackPointExtension>
        </extensions>
      </trkpt>
      <trkpt lat="23.39078248478472232818603515625" lon="113.2473370246589183807373046875">
        <ele>4.19999980926513671875</ele>
        <time>2025-01-08T13:24:27.000Z</time>
        <extensions>
          <ns3:TrackPointExtension>
            <ns3:hr>141</ns3:hr>
            <ns3:cad>61</ns3:cad>
          </ns3:TrackPointExtension>
        </extensions>
      </trkpt>
      <trkpt lat="23.39090486057102680206298828125" lon="113.2473859749734401702880859375">
        <ele>3</ele>
        <time>2025-01-08T13:24:38.000Z</time>
        <extensions>
          <ns3:TrackPointExtension>
            <ns3:hr>137</ns3:hr>
            <ns3:cad>61</ns3:cad>
          </ns3:TrackPointExtension>
        </extensions>
      </trkpt>
      <trkpt lat="23.39092992246150970458984375" lon="113.24739142321050167083740234375">
        <ele>2.599999904632568359375</ele>
        <time>2025-01-08T13:24:41.000Z</time>
        <extensions>
          <ns3:TrackPointExtension>
            <ns3:hr>135</ns3:hr>
            <ns3:cad>61</ns3:cad>
          </ns3:TrackPointExtension>
        </extensions>
      </trkpt>
      <trkpt lat="23.3910216204822063446044921875" lon="113.2474201731383800506591796875">
        <ele>1.60000002384185791015625</ele>
        <time>2025-01-08T13:24:49.000Z</time>
        <extensions>
          <ns3:TrackPointExtension>
            <ns3:hr>135</ns3:hr>
            <ns3:cad>61</ns3:cad>
          </ns3:TrackPointExtension>
        </extensions>
      </trkpt>
      <trkpt lat="23.39120275340974330902099609375" lon="113.24748647399246692657470703125">
        <ele>1.7999999523162841796875</ele>
        <time>2025-01-08T13:25:03.000Z</time>
        <extensions>
          <ns3:TrackPointExtension>
            <ns3:hr>136</ns3:hr>
            <ns3:cad>61</ns3:cad>
          </ns3:TrackPointExtension>
        </extensions>
      </trkpt>
      <trkpt lat="23.39137382805347442626953125" lon="113.24756777845323085784912109375">
        <ele>3.2000000476837158203125</ele>
        <time>2025-01-08T13:25:17.000Z</time>
        <extensions>
          <ns3:TrackPointExtension>
            <ns3:hr>136</ns3:hr>
            <ns3:cad>61</ns3:cad>
          </ns3:TrackPointExtension>
        </extensions>
      </trkpt>
      <trkpt lat="23.39149712584912776947021484375" lon="113.2476186566054821014404296875">
        <ele>4.80000019073486328125</ele>
        <time>2025-01-08T13:25:27.000Z</time>
        <extensions>
          <ns3:TrackPointExtension>
            <ns3:hr>139</ns3:hr>
            <ns3:cad>61</ns3:cad>
          </ns3:TrackPointExtension>
        </extensions>
      </trkpt>
      <trkpt lat="23.3916737325489521026611328125" lon="113.2476759888231754302978515625">
        <ele>6.19999980926513671875</ele>
        <time>2025-01-08T13:25:41.000Z</time>
        <extensions>
          <ns3:TrackPointExtension>
            <ns3:hr>138</ns3:hr>
            <ns3:cad>61</ns3:cad>
          </ns3:TrackPointExtension>
        </extensions>
      </trkpt>
      <trkpt lat="23.391736261546611785888671875" lon="113.247710354626178741455078125">
        <ele>6.599999904632568359375</ele>
        <time>2025-01-08T13:25:47.000Z</time>
        <extensions>
          <ns3:TrackPointExtension>
            <ns3:hr>141</ns3:hr>
            <ns3:cad>61</ns3:cad>
          </ns3:TrackPointExtension>
        </extensions>
      </trkpt>
      <trkpt lat="23.3917666040360927581787109375" lon="113.247728459537029266357421875">
        <ele>6.599999904632568359375</ele>
        <time>2025-01-08T13:25:50.000Z</time>
        <extensions>
          <ns3:TrackPointExtension>
            <ns3:hr>138</ns3:hr>
            <ns3:cad>61</ns3:cad>
          </ns3:TrackPointExtension>
        </extensions>
      </trkpt>
      <trkpt lat="23.39194052852690219879150390625" lon="113.2478012144565582275390625">
        <ele>6.19999980926513671875</ele>
        <time>2025-01-08T13:26:07.000Z</time>
        <extensions>
          <ns3:TrackPointExtension>
            <ns3:hr>137</ns3:hr>
            <ns3:cad>61</ns3:cad>
          </ns3:TrackPointExtension>
        </extensions>
      </trkpt>
      <trkpt lat="23.39210397563874721527099609375" lon="113.2478714548051357269287109375">
        <ele>5.400000095367431640625</ele>
        <time>2025-01-08T13:26:22.000Z</time>
        <extensions>
          <ns3:TrackPointExtension>
            <ns3:hr>135</ns3:hr>
            <ns3:cad>58</ns3:cad>
          </ns3:TrackPointExtension>
        </extensions>
      </trkpt>
      <trkpt lat="23.39211336337029933929443359375" lon="113.247877322137355804443359375">
        <ele>5.19999980926513671875</ele>
        <time>2025-01-08T13:26:23.000Z</time>
        <extensions>
          <ns3:TrackPointExtension>
            <ns3:hr>135</ns3:hr>
            <ns3:cad>58</ns3:cad>
          </ns3:TrackPointExtension>
        </extensions>
      </trkpt>
      <trkpt lat="23.39214219711720943450927734375" lon="113.24789467267692089080810546875">
        <ele>5.19999980926513671875</ele>
        <time>2025-01-08T13:26:26.000Z</time>
        <extensions>
          <ns3:TrackPointExtension>
            <ns3:hr>138</ns3:hr>
            <ns3:cad>61</ns3:cad>
          </ns3:TrackPointExtension>
        </extensions>
      </trkpt>
      <trkpt lat="23.39230799116194248199462890625" lon="113.2479730434715747833251953125">
        <ele>5</ele>
        <time>2025-01-08T13:26:41.000Z</time>
        <extensions>
          <ns3:TrackPointExtension>
            <ns3:hr>138</ns3:hr>
            <ns3:cad>61</ns3:cad>
          </ns3:TrackPointExtension>
        </extensions>
      </trkpt>
      <trkpt lat="23.39241050183773040771484375" lon="113.247994668781757354736328125">
        <ele>5</ele>
        <time>2025-01-08T13:26:51.000Z</time>
        <extensions>
          <ns3:TrackPointExtension>
            <ns3:hr>136</ns3:hr>
            <ns3:cad>61</ns3:cad>
          </ns3:TrackPointExtension>
        </extensions>
      </trkpt>
    </trkseg>
  </trk>
</gpx>
