<gpx xmlns:ns3="http://www.garmin.com/xmlschemas/TrackPointExtension/v1" xmlns="http://www.topografix.com/GPX/1/1" xmlns:xsi="http://www.w3.org/2001/XMLSchema-instance" xmlns:ns2="http://www.garmin.com/xmlschemas/GpxExtensions/v3" creator="Garmin Connect" version="1.1" xsi:schemaLocation="http://www.topografix.com/GPX/1/1 http://www.topografix.com/GPX/11.xsd">
  <extensions>
<distance>7578.76</distance>
<average_hr>132.0</average_hr>
<average_speed>0.7739999890327454</average_speed>
<start_time>2025-02-16T03:37:31+00:00</start_time>
<end_time>2025-02-16T06:20:40.118000+00:00</end_time>
<moving_time>7298.0</moving_time>
<elapsed_time>9789.118</elapsed_time>
</extensions>
<metadata>
    <link href="connect.garmin.com">
      <text>Garmin Connect</text>
    </link>
    <time>2025-02-16T03:37:31.000Z</time>
  </metadata>
  <trk>
    <name>广州市 跑步</name>
    <type>running</type>
    <trkseg>
      <trkpt lat="23.51432385854423046112060546875" lon="113.2329808361828327178955078125">
        <ele>42.59999847412109375</ele>
        <time>2025-02-16T03:38:35.000Z</time>
        <extensions>
          <ns3:TrackPointExtension>
            <ns3:hr>118</ns3:hr>
            <ns3:cad>57</ns3:cad>
          </ns3:TrackPointExtension>
        </extensions>
      </trkpt>
      <trkpt lat="23.51431933231651782989501953125" lon="113.2329627312719821929931640625">
        <ele>42.799999237060546875</ele>
        <time>2025-02-16T03:38:37.000Z</time>
        <extensions>
          <ns3:TrackPointExtension>
            <ns3:hr>116</ns3:hr>
            <ns3:cad>57</ns3:cad>
          </ns3:TrackPointExtension>
        </extensions>
      </trkpt>
      <trkpt lat="23.51431363262236118316650390625" lon="113.2329404354095458984375">
        <ele>43.200000762939453125</ele>
        <time>2025-02-16T03:38:40.000Z</time>
        <extensions>
          <ns3:TrackPointExtension>
            <ns3:hr>113</ns3:hr>
            <ns3:cad>57</ns3:cad>
          </ns3:TrackPointExtension>
        </extensions>
      </trkpt>
      <trkpt lat="23.51431245915591716766357421875" lon="113.23293062858283519744873046875">
        <ele>43.40000152587890625</ele>
        <time>2025-02-16T03:38:41.000Z</time>
        <extensions>
          <ns3:TrackPointExtension>
            <ns3:hr>115</ns3:hr>
            <ns3:cad>57</ns3:cad>
          </ns3:TrackPointExtension>
        </extensions>
      </trkpt>
      <trkpt lat="23.514313884079456329345703125" lon="113.23291520588099956512451171875">
        <ele>43.799999237060546875</ele>
        <time>2025-02-16T03:38:43.000Z</time>
        <extensions>
          <ns3:TrackPointExtension>
            <ns3:hr>111</ns3:hr>
            <ns3:cad>57</ns3:cad>
          </ns3:TrackPointExtension>
        </extensions>
      </trkpt>
      <trkpt lat="23.51431547664105892181396484375" lon="113.23289492167532444000244140625">
        <ele>44</ele>
        <time>2025-02-16T03:38:45.000Z</time>
        <extensions>
          <ns3:TrackPointExtension>
            <ns3:hr>115</ns3:hr>
            <ns3:cad>0</ns3:cad>
          </ns3:TrackPointExtension>
        </extensions>
      </trkpt>
      <trkpt lat="23.5143135488033294677734375" lon="113.232879750430583953857421875">
        <ele>44.40000152587890625</ele>
        <time>2025-02-16T03:38:46.000Z</time>
        <extensions>
          <ns3:TrackPointExtension>
            <ns3:hr>117</ns3:hr>
            <ns3:cad>0</ns3:cad>
          </ns3:TrackPointExtension>
        </extensions>
      </trkpt>
      <trkpt lat="23.51430977694690227508544921875" lon="113.23286441154778003692626953125">
        <ele>44.59999847412109375</ele>
        <time>2025-02-16T03:38:47.000Z</time>
        <extensions>
          <ns3:TrackPointExtension>
            <ns3:hr>114</ns3:hr>
            <ns3:cad>0</ns3:cad>
          </ns3:TrackPointExtension>
        </extensions>
      </trkpt>
      <trkpt lat="23.5143056698143482208251953125" lon="113.232848234474658966064453125">
        <ele>44.799999237060546875</ele>
        <time>2025-02-16T03:38:48.000Z</time>
        <extensions>
          <ns3:TrackPointExtension>
            <ns3:hr>115</ns3:hr>
            <ns3:cad>0</ns3:cad>
          </ns3:TrackPointExtension>
        </extensions>
      </trkpt>
      <trkpt lat="23.51426937617361545562744140625" lon="113.232782520353794097900390625">
        <ele>45.799999237060546875</ele>
        <time>2025-02-16T03:38:53.000Z</time>
        <extensions>
          <ns3:TrackPointExtension>
            <ns3:hr>115</ns3:hr>
            <ns3:cad>59</ns3:cad>
          </ns3:TrackPointExtension>
        </extensions>
      </trkpt>
      <trkpt lat="23.51452452130615711212158203125" lon="113.231489360332489013671875">
        <ele>45.799999237060546875</ele>
        <time>2025-02-16T03:40:40.000Z</time>
        <extensions>
          <ns3:TrackPointExtension>
            <ns3:hr>117</ns3:hr>
            <ns3:cad>61</ns3:cad>
          </ns3:TrackPointExtension>
        </extensions>
      </trkpt>
      <trkpt lat="23.51472317241132259368896484375" lon="113.23142607696354389190673828125">
        <ele>44</ele>
        <time>2025-02-16T03:40:59.000Z</time>
        <extensions>
          <ns3:TrackPointExtension>
            <ns3:hr>115</ns3:hr>
            <ns3:cad>62</ns3:cad>
          </ns3:TrackPointExtension>
        </extensions>
      </trkpt>
      <trkpt lat="23.5147373378276824951171875" lon="113.23142565786838531494140625">
        <ele>44.200000762939453125</ele>
        <time>2025-02-16T03:41:00.000Z</time>
        <extensions>
          <ns3:TrackPointExtension>
            <ns3:hr>115</ns3:hr>
            <ns3:cad>62</ns3:cad>
          </ns3:TrackPointExtension>
        </extensions>
      </trkpt>
      <trkpt lat="23.51484990678727626800537109375" lon="113.23138584382832050323486328125">
        <ele>45.59999847412109375</ele>
        <time>2025-02-16T03:41:09.000Z</time>
        <extensions>
          <ns3:TrackPointExtension>
            <ns3:hr>117</ns3:hr>
            <ns3:cad>60</ns3:cad>
          </ns3:TrackPointExtension>
        </extensions>
      </trkpt>
      <trkpt lat="23.5150271840393543243408203125" lon="113.23132197372615337371826171875">
        <ele>47</ele>
        <time>2025-02-16T03:41:24.000Z</time>
        <extensions>
          <ns3:TrackPointExtension>
            <ns3:hr>119</ns3:hr>
            <ns3:cad>67</ns3:cad>
          </ns3:TrackPointExtension>
        </extensions>
      </trkpt>
      <trkpt lat="23.515035398304462432861328125" lon="113.23130621574819087982177734375">
        <ele>47</ele>
        <time>2025-02-16T03:41:25.000Z</time>
        <extensions>
          <ns3:TrackPointExtension>
            <ns3:hr>120</ns3:hr>
            <ns3:cad>67</ns3:cad>
          </ns3:TrackPointExtension>
        </extensions>
      </trkpt>
      <trkpt lat="23.51505761034786701202392578125" lon="113.231289871037006378173828125">
        <ele>47</ele>
        <time>2025-02-16T03:41:27.000Z</time>
        <extensions>
          <ns3:TrackPointExtension>
            <ns3:hr>120</ns3:hr>
            <ns3:cad>65</ns3:cad>
          </ns3:TrackPointExtension>
        </extensions>
      </trkpt>
      <trkpt lat="23.515135310590267181396484375" lon="113.23128375224769115447998046875">
        <ele>46.799999237060546875</ele>
        <time>2025-02-16T03:41:33.000Z</time>
        <extensions>
          <ns3:TrackPointExtension>
            <ns3:hr>119</ns3:hr>
            <ns3:cad>63</ns3:cad>
          </ns3:TrackPointExtension>
        </extensions>
      </trkpt>
      <trkpt lat="23.5151696763932704925537109375" lon="113.2312846742570400238037109375">
        <ele>46.59999847412109375</ele>
        <time>2025-02-16T03:41:35.000Z</time>
        <extensions>
          <ns3:TrackPointExtension>
            <ns3:hr>118</ns3:hr>
            <ns3:cad>63</ns3:cad>
          </ns3:TrackPointExtension>
        </extensions>
      </trkpt>
      <trkpt lat="23.5153074748814105987548828125" lon="113.231264054775238037109375">
        <ele>46.40000152587890625</ele>
        <time>2025-02-16T03:41:47.000Z</time>
        <extensions>
          <ns3:TrackPointExtension>
            <ns3:hr>119</ns3:hr>
            <ns3:cad>60</ns3:cad>
          </ns3:TrackPointExtension>
        </extensions>
      </trkpt>
      <trkpt lat="23.51547251455485820770263671875" lon="113.23120915330946445465087890625">
        <ele>46.40000152587890625</ele>
        <time>2025-02-16T03:42:03.000Z</time>
        <extensions>
          <ns3:TrackPointExtension>
            <ns3:hr>120</ns3:hr>
            <ns3:cad>60</ns3:cad>
          </ns3:TrackPointExtension>
        </extensions>
      </trkpt>
      <trkpt lat="23.5154878534376621246337890625" lon="113.231145702302455902099609375">
        <ele>46.799999237060546875</ele>
        <time>2025-02-16T03:42:08.000Z</time>
        <extensions>
          <ns3:TrackPointExtension>
            <ns3:hr>119</ns3:hr>
            <ns3:cad>58</ns3:cad>
          </ns3:TrackPointExtension>
        </extensions>
      </trkpt>
      <trkpt lat="23.51546631194651126861572265625" lon="113.23108744807541370391845703125">
        <ele>47.40000152587890625</ele>
        <time>2025-02-16T03:42:13.000Z</time>
        <extensions>
          <ns3:TrackPointExtension>
            <ns3:hr>119</ns3:hr>
            <ns3:cad>57</ns3:cad>
          </ns3:TrackPointExtension>
        </extensions>
      </trkpt>
      <trkpt lat="23.51542037911713123321533203125" lon="113.23103807866573333740234375">
        <ele>48</ele>
        <time>2025-02-16T03:42:17.000Z</time>
        <extensions>
          <ns3:TrackPointExtension>
            <ns3:hr>121</ns3:hr>
            <ns3:cad>57</ns3:cad>
          </ns3:TrackPointExtension>
        </extensions>
      </trkpt>
      <trkpt lat="23.51540051400661468505859375" lon="113.23101871646940708160400390625">
        <ele>48.40000152587890625</ele>
        <time>2025-02-16T03:42:19.000Z</time>
        <extensions>
          <ns3:TrackPointExtension>
            <ns3:hr>121</ns3:hr>
            <ns3:cad>0</ns3:cad>
          </ns3:TrackPointExtension>
        </extensions>
      </trkpt>
      <trkpt lat="23.5153783857822418212890625" lon="113.2309892959892749786376953125">
        <ele>49.200000762939453125</ele>
        <time>2025-02-16T03:42:22.000Z</time>
        <extensions>
          <ns3:TrackPointExtension>
            <ns3:hr>121</ns3:hr>
            <ns3:cad>0</ns3:cad>
          </ns3:TrackPointExtension>
        </extensions>
      </trkpt>
      <trkpt lat="23.51533253677189350128173828125" lon="113.2309229113161563873291015625">
        <ele>50.59999847412109375</ele>
        <time>2025-02-16T03:42:31.000Z</time>
        <extensions>
          <ns3:TrackPointExtension>
            <ns3:hr>123</ns3:hr>
            <ns3:cad>0</ns3:cad>
          </ns3:TrackPointExtension>
        </extensions>
      </trkpt>
      <trkpt lat="23.51530504412949085235595703125" lon="113.23087714612483978271484375">
        <ele>51.799999237060546875</ele>
        <time>2025-02-16T03:42:35.000Z</time>
        <extensions>
          <ns3:TrackPointExtension>
            <ns3:hr>123</ns3:hr>
            <ns3:cad>61</ns3:cad>
          </ns3:TrackPointExtension>
        </extensions>
      </trkpt>
      <trkpt lat="23.51523145101964473724365234375" lon="113.2308129407465457916259765625">
        <ele>52.59999847412109375</ele>
        <time>2025-02-16T03:42:40.000Z</time>
        <extensions>
          <ns3:TrackPointExtension>
            <ns3:hr>120</ns3:hr>
            <ns3:cad>57</ns3:cad>
          </ns3:TrackPointExtension>
        </extensions>
      </trkpt>
      <trkpt lat="23.515146709978580474853515625" lon="113.230636082589626312255859375">
        <ele>54</ele>
        <time>2025-02-16T03:42:52.000Z</time>
        <extensions>
          <ns3:TrackPointExtension>
            <ns3:hr>122</ns3:hr>
            <ns3:cad>60</ns3:cad>
          </ns3:TrackPointExtension>
        </extensions>
      </trkpt>
      <trkpt lat="23.51521753706037998199462890625" lon="113.230440281331539154052734375">
        <ele>57.799999237060546875</ele>
        <time>2025-02-16T03:43:00.000Z</time>
        <extensions>
          <ns3:TrackPointExtension>
            <ns3:hr>122</ns3:hr>
            <ns3:cad>57</ns3:cad>
          </ns3:TrackPointExtension>
        </extensions>
      </trkpt>
      <trkpt lat="23.5152659006416797637939453125" lon="113.23031865991652011871337890625">
        <ele>59.59999847412109375</ele>
        <time>2025-02-16T03:43:07.000Z</time>
        <extensions>
          <ns3:TrackPointExtension>
            <ns3:hr>122</ns3:hr>
            <ns3:cad>0</ns3:cad>
          </ns3:TrackPointExtension>
        </extensions>
      </trkpt>
      <trkpt lat="23.51528828032314777374267578125" lon="113.230290077626705169677734375">
        <ele>60</ele>
        <time>2025-02-16T03:43:09.000Z</time>
        <extensions>
          <ns3:TrackPointExtension>
            <ns3:hr>121</ns3:hr>
            <ns3:cad>0</ns3:cad>
          </ns3:TrackPointExtension>
        </extensions>
      </trkpt>
      <trkpt lat="23.5152952373027801513671875" lon="113.23023132048547267913818359375">
        <ele>60.799999237060546875</ele>
        <time>2025-02-16T03:43:16.000Z</time>
        <extensions>
          <ns3:TrackPointExtension>
            <ns3:hr>120</ns3:hr>
            <ns3:cad>53</ns3:cad>
          </ns3:TrackPointExtension>
        </extensions>
      </trkpt>
      <trkpt lat="23.5153234004974365234375" lon="113.23020818643271923065185546875">
        <ele>61</ele>
        <time>2025-02-16T03:43:21.000Z</time>
        <extensions>
          <ns3:TrackPointExtension>
            <ns3:hr>121</ns3:hr>
            <ns3:cad>60</ns3:cad>
          </ns3:TrackPointExtension>
        </extensions>
      </trkpt>
      <trkpt lat="23.51535667665302753448486328125" lon="113.2302070967853069305419921875">
        <ele>61.200000762939453125</ele>
        <time>2025-02-16T03:43:25.000Z</time>
        <extensions>
          <ns3:TrackPointExtension>
            <ns3:hr>121</ns3:hr>
            <ns3:cad>0</ns3:cad>
          </ns3:TrackPointExtension>
        </extensions>
      </trkpt>
      <trkpt lat="23.51537478156387805938720703125" lon="113.230202235281467437744140625">
        <ele>61.40000152587890625</ele>
        <time>2025-02-16T03:43:28.000Z</time>
        <extensions>
          <ns3:TrackPointExtension>
            <ns3:hr>121</ns3:hr>
            <ns3:cad>0</ns3:cad>
          </ns3:TrackPointExtension>
        </extensions>
      </trkpt>
      <trkpt lat="23.51541115902364253997802734375" lon="113.2302044145762920379638671875">
        <ele>61.40000152587890625</ele>
        <time>2025-02-16T03:43:32.000Z</time>
        <extensions>
          <ns3:TrackPointExtension>
            <ns3:hr>121</ns3:hr>
            <ns3:cad>61</ns3:cad>
          </ns3:TrackPointExtension>
        </extensions>
      </trkpt>
      <trkpt lat="23.5155337862670421600341796875" lon="113.23010441847145557403564453125">
        <ele>63</ele>
        <time>2025-02-16T03:43:46.000Z</time>
        <extensions>
          <ns3:TrackPointExtension>
            <ns3:hr>121</ns3:hr>
            <ns3:cad>57</ns3:cad>
          </ns3:TrackPointExtension>
        </extensions>
      </trkpt>
      <trkpt lat="23.515543006360530853271484375" lon="113.23009871877729892730712890625">
        <ele>63</ele>
        <time>2025-02-16T03:43:48.000Z</time>
        <extensions>
          <ns3:TrackPointExtension>
            <ns3:hr>122</ns3:hr>
            <ns3:cad>57</ns3:cad>
          </ns3:TrackPointExtension>
        </extensions>
      </trkpt>
      <trkpt lat="23.51556370966136455535888671875" lon="113.23008530773222446441650390625">
        <ele>62.799999237060546875</ele>
        <time>2025-02-16T03:43:51.000Z</time>
        <extensions>
          <ns3:TrackPointExtension>
            <ns3:hr>124</ns3:hr>
            <ns3:cad>0</ns3:cad>
          </ns3:TrackPointExtension>
        </extensions>
      </trkpt>
      <trkpt lat="23.51556940935552120208740234375" lon="113.23007659055292606353759765625">
        <ele>62.799999237060546875</ele>
        <time>2025-02-16T03:43:53.000Z</time>
        <extensions>
          <ns3:TrackPointExtension>
            <ns3:hr>126</ns3:hr>
            <ns3:cad>0</ns3:cad>
          </ns3:TrackPointExtension>
        </extensions>
      </trkpt>
      <trkpt lat="23.515564464032649993896484375" lon="113.2300461642444133758544921875">
        <ele>63</ele>
        <time>2025-02-16T03:43:57.000Z</time>
        <extensions>
          <ns3:TrackPointExtension>
            <ns3:hr>126</ns3:hr>
            <ns3:cad>61</ns3:cad>
          </ns3:TrackPointExtension>
        </extensions>
      </trkpt>
      <trkpt lat="23.51556672714650630950927734375" lon="113.23003199882805347442626953125">
        <ele>63.200000762939453125</ele>
        <time>2025-02-16T03:44:00.000Z</time>
        <extensions>
          <ns3:TrackPointExtension>
            <ns3:hr>126</ns3:hr>
            <ns3:cad>57</ns3:cad>
          </ns3:TrackPointExtension>
        </extensions>
      </trkpt>
      <trkpt lat="23.51557142101228237152099609375" lon="113.2300247065722942352294921875">
        <ele>63.200000762939453125</ele>
        <time>2025-02-16T03:44:02.000Z</time>
        <extensions>
          <ns3:TrackPointExtension>
            <ns3:hr>125</ns3:hr>
            <ns3:cad>0</ns3:cad>
          </ns3:TrackPointExtension>
        </extensions>
      </trkpt>
      <trkpt lat="23.5155740194022655487060546875" lon="113.23002177290618419647216796875">
        <ele>63</ele>
        <time>2025-02-16T03:44:05.000Z</time>
        <extensions>
          <ns3:TrackPointExtension>
            <ns3:hr>124</ns3:hr>
            <ns3:cad>0</ns3:cad>
          </ns3:TrackPointExtension>
        </extensions>
      </trkpt>
      <trkpt lat="23.51558432914316654205322265625" lon="113.230033256113529205322265625">
        <ele>62.799999237060546875</ele>
        <time>2025-02-16T03:44:09.000Z</time>
        <extensions>
          <ns3:TrackPointExtension>
            <ns3:hr>123</ns3:hr>
            <ns3:cad>61</ns3:cad>
          </ns3:TrackPointExtension>
        </extensions>
      </trkpt>
      <trkpt lat="23.515580557286739349365234375" lon="113.23002227582037448883056640625">
        <ele>63</ele>
        <time>2025-02-16T03:44:19.000Z</time>
        <extensions>
          <ns3:TrackPointExtension>
            <ns3:hr>124</ns3:hr>
            <ns3:cad>0</ns3:cad>
          </ns3:TrackPointExtension>
        </extensions>
      </trkpt>
      <trkpt lat="23.51558751426637172698974609375" lon="113.2300263829529285430908203125">
        <ele>62.799999237060546875</ele>
        <time>2025-02-16T03:44:22.000Z</time>
        <extensions>
          <ns3:TrackPointExtension>
            <ns3:hr>124</ns3:hr>
            <ns3:cad>61</ns3:cad>
          </ns3:TrackPointExtension>
        </extensions>
      </trkpt>
      <trkpt lat="23.515576533973217010498046875" lon="113.2300441525876522064208984375">
        <ele>63</ele>
        <time>2025-02-16T03:44:29.000Z</time>
        <extensions>
          <ns3:TrackPointExtension>
            <ns3:hr>125</ns3:hr>
            <ns3:cad>61</ns3:cad>
          </ns3:TrackPointExtension>
        </extensions>
      </trkpt>
      <trkpt lat="23.5155659727752208709716796875" lon="113.23004356585443019866943359375">
        <ele>63</ele>
        <time>2025-02-16T03:44:30.000Z</time>
        <extensions>
          <ns3:TrackPointExtension>
            <ns3:hr>125</ns3:hr>
            <ns3:cad>61</ns3:cad>
          </ns3:TrackPointExtension>
        </extensions>
      </trkpt>
      <trkpt lat="23.51552867330610752105712890625" lon="113.23005127720534801483154296875">
        <ele>63.59999847412109375</ele>
        <time>2025-02-16T03:44:34.000Z</time>
        <extensions>
          <ns3:TrackPointExtension>
            <ns3:hr>125</ns3:hr>
            <ns3:cad>57</ns3:cad>
          </ns3:TrackPointExtension>
        </extensions>
      </trkpt>
      <trkpt lat="23.51551174186170101165771484375" lon="113.2300584018230438232421875">
        <ele>63.799999237060546875</ele>
        <time>2025-02-16T03:44:37.000Z</time>
        <extensions>
          <ns3:TrackPointExtension>
            <ns3:hr>123</ns3:hr>
            <ns3:cad>58</ns3:cad>
          </ns3:TrackPointExtension>
        </extensions>
      </trkpt>
      <trkpt lat="23.5154995881021022796630859375" lon="113.230081535875797271728515625">
        <ele>63.799999237060546875</ele>
        <time>2025-02-16T03:44:40.000Z</time>
        <extensions>
          <ns3:TrackPointExtension>
            <ns3:hr>122</ns3:hr>
            <ns3:cad>61</ns3:cad>
          </ns3:TrackPointExtension>
        </extensions>
      </trkpt>
      <trkpt lat="23.5154804773628711700439453125" lon="113.23011162690818309783935546875">
        <ele>63.799999237060546875</ele>
        <time>2025-02-16T03:44:45.000Z</time>
        <extensions>
          <ns3:TrackPointExtension>
            <ns3:hr>121</ns3:hr>
            <ns3:cad>60</ns3:cad>
          </ns3:TrackPointExtension>
        </extensions>
      </trkpt>
      <trkpt lat="23.51546228863298892974853515625" lon="113.230112381279468536376953125">
        <ele>64</ele>
        <time>2025-02-16T03:44:48.000Z</time>
        <extensions>
          <ns3:TrackPointExtension>
            <ns3:hr>121</ns3:hr>
            <ns3:cad>60</ns3:cad>
          </ns3:TrackPointExtension>
        </extensions>
      </trkpt>
      <trkpt lat="23.515446446835994720458984375" lon="113.2301152311265468597412109375">
        <ele>63.799999237060546875</ele>
        <time>2025-02-16T03:44:50.000Z</time>
        <extensions>
          <ns3:TrackPointExtension>
            <ns3:hr>121</ns3:hr>
            <ns3:cad>58</ns3:cad>
          </ns3:TrackPointExtension>
        </extensions>
      </trkpt>
      <trkpt lat="23.51541484706103801727294921875" lon="113.23011095635592937469482421875">
        <ele>63.799999237060546875</ele>
        <time>2025-02-16T03:44:53.000Z</time>
        <extensions>
          <ns3:TrackPointExtension>
            <ns3:hr>121</ns3:hr>
            <ns3:cad>59</ns3:cad>
          </ns3:TrackPointExtension>
        </extensions>
      </trkpt>
      <trkpt lat="23.51537930779159069061279296875" lon="113.23009586893022060394287109375">
        <ele>64</ele>
        <time>2025-02-16T03:44:56.000Z</time>
        <extensions>
          <ns3:TrackPointExtension>
            <ns3:hr>126</ns3:hr>
            <ns3:cad>57</ns3:cad>
          </ns3:TrackPointExtension>
        </extensions>
      </trkpt>
      <trkpt lat="23.51536992006003856658935546875" lon="113.23010760359466075897216796875">
        <ele>63.799999237060546875</ele>
        <time>2025-02-16T03:44:57.000Z</time>
        <extensions>
          <ns3:TrackPointExtension>
            <ns3:hr>126</ns3:hr>
            <ns3:cad>57</ns3:cad>
          </ns3:TrackPointExtension>
        </extensions>
      </trkpt>
      <trkpt lat="23.51525835692882537841796875" lon="113.2300632633268833160400390625">
        <ele>64.8000030517578125</ele>
        <time>2025-02-16T03:45:11.000Z</time>
        <extensions>
          <ns3:TrackPointExtension>
            <ns3:hr>127</ns3:hr>
            <ns3:cad>0</ns3:cad>
          </ns3:TrackPointExtension>
        </extensions>
      </trkpt>
      <trkpt lat="23.51524486206471920013427734375" lon="113.23006770573556423187255859375">
        <ele>65</ele>
        <time>2025-02-16T03:45:13.000Z</time>
        <extensions>
          <ns3:TrackPointExtension>
            <ns3:hr>127</ns3:hr>
            <ns3:cad>0</ns3:cad>
          </ns3:TrackPointExtension>
        </extensions>
      </trkpt>
      <trkpt lat="23.5151646472513675689697265625" lon="113.23007038794457912445068359375">
        <ele>66</ele>
        <time>2025-02-16T03:45:22.000Z</time>
        <extensions>
          <ns3:TrackPointExtension>
            <ns3:hr>125</ns3:hr>
            <ns3:cad>57</ns3:cad>
          </ns3:TrackPointExtension>
        </extensions>
      </trkpt>
      <trkpt lat="23.5151477158069610595703125" lon="113.23004893027245998382568359375">
        <ele>66.8000030517578125</ele>
        <time>2025-02-16T03:45:31.000Z</time>
        <extensions>
          <ns3:TrackPointExtension>
            <ns3:hr>125</ns3:hr>
            <ns3:cad>0</ns3:cad>
          </ns3:TrackPointExtension>
        </extensions>
      </trkpt>
      <trkpt lat="23.51515232585370540618896484375" lon="113.23004825972020626068115234375">
        <ele>66.8000030517578125</ele>
        <time>2025-02-16T03:45:33.000Z</time>
        <extensions>
          <ns3:TrackPointExtension>
            <ns3:hr>124</ns3:hr>
            <ns3:cad>0</ns3:cad>
          </ns3:TrackPointExtension>
        </extensions>
      </trkpt>
      <trkpt lat="23.51512449793517589569091796875" lon="113.23007139377295970916748046875">
        <ele>66</ele>
        <time>2025-02-16T03:45:40.000Z</time>
        <extensions>
          <ns3:TrackPointExtension>
            <ns3:hr>123</ns3:hr>
            <ns3:cad>59</ns3:cad>
          </ns3:TrackPointExtension>
        </extensions>
      </trkpt>
      <trkpt lat="23.51512148045003414154052734375" lon="113.23007650673389434814453125">
        <ele>65.8000030517578125</ele>
        <time>2025-02-16T03:45:42.000Z</time>
        <extensions>
          <ns3:TrackPointExtension>
            <ns3:hr>123</ns3:hr>
            <ns3:cad>58</ns3:cad>
          </ns3:TrackPointExtension>
        </extensions>
      </trkpt>
      <trkpt lat="23.51512567140161991119384765625" lon="113.2301537878811359405517578125">
        <ele>62.200000762939453125</ele>
        <time>2025-02-16T03:45:58.000Z</time>
        <extensions>
          <ns3:TrackPointExtension>
            <ns3:hr>121</ns3:hr>
            <ns3:cad>61</ns3:cad>
          </ns3:TrackPointExtension>
        </extensions>
      </trkpt>
      <trkpt lat="23.51515651680529117584228515625" lon="113.2301869802176952362060546875">
        <ele>60.799999237060546875</ele>
        <time>2025-02-16T03:46:02.000Z</time>
        <extensions>
          <ns3:TrackPointExtension>
            <ns3:hr>120</ns3:hr>
            <ns3:cad>0</ns3:cad>
          </ns3:TrackPointExtension>
        </extensions>
      </trkpt>
      <trkpt lat="23.5151683352887630462646484375" lon="113.23022528551518917083740234375">
        <ele>60</ele>
        <time>2025-02-16T03:46:04.000Z</time>
        <extensions>
          <ns3:TrackPointExtension>
            <ns3:hr>119</ns3:hr>
            <ns3:cad>48</ns3:cad>
          </ns3:TrackPointExtension>
        </extensions>
      </trkpt>
      <trkpt lat="23.5152930580079555511474609375" lon="113.23037020862102508544921875">
        <ele>59.200000762939453125</ele>
        <time>2025-02-16T03:46:32.000Z</time>
        <extensions>
          <ns3:TrackPointExtension>
            <ns3:hr>121</ns3:hr>
            <ns3:cad>55</ns3:cad>
          </ns3:TrackPointExtension>
        </extensions>
      </trkpt>
      <trkpt lat="23.515331782400608062744140625" lon="113.2304035685956478118896484375">
        <ele>59</ele>
        <time>2025-02-16T03:46:37.000Z</time>
        <extensions>
          <ns3:TrackPointExtension>
            <ns3:hr>120</ns3:hr>
            <ns3:cad>55</ns3:cad>
          </ns3:TrackPointExtension>
        </extensions>
      </trkpt>
      <trkpt lat="23.5153346322476863861083984375" lon="113.23041848838329315185546875">
        <ele>58.799999237060546875</ele>
        <time>2025-02-16T03:46:39.000Z</time>
        <extensions>
          <ns3:TrackPointExtension>
            <ns3:hr>118</ns3:hr>
            <ns3:cad>55</ns3:cad>
          </ns3:TrackPointExtension>
        </extensions>
      </trkpt>
      <trkpt lat="23.5154013521969318389892578125" lon="113.23051814921200275421142578125">
        <ele>57.799999237060546875</ele>
        <time>2025-02-16T03:47:15.000Z</time>
        <extensions>
          <ns3:TrackPointExtension>
            <ns3:hr>120</ns3:hr>
            <ns3:cad>61</ns3:cad>
          </ns3:TrackPointExtension>
        </extensions>
      </trkpt>
      <trkpt lat="23.5152488015592098236083984375" lon="113.2306369207799434661865234375">
        <ele>55.200000762939453125</ele>
        <time>2025-02-16T03:47:34.000Z</time>
        <extensions>
          <ns3:TrackPointExtension>
            <ns3:hr>120</ns3:hr>
            <ns3:cad>57</ns3:cad>
          </ns3:TrackPointExtension>
        </extensions>
      </trkpt>
      <trkpt lat="23.51516121067106723785400390625" lon="113.23068377561867237091064453125">
        <ele>53.59999847412109375</ele>
        <time>2025-02-16T03:47:49.000Z</time>
        <extensions>
          <ns3:TrackPointExtension>
            <ns3:hr>117</ns3:hr>
            <ns3:cad>47</ns3:cad>
          </ns3:TrackPointExtension>
        </extensions>
      </trkpt>
      <trkpt lat="23.51514461450278759002685546875" lon="113.23070875369012355804443359375">
        <ele>53.40000152587890625</ele>
        <time>2025-02-16T03:47:58.000Z</time>
        <extensions>
          <ns3:TrackPointExtension>
            <ns3:hr>120</ns3:hr>
            <ns3:cad>0</ns3:cad>
          </ns3:TrackPointExtension>
        </extensions>
      </trkpt>
      <trkpt lat="23.515127934515476226806640625" lon="113.230772204697132110595703125">
        <ele>52.59999847412109375</ele>
        <time>2025-02-16T03:48:30.000Z</time>
        <extensions>
          <ns3:TrackPointExtension>
            <ns3:hr>117</ns3:hr>
            <ns3:cad>0</ns3:cad>
          </ns3:TrackPointExtension>
        </extensions>
      </trkpt>
      <trkpt lat="23.51509633474051952362060546875" lon="113.23080330155789852142333984375">
        <ele>51.799999237060546875</ele>
        <time>2025-02-16T03:48:40.000Z</time>
        <extensions>
          <ns3:TrackPointExtension>
            <ns3:hr>114</ns3:hr>
            <ns3:cad>0</ns3:cad>
          </ns3:TrackPointExtension>
        </extensions>
      </trkpt>
      <trkpt lat="23.5150201432406902313232421875" lon="113.230861723423004150390625">
        <ele>50.799999237060546875</ele>
        <time>2025-02-16T03:48:58.000Z</time>
        <extensions>
          <ns3:TrackPointExtension>
            <ns3:hr>119</ns3:hr>
            <ns3:cad>56</ns3:cad>
          </ns3:TrackPointExtension>
        </extensions>
      </trkpt>
      <trkpt lat="23.5149916447699069976806640625" lon="113.23087178170680999755859375">
        <ele>50.799999237060546875</ele>
        <time>2025-02-16T03:49:00.000Z</time>
        <extensions>
          <ns3:TrackPointExtension>
            <ns3:hr>118</ns3:hr>
            <ns3:cad>56</ns3:cad>
          </ns3:TrackPointExtension>
        </extensions>
      </trkpt>
      <trkpt lat="23.5149574466049671173095703125" lon="113.23088385164737701416015625">
        <ele>50.40000152587890625</ele>
        <time>2025-02-16T03:49:04.000Z</time>
        <extensions>
          <ns3:TrackPointExtension>
            <ns3:hr>114</ns3:hr>
            <ns3:cad>55</ns3:cad>
          </ns3:TrackPointExtension>
        </extensions>
      </trkpt>
      <trkpt lat="23.51492576301097869873046875" lon="113.2308981008827686309814453125">
        <ele>50.200000762939453125</ele>
        <time>2025-02-16T03:49:07.000Z</time>
        <extensions>
          <ns3:TrackPointExtension>
            <ns3:hr>118</ns3:hr>
            <ns3:cad>55</ns3:cad>
          </ns3:TrackPointExtension>
        </extensions>
      </trkpt>
      <trkpt lat="23.514914698898792266845703125" lon="113.2308997772634029388427734375">
        <ele>50.200000762939453125</ele>
        <time>2025-02-16T03:49:08.000Z</time>
        <extensions>
          <ns3:TrackPointExtension>
            <ns3:hr>121</ns3:hr>
            <ns3:cad>56</ns3:cad>
          </ns3:TrackPointExtension>
        </extensions>
      </trkpt>
      <trkpt lat="23.51472887210547924041748046875" lon="113.23094956576824188232421875">
        <ele>49.59999847412109375</ele>
        <time>2025-02-16T03:49:27.000Z</time>
        <extensions>
          <ns3:TrackPointExtension>
            <ns3:hr>121</ns3:hr>
            <ns3:cad>56</ns3:cad>
          </ns3:TrackPointExtension>
        </extensions>
      </trkpt>
      <trkpt lat="23.51454866118729114532470703125" lon="113.2309936545789241790771484375">
        <ele>50.40000152587890625</ele>
        <time>2025-02-16T03:49:44.000Z</time>
        <extensions>
          <ns3:TrackPointExtension>
            <ns3:hr>121</ns3:hr>
            <ns3:cad>55</ns3:cad>
          </ns3:TrackPointExtension>
        </extensions>
      </trkpt>
      <trkpt lat="23.514467440545558929443359375" lon="113.2310615479946136474609375">
        <ele>49.59999847412109375</ele>
        <time>2025-02-16T03:49:57.000Z</time>
        <extensions>
          <ns3:TrackPointExtension>
            <ns3:hr>121</ns3:hr>
            <ns3:cad>58</ns3:cad>
          </ns3:TrackPointExtension>
        </extensions>
      </trkpt>
      <trkpt lat="23.51435202173888683319091796875" lon="113.23113866150379180908203125">
        <ele>50.59999847412109375</ele>
        <time>2025-02-16T03:50:13.000Z</time>
        <extensions>
          <ns3:TrackPointExtension>
            <ns3:hr>122</ns3:hr>
            <ns3:cad>55</ns3:cad>
          </ns3:TrackPointExtension>
        </extensions>
      </trkpt>
      <trkpt lat="23.51433861069381237030029296875" lon="113.231148384511470794677734375">
        <ele>50.799999237060546875</ele>
        <time>2025-02-16T03:50:16.000Z</time>
        <extensions>
          <ns3:TrackPointExtension>
            <ns3:hr>122</ns3:hr>
            <ns3:cad>0</ns3:cad>
          </ns3:TrackPointExtension>
        </extensions>
      </trkpt>
      <trkpt lat="23.51419997401535511016845703125" lon="113.2312310300767421722412109375">
        <ele>53</ele>
        <time>2025-02-16T03:50:30.000Z</time>
        <extensions>
          <ns3:TrackPointExtension>
            <ns3:hr>120</ns3:hr>
            <ns3:cad>0</ns3:cad>
          </ns3:TrackPointExtension>
        </extensions>
      </trkpt>
      <trkpt lat="23.51415839977562427520751953125" lon="113.231285847723484039306640625">
        <ele>53.40000152587890625</ele>
        <time>2025-02-16T03:50:52.000Z</time>
        <extensions>
          <ns3:TrackPointExtension>
            <ns3:hr>123</ns3:hr>
            <ns3:cad>0</ns3:cad>
          </ns3:TrackPointExtension>
        </extensions>
      </trkpt>
      <trkpt lat="23.51417348720133304595947265625" lon="113.2313410006463527679443359375">
        <ele>53</ele>
        <time>2025-02-16T03:51:12.000Z</time>
        <extensions>
          <ns3:TrackPointExtension>
            <ns3:hr>123</ns3:hr>
            <ns3:cad>61</ns3:cad>
          </ns3:TrackPointExtension>
        </extensions>
      </trkpt>
      <trkpt lat="23.514254875481128692626953125" lon="113.2314972393214702606201171875">
        <ele>51.200000762939453125</ele>
        <time>2025-02-16T03:51:28.000Z</time>
        <extensions>
          <ns3:TrackPointExtension>
            <ns3:hr>122</ns3:hr>
            <ns3:cad>59</ns3:cad>
          </ns3:TrackPointExtension>
        </extensions>
      </trkpt>
      <trkpt lat="23.514262922108173370361328125" lon="113.23152221739292144775390625">
        <ele>51</ele>
        <time>2025-02-16T03:51:30.000Z</time>
        <extensions>
          <ns3:TrackPointExtension>
            <ns3:hr>123</ns3:hr>
            <ns3:cad>61</ns3:cad>
          </ns3:TrackPointExtension>
        </extensions>
      </trkpt>
      <trkpt lat="23.51428915746510028839111328125" lon="113.23165339417755603790283203125">
        <ele>50.59999847412109375</ele>
        <time>2025-02-16T03:51:42.000Z</time>
        <extensions>
          <ns3:TrackPointExtension>
            <ns3:hr>122</ns3:hr>
            <ns3:cad>56</ns3:cad>
          </ns3:TrackPointExtension>
        </extensions>
      </trkpt>
      <trkpt lat="23.5142872296273708343505859375" lon="113.23167317546904087066650390625">
        <ele>50.59999847412109375</ele>
        <time>2025-02-16T03:51:44.000Z</time>
        <extensions>
          <ns3:TrackPointExtension>
            <ns3:hr>122</ns3:hr>
            <ns3:cad>56</ns3:cad>
          </ns3:TrackPointExtension>
        </extensions>
      </trkpt>
      <trkpt lat="23.51429418660700321197509765625" lon="113.23170988820493221282958984375">
        <ele>50.40000152587890625</ele>
        <time>2025-02-16T03:51:48.000Z</time>
        <extensions>
          <ns3:TrackPointExtension>
            <ns3:hr>123</ns3:hr>
            <ns3:cad>56</ns3:cad>
          </ns3:TrackPointExtension>
        </extensions>
      </trkpt>
      <trkpt lat="23.514301814138889312744140625" lon="113.23173553682863712310791015625">
        <ele>49.799999237060546875</ele>
        <time>2025-02-16T03:51:50.000Z</time>
        <extensions>
          <ns3:TrackPointExtension>
            <ns3:hr>123</ns3:hr>
            <ns3:cad>56</ns3:cad>
          </ns3:TrackPointExtension>
        </extensions>
      </trkpt>
      <trkpt lat="23.514328300952911376953125" lon="113.2318140752613544464111328125">
        <ele>47.40000152587890625</ele>
        <time>2025-02-16T03:51:56.000Z</time>
        <extensions>
          <ns3:TrackPointExtension>
            <ns3:hr>120</ns3:hr>
            <ns3:cad>56</ns3:cad>
          </ns3:TrackPointExtension>
        </extensions>
      </trkpt>
      <trkpt lat="23.5143938474357128143310546875" lon="113.23201297782361507415771484375">
        <ele>45.799999237060546875</ele>
        <time>2025-02-16T03:52:07.000Z</time>
        <extensions>
          <ns3:TrackPointExtension>
            <ns3:hr>121</ns3:hr>
            <ns3:cad>56</ns3:cad>
          </ns3:TrackPointExtension>
        </extensions>
      </trkpt>
      <trkpt lat="23.51440298371016979217529296875" lon="113.23205824010074138641357421875">
        <ele>45.799999237060546875</ele>
        <time>2025-02-16T03:52:12.000Z</time>
        <extensions>
          <ns3:TrackPointExtension>
            <ns3:hr>120</ns3:hr>
            <ns3:cad>56</ns3:cad>
          </ns3:TrackPointExtension>
        </extensions>
      </trkpt>
      <trkpt lat="23.5144173167645931243896484375" lon="113.2321302406489849090576171875">
        <ele>45.799999237060546875</ele>
        <time>2025-02-16T03:52:21.000Z</time>
        <extensions>
          <ns3:TrackPointExtension>
            <ns3:hr>121</ns3:hr>
            <ns3:cad>61</ns3:cad>
          </ns3:TrackPointExtension>
        </extensions>
      </trkpt>
      <trkpt lat="23.51445361040532588958740234375" lon="113.2323340885341167449951171875">
        <ele>47.40000152587890625</ele>
        <time>2025-02-16T03:52:36.000Z</time>
        <extensions>
          <ns3:TrackPointExtension>
            <ns3:hr>122</ns3:hr>
            <ns3:cad>56</ns3:cad>
          </ns3:TrackPointExtension>
        </extensions>
      </trkpt>
      <trkpt lat="23.51449526846408843994140625" lon="113.2324946857988834381103515625">
        <ele>47.799999237060546875</ele>
        <time>2025-02-16T03:52:51.000Z</time>
        <extensions>
          <ns3:TrackPointExtension>
            <ns3:hr>124</ns3:hr>
            <ns3:cad>58</ns3:cad>
          </ns3:TrackPointExtension>
        </extensions>
      </trkpt>
      <trkpt lat="23.514533825218677520751953125" lon="113.23254816234111785888671875">
        <ele>47.59999847412109375</ele>
        <time>2025-02-16T03:52:59.000Z</time>
        <extensions>
          <ns3:TrackPointExtension>
            <ns3:hr>123</ns3:hr>
            <ns3:cad>61</ns3:cad>
          </ns3:TrackPointExtension>
        </extensions>
      </trkpt>
      <trkpt lat="23.51467908360064029693603515625" lon="113.23267020285129547119140625">
        <ele>47.200000762939453125</ele>
        <time>2025-02-16T03:53:13.000Z</time>
        <extensions>
          <ns3:TrackPointExtension>
            <ns3:hr>121</ns3:hr>
            <ns3:cad>61</ns3:cad>
          </ns3:TrackPointExtension>
        </extensions>
      </trkpt>
      <trkpt lat="23.514784276485443115234375" lon="113.2328202389180660247802734375">
        <ele>47.40000152587890625</ele>
        <time>2025-02-16T03:53:28.000Z</time>
        <extensions>
          <ns3:TrackPointExtension>
            <ns3:hr>124</ns3:hr>
            <ns3:cad>62</ns3:cad>
          </ns3:TrackPointExtension>
        </extensions>
      </trkpt>
      <trkpt lat="23.5149685107171535491943359375" lon="113.23290011845529079437255859375">
        <ele>48.59999847412109375</ele>
        <time>2025-02-16T03:53:41.000Z</time>
        <extensions>
          <ns3:TrackPointExtension>
            <ns3:hr>123</ns3:hr>
            <ns3:cad>61</ns3:cad>
          </ns3:TrackPointExtension>
        </extensions>
      </trkpt>
      <trkpt lat="23.51512156426906585693359375" lon="113.23302735574543476104736328125">
        <ele>50.799999237060546875</ele>
        <time>2025-02-16T03:53:55.000Z</time>
        <extensions>
          <ns3:TrackPointExtension>
            <ns3:hr>122</ns3:hr>
            <ns3:cad>61</ns3:cad>
          </ns3:TrackPointExtension>
        </extensions>
      </trkpt>
      <trkpt lat="23.51513321511447429656982421875" lon="113.2330302894115447998046875">
        <ele>51</ele>
        <time>2025-02-16T03:53:56.000Z</time>
        <extensions>
          <ns3:TrackPointExtension>
            <ns3:hr>122</ns3:hr>
            <ns3:cad>61</ns3:cad>
          </ns3:TrackPointExtension>
        </extensions>
      </trkpt>
      <trkpt lat="23.51519524119794368743896484375" lon="113.2330016233026981353759765625">
        <ele>51.799999237060546875</ele>
        <time>2025-02-16T03:54:01.000Z</time>
        <extensions>
          <ns3:TrackPointExtension>
            <ns3:hr>121</ns3:hr>
            <ns3:cad>61</ns3:cad>
          </ns3:TrackPointExtension>
        </extensions>
      </trkpt>
      <trkpt lat="23.51524704135954380035400390625" lon="113.23293364606797695159912109375">
        <ele>52.200000762939453125</ele>
        <time>2025-02-16T03:54:08.000Z</time>
        <extensions>
          <ns3:TrackPointExtension>
            <ns3:hr>121</ns3:hr>
            <ns3:cad>63</ns3:cad>
          </ns3:TrackPointExtension>
        </extensions>
      </trkpt>
      <trkpt lat="23.51525005884468555450439453125" lon="113.232936076819896697998046875">
        <ele>52.40000152587890625</ele>
        <time>2025-02-16T03:54:10.000Z</time>
        <extensions>
          <ns3:TrackPointExtension>
            <ns3:hr>121</ns3:hr>
            <ns3:cad>0</ns3:cad>
          </ns3:TrackPointExtension>
        </extensions>
      </trkpt>
      <trkpt lat="23.5152504779398441314697265625" lon="113.2329409383237361907958984375">
        <ele>52.40000152587890625</ele>
        <time>2025-02-16T03:54:12.000Z</time>
        <extensions>
          <ns3:TrackPointExtension>
            <ns3:hr>121</ns3:hr>
            <ns3:cad>0</ns3:cad>
          </ns3:TrackPointExtension>
        </extensions>
      </trkpt>
      <trkpt lat="23.51525089703500270843505859375" lon="113.23294085450470447540283203125">
        <ele>52.40000152587890625</ele>
        <time>2025-02-16T03:54:16.000Z</time>
        <extensions>
          <ns3:TrackPointExtension>
            <ns3:hr>124</ns3:hr>
            <ns3:cad>0</ns3:cad>
          </ns3:TrackPointExtension>
        </extensions>
      </trkpt>
      <trkpt lat="23.51525860838592052459716796875" lon="113.232943117618560791015625">
        <ele>52.40000152587890625</ele>
        <time>2025-02-16T03:54:18.000Z</time>
        <extensions>
          <ns3:TrackPointExtension>
            <ns3:hr>123</ns3:hr>
            <ns3:cad>0</ns3:cad>
          </ns3:TrackPointExtension>
        </extensions>
      </trkpt>
      <trkpt lat="23.5152799822390079498291015625" lon="113.23293264023959636688232421875">
        <ele>52.59999847412109375</ele>
        <time>2025-02-16T03:54:25.000Z</time>
        <extensions>
          <ns3:TrackPointExtension>
            <ns3:hr>123</ns3:hr>
            <ns3:cad>0</ns3:cad>
          </ns3:TrackPointExtension>
        </extensions>
      </trkpt>
      <trkpt lat="23.5154293477535247802734375" lon="113.23283557780086994171142578125">
        <ele>55</ele>
        <time>2025-02-16T03:54:31.000Z</time>
        <extensions>
          <ns3:TrackPointExtension>
            <ns3:hr>120</ns3:hr>
            <ns3:cad>0</ns3:cad>
          </ns3:TrackPointExtension>
        </extensions>
      </trkpt>
      <trkpt lat="23.51561106741428375244140625" lon="113.232743628323078155517578125">
        <ele>57.200000762939453125</ele>
        <time>2025-02-16T03:54:37.000Z</time>
        <extensions>
          <ns3:TrackPointExtension>
            <ns3:hr>121</ns3:hr>
            <ns3:cad>0</ns3:cad>
          </ns3:TrackPointExtension>
        </extensions>
      </trkpt>
      <trkpt lat="23.51562238298356533050537109375" lon="113.23272543959319591522216796875">
        <ele>57.40000152587890625</ele>
        <time>2025-02-16T03:54:39.000Z</time>
        <extensions>
          <ns3:TrackPointExtension>
            <ns3:hr>124</ns3:hr>
            <ns3:cad>0</ns3:cad>
          </ns3:TrackPointExtension>
        </extensions>
      </trkpt>
      <trkpt lat="23.51547318510711193084716796875" lon="113.2328279502689838409423828125">
        <ele>55.799999237060546875</ele>
        <time>2025-02-16T03:54:56.000Z</time>
        <extensions>
          <ns3:TrackPointExtension>
            <ns3:hr>122</ns3:hr>
            <ns3:cad>0</ns3:cad>
          </ns3:TrackPointExtension>
        </extensions>
      </trkpt>
      <trkpt lat="23.5153342969715595245361328125" lon="113.2328963465988636016845703125">
        <ele>53.59999847412109375</ele>
        <time>2025-02-16T03:54:59.000Z</time>
        <extensions>
          <ns3:TrackPointExtension>
            <ns3:hr>121</ns3:hr>
            <ns3:cad>0</ns3:cad>
          </ns3:TrackPointExtension>
        </extensions>
      </trkpt>
      <trkpt lat="23.51517847739160060882568359375" lon="113.233050741255283355712890625">
        <ele>51.799999237060546875</ele>
        <time>2025-02-16T03:55:03.000Z</time>
        <extensions>
          <ns3:TrackPointExtension>
            <ns3:hr>119</ns3:hr>
            <ns3:cad>0</ns3:cad>
          </ns3:TrackPointExtension>
        </extensions>
      </trkpt>
      <trkpt lat="23.51513170637190341949462890625" lon="113.2330827601253986358642578125">
        <ele>51.200000762939453125</ele>
        <time>2025-02-16T03:55:04.000Z</time>
        <extensions>
          <ns3:TrackPointExtension>
            <ns3:hr>119</ns3:hr>
            <ns3:cad>0</ns3:cad>
          </ns3:TrackPointExtension>
        </extensions>
      </trkpt>
      <trkpt lat="23.51496859453618526458740234375" lon="113.23318518698215484619140625">
        <ele>50.200000762939453125</ele>
        <time>2025-02-16T03:55:07.000Z</time>
        <extensions>
          <ns3:TrackPointExtension>
            <ns3:hr>118</ns3:hr>
            <ns3:cad>0</ns3:cad>
          </ns3:TrackPointExtension>
        </extensions>
      </trkpt>
      <trkpt lat="23.51480850018560886383056640625" lon="113.23328434489667415618896484375">
        <ele>50.200000762939453125</ele>
        <time>2025-02-16T03:55:10.000Z</time>
        <extensions>
          <ns3:TrackPointExtension>
            <ns3:hr>116</ns3:hr>
            <ns3:cad>0</ns3:cad>
          </ns3:TrackPointExtension>
        </extensions>
      </trkpt>
      <trkpt lat="23.51475720293819904327392578125" lon="113.23330446146428585052490234375">
        <ele>50.200000762939453125</ele>
        <time>2025-02-16T03:55:11.000Z</time>
        <extensions>
          <ns3:TrackPointExtension>
            <ns3:hr>116</ns3:hr>
            <ns3:cad>0</ns3:cad>
          </ns3:TrackPointExtension>
        </extensions>
      </trkpt>
      <trkpt lat="23.51466357707977294921875" lon="113.2333073951303958892822265625">
        <ele>49.40000152587890625</ele>
        <time>2025-02-16T03:55:13.000Z</time>
        <extensions>
          <ns3:TrackPointExtension>
            <ns3:hr>115</ns3:hr>
            <ns3:cad>0</ns3:cad>
          </ns3:TrackPointExtension>
        </extensions>
      </trkpt>
      <trkpt lat="23.5145869664847850799560546875" lon="113.23313665576279163360595703125">
        <ele>46.799999237060546875</ele>
        <time>2025-02-16T03:55:16.000Z</time>
        <extensions>
          <ns3:TrackPointExtension>
            <ns3:hr>113</ns3:hr>
            <ns3:cad>0</ns3:cad>
          </ns3:TrackPointExtension>
        </extensions>
      </trkpt>
      <trkpt lat="23.5145272873342037200927734375" lon="113.23287807404994964599609375">
        <ele>45.59999847412109375</ele>
        <time>2025-02-16T03:55:19.000Z</time>
        <extensions>
          <ns3:TrackPointExtension>
            <ns3:hr>112</ns3:hr>
            <ns3:cad>0</ns3:cad>
          </ns3:TrackPointExtension>
        </extensions>
      </trkpt>
      <trkpt lat="23.51448277942836284637451171875" lon="113.2326762378215789794921875">
        <ele>47</ele>
        <time>2025-02-16T03:55:21.000Z</time>
        <extensions>
          <ns3:TrackPointExtension>
            <ns3:hr>111</ns3:hr>
            <ns3:cad>0</ns3:cad>
          </ns3:TrackPointExtension>
        </extensions>
      </trkpt>
      <trkpt lat="23.514444641768932342529296875" lon="113.23248018510639667510986328125">
        <ele>47.799999237060546875</ele>
        <time>2025-02-16T03:55:23.000Z</time>
        <extensions>
          <ns3:TrackPointExtension>
            <ns3:hr>110</ns3:hr>
            <ns3:cad>0</ns3:cad>
          </ns3:TrackPointExtension>
        </extensions>
      </trkpt>
      <trkpt lat="23.514392338693141937255859375" lon="113.23219620622694492340087890625">
        <ele>46.200000762939453125</ele>
        <time>2025-02-16T03:55:26.000Z</time>
        <extensions>
          <ns3:TrackPointExtension>
            <ns3:hr>109</ns3:hr>
            <ns3:cad>0</ns3:cad>
          </ns3:TrackPointExtension>
        </extensions>
      </trkpt>
      <trkpt lat="23.51433978416025638580322265625" lon="113.2319079525768756866455078125">
        <ele>45.59999847412109375</ele>
        <time>2025-02-16T03:55:29.000Z</time>
        <extensions>
          <ns3:TrackPointExtension>
            <ns3:hr>108</ns3:hr>
            <ns3:cad>0</ns3:cad>
          </ns3:TrackPointExtension>
        </extensions>
      </trkpt>
      <trkpt lat="23.514295779168605804443359375" lon="113.23171340860426425933837890625">
        <ele>50.40000152587890625</ele>
        <time>2025-02-16T03:55:31.000Z</time>
        <extensions>
          <ns3:TrackPointExtension>
            <ns3:hr>107</ns3:hr>
            <ns3:cad>0</ns3:cad>
          </ns3:TrackPointExtension>
        </extensions>
      </trkpt>
      <trkpt lat="23.51423081941902637481689453125" lon="113.23144837282598018646240234375">
        <ele>51.799999237060546875</ele>
        <time>2025-02-16T03:55:34.000Z</time>
        <extensions>
          <ns3:TrackPointExtension>
            <ns3:hr>105</ns3:hr>
            <ns3:cad>0</ns3:cad>
          </ns3:TrackPointExtension>
        </extensions>
      </trkpt>
      <trkpt lat="23.51422528736293315887451171875" lon="113.23138165287673473358154296875">
        <ele>51.59999847412109375</ele>
        <time>2025-02-16T03:55:35.000Z</time>
        <extensions>
          <ns3:TrackPointExtension>
            <ns3:hr>106</ns3:hr>
            <ns3:cad>0</ns3:cad>
          </ns3:TrackPointExtension>
        </extensions>
      </trkpt>
      <trkpt lat="23.51424037478864192962646484375" lon="113.23127679526805877685546875">
        <ele>51.799999237060546875</ele>
        <time>2025-02-16T03:55:37.000Z</time>
        <extensions>
          <ns3:TrackPointExtension>
            <ns3:hr>105</ns3:hr>
            <ns3:cad>0</ns3:cad>
          </ns3:TrackPointExtension>
        </extensions>
      </trkpt>
      <trkpt lat="23.51428396068513393402099609375" lon="113.23120445944368839263916015625">
        <ele>51.40000152587890625</ele>
        <time>2025-02-16T03:55:39.000Z</time>
        <extensions>
          <ns3:TrackPointExtension>
            <ns3:hr>106</ns3:hr>
            <ns3:cad>0</ns3:cad>
          </ns3:TrackPointExtension>
        </extensions>
      </trkpt>
      <trkpt lat="23.51440549828112125396728515625" lon="113.231146037578582763671875">
        <ele>49.59999847412109375</ele>
        <time>2025-02-16T03:55:46.000Z</time>
        <extensions>
          <ns3:TrackPointExtension>
            <ns3:hr>105</ns3:hr>
            <ns3:cad>0</ns3:cad>
          </ns3:TrackPointExtension>
        </extensions>
      </trkpt>
      <trkpt lat="23.51441035978496074676513671875" lon="113.23115869425237178802490234375">
        <ele>49.40000152587890625</ele>
        <time>2025-02-16T03:55:52.000Z</time>
        <extensions>
          <ns3:TrackPointExtension>
            <ns3:hr>106</ns3:hr>
            <ns3:cad>61</ns3:cad>
          </ns3:TrackPointExtension>
        </extensions>
      </trkpt>
      <trkpt lat="23.51441035978496074676513671875" lon="113.23115869425237178802490234375">
        <ele>49.40000152587890625</ele>
        <time>2025-02-16T03:55:54.000Z</time>
        <extensions>
          <ns3:TrackPointExtension>
            <ns3:hr>106</ns3:hr>
            <ns3:cad>61</ns3:cad>
          </ns3:TrackPointExtension>
        </extensions>
      </trkpt>
      <trkpt lat="23.51441035978496074676513671875" lon="113.23115869425237178802490234375">
        <ele>49.40000152587890625</ele>
        <time>2025-02-16T03:55:57.000Z</time>
        <extensions>
          <ns3:TrackPointExtension>
            <ns3:hr>105</ns3:hr>
            <ns3:cad>0</ns3:cad>
          </ns3:TrackPointExtension>
        </extensions>
      </trkpt>
      <trkpt lat="23.51432628929615020751953125" lon="113.23116757906973361968994140625">
        <ele>50.799999237060546875</ele>
        <time>2025-02-16T03:56:11.000Z</time>
        <extensions>
          <ns3:TrackPointExtension>
            <ns3:hr>108</ns3:hr>
            <ns3:cad>57</ns3:cad>
          </ns3:TrackPointExtension>
        </extensions>
      </trkpt>
      <trkpt lat="23.51430214941501617431640625" lon="113.23116791434586048126220703125">
        <ele>51.200000762939453125</ele>
        <time>2025-02-16T03:56:13.000Z</time>
        <extensions>
          <ns3:TrackPointExtension>
            <ns3:hr>112</ns3:hr>
            <ns3:cad>57</ns3:cad>
          </ns3:TrackPointExtension>
        </extensions>
      </trkpt>
      <trkpt lat="23.51418773643672466278076171875" lon="113.23122491128742694854736328125">
        <ele>53.200000762939453125</ele>
        <time>2025-02-16T03:56:21.000Z</time>
        <extensions>
          <ns3:TrackPointExtension>
            <ns3:hr>115</ns3:hr>
            <ns3:cad>58</ns3:cad>
          </ns3:TrackPointExtension>
        </extensions>
      </trkpt>
      <trkpt lat="23.51413744501769542694091796875" lon="113.23122139088809490203857421875">
        <ele>54.200000762939453125</ele>
        <time>2025-02-16T03:56:25.000Z</time>
        <extensions>
          <ns3:TrackPointExtension>
            <ns3:hr>118</ns3:hr>
            <ns3:cad>60</ns3:cad>
          </ns3:TrackPointExtension>
        </extensions>
      </trkpt>
      <trkpt lat="23.514123447239398956298828125" lon="113.2312238216400146484375">
        <ele>54.40000152587890625</ele>
        <time>2025-02-16T03:56:26.000Z</time>
        <extensions>
          <ns3:TrackPointExtension>
            <ns3:hr>118</ns3:hr>
            <ns3:cad>60</ns3:cad>
          </ns3:TrackPointExtension>
        </extensions>
      </trkpt>
      <trkpt lat="23.51406100206077098846435546875" lon="113.23122876696288585662841796875">
        <ele>54.200000762939453125</ele>
        <time>2025-02-16T03:56:31.000Z</time>
        <extensions>
          <ns3:TrackPointExtension>
            <ns3:hr>121</ns3:hr>
            <ns3:cad>58</ns3:cad>
          </ns3:TrackPointExtension>
        </extensions>
      </trkpt>
      <trkpt lat="23.5140129737555980682373046875" lon="113.2312332093715667724609375">
        <ele>52.59999847412109375</ele>
        <time>2025-02-16T03:56:36.000Z</time>
        <extensions>
          <ns3:TrackPointExtension>
            <ns3:hr>117</ns3:hr>
            <ns3:cad>57</ns3:cad>
          </ns3:TrackPointExtension>
        </extensions>
      </trkpt>
      <trkpt lat="23.513988666236400604248046875" lon="113.23123832233250141143798828125">
        <ele>51.59999847412109375</ele>
        <time>2025-02-16T03:56:39.000Z</time>
        <extensions>
          <ns3:TrackPointExtension>
            <ns3:hr>121</ns3:hr>
            <ns3:cad>61</ns3:cad>
          </ns3:TrackPointExtension>
        </extensions>
      </trkpt>
      <trkpt lat="23.513972572982311248779296875" lon="113.23124418966472148895263671875">
        <ele>50.799999237060546875</ele>
        <time>2025-02-16T03:56:41.000Z</time>
        <extensions>
          <ns3:TrackPointExtension>
            <ns3:hr>124</ns3:hr>
            <ns3:cad>61</ns3:cad>
          </ns3:TrackPointExtension>
        </extensions>
      </trkpt>
      <trkpt lat="23.51393678225576877593994140625" lon="113.2312538288533687591552734375">
        <ele>49.40000152587890625</ele>
        <time>2025-02-16T03:56:45.000Z</time>
        <extensions>
          <ns3:TrackPointExtension>
            <ns3:hr>118</ns3:hr>
            <ns3:cad>61</ns3:cad>
          </ns3:TrackPointExtension>
        </extensions>
      </trkpt>
      <trkpt lat="23.51389436982572078704833984375" lon="113.231268413364887237548828125">
        <ele>47.40000152587890625</ele>
        <time>2025-02-16T03:56:49.000Z</time>
        <extensions>
          <ns3:TrackPointExtension>
            <ns3:hr>121</ns3:hr>
            <ns3:cad>61</ns3:cad>
          </ns3:TrackPointExtension>
        </extensions>
      </trkpt>
      <trkpt lat="23.5138423182070255279541015625" lon="113.231301940977573394775390625">
        <ele>45.59999847412109375</ele>
        <time>2025-02-16T03:56:55.000Z</time>
        <extensions>
          <ns3:TrackPointExtension>
            <ns3:hr>123</ns3:hr>
            <ns3:cad>61</ns3:cad>
          </ns3:TrackPointExtension>
        </extensions>
      </trkpt>
      <trkpt lat="23.5138280689716339111328125" lon="113.23131057433784008026123046875">
        <ele>45.200000762939453125</ele>
        <time>2025-02-16T03:56:57.000Z</time>
        <extensions>
          <ns3:TrackPointExtension>
            <ns3:hr>123</ns3:hr>
            <ns3:cad>61</ns3:cad>
          </ns3:TrackPointExtension>
        </extensions>
      </trkpt>
      <trkpt lat="23.51377232931554317474365234375" lon="113.23133689351379871368408203125">
        <ele>45</ele>
        <time>2025-02-16T03:57:02.000Z</time>
        <extensions>
          <ns3:TrackPointExtension>
            <ns3:hr>120</ns3:hr>
            <ns3:cad>59</ns3:cad>
          </ns3:TrackPointExtension>
        </extensions>
      </trkpt>
      <trkpt lat="23.51370611228048801422119140625" lon="113.2313715107738971710205078125">
        <ele>45</ele>
        <time>2025-02-16T03:57:09.000Z</time>
        <extensions>
          <ns3:TrackPointExtension>
            <ns3:hr>119</ns3:hr>
            <ns3:cad>59</ns3:cad>
          </ns3:TrackPointExtension>
        </extensions>
      </trkpt>
      <trkpt lat="23.5136341117322444915771484375" lon="113.23140076361596584320068359375">
        <ele>45</ele>
        <time>2025-02-16T03:57:14.000Z</time>
        <extensions>
          <ns3:TrackPointExtension>
            <ns3:hr>122</ns3:hr>
            <ns3:cad>61</ns3:cad>
          </ns3:TrackPointExtension>
        </extensions>
      </trkpt>
      <trkpt lat="23.513501845300197601318359375" lon="113.23149799369275569915771484375">
        <ele>49.40000152587890625</ele>
        <time>2025-02-16T03:57:24.000Z</time>
        <extensions>
          <ns3:TrackPointExtension>
            <ns3:hr>125</ns3:hr>
            <ns3:cad>61</ns3:cad>
          </ns3:TrackPointExtension>
        </extensions>
      </trkpt>
      <trkpt lat="23.51345725357532501220703125" lon="113.23151928372681140899658203125">
        <ele>48.40000152587890625</ele>
        <time>2025-02-16T03:57:27.000Z</time>
        <extensions>
          <ns3:TrackPointExtension>
            <ns3:hr>132</ns3:hr>
            <ns3:cad>61</ns3:cad>
          </ns3:TrackPointExtension>
        </extensions>
      </trkpt>
      <trkpt lat="23.513448536396026611328125" lon="113.23152716271579265594482421875">
        <ele>48</ele>
        <time>2025-02-16T03:57:28.000Z</time>
        <extensions>
          <ns3:TrackPointExtension>
            <ns3:hr>132</ns3:hr>
            <ns3:cad>61</ns3:cad>
          </ns3:TrackPointExtension>
        </extensions>
      </trkpt>
      <trkpt lat="23.51342774927616119384765625" lon="113.2315428368747234344482421875">
        <ele>47.40000152587890625</ele>
        <time>2025-02-16T03:57:30.000Z</time>
        <extensions>
          <ns3:TrackPointExtension>
            <ns3:hr>128</ns3:hr>
            <ns3:cad>61</ns3:cad>
          </ns3:TrackPointExtension>
        </extensions>
      </trkpt>
      <trkpt lat="23.513400256633758544921875" lon="113.231555409729480743408203125">
        <ele>46.799999237060546875</ele>
        <time>2025-02-16T03:57:32.000Z</time>
        <extensions>
          <ns3:TrackPointExtension>
            <ns3:hr>125</ns3:hr>
            <ns3:cad>61</ns3:cad>
          </ns3:TrackPointExtension>
        </extensions>
      </trkpt>
      <trkpt lat="23.5133263282477855682373046875" lon="113.23156781494617462158203125">
        <ele>46.200000762939453125</ele>
        <time>2025-02-16T03:57:36.000Z</time>
        <extensions>
          <ns3:TrackPointExtension>
            <ns3:hr>128</ns3:hr>
            <ns3:cad>61</ns3:cad>
          </ns3:TrackPointExtension>
        </extensions>
      </trkpt>
      <trkpt lat="23.5132944770157337188720703125" lon="113.2315689884126186370849609375">
        <ele>46.200000762939453125</ele>
        <time>2025-02-16T03:57:38.000Z</time>
        <extensions>
          <ns3:TrackPointExtension>
            <ns3:hr>132</ns3:hr>
            <ns3:cad>61</ns3:cad>
          </ns3:TrackPointExtension>
        </extensions>
      </trkpt>
      <trkpt lat="23.51311284117400646209716796875" lon="113.23155264370143413543701171875">
        <ele>47.200000762939453125</ele>
        <time>2025-02-16T03:57:53.000Z</time>
        <extensions>
          <ns3:TrackPointExtension>
            <ns3:hr>132</ns3:hr>
            <ns3:cad>59</ns3:cad>
          </ns3:TrackPointExtension>
        </extensions>
      </trkpt>
      <trkpt lat="23.51297219283878803253173828125" lon="113.23145273141562938690185546875">
        <ele>53.200000762939453125</ele>
        <time>2025-02-16T03:58:08.000Z</time>
        <extensions>
          <ns3:TrackPointExtension>
            <ns3:hr>129</ns3:hr>
            <ns3:cad>61</ns3:cad>
          </ns3:TrackPointExtension>
        </extensions>
      </trkpt>
      <trkpt lat="23.51296749897301197052001953125" lon="113.23144820518791675567626953125">
        <ele>53.40000152587890625</ele>
        <time>2025-02-16T03:58:09.000Z</time>
        <extensions>
          <ns3:TrackPointExtension>
            <ns3:hr>128</ns3:hr>
            <ns3:cad>61</ns3:cad>
          </ns3:TrackPointExtension>
        </extensions>
      </trkpt>
      <trkpt lat="23.512930534780025482177734375" lon="113.2314167730510234832763671875">
        <ele>55.40000152587890625</ele>
        <time>2025-02-16T03:58:14.000Z</time>
        <extensions>
          <ns3:TrackPointExtension>
            <ns3:hr>127</ns3:hr>
            <ns3:cad>59</ns3:cad>
          </ns3:TrackPointExtension>
        </extensions>
      </trkpt>
      <trkpt lat="23.51279164664447307586669921875" lon="113.23128090240061283111572265625">
        <ele>61.59999847412109375</ele>
        <time>2025-02-16T03:58:28.000Z</time>
        <extensions>
          <ns3:TrackPointExtension>
            <ns3:hr>130</ns3:hr>
            <ns3:cad>60</ns3:cad>
          </ns3:TrackPointExtension>
        </extensions>
      </trkpt>
      <trkpt lat="23.51275384426116943359375" lon="113.23124058544635772705078125">
        <ele>61</ele>
        <time>2025-02-16T03:58:32.000Z</time>
        <extensions>
          <ns3:TrackPointExtension>
            <ns3:hr>129</ns3:hr>
            <ns3:cad>56</ns3:cad>
          </ns3:TrackPointExtension>
        </extensions>
      </trkpt>
      <trkpt lat="23.51262970827519893646240234375" lon="113.2310808263719081878662109375">
        <ele>58.40000152587890625</ele>
        <time>2025-02-16T03:58:45.000Z</time>
        <extensions>
          <ns3:TrackPointExtension>
            <ns3:hr>127</ns3:hr>
            <ns3:cad>57</ns3:cad>
          </ns3:TrackPointExtension>
        </extensions>
      </trkpt>
      <trkpt lat="23.51252711378037929534912109375" lon="113.23097194544970989227294921875">
        <ele>58.59999847412109375</ele>
        <time>2025-02-16T03:58:59.000Z</time>
        <extensions>
          <ns3:TrackPointExtension>
            <ns3:hr>126</ns3:hr>
            <ns3:cad>55</ns3:cad>
          </ns3:TrackPointExtension>
        </extensions>
      </trkpt>
      <trkpt lat="23.51251470856368541717529296875" lon="113.23097504675388336181640625">
        <ele>58.40000152587890625</ele>
        <time>2025-02-16T03:59:01.000Z</time>
        <extensions>
          <ns3:TrackPointExtension>
            <ns3:hr>126</ns3:hr>
            <ns3:cad>0</ns3:cad>
          </ns3:TrackPointExtension>
        </extensions>
      </trkpt>
      <trkpt lat="23.5125049017369747161865234375" lon="113.230992145836353302001953125">
        <ele>58</ele>
        <time>2025-02-16T03:59:10.000Z</time>
        <extensions>
          <ns3:TrackPointExtension>
            <ns3:hr>127</ns3:hr>
            <ns3:cad>61</ns3:cad>
          </ns3:TrackPointExtension>
        </extensions>
      </trkpt>
      <trkpt lat="23.51254136301577091217041015625" lon="113.23096021078526973724365234375">
        <ele>59</ele>
        <time>2025-02-16T03:59:19.000Z</time>
        <extensions>
          <ns3:TrackPointExtension>
            <ns3:hr>126</ns3:hr>
            <ns3:cad>0</ns3:cad>
          </ns3:TrackPointExtension>
        </extensions>
      </trkpt>
      <trkpt lat="23.51254605688154697418212890625" lon="113.23085711337625980377197265625">
        <ele>61.200000762939453125</ele>
        <time>2025-02-16T03:59:33.000Z</time>
        <extensions>
          <ns3:TrackPointExtension>
            <ns3:hr>125</ns3:hr>
            <ns3:cad>55</ns3:cad>
          </ns3:TrackPointExtension>
        </extensions>
      </trkpt>
      <trkpt lat="23.512514792382717132568359375" lon="113.2306801714003086090087890625">
        <ele>64.1999969482421875</ele>
        <time>2025-02-16T03:59:48.000Z</time>
        <extensions>
          <ns3:TrackPointExtension>
            <ns3:hr>125</ns3:hr>
            <ns3:cad>57</ns3:cad>
          </ns3:TrackPointExtension>
        </extensions>
      </trkpt>
      <trkpt lat="23.51252459920942783355712890625" lon="113.23066567070782184600830078125">
        <ele>64.40000152587890625</ele>
        <time>2025-02-16T03:59:50.000Z</time>
        <extensions>
          <ns3:TrackPointExtension>
            <ns3:hr>125</ns3:hr>
            <ns3:cad>58</ns3:cad>
          </ns3:TrackPointExtension>
        </extensions>
      </trkpt>
      <trkpt lat="23.5125384293496608734130859375" lon="113.23064655996859073638916015625">
        <ele>64.59999847412109375</ele>
        <time>2025-02-16T04:00:04.000Z</time>
        <extensions>
          <ns3:TrackPointExtension>
            <ns3:hr>128</ns3:hr>
            <ns3:cad>0</ns3:cad>
          </ns3:TrackPointExtension>
        </extensions>
      </trkpt>
      <trkpt lat="23.51250867359340190887451171875" lon="113.23052041232585906982421875">
        <ele>66.40000152587890625</ele>
        <time>2025-02-16T04:00:23.000Z</time>
        <extensions>
          <ns3:TrackPointExtension>
            <ns3:hr>125</ns3:hr>
            <ns3:cad>55</ns3:cad>
          </ns3:TrackPointExtension>
        </extensions>
      </trkpt>
      <trkpt lat="23.51252342574298381805419921875" lon="113.23036216199398040771484375">
        <ele>65.40000152587890625</ele>
        <time>2025-02-16T04:00:34.000Z</time>
        <extensions>
          <ns3:TrackPointExtension>
            <ns3:hr>120</ns3:hr>
            <ns3:cad>57</ns3:cad>
          </ns3:TrackPointExtension>
        </extensions>
      </trkpt>
      <trkpt lat="23.51253331638872623443603515625" lon="113.230336010456085205078125">
        <ele>65</ele>
        <time>2025-02-16T04:00:36.000Z</time>
        <extensions>
          <ns3:TrackPointExtension>
            <ns3:hr>123</ns3:hr>
            <ns3:cad>57</ns3:cad>
          </ns3:TrackPointExtension>
        </extensions>
      </trkpt>
      <trkpt lat="23.51254203356802463531494140625" lon="113.23031731881201267242431640625">
        <ele>64.8000030517578125</ele>
        <time>2025-02-16T04:00:38.000Z</time>
        <extensions>
          <ns3:TrackPointExtension>
            <ns3:hr>129</ns3:hr>
            <ns3:cad>57</ns3:cad>
          </ns3:TrackPointExtension>
        </extensions>
      </trkpt>
      <trkpt lat="23.512548319995403289794921875" lon="113.23030726052820682525634765625">
        <ele>64.59999847412109375</ele>
        <time>2025-02-16T04:00:39.000Z</time>
        <extensions>
          <ns3:TrackPointExtension>
            <ns3:hr>129</ns3:hr>
            <ns3:cad>57</ns3:cad>
          </ns3:TrackPointExtension>
        </extensions>
      </trkpt>
      <trkpt lat="23.5125618986785411834716796875" lon="113.23028714396059513092041015625">
        <ele>64.40000152587890625</ele>
        <time>2025-02-16T04:00:41.000Z</time>
        <extensions>
          <ns3:TrackPointExtension>
            <ns3:hr>132</ns3:hr>
            <ns3:cad>57</ns3:cad>
          </ns3:TrackPointExtension>
        </extensions>
      </trkpt>
      <trkpt lat="23.51271134801208972930908203125" lon="113.2301561348140239715576171875">
        <ele>67.1999969482421875</ele>
        <time>2025-02-16T04:00:54.000Z</time>
        <extensions>
          <ns3:TrackPointExtension>
            <ns3:hr>130</ns3:hr>
            <ns3:cad>57</ns3:cad>
          </ns3:TrackPointExtension>
        </extensions>
      </trkpt>
      <trkpt lat="23.51288384757936000823974609375" lon="113.2301658578217029571533203125">
        <ele>70.40000152587890625</ele>
        <time>2025-02-16T04:01:09.000Z</time>
        <extensions>
          <ns3:TrackPointExtension>
            <ns3:hr>131</ns3:hr>
            <ns3:cad>58</ns3:cad>
          </ns3:TrackPointExtension>
        </extensions>
      </trkpt>
      <trkpt lat="23.5129642300307750701904296875" lon="113.2301791012287139892578125">
        <ele>71.59999847412109375</ele>
        <time>2025-02-16T04:01:17.000Z</time>
        <extensions>
          <ns3:TrackPointExtension>
            <ns3:hr>130</ns3:hr>
            <ns3:cad>56</ns3:cad>
          </ns3:TrackPointExtension>
        </extensions>
      </trkpt>
      <trkpt lat="23.5129927285015583038330078125" lon="113.230177424848079681396484375">
        <ele>72</ele>
        <time>2025-02-16T04:01:19.000Z</time>
        <extensions>
          <ns3:TrackPointExtension>
            <ns3:hr>131</ns3:hr>
            <ns3:cad>55</ns3:cad>
          </ns3:TrackPointExtension>
        </extensions>
      </trkpt>
      <trkpt lat="23.513163216412067413330078125" lon="113.2302459888160228729248046875">
        <ele>74</ele>
        <time>2025-02-16T04:01:33.000Z</time>
        <extensions>
          <ns3:TrackPointExtension>
            <ns3:hr>129</ns3:hr>
            <ns3:cad>57</ns3:cad>
          </ns3:TrackPointExtension>
        </extensions>
      </trkpt>
      <trkpt lat="23.51326975040137767791748046875" lon="113.2303552888333797454833984375">
        <ele>74</ele>
        <time>2025-02-16T04:01:47.000Z</time>
        <extensions>
          <ns3:TrackPointExtension>
            <ns3:hr>127</ns3:hr>
            <ns3:cad>57</ns3:cad>
          </ns3:TrackPointExtension>
        </extensions>
      </trkpt>
      <trkpt lat="23.51327746175229549407958984375" lon="113.2303680293262004852294921875">
        <ele>74</ele>
        <time>2025-02-16T04:01:57.000Z</time>
        <extensions>
          <ns3:TrackPointExtension>
            <ns3:hr>130</ns3:hr>
            <ns3:cad>0</ns3:cad>
          </ns3:TrackPointExtension>
        </extensions>
      </trkpt>
      <trkpt lat="23.51330026052892208099365234375" lon="113.2303720526397228240966796875">
        <ele>74.1999969482421875</ele>
        <time>2025-02-16T04:02:09.000Z</time>
        <extensions>
          <ns3:TrackPointExtension>
            <ns3:hr>127</ns3:hr>
            <ns3:cad>0</ns3:cad>
          </ns3:TrackPointExtension>
        </extensions>
      </trkpt>
      <trkpt lat="23.513301350176334381103515625" lon="113.2303695380687713623046875">
        <ele>74.40000152587890625</ele>
        <time>2025-02-16T04:02:18.000Z</time>
        <extensions>
          <ns3:TrackPointExtension>
            <ns3:hr>124</ns3:hr>
            <ns3:cad>0</ns3:cad>
          </ns3:TrackPointExtension>
        </extensions>
      </trkpt>
      <trkpt lat="23.51333697326481342315673828125" lon="113.23040264658629894256591796875">
        <ele>74.40000152587890625</ele>
        <time>2025-02-16T04:02:26.000Z</time>
        <extensions>
          <ns3:TrackPointExtension>
            <ns3:hr>127</ns3:hr>
            <ns3:cad>61</ns3:cad>
          </ns3:TrackPointExtension>
        </extensions>
      </trkpt>
      <trkpt lat="23.51344677619636058807373046875" lon="113.23056466877460479736328125">
        <ele>70.1999969482421875</ele>
        <time>2025-02-16T04:02:53.000Z</time>
        <extensions>
          <ns3:TrackPointExtension>
            <ns3:hr>125</ns3:hr>
            <ns3:cad>60</ns3:cad>
          </ns3:TrackPointExtension>
        </extensions>
      </trkpt>
      <trkpt lat="23.5134577564895153045654296875" lon="113.23058201931416988372802734375">
        <ele>69.59999847412109375</ele>
        <time>2025-02-16T04:02:55.000Z</time>
        <extensions>
          <ns3:TrackPointExtension>
            <ns3:hr>120</ns3:hr>
            <ns3:cad>0</ns3:cad>
          </ns3:TrackPointExtension>
        </extensions>
      </trkpt>
      <trkpt lat="23.513461612164974212646484375" lon="113.230588138103485107421875">
        <ele>69.40000152587890625</ele>
        <time>2025-02-16T04:02:56.000Z</time>
        <extensions>
          <ns3:TrackPointExtension>
            <ns3:hr>120</ns3:hr>
            <ns3:cad>0</ns3:cad>
          </ns3:TrackPointExtension>
        </extensions>
      </trkpt>
      <trkpt lat="23.513476364314556121826171875" lon="113.2306037284433841705322265625">
        <ele>68.8000030517578125</ele>
        <time>2025-02-16T04:02:58.000Z</time>
        <extensions>
          <ns3:TrackPointExtension>
            <ns3:hr>131</ns3:hr>
            <ns3:cad>0</ns3:cad>
          </ns3:TrackPointExtension>
        </extensions>
      </trkpt>
      <trkpt lat="23.51349614560604095458984375" lon="113.23061722330749034881591796875">
        <ele>68.40000152587890625</ele>
        <time>2025-02-16T04:03:00.000Z</time>
        <extensions>
          <ns3:TrackPointExtension>
            <ns3:hr>134</ns3:hr>
            <ns3:cad>0</ns3:cad>
          </ns3:TrackPointExtension>
        </extensions>
      </trkpt>
      <trkpt lat="23.513571582734584808349609375" lon="113.23065410368144512176513671875">
        <ele>67.40000152587890625</ele>
        <time>2025-02-16T04:03:08.000Z</time>
        <extensions>
          <ns3:TrackPointExtension>
            <ns3:hr>139</ns3:hr>
            <ns3:cad>54</ns3:cad>
          </ns3:TrackPointExtension>
        </extensions>
      </trkpt>
      <trkpt lat="23.5136054456233978271484375" lon="113.23066122829914093017578125">
        <ele>67.40000152587890625</ele>
        <time>2025-02-16T04:03:11.000Z</time>
        <extensions>
          <ns3:TrackPointExtension>
            <ns3:hr>135</ns3:hr>
            <ns3:cad>52</ns3:cad>
          </ns3:TrackPointExtension>
        </extensions>
      </trkpt>
      <trkpt lat="23.51364760659635066986083984375" lon="113.23066399432718753814697265625">
        <ele>67.40000152587890625</ele>
        <time>2025-02-16T04:03:16.000Z</time>
        <extensions>
          <ns3:TrackPointExtension>
            <ns3:hr>132</ns3:hr>
            <ns3:cad>53</ns3:cad>
          </ns3:TrackPointExtension>
        </extensions>
      </trkpt>
      <trkpt lat="23.5137118957936763763427734375" lon="113.23065862990915775299072265625">
        <ele>67.59999847412109375</ele>
        <time>2025-02-16T04:03:22.000Z</time>
        <extensions>
          <ns3:TrackPointExtension>
            <ns3:hr>132</ns3:hr>
            <ns3:cad>53</ns3:cad>
          </ns3:TrackPointExtension>
        </extensions>
      </trkpt>
      <trkpt lat="23.51390141062438488006591796875" lon="113.23059392161667346954345703125">
        <ele>70.59999847412109375</ele>
        <time>2025-02-16T04:03:38.000Z</time>
        <extensions>
          <ns3:TrackPointExtension>
            <ns3:hr>132</ns3:hr>
            <ns3:cad>57</ns3:cad>
          </ns3:TrackPointExtension>
        </extensions>
      </trkpt>
      <trkpt lat="23.51405379362404346466064453125" lon="113.23046433739364147186279296875">
        <ele>71.1999969482421875</ele>
        <time>2025-02-16T04:03:54.000Z</time>
        <extensions>
          <ns3:TrackPointExtension>
            <ns3:hr>130</ns3:hr>
            <ns3:cad>54</ns3:cad>
          </ns3:TrackPointExtension>
        </extensions>
      </trkpt>
      <trkpt lat="23.51406971924006938934326171875" lon="113.2303978689014911651611328125">
        <ele>72.40000152587890625</ele>
        <time>2025-02-16T04:04:02.000Z</time>
        <extensions>
          <ns3:TrackPointExtension>
            <ns3:hr>128</ns3:hr>
            <ns3:cad>0</ns3:cad>
          </ns3:TrackPointExtension>
        </extensions>
      </trkpt>
      <trkpt lat="23.514078520238399505615234375" lon="113.23035872541368007659912109375">
        <ele>73</ele>
        <time>2025-02-16T04:04:08.000Z</time>
        <extensions>
          <ns3:TrackPointExtension>
            <ns3:hr>127</ns3:hr>
            <ns3:cad>0</ns3:cad>
          </ns3:TrackPointExtension>
        </extensions>
      </trkpt>
      <trkpt lat="23.5140773467719554901123046875" lon="113.23025680147111415863037109375">
        <ele>75.59999847412109375</ele>
        <time>2025-02-16T04:04:24.000Z</time>
        <extensions>
          <ns3:TrackPointExtension>
            <ns3:hr>130</ns3:hr>
            <ns3:cad>61</ns3:cad>
          </ns3:TrackPointExtension>
        </extensions>
      </trkpt>
      <trkpt lat="23.51415907032787799835205078125" lon="113.23017038404941558837890625">
        <ele>75.1999969482421875</ele>
        <time>2025-02-16T04:04:33.000Z</time>
        <extensions>
          <ns3:TrackPointExtension>
            <ns3:hr>127</ns3:hr>
            <ns3:cad>57</ns3:cad>
          </ns3:TrackPointExtension>
        </extensions>
      </trkpt>
      <trkpt lat="23.51426350884139537811279296875" lon="113.23008648119866847991943359375">
        <ele>73.8000030517578125</ele>
        <time>2025-02-16T04:04:43.000Z</time>
        <extensions>
          <ns3:TrackPointExtension>
            <ns3:hr>126</ns3:hr>
            <ns3:cad>56</ns3:cad>
          </ns3:TrackPointExtension>
        </extensions>
      </trkpt>
      <trkpt lat="23.5143009759485721588134765625" lon="113.2300257124006748199462890625">
        <ele>75</ele>
        <time>2025-02-16T04:04:49.000Z</time>
        <extensions>
          <ns3:TrackPointExtension>
            <ns3:hr>126</ns3:hr>
            <ns3:cad>57</ns3:cad>
          </ns3:TrackPointExtension>
        </extensions>
      </trkpt>
      <trkpt lat="23.51432050578296184539794921875" lon="113.2300096191465854644775390625">
        <ele>75.8000030517578125</ele>
        <time>2025-02-16T04:04:51.000Z</time>
        <extensions>
          <ns3:TrackPointExtension>
            <ns3:hr>126</ns3:hr>
            <ns3:cad>58</ns3:cad>
          </ns3:TrackPointExtension>
        </extensions>
      </trkpt>
      <trkpt lat="23.514399044215679168701171875" lon="113.22992303408682346343994140625">
        <ele>80.59999847412109375</ele>
        <time>2025-02-16T04:05:00.000Z</time>
        <extensions>
          <ns3:TrackPointExtension>
            <ns3:hr>125</ns3:hr>
            <ns3:cad>58</ns3:cad>
          </ns3:TrackPointExtension>
        </extensions>
      </trkpt>
      <trkpt lat="23.5145011357963085174560546875" lon="113.2298111356794834136962890625">
        <ele>86</ele>
        <time>2025-02-16T04:05:12.000Z</time>
        <extensions>
          <ns3:TrackPointExtension>
            <ns3:hr>125</ns3:hr>
            <ns3:cad>58</ns3:cad>
          </ns3:TrackPointExtension>
        </extensions>
      </trkpt>
      <trkpt lat="23.51456576026976108551025390625" lon="113.2297504507005214691162109375">
        <ele>88.40000152587890625</ele>
        <time>2025-02-16T04:05:18.000Z</time>
        <extensions>
          <ns3:TrackPointExtension>
            <ns3:hr>126</ns3:hr>
            <ns3:cad>55</ns3:cad>
          </ns3:TrackPointExtension>
        </extensions>
      </trkpt>
      <trkpt lat="23.51461940445005893707275390625" lon="113.2296324335038661956787109375">
        <ele>90.8000030517578125</ele>
        <time>2025-02-16T04:05:30.000Z</time>
        <extensions>
          <ns3:TrackPointExtension>
            <ns3:hr>127</ns3:hr>
            <ns3:cad>58</ns3:cad>
          </ns3:TrackPointExtension>
        </extensions>
      </trkpt>
      <trkpt lat="23.51471579633653163909912109375" lon="113.22946655564010143280029296875">
        <ele>90</ele>
        <time>2025-02-16T04:05:44.000Z</time>
        <extensions>
          <ns3:TrackPointExtension>
            <ns3:hr>124</ns3:hr>
            <ns3:cad>57</ns3:cad>
          </ns3:TrackPointExtension>
        </extensions>
      </trkpt>
      <trkpt lat="23.51484269835054874420166015625" lon="113.22931341826915740966796875">
        <ele>92.8000030517578125</ele>
        <time>2025-02-16T04:05:58.000Z</time>
        <extensions>
          <ns3:TrackPointExtension>
            <ns3:hr>123</ns3:hr>
            <ns3:cad>58</ns3:cad>
          </ns3:TrackPointExtension>
        </extensions>
      </trkpt>
      <trkpt lat="23.51486407220363616943359375" lon="113.2292998395860195159912109375">
        <ele>93.1999969482421875</ele>
        <time>2025-02-16T04:06:02.000Z</time>
        <extensions>
          <ns3:TrackPointExtension>
            <ns3:hr>124</ns3:hr>
            <ns3:cad>58</ns3:cad>
          </ns3:TrackPointExtension>
        </extensions>
      </trkpt>
      <trkpt lat="23.51489734835922718048095703125" lon="113.2293028570711612701416015625">
        <ele>92.8000030517578125</ele>
        <time>2025-02-16T04:06:04.000Z</time>
        <extensions>
          <ns3:TrackPointExtension>
            <ns3:hr>124</ns3:hr>
            <ns3:cad>58</ns3:cad>
          </ns3:TrackPointExtension>
        </extensions>
      </trkpt>
      <trkpt lat="23.5149229131639003753662109375" lon="113.229301013052463531494140625">
        <ele>92.59999847412109375</ele>
        <time>2025-02-16T04:06:07.000Z</time>
        <extensions>
          <ns3:TrackPointExtension>
            <ns3:hr>124</ns3:hr>
            <ns3:cad>57</ns3:cad>
          </ns3:TrackPointExtension>
        </extensions>
      </trkpt>
      <trkpt lat="23.5149353183805942535400390625" lon="113.22930981405079364776611328125">
        <ele>92</ele>
        <time>2025-02-16T04:06:09.000Z</time>
        <extensions>
          <ns3:TrackPointExtension>
            <ns3:hr>124</ns3:hr>
            <ns3:cad>0</ns3:cad>
          </ns3:TrackPointExtension>
        </extensions>
      </trkpt>
      <trkpt lat="23.51494051516056060791015625" lon="113.229312412440776824951171875">
        <ele>91.8000030517578125</ele>
        <time>2025-02-16T04:06:11.000Z</time>
        <extensions>
          <ns3:TrackPointExtension>
            <ns3:hr>124</ns3:hr>
            <ns3:cad>0</ns3:cad>
          </ns3:TrackPointExtension>
        </extensions>
      </trkpt>
      <trkpt lat="23.515105135738849639892578125" lon="113.22926111519336700439453125">
        <ele>91.1999969482421875</ele>
        <time>2025-02-16T04:06:38.000Z</time>
        <extensions>
          <ns3:TrackPointExtension>
            <ns3:hr>123</ns3:hr>
            <ns3:cad>56</ns3:cad>
          </ns3:TrackPointExtension>
        </extensions>
      </trkpt>
      <trkpt lat="23.51520027033984661102294921875" lon="113.22914536111056804656982421875">
        <ele>92.59999847412109375</ele>
        <time>2025-02-16T04:06:49.000Z</time>
        <extensions>
          <ns3:TrackPointExtension>
            <ns3:hr>120</ns3:hr>
            <ns3:cad>56</ns3:cad>
          </ns3:TrackPointExtension>
        </extensions>
      </trkpt>
      <trkpt lat="23.515181578695774078369140625" lon="113.22906472720205783843994140625">
        <ele>94.40000152587890625</ele>
        <time>2025-02-16T04:06:57.000Z</time>
        <extensions>
          <ns3:TrackPointExtension>
            <ns3:hr>122</ns3:hr>
            <ns3:cad>54</ns3:cad>
          </ns3:TrackPointExtension>
        </extensions>
      </trkpt>
      <trkpt lat="23.51517680101096630096435546875" lon="113.2290581054985523223876953125">
        <ele>94.59999847412109375</ele>
        <time>2025-02-16T04:06:59.000Z</time>
        <extensions>
          <ns3:TrackPointExtension>
            <ns3:hr>123</ns3:hr>
            <ns3:cad>54</ns3:cad>
          </ns3:TrackPointExtension>
        </extensions>
      </trkpt>
      <trkpt lat="23.51515819318592548370361328125" lon="113.22903069667518138885498046875">
        <ele>95.59999847412109375</ele>
        <time>2025-02-16T04:07:03.000Z</time>
        <extensions>
          <ns3:TrackPointExtension>
            <ns3:hr>124</ns3:hr>
            <ns3:cad>61</ns3:cad>
          </ns3:TrackPointExtension>
        </extensions>
      </trkpt>
      <trkpt lat="23.5152001865208148956298828125" lon="113.2290470413863658905029296875">
        <ele>94.40000152587890625</ele>
        <time>2025-02-16T04:07:12.000Z</time>
        <extensions>
          <ns3:TrackPointExtension>
            <ns3:hr>128</ns3:hr>
            <ns3:cad>0</ns3:cad>
          </ns3:TrackPointExtension>
        </extensions>
      </trkpt>
      <trkpt lat="23.5152068920433521270751953125" lon="113.22904913686215877532958984375">
        <ele>94.1999969482421875</ele>
        <time>2025-02-16T04:07:13.000Z</time>
        <extensions>
          <ns3:TrackPointExtension>
            <ns3:hr>133</ns3:hr>
            <ns3:cad>0</ns3:cad>
          </ns3:TrackPointExtension>
        </extensions>
      </trkpt>
      <trkpt lat="23.51521267555654048919677734375" lon="113.2290490530431270599365234375">
        <ele>94.1999969482421875</ele>
        <time>2025-02-16T04:07:14.000Z</time>
        <extensions>
          <ns3:TrackPointExtension>
            <ns3:hr>131</ns3:hr>
            <ns3:cad>0</ns3:cad>
          </ns3:TrackPointExtension>
        </extensions>
      </trkpt>
      <trkpt lat="23.51521812379360198974609375" lon="113.229050226509571075439453125">
        <ele>94</ele>
        <time>2025-02-16T04:07:15.000Z</time>
        <extensions>
          <ns3:TrackPointExtension>
            <ns3:hr>146</ns3:hr>
            <ns3:cad>0</ns3:cad>
          </ns3:TrackPointExtension>
        </extensions>
      </trkpt>
      <trkpt lat="23.5152239911258220672607421875" lon="113.22905031032860279083251953125">
        <ele>94</ele>
        <time>2025-02-16T04:07:16.000Z</time>
        <extensions>
          <ns3:TrackPointExtension>
            <ns3:hr>150</ns3:hr>
            <ns3:cad>0</ns3:cad>
          </ns3:TrackPointExtension>
        </extensions>
      </trkpt>
      <trkpt lat="23.51522575132548809051513671875" lon="113.22905433364212512969970703125">
        <ele>93.8000030517578125</ele>
        <time>2025-02-16T04:07:17.000Z</time>
        <extensions>
          <ns3:TrackPointExtension>
            <ns3:hr>150</ns3:hr>
            <ns3:cad>0</ns3:cad>
          </ns3:TrackPointExtension>
        </extensions>
      </trkpt>
      <trkpt lat="23.51523312740027904510498046875" lon="113.2290634699165821075439453125">
        <ele>93.40000152587890625</ele>
        <time>2025-02-16T04:07:25.000Z</time>
        <extensions>
          <ns3:TrackPointExtension>
            <ns3:hr>147</ns3:hr>
            <ns3:cad>0</ns3:cad>
          </ns3:TrackPointExtension>
        </extensions>
      </trkpt>
      <trkpt lat="23.5152333788573741912841796875" lon="113.229063637554645538330078125">
        <ele>93.40000152587890625</ele>
        <time>2025-02-16T04:07:28.000Z</time>
        <extensions>
          <ns3:TrackPointExtension>
            <ns3:hr>144</ns3:hr>
            <ns3:cad>0</ns3:cad>
          </ns3:TrackPointExtension>
        </extensions>
      </trkpt>
      <trkpt lat="23.51523379795253276824951171875" lon="113.2290634699165821075439453125">
        <ele>93.40000152587890625</ele>
        <time>2025-02-16T04:07:35.000Z</time>
        <extensions>
          <ns3:TrackPointExtension>
            <ns3:hr>141</ns3:hr>
            <ns3:cad>0</ns3:cad>
          </ns3:TrackPointExtension>
        </extensions>
      </trkpt>
      <trkpt lat="23.51523329503834247589111328125" lon="113.22906388901174068450927734375">
        <ele>93.40000152587890625</ele>
        <time>2025-02-16T04:07:38.000Z</time>
        <extensions>
          <ns3:TrackPointExtension>
            <ns3:hr>138</ns3:hr>
            <ns3:cad>0</ns3:cad>
          </ns3:TrackPointExtension>
        </extensions>
      </trkpt>
      <trkpt lat="23.515233211219310760498046875" lon="113.229063637554645538330078125">
        <ele>93.40000152587890625</ele>
        <time>2025-02-16T04:07:42.000Z</time>
        <extensions>
          <ns3:TrackPointExtension>
            <ns3:hr>135</ns3:hr>
            <ns3:cad>0</ns3:cad>
          </ns3:TrackPointExtension>
        </extensions>
      </trkpt>
      <trkpt lat="23.5152263380587100982666015625" lon="113.2290631346404552459716796875">
        <ele>93.59999847412109375</ele>
        <time>2025-02-16T04:07:56.000Z</time>
        <extensions>
          <ns3:TrackPointExtension>
            <ns3:hr>132</ns3:hr>
            <ns3:cad>63</ns3:cad>
          </ns3:TrackPointExtension>
        </extensions>
      </trkpt>
      <trkpt lat="23.5152313672006130218505859375" lon="113.22906053625047206878662109375">
        <ele>93.59999847412109375</ele>
        <time>2025-02-16T04:08:00.000Z</time>
        <extensions>
          <ns3:TrackPointExtension>
            <ns3:hr>129</ns3:hr>
            <ns3:cad>0</ns3:cad>
          </ns3:TrackPointExtension>
        </extensions>
      </trkpt>
      <trkpt lat="23.51523731835186481475830078125" lon="113.22905081324279308319091796875">
        <ele>93.59999847412109375</ele>
        <time>2025-02-16T04:08:05.000Z</time>
        <extensions>
          <ns3:TrackPointExtension>
            <ns3:hr>126</ns3:hr>
            <ns3:cad>0</ns3:cad>
          </ns3:TrackPointExtension>
        </extensions>
      </trkpt>
      <trkpt lat="23.51523715071380138397216796875" lon="113.229049555957317352294921875">
        <ele>93.8000030517578125</ele>
        <time>2025-02-16T04:08:10.000Z</time>
        <extensions>
          <ns3:TrackPointExtension>
            <ns3:hr>123</ns3:hr>
            <ns3:cad>0</ns3:cad>
          </ns3:TrackPointExtension>
        </extensions>
      </trkpt>
      <trkpt lat="23.51523849181830883026123046875" lon="113.22902952320873737335205078125">
        <ele>93.8000030517578125</ele>
        <time>2025-02-16T04:08:19.000Z</time>
        <extensions>
          <ns3:TrackPointExtension>
            <ns3:hr>120</ns3:hr>
            <ns3:cad>61</ns3:cad>
          </ns3:TrackPointExtension>
        </extensions>
      </trkpt>
      <trkpt lat="23.51523463614284992218017578125" lon="113.22901812382042407989501953125">
        <ele>94</ele>
        <time>2025-02-16T04:08:22.000Z</time>
        <extensions>
          <ns3:TrackPointExtension>
            <ns3:hr>123</ns3:hr>
            <ns3:cad>0</ns3:cad>
          </ns3:TrackPointExtension>
        </extensions>
      </trkpt>
      <trkpt lat="23.5152404196560382843017578125" lon="113.22900890372693538665771484375">
        <ele>93.8000030517578125</ele>
        <time>2025-02-16T04:08:28.000Z</time>
        <extensions>
          <ns3:TrackPointExtension>
            <ns3:hr>126</ns3:hr>
            <ns3:cad>0</ns3:cad>
          </ns3:TrackPointExtension>
        </extensions>
      </trkpt>
      <trkpt lat="23.5152404196560382843017578125" lon="113.22900890372693538665771484375">
        <ele>93.8000030517578125</ele>
        <time>2025-02-16T04:08:29.000Z</time>
        <extensions>
          <ns3:TrackPointExtension>
            <ns3:hr>130</ns3:hr>
            <ns3:cad>0</ns3:cad>
          </ns3:TrackPointExtension>
        </extensions>
      </trkpt>
      <trkpt lat="23.5152404196560382843017578125" lon="113.22900571860373020172119140625">
        <ele>93.8000030517578125</ele>
        <time>2025-02-16T04:08:34.000Z</time>
        <extensions>
          <ns3:TrackPointExtension>
            <ns3:hr>125</ns3:hr>
            <ns3:cad>0</ns3:cad>
          </ns3:TrackPointExtension>
        </extensions>
      </trkpt>
      <trkpt lat="23.5152404196560382843017578125" lon="113.22900571860373020172119140625">
        <ele>93.8000030517578125</ele>
        <time>2025-02-16T04:08:35.000Z</time>
        <extensions>
          <ns3:TrackPointExtension>
            <ns3:hr>122</ns3:hr>
            <ns3:cad>0</ns3:cad>
          </ns3:TrackPointExtension>
        </extensions>
      </trkpt>
      <trkpt lat="23.51522441022098064422607421875" lon="113.2289974205195903778076171875">
        <ele>94.40000152587890625</ele>
        <time>2025-02-16T04:08:38.000Z</time>
        <extensions>
          <ns3:TrackPointExtension>
            <ns3:hr>127</ns3:hr>
            <ns3:cad>61</ns3:cad>
          </ns3:TrackPointExtension>
        </extensions>
      </trkpt>
      <trkpt lat="23.51522055454552173614501953125" lon="113.22899465449154376983642578125">
        <ele>94.59999847412109375</ele>
        <time>2025-02-16T04:08:39.000Z</time>
        <extensions>
          <ns3:TrackPointExtension>
            <ns3:hr>131</ns3:hr>
            <ns3:cad>61</ns3:cad>
          </ns3:TrackPointExtension>
        </extensions>
      </trkpt>
      <trkpt lat="23.515218459069728851318359375" lon="113.22899079881608486175537109375">
        <ele>94.59999847412109375</ele>
        <time>2025-02-16T04:08:40.000Z</time>
        <extensions>
          <ns3:TrackPointExtension>
            <ns3:hr>131</ns3:hr>
            <ns3:cad>61</ns3:cad>
          </ns3:TrackPointExtension>
        </extensions>
      </trkpt>
      <trkpt lat="23.51519658230245113372802734375" lon="113.2289632223546504974365234375">
        <ele>95.59999847412109375</ele>
        <time>2025-02-16T04:08:46.000Z</time>
        <extensions>
          <ns3:TrackPointExtension>
            <ns3:hr>127</ns3:hr>
            <ns3:cad>0</ns3:cad>
          </ns3:TrackPointExtension>
        </extensions>
      </trkpt>
      <trkpt lat="23.515182919800281524658203125" lon="113.22893899865448474884033203125">
        <ele>96.1999969482421875</ele>
        <time>2025-02-16T04:08:49.000Z</time>
        <extensions>
          <ns3:TrackPointExtension>
            <ns3:hr>130</ns3:hr>
            <ns3:cad>0</ns3:cad>
          </ns3:TrackPointExtension>
        </extensions>
      </trkpt>
      <trkpt lat="23.5151468776166439056396484375" lon="113.22890832088887691497802734375">
        <ele>97.59999847412109375</ele>
        <time>2025-02-16T04:08:56.000Z</time>
        <extensions>
          <ns3:TrackPointExtension>
            <ns3:hr>131</ns3:hr>
            <ns3:cad>0</ns3:cad>
          </ns3:TrackPointExtension>
        </extensions>
      </trkpt>
      <trkpt lat="23.51499759592115879058837890625" lon="113.228824920952320098876953125">
        <ele>103</ele>
        <time>2025-02-16T04:09:31.000Z</time>
        <extensions>
          <ns3:TrackPointExtension>
            <ns3:hr>130</ns3:hr>
            <ns3:cad>40</ns3:cad>
          </ns3:TrackPointExtension>
        </extensions>
      </trkpt>
      <trkpt lat="23.5149705223739147186279296875" lon="113.22879063896834850311279296875">
        <ele>104.8000030517578125</ele>
        <time>2025-02-16T04:09:36.000Z</time>
        <extensions>
          <ns3:TrackPointExtension>
            <ns3:hr>130</ns3:hr>
            <ns3:cad>40</ns3:cad>
          </ns3:TrackPointExtension>
        </extensions>
      </trkpt>
      <trkpt lat="23.5148902237415313720703125" lon="113.228741772472858428955078125">
        <ele>108.59999847412109375</ele>
        <time>2025-02-16T04:09:47.000Z</time>
        <extensions>
          <ns3:TrackPointExtension>
            <ns3:hr>133</ns3:hr>
            <ns3:cad>48</ns3:cad>
          </ns3:TrackPointExtension>
        </extensions>
      </trkpt>
      <trkpt lat="23.51487572304904460906982421875" lon="113.22856415994465351104736328125">
        <ele>112.59999847412109375</ele>
        <time>2025-02-16T04:10:08.000Z</time>
        <extensions>
          <ns3:TrackPointExtension>
            <ns3:hr>132</ns3:hr>
            <ns3:cad>0</ns3:cad>
          </ns3:TrackPointExtension>
        </extensions>
      </trkpt>
      <trkpt lat="23.51478687487542629241943359375" lon="113.228531889617443084716796875">
        <ele>116</ele>
        <time>2025-02-16T04:10:41.000Z</time>
        <extensions>
          <ns3:TrackPointExtension>
            <ns3:hr>130</ns3:hr>
            <ns3:cad>51</ns3:cad>
          </ns3:TrackPointExtension>
        </extensions>
      </trkpt>
      <trkpt lat="23.51472417823970317840576171875" lon="113.22854907251894474029541015625">
        <ele>117.8000030517578125</ele>
        <time>2025-02-16T04:10:50.000Z</time>
        <extensions>
          <ns3:TrackPointExtension>
            <ns3:hr>131</ns3:hr>
            <ns3:cad>49</ns3:cad>
          </ns3:TrackPointExtension>
        </extensions>
      </trkpt>
      <trkpt lat="23.5147086717188358306884765625" lon="113.2285518385469913482666015625">
        <ele>118.1999969482421875</ele>
        <time>2025-02-16T04:10:52.000Z</time>
        <extensions>
          <ns3:TrackPointExtension>
            <ns3:hr>131</ns3:hr>
            <ns3:cad>49</ns3:cad>
          </ns3:TrackPointExtension>
        </extensions>
      </trkpt>
      <trkpt lat="23.51469567976891994476318359375" lon="113.228559382259845733642578125">
        <ele>118.1999969482421875</ele>
        <time>2025-02-16T04:10:55.000Z</time>
        <extensions>
          <ns3:TrackPointExtension>
            <ns3:hr>131</ns3:hr>
            <ns3:cad>0</ns3:cad>
          </ns3:TrackPointExtension>
        </extensions>
      </trkpt>
      <trkpt lat="23.5146241821348667144775390625" lon="113.22849442251026630401611328125">
        <ele>119.59999847412109375</ele>
        <time>2025-02-16T04:11:27.000Z</time>
        <extensions>
          <ns3:TrackPointExtension>
            <ns3:hr>131</ns3:hr>
            <ns3:cad>0</ns3:cad>
          </ns3:TrackPointExtension>
        </extensions>
      </trkpt>
      <trkpt lat="23.5146815143525600433349609375" lon="113.2283882237970829010009765625">
        <ele>118.8000030517578125</ele>
        <time>2025-02-16T04:11:40.000Z</time>
        <extensions>
          <ns3:TrackPointExtension>
            <ns3:hr>131</ns3:hr>
            <ns3:cad>61</ns3:cad>
          </ns3:TrackPointExtension>
        </extensions>
      </trkpt>
      <trkpt lat="23.51467489264905452728271484375" lon="113.228377662599086761474609375">
        <ele>119</ele>
        <time>2025-02-16T04:12:05.000Z</time>
        <extensions>
          <ns3:TrackPointExtension>
            <ns3:hr>134</ns3:hr>
            <ns3:cad>0</ns3:cad>
          </ns3:TrackPointExtension>
        </extensions>
      </trkpt>
      <trkpt lat="23.5146622359752655029296875" lon="113.22837866842746734619140625">
        <ele>119</ele>
        <time>2025-02-16T04:12:09.000Z</time>
        <extensions>
          <ns3:TrackPointExtension>
            <ns3:hr>131</ns3:hr>
            <ns3:cad>63</ns3:cad>
          </ns3:TrackPointExtension>
        </extensions>
      </trkpt>
      <trkpt lat="23.514653854072093963623046875" lon="113.22837992571294307708740234375">
        <ele>119</ele>
        <time>2025-02-16T04:12:10.000Z</time>
        <extensions>
          <ns3:TrackPointExtension>
            <ns3:hr>128</ns3:hr>
            <ns3:cad>63</ns3:cad>
          </ns3:TrackPointExtension>
        </extensions>
      </trkpt>
      <trkpt lat="23.51464505307376384735107421875" lon="113.22837757878005504608154296875">
        <ele>119.1999969482421875</ele>
        <time>2025-02-16T04:12:12.000Z</time>
        <extensions>
          <ns3:TrackPointExtension>
            <ns3:hr>133</ns3:hr>
            <ns3:cad>51</ns3:cad>
          </ns3:TrackPointExtension>
        </extensions>
      </trkpt>
      <trkpt lat="23.51464220322668552398681640625" lon="113.22837506420910358428955078125">
        <ele>119.1999969482421875</ele>
        <time>2025-02-16T04:12:13.000Z</time>
        <extensions>
          <ns3:TrackPointExtension>
            <ns3:hr>137</ns3:hr>
            <ns3:cad>0</ns3:cad>
          </ns3:TrackPointExtension>
        </extensions>
      </trkpt>
      <trkpt lat="23.51463734172284603118896484375" lon="113.228377662599086761474609375">
        <ele>119.1999969482421875</ele>
        <time>2025-02-16T04:12:14.000Z</time>
        <extensions>
          <ns3:TrackPointExtension>
            <ns3:hr>137</ns3:hr>
            <ns3:cad>0</ns3:cad>
          </ns3:TrackPointExtension>
        </extensions>
      </trkpt>
      <trkpt lat="23.5146563686430454254150390625" lon="113.228395767509937286376953125">
        <ele>119</ele>
        <time>2025-02-16T04:12:22.000Z</time>
        <extensions>
          <ns3:TrackPointExtension>
            <ns3:hr>134</ns3:hr>
            <ns3:cad>61</ns3:cad>
          </ns3:TrackPointExtension>
        </extensions>
      </trkpt>
      <trkpt lat="23.51468972861766815185546875" lon="113.22839149273931980133056640625">
        <ele>118.8000030517578125</ele>
        <time>2025-02-16T04:12:27.000Z</time>
        <extensions>
          <ns3:TrackPointExtension>
            <ns3:hr>131</ns3:hr>
            <ns3:cad>0</ns3:cad>
          </ns3:TrackPointExtension>
        </extensions>
      </trkpt>
      <trkpt lat="23.51472199894487857818603515625" lon="113.2283774949610233306884765625">
        <ele>118.59999847412109375</ele>
        <time>2025-02-16T04:12:32.000Z</time>
        <extensions>
          <ns3:TrackPointExtension>
            <ns3:hr>128</ns3:hr>
            <ns3:cad>0</ns3:cad>
          </ns3:TrackPointExtension>
        </extensions>
      </trkpt>
      <trkpt lat="23.51475686766207218170166015625" lon="113.228360228240489959716796875">
        <ele>117.59999847412109375</ele>
        <time>2025-02-16T04:12:38.000Z</time>
        <extensions>
          <ns3:TrackPointExtension>
            <ns3:hr>125</ns3:hr>
            <ns3:cad>0</ns3:cad>
          </ns3:TrackPointExtension>
        </extensions>
      </trkpt>
      <trkpt lat="23.51476994343101978302001953125" lon="113.22834807448089122772216796875">
        <ele>117.1999969482421875</ele>
        <time>2025-02-16T04:12:41.000Z</time>
        <extensions>
          <ns3:TrackPointExtension>
            <ns3:hr>128</ns3:hr>
            <ns3:cad>64</ns3:cad>
          </ns3:TrackPointExtension>
        </extensions>
      </trkpt>
      <trkpt lat="23.51477530784904956817626953125" lon="113.2283436320722103118896484375">
        <ele>117.1999969482421875</ele>
        <time>2025-02-16T04:12:42.000Z</time>
        <extensions>
          <ns3:TrackPointExtension>
            <ns3:hr>131</ns3:hr>
            <ns3:cad>64</ns3:cad>
          </ns3:TrackPointExtension>
        </extensions>
      </trkpt>
      <trkpt lat="23.51479073055088520050048828125" lon="113.22833533398807048797607421875">
        <ele>116.59999847412109375</ele>
        <time>2025-02-16T04:12:43.000Z</time>
        <extensions>
          <ns3:TrackPointExtension>
            <ns3:hr>127</ns3:hr>
            <ns3:cad>64</ns3:cad>
          </ns3:TrackPointExtension>
        </extensions>
      </trkpt>
      <trkpt lat="23.51480514742434024810791015625" lon="113.2283235155045986175537109375">
        <ele>116.1999969482421875</ele>
        <time>2025-02-16T04:12:45.000Z</time>
        <extensions>
          <ns3:TrackPointExtension>
            <ns3:hr>126</ns3:hr>
            <ns3:cad>55</ns3:cad>
          </ns3:TrackPointExtension>
        </extensions>
      </trkpt>
      <trkpt lat="23.51481151767075061798095703125" lon="113.22831689380109310150146484375">
        <ele>116</ele>
        <time>2025-02-16T04:12:46.000Z</time>
        <extensions>
          <ns3:TrackPointExtension>
            <ns3:hr>123</ns3:hr>
            <ns3:cad>55</ns3:cad>
          </ns3:TrackPointExtension>
        </extensions>
      </trkpt>
      <trkpt lat="23.51481713354587554931640625" lon="113.228309936821460723876953125">
        <ele>115.8000030517578125</ele>
        <time>2025-02-16T04:12:48.000Z</time>
        <extensions>
          <ns3:TrackPointExtension>
            <ns3:hr>129</ns3:hr>
            <ns3:cad>56</ns3:cad>
          </ns3:TrackPointExtension>
        </extensions>
      </trkpt>
      <trkpt lat="23.5148250125348567962646484375" lon="113.2283017225563526153564453125">
        <ele>115.40000152587890625</ele>
        <time>2025-02-16T04:12:49.000Z</time>
        <extensions>
          <ns3:TrackPointExtension>
            <ns3:hr>130</ns3:hr>
            <ns3:cad>58</ns3:cad>
          </ns3:TrackPointExtension>
        </extensions>
      </trkpt>
      <trkpt lat="23.5148338973522186279296875" lon="113.22829510085284709930419921875">
        <ele>115.1999969482421875</ele>
        <time>2025-02-16T04:12:50.000Z</time>
        <extensions>
          <ns3:TrackPointExtension>
            <ns3:hr>133</ns3:hr>
            <ns3:cad>58</ns3:cad>
          </ns3:TrackPointExtension>
        </extensions>
      </trkpt>
      <trkpt lat="23.51485292427241802215576171875" lon="113.22826869785785675048828125">
        <ele>114.40000152587890625</ele>
        <time>2025-02-16T04:12:53.000Z</time>
        <extensions>
          <ns3:TrackPointExtension>
            <ns3:hr>130</ns3:hr>
            <ns3:cad>55</ns3:cad>
          </ns3:TrackPointExtension>
        </extensions>
      </trkpt>
      <trkpt lat="23.514863066375255584716796875" lon="113.22825394570827484130859375">
        <ele>114.1999969482421875</ele>
        <time>2025-02-16T04:12:55.000Z</time>
        <extensions>
          <ns3:TrackPointExtension>
            <ns3:hr>127</ns3:hr>
            <ns3:cad>53</ns3:cad>
          </ns3:TrackPointExtension>
        </extensions>
      </trkpt>
      <trkpt lat="23.51487086154520511627197265625" lon="113.228240199387073516845703125">
        <ele>114.40000152587890625</ele>
        <time>2025-02-16T04:12:57.000Z</time>
        <extensions>
          <ns3:TrackPointExtension>
            <ns3:hr>124</ns3:hr>
            <ns3:cad>50</ns3:cad>
          </ns3:TrackPointExtension>
        </extensions>
      </trkpt>
      <trkpt lat="23.51487421430647373199462890625" lon="113.2282291352748870849609375">
        <ele>114.8000030517578125</ele>
        <time>2025-02-16T04:13:00.000Z</time>
        <extensions>
          <ns3:TrackPointExtension>
            <ns3:hr>124</ns3:hr>
            <ns3:cad>0</ns3:cad>
          </ns3:TrackPointExtension>
        </extensions>
      </trkpt>
      <trkpt lat="23.51488016545772552490234375" lon="113.2282316498458385467529296875">
        <ele>114.59999847412109375</ele>
        <time>2025-02-16T04:13:03.000Z</time>
        <extensions>
          <ns3:TrackPointExtension>
            <ns3:hr>130</ns3:hr>
            <ns3:cad>0</ns3:cad>
          </ns3:TrackPointExtension>
        </extensions>
      </trkpt>
      <trkpt lat="23.5148816742002964019775390625" lon="113.22823307476937770843505859375">
        <ele>114.40000152587890625</ele>
        <time>2025-02-16T04:13:04.000Z</time>
        <extensions>
          <ns3:TrackPointExtension>
            <ns3:hr>130</ns3:hr>
            <ns3:cad>0</ns3:cad>
          </ns3:TrackPointExtension>
        </extensions>
      </trkpt>
      <trkpt lat="23.5148810036480426788330078125" lon="113.228235505521297454833984375">
        <ele>114.40000152587890625</ele>
        <time>2025-02-16T04:13:06.000Z</time>
        <extensions>
          <ns3:TrackPointExtension>
            <ns3:hr>133</ns3:hr>
            <ns3:cad>0</ns3:cad>
          </ns3:TrackPointExtension>
        </extensions>
      </trkpt>
      <trkpt lat="23.51484437473118305206298828125" lon="113.22823491878807544708251953125">
        <ele>115.59999847412109375</ele>
        <time>2025-02-16T04:13:13.000Z</time>
        <extensions>
          <ns3:TrackPointExtension>
            <ns3:hr>133</ns3:hr>
            <ns3:cad>61</ns3:cad>
          </ns3:TrackPointExtension>
        </extensions>
      </trkpt>
      <trkpt lat="23.51469886489212512969970703125" lon="113.22834782302379608154296875">
        <ele>118.8000030517578125</ele>
        <time>2025-02-16T04:13:30.000Z</time>
        <extensions>
          <ns3:TrackPointExtension>
            <ns3:hr>133</ns3:hr>
            <ns3:cad>60</ns3:cad>
          </ns3:TrackPointExtension>
        </extensions>
      </trkpt>
      <trkpt lat="23.51468863897025585174560546875" lon="113.228359222412109375">
        <ele>119</ele>
        <time>2025-02-16T04:13:34.000Z</time>
        <extensions>
          <ns3:TrackPointExtension>
            <ns3:hr>132</ns3:hr>
            <ns3:cad>0</ns3:cad>
          </ns3:TrackPointExtension>
        </extensions>
      </trkpt>
      <trkpt lat="23.5146919079124927520751953125" lon="113.2283057458698749542236328125">
        <ele>119</ele>
        <time>2025-02-16T04:14:25.000Z</time>
        <extensions>
          <ns3:TrackPointExtension>
            <ns3:hr>135</ns3:hr>
            <ns3:cad>61</ns3:cad>
          </ns3:TrackPointExtension>
        </extensions>
      </trkpt>
      <trkpt lat="23.51460926234722137451171875" lon="113.22822771035134792327880859375">
        <ele>120.1999969482421875</ele>
        <time>2025-02-16T04:15:12.000Z</time>
        <extensions>
          <ns3:TrackPointExtension>
            <ns3:hr>133</ns3:hr>
            <ns3:cad>53</ns3:cad>
          </ns3:TrackPointExtension>
        </extensions>
      </trkpt>
      <trkpt lat="23.514527790248394012451171875" lon="113.22813902981579303741455078125">
        <ele>122.1999969482421875</ele>
        <time>2025-02-16T04:15:24.000Z</time>
        <extensions>
          <ns3:TrackPointExtension>
            <ns3:hr>133</ns3:hr>
            <ns3:cad>52</ns3:cad>
          </ns3:TrackPointExtension>
        </extensions>
      </trkpt>
      <trkpt lat="23.5145075060427188873291015625" lon="113.22800274007022380828857421875">
        <ele>125.1999969482421875</ele>
        <time>2025-02-16T04:15:37.000Z</time>
        <extensions>
          <ns3:TrackPointExtension>
            <ns3:hr>130</ns3:hr>
            <ns3:cad>0</ns3:cad>
          </ns3:TrackPointExtension>
        </extensions>
      </trkpt>
      <trkpt lat="23.5145294666290283203125" lon="113.2278839685022830963134765625">
        <ele>130.1999969482421875</ele>
        <time>2025-02-16T04:15:48.000Z</time>
        <extensions>
          <ns3:TrackPointExtension>
            <ns3:hr>146</ns3:hr>
            <ns3:cad>53</ns3:cad>
          </ns3:TrackPointExtension>
        </extensions>
      </trkpt>
      <trkpt lat="23.51454514078795909881591796875" lon="113.22784817777574062347412109375">
        <ele>132</ele>
        <time>2025-02-16T04:15:50.000Z</time>
        <extensions>
          <ns3:TrackPointExtension>
            <ns3:hr>154</ns3:hr>
            <ns3:cad>53</ns3:cad>
          </ns3:TrackPointExtension>
        </extensions>
      </trkpt>
      <trkpt lat="23.51455301977694034576416015625" lon="113.22783728130161762237548828125">
        <ele>132.600006103515625</ele>
        <time>2025-02-16T04:15:51.000Z</time>
        <extensions>
          <ns3:TrackPointExtension>
            <ns3:hr>159</ns3:hr>
            <ns3:cad>53</ns3:cad>
          </ns3:TrackPointExtension>
        </extensions>
      </trkpt>
      <trkpt lat="23.5146872140467166900634765625" lon="113.2277367822825908660888671875">
        <ele>136.8000030517578125</ele>
        <time>2025-02-16T04:16:09.000Z</time>
        <extensions>
          <ns3:TrackPointExtension>
            <ns3:hr>156</ns3:hr>
            <ns3:cad>47</ns3:cad>
          </ns3:TrackPointExtension>
        </extensions>
      </trkpt>
      <trkpt lat="23.51469048298895359039306640625" lon="113.227730579674243927001953125">
        <ele>137</ele>
        <time>2025-02-16T04:16:11.000Z</time>
        <extensions>
          <ns3:TrackPointExtension>
            <ns3:hr>153</ns3:hr>
            <ns3:cad>47</ns3:cad>
          </ns3:TrackPointExtension>
        </extensions>
      </trkpt>
      <trkpt lat="23.514701463282108306884765625" lon="113.227721191942691802978515625">
        <ele>137.1999969482421875</ele>
        <time>2025-02-16T04:16:15.000Z</time>
        <extensions>
          <ns3:TrackPointExtension>
            <ns3:hr>150</ns3:hr>
            <ns3:cad>0</ns3:cad>
          </ns3:TrackPointExtension>
        </extensions>
      </trkpt>
      <trkpt lat="23.5147046484053134918212890625" lon="113.2277129776775836944580078125">
        <ele>137.600006103515625</ele>
        <time>2025-02-16T04:16:20.000Z</time>
        <extensions>
          <ns3:TrackPointExtension>
            <ns3:hr>144</ns3:hr>
            <ns3:cad>0</ns3:cad>
          </ns3:TrackPointExtension>
        </extensions>
      </trkpt>
      <trkpt lat="23.5147046484053134918212890625" lon="113.2277129776775836944580078125">
        <ele>137.600006103515625</ele>
        <time>2025-02-16T04:16:21.000Z</time>
        <extensions>
          <ns3:TrackPointExtension>
            <ns3:hr>144</ns3:hr>
            <ns3:cad>0</ns3:cad>
          </ns3:TrackPointExtension>
        </extensions>
      </trkpt>
      <trkpt lat="23.51470137946307659149169921875" lon="113.227707780897617340087890625">
        <ele>137.600006103515625</ele>
        <time>2025-02-16T04:16:22.000Z</time>
        <extensions>
          <ns3:TrackPointExtension>
            <ns3:hr>141</ns3:hr>
            <ns3:cad>0</ns3:cad>
          </ns3:TrackPointExtension>
        </extensions>
      </trkpt>
      <trkpt lat="23.5146986134350299835205078125" lon="113.22770434431731700897216796875">
        <ele>137.8000030517578125</ele>
        <time>2025-02-16T04:16:23.000Z</time>
        <extensions>
          <ns3:TrackPointExtension>
            <ns3:hr>145</ns3:hr>
            <ns3:cad>0</ns3:cad>
          </ns3:TrackPointExtension>
        </extensions>
      </trkpt>
      <trkpt lat="23.51469584740698337554931640625" lon="113.22770006954669952392578125">
        <ele>137.8000030517578125</ele>
        <time>2025-02-16T04:16:24.000Z</time>
        <extensions>
          <ns3:TrackPointExtension>
            <ns3:hr>150</ns3:hr>
            <ns3:cad>61</ns3:cad>
          </ns3:TrackPointExtension>
        </extensions>
      </trkpt>
      <trkpt lat="23.51469551213085651397705078125" lon="113.22769939899444580078125">
        <ele>137.8000030517578125</ele>
        <time>2025-02-16T04:16:25.000Z</time>
        <extensions>
          <ns3:TrackPointExtension>
            <ns3:hr>168</ns3:hr>
            <ns3:cad>61</ns3:cad>
          </ns3:TrackPointExtension>
        </extensions>
      </trkpt>
      <trkpt lat="23.514696098864078521728515625" lon="113.22769604623317718505859375">
        <ele>138</ele>
        <time>2025-02-16T04:16:26.000Z</time>
        <extensions>
          <ns3:TrackPointExtension>
            <ns3:hr>167</ns3:hr>
            <ns3:cad>0</ns3:cad>
          </ns3:TrackPointExtension>
        </extensions>
      </trkpt>
      <trkpt lat="23.51470171473920345306396484375" lon="113.227695710957050323486328125">
        <ele>138</ele>
        <time>2025-02-16T04:16:29.000Z</time>
        <extensions>
          <ns3:TrackPointExtension>
            <ns3:hr>164</ns3:hr>
            <ns3:cad>0</ns3:cad>
          </ns3:TrackPointExtension>
        </extensions>
      </trkpt>
      <trkpt lat="23.51470037363469600677490234375" lon="113.22769872844219207763671875">
        <ele>138</ele>
        <time>2025-02-16T04:16:35.000Z</time>
        <extensions>
          <ns3:TrackPointExtension>
            <ns3:hr>161</ns3:hr>
            <ns3:cad>61</ns3:cad>
          </ns3:TrackPointExtension>
        </extensions>
      </trkpt>
      <trkpt lat="23.51470070891082286834716796875" lon="113.2276995666325092315673828125">
        <ele>137.8000030517578125</ele>
        <time>2025-02-16T04:16:41.000Z</time>
        <extensions>
          <ns3:TrackPointExtension>
            <ns3:hr>157</ns3:hr>
            <ns3:cad>66</ns3:cad>
          </ns3:TrackPointExtension>
        </extensions>
      </trkpt>
      <trkpt lat="23.5147011280059814453125" lon="113.227702081203460693359375">
        <ele>137.8000030517578125</ele>
        <time>2025-02-16T04:16:45.000Z</time>
        <extensions>
          <ns3:TrackPointExtension>
            <ns3:hr>154</ns3:hr>
            <ns3:cad>0</ns3:cad>
          </ns3:TrackPointExtension>
        </extensions>
      </trkpt>
      <trkpt lat="23.51470037363469600677490234375" lon="113.22770166210830211639404296875">
        <ele>137.8000030517578125</ele>
        <time>2025-02-16T04:16:49.000Z</time>
        <extensions>
          <ns3:TrackPointExtension>
            <ns3:hr>151</ns3:hr>
            <ns3:cad>0</ns3:cad>
          </ns3:TrackPointExtension>
        </extensions>
      </trkpt>
      <trkpt lat="23.51470003835856914520263671875" lon="113.22770141065120697021484375">
        <ele>137.8000030517578125</ele>
        <time>2025-02-16T04:16:53.000Z</time>
        <extensions>
          <ns3:TrackPointExtension>
            <ns3:hr>148</ns3:hr>
            <ns3:cad>0</ns3:cad>
          </ns3:TrackPointExtension>
        </extensions>
      </trkpt>
      <trkpt lat="23.514700122177600860595703125" lon="113.22770132683217525482177734375">
        <ele>137.8000030517578125</ele>
        <time>2025-02-16T04:16:55.000Z</time>
        <extensions>
          <ns3:TrackPointExtension>
            <ns3:hr>135</ns3:hr>
            <ns3:cad>0</ns3:cad>
          </ns3:TrackPointExtension>
        </extensions>
      </trkpt>
      <trkpt lat="23.514699451625347137451171875" lon="113.22769713588058948516845703125">
        <ele>138</ele>
        <time>2025-02-16T04:17:16.000Z</time>
        <extensions>
          <ns3:TrackPointExtension>
            <ns3:hr>138</ns3:hr>
            <ns3:cad>0</ns3:cad>
          </ns3:TrackPointExtension>
        </extensions>
      </trkpt>
      <trkpt lat="23.51470825262367725372314453125" lon="113.227701075375080108642578125">
        <ele>138</ele>
        <time>2025-02-16T04:17:23.000Z</time>
        <extensions>
          <ns3:TrackPointExtension>
            <ns3:hr>135</ns3:hr>
            <ns3:cad>0</ns3:cad>
          </ns3:TrackPointExtension>
        </extensions>
      </trkpt>
      <trkpt lat="23.5147043131291866302490234375" lon="113.2276928611099720001220703125">
        <ele>138.1999969482421875</ele>
        <time>2025-02-16T04:17:26.000Z</time>
        <extensions>
          <ns3:TrackPointExtension>
            <ns3:hr>132</ns3:hr>
            <ns3:cad>0</ns3:cad>
          </ns3:TrackPointExtension>
        </extensions>
      </trkpt>
      <trkpt lat="23.51469450630247592926025390625" lon="113.2276593334972858428955078125">
        <ele>139.1999969482421875</ele>
        <time>2025-02-16T04:17:30.000Z</time>
        <extensions>
          <ns3:TrackPointExtension>
            <ns3:hr>129</ns3:hr>
            <ns3:cad>61</ns3:cad>
          </ns3:TrackPointExtension>
        </extensions>
      </trkpt>
      <trkpt lat="23.51469769142568111419677734375" lon="113.2276080362498760223388671875">
        <ele>141</ele>
        <time>2025-02-16T04:17:36.000Z</time>
        <extensions>
          <ns3:TrackPointExtension>
            <ns3:hr>126</ns3:hr>
            <ns3:cad>0</ns3:cad>
          </ns3:TrackPointExtension>
        </extensions>
      </trkpt>
      <trkpt lat="23.51468075998127460479736328125" lon="113.2274927012622356414794921875">
        <ele>145</ele>
        <time>2025-02-16T04:17:50.000Z</time>
        <extensions>
          <ns3:TrackPointExtension>
            <ns3:hr>131</ns3:hr>
            <ns3:cad>53</ns3:cad>
          </ns3:TrackPointExtension>
        </extensions>
      </trkpt>
      <trkpt lat="23.51468277163803577423095703125" lon="113.22746001183986663818359375">
        <ele>146.1999969482421875</ele>
        <time>2025-02-16T04:17:53.000Z</time>
        <extensions>
          <ns3:TrackPointExtension>
            <ns3:hr>134</ns3:hr>
            <ns3:cad>46</ns3:cad>
          </ns3:TrackPointExtension>
        </extensions>
      </trkpt>
      <trkpt lat="23.51467405445873737335205078125" lon="113.227358423173427581787109375">
        <ele>149.1999969482421875</ele>
        <time>2025-02-16T04:18:04.000Z</time>
        <extensions>
          <ns3:TrackPointExtension>
            <ns3:hr>137</ns3:hr>
            <ns3:cad>61</ns3:cad>
          </ns3:TrackPointExtension>
        </extensions>
      </trkpt>
      <trkpt lat="23.51467707194387912750244140625" lon="113.2273284159600734710693359375">
        <ele>150</ele>
        <time>2025-02-16T04:18:08.000Z</time>
        <extensions>
          <ns3:TrackPointExtension>
            <ns3:hr>133</ns3:hr>
            <ns3:cad>0</ns3:cad>
          </ns3:TrackPointExtension>
        </extensions>
      </trkpt>
      <trkpt lat="23.514679335057735443115234375" lon="113.22731056250631809234619140625">
        <ele>150.600006103515625</ele>
        <time>2025-02-16T04:18:09.000Z</time>
        <extensions>
          <ns3:TrackPointExtension>
            <ns3:hr>130</ns3:hr>
            <ns3:cad>0</ns3:cad>
          </ns3:TrackPointExtension>
        </extensions>
      </trkpt>
      <trkpt lat="23.5146734677255153656005859375" lon="113.2272801361978054046630859375">
        <ele>151.399993896484375</ele>
        <time>2025-02-16T04:18:13.000Z</time>
        <extensions>
          <ns3:TrackPointExtension>
            <ns3:hr>136</ns3:hr>
            <ns3:cad>46</ns3:cad>
          </ns3:TrackPointExtension>
        </extensions>
      </trkpt>
      <trkpt lat="23.5146734677255153656005859375" lon="113.2272801361978054046630859375">
        <ele>151.399993896484375</ele>
        <time>2025-02-16T04:18:14.000Z</time>
        <extensions>
          <ns3:TrackPointExtension>
            <ns3:hr>140</ns3:hr>
            <ns3:cad>46</ns3:cad>
          </ns3:TrackPointExtension>
        </extensions>
      </trkpt>
      <trkpt lat="23.5146744735538959503173828125" lon="113.22726898826658725738525390625">
        <ele>151.8000030517578125</ele>
        <time>2025-02-16T04:18:15.000Z</time>
        <extensions>
          <ns3:TrackPointExtension>
            <ns3:hr>140</ns3:hr>
            <ns3:cad>46</ns3:cad>
          </ns3:TrackPointExtension>
        </extensions>
      </trkpt>
      <trkpt lat="23.51467304863035678863525390625" lon="113.227264881134033203125">
        <ele>151.8000030517578125</ele>
        <time>2025-02-16T04:18:16.000Z</time>
        <extensions>
          <ns3:TrackPointExtension>
            <ns3:hr>137</ns3:hr>
            <ns3:cad>46</ns3:cad>
          </ns3:TrackPointExtension>
        </extensions>
      </trkpt>
      <trkpt lat="23.5146674327552318572998046875" lon="113.2272523082792758941650390625">
        <ele>152.1999969482421875</ele>
        <time>2025-02-16T04:18:23.000Z</time>
        <extensions>
          <ns3:TrackPointExtension>
            <ns3:hr>134</ns3:hr>
            <ns3:cad>0</ns3:cad>
          </ns3:TrackPointExtension>
        </extensions>
      </trkpt>
      <trkpt lat="23.5146697796881198883056640625" lon="113.2272405736148357391357421875">
        <ele>152.399993896484375</ele>
        <time>2025-02-16T04:18:26.000Z</time>
        <extensions>
          <ns3:TrackPointExtension>
            <ns3:hr>137</ns3:hr>
            <ns3:cad>61</ns3:cad>
          </ns3:TrackPointExtension>
        </extensions>
      </trkpt>
      <trkpt lat="23.51461789570748805999755859375" lon="113.2271788828074932098388671875">
        <ele>153.600006103515625</ele>
        <time>2025-02-16T04:18:57.000Z</time>
        <extensions>
          <ns3:TrackPointExtension>
            <ns3:hr>140</ns3:hr>
            <ns3:cad>0</ns3:cad>
          </ns3:TrackPointExtension>
        </extensions>
      </trkpt>
      <trkpt lat="23.51460498757660388946533203125" lon="113.2271165214478969573974609375">
        <ele>154.399993896484375</ele>
        <time>2025-02-16T04:19:16.000Z</time>
        <extensions>
          <ns3:TrackPointExtension>
            <ns3:hr>145</ns3:hr>
            <ns3:cad>0</ns3:cad>
          </ns3:TrackPointExtension>
        </extensions>
      </trkpt>
      <trkpt lat="23.5146037302911281585693359375" lon="113.2271111570298671722412109375">
        <ele>154.399993896484375</ele>
        <time>2025-02-16T04:19:17.000Z</time>
        <extensions>
          <ns3:TrackPointExtension>
            <ns3:hr>149</ns3:hr>
            <ns3:cad>61</ns3:cad>
          </ns3:TrackPointExtension>
        </extensions>
      </trkpt>
      <trkpt lat="23.514601886272430419921875" lon="113.2271044515073299407958984375">
        <ele>154.399993896484375</ele>
        <time>2025-02-16T04:19:18.000Z</time>
        <extensions>
          <ns3:TrackPointExtension>
            <ns3:hr>154</ns3:hr>
            <ns3:cad>61</ns3:cad>
          </ns3:TrackPointExtension>
        </extensions>
      </trkpt>
      <trkpt lat="23.51459928788244724273681640625" lon="113.227100931107997894287109375">
        <ele>154.399993896484375</ele>
        <time>2025-02-16T04:19:19.000Z</time>
        <extensions>
          <ns3:TrackPointExtension>
            <ns3:hr>160</ns3:hr>
            <ns3:cad>61</ns3:cad>
          </ns3:TrackPointExtension>
        </extensions>
      </trkpt>
      <trkpt lat="23.51459928788244724273681640625" lon="113.227100931107997894287109375">
        <ele>154.399993896484375</ele>
        <time>2025-02-16T04:19:20.000Z</time>
        <extensions>
          <ns3:TrackPointExtension>
            <ns3:hr>159</ns3:hr>
            <ns3:cad>61</ns3:cad>
          </ns3:TrackPointExtension>
        </extensions>
      </trkpt>
      <trkpt lat="23.51460129953920841217041015625" lon="113.2270839996635913848876953125">
        <ele>154.399993896484375</ele>
        <time>2025-02-16T04:19:22.000Z</time>
        <extensions>
          <ns3:TrackPointExtension>
            <ns3:hr>156</ns3:hr>
            <ns3:cad>0</ns3:cad>
          </ns3:TrackPointExtension>
        </extensions>
      </trkpt>
      <trkpt lat="23.51460549049079418182373046875" lon="113.22698718868196010589599609375">
        <ele>155.600006103515625</ele>
        <time>2025-02-16T04:19:39.000Z</time>
        <extensions>
          <ns3:TrackPointExtension>
            <ns3:hr>159</ns3:hr>
            <ns3:cad>61</ns3:cad>
          </ns3:TrackPointExtension>
        </extensions>
      </trkpt>
      <trkpt lat="23.514608256518840789794921875" lon="113.22696975432336330413818359375">
        <ele>156</ele>
        <time>2025-02-16T04:19:43.000Z</time>
        <extensions>
          <ns3:TrackPointExtension>
            <ns3:hr>156</ns3:hr>
            <ns3:cad>0</ns3:cad>
          </ns3:TrackPointExtension>
        </extensions>
      </trkpt>
      <trkpt lat="23.5146107710897922515869140625" lon="113.22693966329097747802734375">
        <ele>156.8000030517578125</ele>
        <time>2025-02-16T04:19:50.000Z</time>
        <extensions>
          <ns3:TrackPointExtension>
            <ns3:hr>153</ns3:hr>
            <ns3:cad>0</ns3:cad>
          </ns3:TrackPointExtension>
        </extensions>
      </trkpt>
      <trkpt lat="23.51461194455623626708984375" lon="113.22689817287027835845947265625">
        <ele>157.600006103515625</ele>
        <time>2025-02-16T04:19:59.000Z</time>
        <extensions>
          <ns3:TrackPointExtension>
            <ns3:hr>150</ns3:hr>
            <ns3:cad>61</ns3:cad>
          </ns3:TrackPointExtension>
        </extensions>
      </trkpt>
      <trkpt lat="23.51466366089880466461181640625" lon="113.22674696333706378936767578125">
        <ele>163.600006103515625</ele>
        <time>2025-02-16T04:20:20.000Z</time>
        <extensions>
          <ns3:TrackPointExtension>
            <ns3:hr>150</ns3:hr>
            <ns3:cad>61</ns3:cad>
          </ns3:TrackPointExtension>
        </extensions>
      </trkpt>
      <trkpt lat="23.51466818712651729583740234375" lon="113.22672181762754917144775390625">
        <ele>164.8000030517578125</ele>
        <time>2025-02-16T04:20:22.000Z</time>
        <extensions>
          <ns3:TrackPointExtension>
            <ns3:hr>153</ns3:hr>
            <ns3:cad>55</ns3:cad>
          </ns3:TrackPointExtension>
        </extensions>
      </trkpt>
      <trkpt lat="23.5146835260093212127685546875" lon="113.2266843505203723907470703125">
        <ele>167.1999969482421875</ele>
        <time>2025-02-16T04:20:26.000Z</time>
        <extensions>
          <ns3:TrackPointExtension>
            <ns3:hr>157</ns3:hr>
            <ns3:cad>52</ns3:cad>
          </ns3:TrackPointExtension>
        </extensions>
      </trkpt>
      <trkpt lat="23.51469500921666622161865234375" lon="113.22666515596210956573486328125">
        <ele>168.399993896484375</ele>
        <time>2025-02-16T04:20:28.000Z</time>
        <extensions>
          <ns3:TrackPointExtension>
            <ns3:hr>155</ns3:hr>
            <ns3:cad>51</ns3:cad>
          </ns3:TrackPointExtension>
        </extensions>
      </trkpt>
      <trkpt lat="23.51471043191850185394287109375" lon="113.226657025516033172607421875">
        <ele>169.600006103515625</ele>
        <time>2025-02-16T04:20:31.000Z</time>
        <extensions>
          <ns3:TrackPointExtension>
            <ns3:hr>158</ns3:hr>
            <ns3:cad>51</ns3:cad>
          </ns3:TrackPointExtension>
        </extensions>
      </trkpt>
      <trkpt lat="23.51472602225840091705322265625" lon="113.22664872743189334869384765625">
        <ele>170.600006103515625</ele>
        <time>2025-02-16T04:20:33.000Z</time>
        <extensions>
          <ns3:TrackPointExtension>
            <ns3:hr>158</ns3:hr>
            <ns3:cad>51</ns3:cad>
          </ns3:TrackPointExtension>
        </extensions>
      </trkpt>
      <trkpt lat="23.514752425253391265869140625" lon="113.2265908084809780120849609375">
        <ele>174</ele>
        <time>2025-02-16T04:20:50.000Z</time>
        <extensions>
          <ns3:TrackPointExtension>
            <ns3:hr>164</ns3:hr>
            <ns3:cad>0</ns3:cad>
          </ns3:TrackPointExtension>
        </extensions>
      </trkpt>
      <trkpt lat="23.51476709358394145965576171875" lon="113.226524926722049713134765625">
        <ele>176.600006103515625</ele>
        <time>2025-02-16T04:20:58.000Z</time>
        <extensions>
          <ns3:TrackPointExtension>
            <ns3:hr>167</ns3:hr>
            <ns3:cad>0</ns3:cad>
          </ns3:TrackPointExtension>
        </extensions>
      </trkpt>
      <trkpt lat="23.5147851146757602691650390625" lon="113.22650120593607425689697265625">
        <ele>178</ele>
        <time>2025-02-16T04:21:07.000Z</time>
        <extensions>
          <ns3:TrackPointExtension>
            <ns3:hr>170</ns3:hr>
            <ns3:cad>0</ns3:cad>
          </ns3:TrackPointExtension>
        </extensions>
      </trkpt>
      <trkpt lat="23.51480984129011631011962890625" lon="113.2264932431280612945556640625">
        <ele>179.1999969482421875</ele>
        <time>2025-02-16T04:21:09.000Z</time>
        <extensions>
          <ns3:TrackPointExtension>
            <ns3:hr>173</ns3:hr>
            <ns3:cad>0</ns3:cad>
          </ns3:TrackPointExtension>
        </extensions>
      </trkpt>
      <trkpt lat="23.51483498699963092803955078125" lon="113.22650791145861148834228515625">
        <ele>179.600006103515625</ele>
        <time>2025-02-16T04:21:19.000Z</time>
        <extensions>
          <ns3:TrackPointExtension>
            <ns3:hr>176</ns3:hr>
            <ns3:cad>67</ns3:cad>
          </ns3:TrackPointExtension>
        </extensions>
      </trkpt>
      <trkpt lat="23.51487672887742519378662109375" lon="113.2264962606132030487060546875">
        <ele>181.600006103515625</ele>
        <time>2025-02-16T04:21:28.000Z</time>
        <extensions>
          <ns3:TrackPointExtension>
            <ns3:hr>179</ns3:hr>
            <ns3:cad>61</ns3:cad>
          </ns3:TrackPointExtension>
        </extensions>
      </trkpt>
      <trkpt lat="23.51490204222500324249267578125" lon="113.22647304274141788482666015625">
        <ele>183.600006103515625</ele>
        <time>2025-02-16T04:21:35.000Z</time>
        <extensions>
          <ns3:TrackPointExtension>
            <ns3:hr>176</ns3:hr>
            <ns3:cad>61</ns3:cad>
          </ns3:TrackPointExtension>
        </extensions>
      </trkpt>
      <trkpt lat="23.51494462229311466217041015625" lon="113.22647924534976482391357421875">
        <ele>185.600006103515625</ele>
        <time>2025-02-16T04:21:43.000Z</time>
        <extensions>
          <ns3:TrackPointExtension>
            <ns3:hr>179</ns3:hr>
            <ns3:cad>0</ns3:cad>
          </ns3:TrackPointExtension>
        </extensions>
      </trkpt>
      <trkpt lat="23.51495317183434963226318359375" lon="113.2264784909784793853759765625">
        <ele>186</ele>
        <time>2025-02-16T04:21:50.000Z</time>
        <extensions>
          <ns3:TrackPointExtension>
            <ns3:hr>182</ns3:hr>
            <ns3:cad>0</ns3:cad>
          </ns3:TrackPointExtension>
        </extensions>
      </trkpt>
      <trkpt lat="23.51495216600596904754638671875" lon="113.2264781557023525238037109375">
        <ele>186</ele>
        <time>2025-02-16T04:21:56.000Z</time>
        <extensions>
          <ns3:TrackPointExtension>
            <ns3:hr>179</ns3:hr>
            <ns3:cad>0</ns3:cad>
          </ns3:TrackPointExtension>
        </extensions>
      </trkpt>
      <trkpt lat="23.51495484821498394012451171875" lon="113.22647756896913051605224609375">
        <ele>186.1999969482421875</ele>
        <time>2025-02-16T04:22:04.000Z</time>
        <extensions>
          <ns3:TrackPointExtension>
            <ns3:hr>176</ns3:hr>
            <ns3:cad>0</ns3:cad>
          </ns3:TrackPointExtension>
        </extensions>
      </trkpt>
      <trkpt lat="23.5149591229856014251708984375" lon="113.22647471912205219268798828125">
        <ele>186.600006103515625</ele>
        <time>2025-02-16T04:22:13.000Z</time>
        <extensions>
          <ns3:TrackPointExtension>
            <ns3:hr>173</ns3:hr>
            <ns3:cad>61</ns3:cad>
          </ns3:TrackPointExtension>
        </extensions>
      </trkpt>
      <trkpt lat="23.51500094868242740631103515625" lon="113.226426355540752410888671875">
        <ele>191</ele>
        <time>2025-02-16T04:22:23.000Z</time>
        <extensions>
          <ns3:TrackPointExtension>
            <ns3:hr>170</ns3:hr>
            <ns3:cad>77</ns3:cad>
          </ns3:TrackPointExtension>
        </extensions>
      </trkpt>
      <trkpt lat="23.51501159369945526123046875" lon="113.226414956152439117431640625">
        <ele>192</ele>
        <time>2025-02-16T04:22:36.000Z</time>
        <extensions>
          <ns3:TrackPointExtension>
            <ns3:hr>173</ns3:hr>
            <ns3:cad>61</ns3:cad>
          </ns3:TrackPointExtension>
        </extensions>
      </trkpt>
      <trkpt lat="23.5150164552032947540283203125" lon="113.2263970188796520233154296875">
        <ele>193</ele>
        <time>2025-02-16T04:22:48.000Z</time>
        <extensions>
          <ns3:TrackPointExtension>
            <ns3:hr>169</ns3:hr>
            <ns3:cad>61</ns3:cad>
          </ns3:TrackPointExtension>
        </extensions>
      </trkpt>
      <trkpt lat="23.51502341218292713165283203125" lon="113.226402886211872100830078125">
        <ele>193.1999969482421875</ele>
        <time>2025-02-16T04:23:14.000Z</time>
        <extensions>
          <ns3:TrackPointExtension>
            <ns3:hr>166</ns3:hr>
            <ns3:cad>0</ns3:cad>
          </ns3:TrackPointExtension>
        </extensions>
      </trkpt>
      <trkpt lat="23.515023328363895416259765625" lon="113.2264037244021892547607421875">
        <ele>193.1999969482421875</ele>
        <time>2025-02-16T04:23:17.000Z</time>
        <extensions>
          <ns3:TrackPointExtension>
            <ns3:hr>163</ns3:hr>
            <ns3:cad>0</ns3:cad>
          </ns3:TrackPointExtension>
        </extensions>
      </trkpt>
      <trkpt lat="23.51502341218292713165283203125" lon="113.22640330530703067779541015625">
        <ele>193.1999969482421875</ele>
        <time>2025-02-16T04:23:20.000Z</time>
        <extensions>
          <ns3:TrackPointExtension>
            <ns3:hr>160</ns3:hr>
            <ns3:cad>0</ns3:cad>
          </ns3:TrackPointExtension>
        </extensions>
      </trkpt>
      <trkpt lat="23.5150234960019588470458984375" lon="113.2264030538499355316162109375">
        <ele>193.1999969482421875</ele>
        <time>2025-02-16T04:23:21.000Z</time>
        <extensions>
          <ns3:TrackPointExtension>
            <ns3:hr>157</ns3:hr>
            <ns3:cad>0</ns3:cad>
          </ns3:TrackPointExtension>
        </extensions>
      </trkpt>
      <trkpt lat="23.51502324454486370086669921875" lon="113.22640297003090381622314453125">
        <ele>193.1999969482421875</ele>
        <time>2025-02-16T04:23:24.000Z</time>
        <extensions>
          <ns3:TrackPointExtension>
            <ns3:hr>154</ns3:hr>
            <ns3:cad>0</ns3:cad>
          </ns3:TrackPointExtension>
        </extensions>
      </trkpt>
      <trkpt lat="23.5150231607258319854736328125" lon="113.226402886211872100830078125">
        <ele>193.1999969482421875</ele>
        <time>2025-02-16T04:23:31.000Z</time>
        <extensions>
          <ns3:TrackPointExtension>
            <ns3:hr>157</ns3:hr>
            <ns3:cad>0</ns3:cad>
          </ns3:TrackPointExtension>
        </extensions>
      </trkpt>
      <trkpt lat="23.5150231607258319854736328125" lon="113.226402886211872100830078125">
        <ele>193.1999969482421875</ele>
        <time>2025-02-16T04:23:32.000Z</time>
        <extensions>
          <ns3:TrackPointExtension>
            <ns3:hr>160</ns3:hr>
            <ns3:cad>0</ns3:cad>
          </ns3:TrackPointExtension>
        </extensions>
      </trkpt>
      <trkpt lat="23.51502324454486370086669921875" lon="113.2264030538499355316162109375">
        <ele>193.1999969482421875</ele>
        <time>2025-02-16T04:23:34.000Z</time>
        <extensions>
          <ns3:TrackPointExtension>
            <ns3:hr>164</ns3:hr>
            <ns3:cad>0</ns3:cad>
          </ns3:TrackPointExtension>
        </extensions>
      </trkpt>
      <trkpt lat="23.5150231607258319854736328125" lon="113.22640297003090381622314453125">
        <ele>193.1999969482421875</ele>
        <time>2025-02-16T04:23:36.000Z</time>
        <extensions>
          <ns3:TrackPointExtension>
            <ns3:hr>160</ns3:hr>
            <ns3:cad>0</ns3:cad>
          </ns3:TrackPointExtension>
        </extensions>
      </trkpt>
      <trkpt lat="23.51502324454486370086669921875" lon="113.2264030538499355316162109375">
        <ele>193.1999969482421875</ele>
        <time>2025-02-16T04:23:38.000Z</time>
        <extensions>
          <ns3:TrackPointExtension>
            <ns3:hr>156</ns3:hr>
            <ns3:cad>0</ns3:cad>
          </ns3:TrackPointExtension>
        </extensions>
      </trkpt>
      <trkpt lat="23.51502274163067340850830078125" lon="113.22640347294509410858154296875">
        <ele>193.1999969482421875</ele>
        <time>2025-02-16T04:23:42.000Z</time>
        <extensions>
          <ns3:TrackPointExtension>
            <ns3:hr>152</ns3:hr>
            <ns3:cad>0</ns3:cad>
          </ns3:TrackPointExtension>
        </extensions>
      </trkpt>
      <trkpt lat="23.51502408273518085479736328125" lon="113.2264054007828235626220703125">
        <ele>193.1999969482421875</ele>
        <time>2025-02-16T04:23:46.000Z</time>
        <extensions>
          <ns3:TrackPointExtension>
            <ns3:hr>149</ns3:hr>
            <ns3:cad>0</ns3:cad>
          </ns3:TrackPointExtension>
        </extensions>
      </trkpt>
      <trkpt lat="23.51502240635454654693603515625" lon="113.226404897868633270263671875">
        <ele>193</ele>
        <time>2025-02-16T04:23:50.000Z</time>
        <extensions>
          <ns3:TrackPointExtension>
            <ns3:hr>146</ns3:hr>
            <ns3:cad>0</ns3:cad>
          </ns3:TrackPointExtension>
        </extensions>
      </trkpt>
      <trkpt lat="23.5150228254497051239013671875" lon="113.22640464641153812408447265625">
        <ele>193.1999969482421875</ele>
        <time>2025-02-16T04:24:02.000Z</time>
        <extensions>
          <ns3:TrackPointExtension>
            <ns3:hr>150</ns3:hr>
            <ns3:cad>0</ns3:cad>
          </ns3:TrackPointExtension>
        </extensions>
      </trkpt>
      <trkpt lat="23.51502307690680027008056640625" lon="113.22640397585928440093994140625">
        <ele>193.1999969482421875</ele>
        <time>2025-02-16T04:24:04.000Z</time>
        <extensions>
          <ns3:TrackPointExtension>
            <ns3:hr>153</ns3:hr>
            <ns3:cad>0</ns3:cad>
          </ns3:TrackPointExtension>
        </extensions>
      </trkpt>
      <trkpt lat="23.51502357982099056243896484375" lon="113.2264030538499355316162109375">
        <ele>193.1999969482421875</ele>
        <time>2025-02-16T04:24:16.000Z</time>
        <extensions>
          <ns3:TrackPointExtension>
            <ns3:hr>150</ns3:hr>
            <ns3:cad>61</ns3:cad>
          </ns3:TrackPointExtension>
        </extensions>
      </trkpt>
      <trkpt lat="23.515025340020656585693359375" lon="113.22640313766896724700927734375">
        <ele>193.399993896484375</ele>
        <time>2025-02-16T04:24:23.000Z</time>
        <extensions>
          <ns3:TrackPointExtension>
            <ns3:hr>147</ns3:hr>
            <ns3:cad>0</ns3:cad>
          </ns3:TrackPointExtension>
        </extensions>
      </trkpt>
      <trkpt lat="23.5150258429348468780517578125" lon="113.22640297003090381622314453125">
        <ele>193.399993896484375</ele>
        <time>2025-02-16T04:24:27.000Z</time>
        <extensions>
          <ns3:TrackPointExtension>
            <ns3:hr>141</ns3:hr>
            <ns3:cad>0</ns3:cad>
          </ns3:TrackPointExtension>
        </extensions>
      </trkpt>
      <trkpt lat="23.51503347046673297882080078125" lon="113.22640414349734783172607421875">
        <ele>193.8000030517578125</ele>
        <time>2025-02-16T04:24:28.000Z</time>
        <extensions>
          <ns3:TrackPointExtension>
            <ns3:hr>141</ns3:hr>
            <ns3:cad>0</ns3:cad>
          </ns3:TrackPointExtension>
        </extensions>
      </trkpt>
      <trkpt lat="23.51503732614219188690185546875" lon="113.22641193866729736328125">
        <ele>193.600006103515625</ele>
        <time>2025-02-16T04:24:43.000Z</time>
        <extensions>
          <ns3:TrackPointExtension>
            <ns3:hr>138</ns3:hr>
            <ns3:cad>0</ns3:cad>
          </ns3:TrackPointExtension>
        </extensions>
      </trkpt>
      <trkpt lat="23.5150402598083019256591796875" lon="113.22641319595277309417724609375">
        <ele>193.8000030517578125</ele>
        <time>2025-02-16T04:24:46.000Z</time>
        <extensions>
          <ns3:TrackPointExtension>
            <ns3:hr>135</ns3:hr>
            <ns3:cad>0</ns3:cad>
          </ns3:TrackPointExtension>
        </extensions>
      </trkpt>
      <trkpt lat="23.51503799669444561004638671875" lon="113.226409256458282470703125">
        <ele>193.8000030517578125</ele>
        <time>2025-02-16T04:24:47.000Z</time>
        <extensions>
          <ns3:TrackPointExtension>
            <ns3:hr>139</ns3:hr>
            <ns3:cad>0</ns3:cad>
          </ns3:TrackPointExtension>
        </extensions>
      </trkpt>
      <trkpt lat="23.51503849960863590240478515625" lon="113.22640749625861644744873046875">
        <ele>193.8000030517578125</ele>
        <time>2025-02-16T04:24:48.000Z</time>
        <extensions>
          <ns3:TrackPointExtension>
            <ns3:hr>146</ns3:hr>
            <ns3:cad>0</ns3:cad>
          </ns3:TrackPointExtension>
        </extensions>
      </trkpt>
      <trkpt lat="23.5150412656366825103759765625" lon="113.22640598751604557037353515625">
        <ele>194.1999969482421875</ele>
        <time>2025-02-16T04:24:49.000Z</time>
        <extensions>
          <ns3:TrackPointExtension>
            <ns3:hr>149</ns3:hr>
            <ns3:cad>0</ns3:cad>
          </ns3:TrackPointExtension>
        </extensions>
      </trkpt>
      <trkpt lat="23.5150426067411899566650390625" lon="113.2264070771634578704833984375">
        <ele>194.1999969482421875</ele>
        <time>2025-02-16T04:24:50.000Z</time>
        <extensions>
          <ns3:TrackPointExtension>
            <ns3:hr>149</ns3:hr>
            <ns3:cad>0</ns3:cad>
          </ns3:TrackPointExtension>
        </extensions>
      </trkpt>
      <trkpt lat="23.51505878381431102752685546875" lon="113.2263945043087005615234375">
        <ele>195.600006103515625</ele>
        <time>2025-02-16T04:25:03.000Z</time>
        <extensions>
          <ns3:TrackPointExtension>
            <ns3:hr>146</ns3:hr>
            <ns3:cad>0</ns3:cad>
          </ns3:TrackPointExtension>
        </extensions>
      </trkpt>
      <trkpt lat="23.5150633938610553741455078125" lon="113.22638452984392642974853515625">
        <ele>196.399993896484375</ele>
        <time>2025-02-16T04:25:04.000Z</time>
        <extensions>
          <ns3:TrackPointExtension>
            <ns3:hr>143</ns3:hr>
            <ns3:cad>61</ns3:cad>
          </ns3:TrackPointExtension>
        </extensions>
      </trkpt>
      <trkpt lat="23.51507973857223987579345703125" lon="113.226334489881992340087890625">
        <ele>201.399993896484375</ele>
        <time>2025-02-16T04:25:17.000Z</time>
        <extensions>
          <ns3:TrackPointExtension>
            <ns3:hr>140</ns3:hr>
            <ns3:cad>0</ns3:cad>
          </ns3:TrackPointExtension>
        </extensions>
      </trkpt>
      <trkpt lat="23.51507973857223987579345703125" lon="113.226334489881992340087890625">
        <ele>201.399993896484375</ele>
        <time>2025-02-16T04:25:18.000Z</time>
        <extensions>
          <ns3:TrackPointExtension>
            <ns3:hr>136</ns3:hr>
            <ns3:cad>0</ns3:cad>
          </ns3:TrackPointExtension>
        </extensions>
      </trkpt>
      <trkpt lat="23.51507923565804958343505859375" lon="113.22633390314877033233642578125">
        <ele>201.399993896484375</ele>
        <time>2025-02-16T04:25:19.000Z</time>
        <extensions>
          <ns3:TrackPointExtension>
            <ns3:hr>136</ns3:hr>
            <ns3:cad>0</ns3:cad>
          </ns3:TrackPointExtension>
        </extensions>
      </trkpt>
      <trkpt lat="23.5150752961635589599609375" lon="113.22632032446563243865966796875">
        <ele>202</ele>
        <time>2025-02-16T04:25:23.000Z</time>
        <extensions>
          <ns3:TrackPointExtension>
            <ns3:hr>133</ns3:hr>
            <ns3:cad>0</ns3:cad>
          </ns3:TrackPointExtension>
        </extensions>
      </trkpt>
      <trkpt lat="23.51507152430713176727294921875" lon="113.22631361894309520721435546875">
        <ele>202.1999969482421875</ele>
        <time>2025-02-16T04:25:27.000Z</time>
        <extensions>
          <ns3:TrackPointExtension>
            <ns3:hr>129</ns3:hr>
            <ns3:cad>0</ns3:cad>
          </ns3:TrackPointExtension>
        </extensions>
      </trkpt>
      <trkpt lat="23.51507194340229034423828125" lon="113.22630858980119228363037109375">
        <ele>202.600006103515625</ele>
        <time>2025-02-16T04:25:32.000Z</time>
        <extensions>
          <ns3:TrackPointExtension>
            <ns3:hr>126</ns3:hr>
            <ns3:cad>0</ns3:cad>
          </ns3:TrackPointExtension>
        </extensions>
      </trkpt>
      <trkpt lat="23.5150768049061298370361328125" lon="113.226301968097686767578125">
        <ele>203.8000030517578125</ele>
        <time>2025-02-16T04:25:35.000Z</time>
        <extensions>
          <ns3:TrackPointExtension>
            <ns3:hr>119</ns3:hr>
            <ns3:cad>61</ns3:cad>
          </ns3:TrackPointExtension>
        </extensions>
      </trkpt>
      <trkpt lat="23.5150781460106372833251953125" lon="113.22630138136446475982666015625">
        <ele>203.8000030517578125</ele>
        <time>2025-02-16T04:25:37.000Z</time>
        <extensions>
          <ns3:TrackPointExtension>
            <ns3:hr>114</ns3:hr>
            <ns3:cad>0</ns3:cad>
          </ns3:TrackPointExtension>
        </extensions>
      </trkpt>
      <trkpt lat="23.51507864892482757568359375" lon="113.226300962269306182861328125">
        <ele>204</ele>
        <time>2025-02-16T04:25:38.000Z</time>
        <extensions>
          <ns3:TrackPointExtension>
            <ns3:hr>117</ns3:hr>
            <ns3:cad>61</ns3:cad>
          </ns3:TrackPointExtension>
        </extensions>
      </trkpt>
      <trkpt lat="23.515077643096446990966796875" lon="113.22629551403224468231201171875">
        <ele>204.399993896484375</ele>
        <time>2025-02-16T04:25:41.000Z</time>
        <extensions>
          <ns3:TrackPointExtension>
            <ns3:hr>120</ns3:hr>
            <ns3:cad>0</ns3:cad>
          </ns3:TrackPointExtension>
        </extensions>
      </trkpt>
      <trkpt lat="23.5150726139545440673828125" lon="113.22628729976713657379150390625">
        <ele>204.600006103515625</ele>
        <time>2025-02-16T04:25:47.000Z</time>
        <extensions>
          <ns3:TrackPointExtension>
            <ns3:hr>128</ns3:hr>
            <ns3:cad>61</ns3:cad>
          </ns3:TrackPointExtension>
        </extensions>
      </trkpt>
      <trkpt lat="23.5150764696300029754638671875" lon="113.22628277353942394256591796875">
        <ele>205.1999969482421875</ele>
        <time>2025-02-16T04:25:48.000Z</time>
        <extensions>
          <ns3:TrackPointExtension>
            <ns3:hr>128</ns3:hr>
            <ns3:cad>61</ns3:cad>
          </ns3:TrackPointExtension>
        </extensions>
      </trkpt>
      <trkpt lat="23.5150774754583835601806640625" lon="113.2262847013771533966064453125">
        <ele>205.1999969482421875</ele>
        <time>2025-02-16T04:25:50.000Z</time>
        <extensions>
          <ns3:TrackPointExtension>
            <ns3:hr>124</ns3:hr>
            <ns3:cad>0</ns3:cad>
          </ns3:TrackPointExtension>
        </extensions>
      </trkpt>
      <trkpt lat="23.515080325305461883544921875" lon="113.226277828216552734375">
        <ele>206</ele>
        <time>2025-02-16T04:25:52.000Z</time>
        <extensions>
          <ns3:TrackPointExtension>
            <ns3:hr>129</ns3:hr>
            <ns3:cad>0</ns3:cad>
          </ns3:TrackPointExtension>
        </extensions>
      </trkpt>
      <trkpt lat="23.51508133113384246826171875" lon="113.22626852430403232574462890625">
        <ele>206.8000030517578125</ele>
        <time>2025-02-16T04:25:55.000Z</time>
        <extensions>
          <ns3:TrackPointExtension>
            <ns3:hr>133</ns3:hr>
            <ns3:cad>0</ns3:cad>
          </ns3:TrackPointExtension>
        </extensions>
      </trkpt>
      <trkpt lat="23.5150835104286670684814453125" lon="113.2262622378766536712646484375">
        <ele>207.600006103515625</ele>
        <time>2025-02-16T04:25:57.000Z</time>
        <extensions>
          <ns3:TrackPointExtension>
            <ns3:hr>130</ns3:hr>
            <ns3:cad>0</ns3:cad>
          </ns3:TrackPointExtension>
        </extensions>
      </trkpt>
      <trkpt lat="23.51508258841931819915771484375" lon="113.22625863365828990936279296875">
        <ele>207.8000030517578125</ele>
        <time>2025-02-16T04:25:58.000Z</time>
        <extensions>
          <ns3:TrackPointExtension>
            <ns3:hr>135</ns3:hr>
            <ns3:cad>0</ns3:cad>
          </ns3:TrackPointExtension>
        </extensions>
      </trkpt>
      <trkpt lat="23.51511578075587749481201171875" lon="113.2262330688536167144775390625">
        <ele>213</ele>
        <time>2025-02-16T04:26:12.000Z</time>
        <extensions>
          <ns3:TrackPointExtension>
            <ns3:hr>133</ns3:hr>
            <ns3:cad>78</ns3:cad>
          </ns3:TrackPointExtension>
        </extensions>
      </trkpt>
      <trkpt lat="23.51512567140161991119384765625" lon="113.226224519312381744384765625">
        <ele>214.600006103515625</ele>
        <time>2025-02-16T04:26:13.000Z</time>
        <extensions>
          <ns3:TrackPointExtension>
            <ns3:hr>136</ns3:hr>
            <ns3:cad>0</ns3:cad>
          </ns3:TrackPointExtension>
        </extensions>
      </trkpt>
      <trkpt lat="23.515135310590267181396484375" lon="113.22621840052306652069091796875">
        <ele>216</ele>
        <time>2025-02-16T04:26:17.000Z</time>
        <extensions>
          <ns3:TrackPointExtension>
            <ns3:hr>133</ns3:hr>
            <ns3:cad>0</ns3:cad>
          </ns3:TrackPointExtension>
        </extensions>
      </trkpt>
      <trkpt lat="23.51513941772282123565673828125" lon="113.22621119208633899688720703125">
        <ele>217</ele>
        <time>2025-02-16T04:26:18.000Z</time>
        <extensions>
          <ns3:TrackPointExtension>
            <ns3:hr>136</ns3:hr>
            <ns3:cad>0</ns3:cad>
          </ns3:TrackPointExtension>
        </extensions>
      </trkpt>
      <trkpt lat="23.51514033973217010498046875" lon="113.22624421678483486175537109375">
        <ele>214.399993896484375</ele>
        <time>2025-02-16T04:26:20.000Z</time>
        <extensions>
          <ns3:TrackPointExtension>
            <ns3:hr>141</ns3:hr>
            <ns3:cad>0</ns3:cad>
          </ns3:TrackPointExtension>
        </extensions>
      </trkpt>
      <trkpt lat="23.51514092646539211273193359375" lon="113.22624404914677143096923828125">
        <ele>214.399993896484375</ele>
        <time>2025-02-16T04:26:21.000Z</time>
        <extensions>
          <ns3:TrackPointExtension>
            <ns3:hr>147</ns3:hr>
            <ns3:cad>0</ns3:cad>
          </ns3:TrackPointExtension>
        </extensions>
      </trkpt>
      <trkpt lat="23.5151428543031215667724609375" lon="113.22624388150870800018310546875">
        <ele>214.600006103515625</ele>
        <time>2025-02-16T04:26:22.000Z</time>
        <extensions>
          <ns3:TrackPointExtension>
            <ns3:hr>151</ns3:hr>
            <ns3:cad>0</ns3:cad>
          </ns3:TrackPointExtension>
        </extensions>
      </trkpt>
      <trkpt lat="23.5151428543031215667724609375" lon="113.22624388150870800018310546875">
        <ele>214.600006103515625</ele>
        <time>2025-02-16T04:26:23.000Z</time>
        <extensions>
          <ns3:TrackPointExtension>
            <ns3:hr>156</ns3:hr>
            <ns3:cad>0</ns3:cad>
          </ns3:TrackPointExtension>
        </extensions>
      </trkpt>
      <trkpt lat="23.5151260904967784881591796875" lon="113.22624220512807369232177734375">
        <ele>213.1999969482421875</ele>
        <time>2025-02-16T04:26:24.000Z</time>
        <extensions>
          <ns3:TrackPointExtension>
            <ns3:hr>172</ns3:hr>
            <ns3:cad>0</ns3:cad>
          </ns3:TrackPointExtension>
        </extensions>
      </trkpt>
      <trkpt lat="23.51513355039060115814208984375" lon="113.2262357510626316070556640625">
        <ele>214.399993896484375</ele>
        <time>2025-02-16T04:26:31.000Z</time>
        <extensions>
          <ns3:TrackPointExtension>
            <ns3:hr>169</ns3:hr>
            <ns3:cad>61</ns3:cad>
          </ns3:TrackPointExtension>
        </extensions>
      </trkpt>
      <trkpt lat="23.5151396691799163818359375" lon="113.2262293808162212371826171875">
        <ele>215.600006103515625</ele>
        <time>2025-02-16T04:26:38.000Z</time>
        <extensions>
          <ns3:TrackPointExtension>
            <ns3:hr>166</ns3:hr>
            <ns3:cad>61</ns3:cad>
          </ns3:TrackPointExtension>
        </extensions>
      </trkpt>
      <trkpt lat="23.51514293812215328216552734375" lon="113.226235918700695037841796875">
        <ele>215.399993896484375</ele>
        <time>2025-02-16T04:26:41.000Z</time>
        <extensions>
          <ns3:TrackPointExtension>
            <ns3:hr>162</ns3:hr>
            <ns3:cad>0</ns3:cad>
          </ns3:TrackPointExtension>
        </extensions>
      </trkpt>
      <trkpt lat="23.51514779962599277496337890625" lon="113.22624438442289829254150390625">
        <ele>215.1999969482421875</ele>
        <time>2025-02-16T04:26:43.000Z</time>
        <extensions>
          <ns3:TrackPointExtension>
            <ns3:hr>159</ns3:hr>
            <ns3:cad>0</ns3:cad>
          </ns3:TrackPointExtension>
        </extensions>
      </trkpt>
      <trkpt lat="23.51514260284602642059326171875" lon="113.226241283118724822998046875">
        <ele>214.8000030517578125</ele>
        <time>2025-02-16T04:26:46.000Z</time>
        <extensions>
          <ns3:TrackPointExtension>
            <ns3:hr>156</ns3:hr>
            <ns3:cad>0</ns3:cad>
          </ns3:TrackPointExtension>
        </extensions>
      </trkpt>
      <trkpt lat="23.5151438601315021514892578125" lon="113.2262411154806613922119140625">
        <ele>215</ele>
        <time>2025-02-16T04:26:48.000Z</time>
        <extensions>
          <ns3:TrackPointExtension>
            <ns3:hr>152</ns3:hr>
            <ns3:cad>0</ns3:cad>
          </ns3:TrackPointExtension>
        </extensions>
      </trkpt>
      <trkpt lat="23.515145368874073028564453125" lon="113.22624027729034423828125">
        <ele>215.1999969482421875</ele>
        <time>2025-02-16T04:26:50.000Z</time>
        <extensions>
          <ns3:TrackPointExtension>
            <ns3:hr>149</ns3:hr>
            <ns3:cad>61</ns3:cad>
          </ns3:TrackPointExtension>
        </extensions>
      </trkpt>
      <trkpt lat="23.51514511741697788238525390625" lon="113.22623960673809051513671875">
        <ele>215.1999969482421875</ele>
        <time>2025-02-16T04:26:52.000Z</time>
        <extensions>
          <ns3:TrackPointExtension>
            <ns3:hr>146</ns3:hr>
            <ns3:cad>0</ns3:cad>
          </ns3:TrackPointExtension>
        </extensions>
      </trkpt>
      <trkpt lat="23.515145368874073028564453125" lon="113.22623264975845813751220703125">
        <ele>215.8000030517578125</ele>
        <time>2025-02-16T04:26:54.000Z</time>
        <extensions>
          <ns3:TrackPointExtension>
            <ns3:hr>143</ns3:hr>
            <ns3:cad>0</ns3:cad>
          </ns3:TrackPointExtension>
        </extensions>
      </trkpt>
      <trkpt lat="23.515140004456043243408203125" lon="113.22622887790203094482421875">
        <ele>215.600006103515625</ele>
        <time>2025-02-16T04:26:57.000Z</time>
        <extensions>
          <ns3:TrackPointExtension>
            <ns3:hr>139</ns3:hr>
            <ns3:cad>46</ns3:cad>
          </ns3:TrackPointExtension>
        </extensions>
      </trkpt>
      <trkpt lat="23.5151421837508678436279296875" lon="113.2262287102639675140380859375">
        <ele>215.8000030517578125</ele>
        <time>2025-02-16T04:27:01.000Z</time>
        <extensions>
          <ns3:TrackPointExtension>
            <ns3:hr>136</ns3:hr>
            <ns3:cad>0</ns3:cad>
          </ns3:TrackPointExtension>
        </extensions>
      </trkpt>
      <trkpt lat="23.51514302194118499755859375" lon="113.22622954845428466796875">
        <ele>215.8000030517578125</ele>
        <time>2025-02-16T04:27:03.000Z</time>
        <extensions>
          <ns3:TrackPointExtension>
            <ns3:hr>133</ns3:hr>
            <ns3:cad>0</ns3:cad>
          </ns3:TrackPointExtension>
        </extensions>
      </trkpt>
      <trkpt lat="23.51514168083667755126953125" lon="113.226231895387172698974609375">
        <ele>215.600006103515625</ele>
        <time>2025-02-16T04:27:09.000Z</time>
        <extensions>
          <ns3:TrackPointExtension>
            <ns3:hr>142</ns3:hr>
            <ns3:cad>0</ns3:cad>
          </ns3:TrackPointExtension>
        </extensions>
      </trkpt>
      <trkpt lat="23.51514008827507495880126953125" lon="113.22623156011104583740234375">
        <ele>215.399993896484375</ele>
        <time>2025-02-16T04:27:10.000Z</time>
        <extensions>
          <ns3:TrackPointExtension>
            <ns3:hr>161</ns3:hr>
            <ns3:cad>0</ns3:cad>
          </ns3:TrackPointExtension>
        </extensions>
      </trkpt>
      <trkpt lat="23.5151428543031215667724609375" lon="113.22623181156814098358154296875">
        <ele>215.600006103515625</ele>
        <time>2025-02-16T04:27:11.000Z</time>
        <extensions>
          <ns3:TrackPointExtension>
            <ns3:hr>165</ns3:hr>
            <ns3:cad>0</ns3:cad>
          </ns3:TrackPointExtension>
        </extensions>
      </trkpt>
      <trkpt lat="23.51514729671180248260498046875" lon="113.2262374274432659149169921875">
        <ele>215.600006103515625</ele>
        <time>2025-02-16T04:27:14.000Z</time>
        <extensions>
          <ns3:TrackPointExtension>
            <ns3:hr>168</ns3:hr>
            <ns3:cad>61</ns3:cad>
          </ns3:TrackPointExtension>
        </extensions>
      </trkpt>
      <trkpt lat="23.51515115238726139068603515625" lon="113.22623969055712223052978515625">
        <ele>215.8000030517578125</ele>
        <time>2025-02-16T04:27:16.000Z</time>
        <extensions>
          <ns3:TrackPointExtension>
            <ns3:hr>165</ns3:hr>
            <ns3:cad>0</ns3:cad>
          </ns3:TrackPointExtension>
        </extensions>
      </trkpt>
      <trkpt lat="23.51515132002532482147216796875" lon="113.22623985819518566131591796875">
        <ele>215.8000030517578125</ele>
        <time>2025-02-16T04:27:19.000Z</time>
        <extensions>
          <ns3:TrackPointExtension>
            <ns3:hr>159</ns3:hr>
            <ns3:cad>0</ns3:cad>
          </ns3:TrackPointExtension>
        </extensions>
      </trkpt>
      <trkpt lat="23.51515115238726139068603515625" lon="113.22623960673809051513671875">
        <ele>215.8000030517578125</ele>
        <time>2025-02-16T04:27:20.000Z</time>
        <extensions>
          <ns3:TrackPointExtension>
            <ns3:hr>155</ns3:hr>
            <ns3:cad>61</ns3:cad>
          </ns3:TrackPointExtension>
        </extensions>
      </trkpt>
      <trkpt lat="23.51514880545437335968017578125" lon="113.226237259805202484130859375">
        <ele>215.8000030517578125</ele>
        <time>2025-02-16T04:27:22.000Z</time>
        <extensions>
          <ns3:TrackPointExtension>
            <ns3:hr>151</ns3:hr>
            <ns3:cad>61</ns3:cad>
          </ns3:TrackPointExtension>
        </extensions>
      </trkpt>
      <trkpt lat="23.5151482187211513519287109375" lon="113.22623700834810733795166015625">
        <ele>215.8000030517578125</ele>
        <time>2025-02-16T04:27:23.000Z</time>
        <extensions>
          <ns3:TrackPointExtension>
            <ns3:hr>148</ns3:hr>
            <ns3:cad>61</ns3:cad>
          </ns3:TrackPointExtension>
        </extensions>
      </trkpt>
      <trkpt lat="23.51514545269310474395751953125" lon="113.22617967613041400909423828125">
        <ele>220.1999969482421875</ele>
        <time>2025-02-16T04:27:36.000Z</time>
        <extensions>
          <ns3:TrackPointExtension>
            <ns3:hr>145</ns3:hr>
            <ns3:cad>0</ns3:cad>
          </ns3:TrackPointExtension>
        </extensions>
      </trkpt>
      <trkpt lat="23.51512248627841472625732421875" lon="113.22614648379385471343994140625">
        <ele>220.600006103515625</ele>
        <time>2025-02-16T04:27:46.000Z</time>
        <extensions>
          <ns3:TrackPointExtension>
            <ns3:hr>142</ns3:hr>
            <ns3:cad>42</ns3:cad>
          </ns3:TrackPointExtension>
        </extensions>
      </trkpt>
      <trkpt lat="23.515125922858715057373046875" lon="113.22614279575645923614501953125">
        <ele>220.8000030517578125</ele>
        <time>2025-02-16T04:27:57.000Z</time>
        <extensions>
          <ns3:TrackPointExtension>
            <ns3:hr>139</ns3:hr>
            <ns3:cad>0</ns3:cad>
          </ns3:TrackPointExtension>
        </extensions>
      </trkpt>
      <trkpt lat="23.51508946157991886138916015625" lon="113.226158805191516876220703125">
        <ele>216.8000030517578125</ele>
        <time>2025-02-16T04:28:37.000Z</time>
        <extensions>
          <ns3:TrackPointExtension>
            <ns3:hr>139</ns3:hr>
            <ns3:cad>0</ns3:cad>
          </ns3:TrackPointExtension>
        </extensions>
      </trkpt>
      <trkpt lat="23.51501838304102420806884765625" lon="113.2261479087173938751220703125">
        <ele>211</ele>
        <time>2025-02-16T04:29:01.000Z</time>
        <extensions>
          <ns3:TrackPointExtension>
            <ns3:hr>142</ns3:hr>
            <ns3:cad>63</ns3:cad>
          </ns3:TrackPointExtension>
        </extensions>
      </trkpt>
      <trkpt lat="23.51501050405204296112060546875" lon="113.2261730544269084930419921875">
        <ele>208.1999969482421875</ele>
        <time>2025-02-16T04:29:15.000Z</time>
        <extensions>
          <ns3:TrackPointExtension>
            <ns3:hr>145</ns3:hr>
            <ns3:cad>0</ns3:cad>
          </ns3:TrackPointExtension>
        </extensions>
      </trkpt>
      <trkpt lat="23.51501033641397953033447265625" lon="113.22617255151271820068359375">
        <ele>208.1999969482421875</ele>
        <time>2025-02-16T04:29:23.000Z</time>
        <extensions>
          <ns3:TrackPointExtension>
            <ns3:hr>142</ns3:hr>
            <ns3:cad>0</ns3:cad>
          </ns3:TrackPointExtension>
        </extensions>
      </trkpt>
      <trkpt lat="23.51500882767140865325927734375" lon="113.226172886788845062255859375">
        <ele>208</ele>
        <time>2025-02-16T04:29:31.000Z</time>
        <extensions>
          <ns3:TrackPointExtension>
            <ns3:hr>139</ns3:hr>
            <ns3:cad>0</ns3:cad>
          </ns3:TrackPointExtension>
        </extensions>
      </trkpt>
      <trkpt lat="23.51500899530947208404541015625" lon="113.22617121040821075439453125">
        <ele>208.1999969482421875</ele>
        <time>2025-02-16T04:29:47.000Z</time>
        <extensions>
          <ns3:TrackPointExtension>
            <ns3:hr>136</ns3:hr>
            <ns3:cad>0</ns3:cad>
          </ns3:TrackPointExtension>
        </extensions>
      </trkpt>
      <trkpt lat="23.515008576214313507080078125" lon="113.22617095895111560821533203125">
        <ele>208.1999969482421875</ele>
        <time>2025-02-16T04:29:56.000Z</time>
        <extensions>
          <ns3:TrackPointExtension>
            <ns3:hr>147</ns3:hr>
            <ns3:cad>0</ns3:cad>
          </ns3:TrackPointExtension>
        </extensions>
      </trkpt>
      <trkpt lat="23.51500882767140865325927734375" lon="113.226170875132083892822265625">
        <ele>208.1999969482421875</ele>
        <time>2025-02-16T04:29:57.000Z</time>
        <extensions>
          <ns3:TrackPointExtension>
            <ns3:hr>151</ns3:hr>
            <ns3:cad>0</ns3:cad>
          </ns3:TrackPointExtension>
        </extensions>
      </trkpt>
      <trkpt lat="23.51500882767140865325927734375" lon="113.226170875132083892822265625">
        <ele>208.1999969482421875</ele>
        <time>2025-02-16T04:29:58.000Z</time>
        <extensions>
          <ns3:TrackPointExtension>
            <ns3:hr>154</ns3:hr>
            <ns3:cad>0</ns3:cad>
          </ns3:TrackPointExtension>
        </extensions>
      </trkpt>
      <trkpt lat="23.51500882767140865325927734375" lon="113.22617095895111560821533203125">
        <ele>208.1999969482421875</ele>
        <time>2025-02-16T04:30:01.000Z</time>
        <extensions>
          <ns3:TrackPointExtension>
            <ns3:hr>150</ns3:hr>
            <ns3:cad>0</ns3:cad>
          </ns3:TrackPointExtension>
        </extensions>
      </trkpt>
      <trkpt lat="23.51500891149044036865234375" lon="113.22617095895111560821533203125">
        <ele>208.1999969482421875</ele>
        <time>2025-02-16T04:30:03.000Z</time>
        <extensions>
          <ns3:TrackPointExtension>
            <ns3:hr>144</ns3:hr>
            <ns3:cad>0</ns3:cad>
          </ns3:TrackPointExtension>
        </extensions>
      </trkpt>
      <trkpt lat="23.51500891149044036865234375" lon="113.22617095895111560821533203125">
        <ele>208.1999969482421875</ele>
        <time>2025-02-16T04:30:06.000Z</time>
        <extensions>
          <ns3:TrackPointExtension>
            <ns3:hr>140</ns3:hr>
            <ns3:cad>0</ns3:cad>
          </ns3:TrackPointExtension>
        </extensions>
      </trkpt>
      <trkpt lat="23.51500849239528179168701171875" lon="113.226173222064971923828125">
        <ele>208</ele>
        <time>2025-02-16T04:30:14.000Z</time>
        <extensions>
          <ns3:TrackPointExtension>
            <ns3:hr>135</ns3:hr>
            <ns3:cad>0</ns3:cad>
          </ns3:TrackPointExtension>
        </extensions>
      </trkpt>
      <trkpt lat="23.515008576214313507080078125" lon="113.226173222064971923828125">
        <ele>208</ele>
        <time>2025-02-16T04:30:17.000Z</time>
        <extensions>
          <ns3:TrackPointExtension>
            <ns3:hr>138</ns3:hr>
            <ns3:cad>0</ns3:cad>
          </ns3:TrackPointExtension>
        </extensions>
      </trkpt>
      <trkpt lat="23.5150067321956157684326171875" lon="113.22617364116013050079345703125">
        <ele>207.8000030517578125</ele>
        <time>2025-02-16T04:30:23.000Z</time>
        <extensions>
          <ns3:TrackPointExtension>
            <ns3:hr>141</ns3:hr>
            <ns3:cad>0</ns3:cad>
          </ns3:TrackPointExtension>
        </extensions>
      </trkpt>
      <trkpt lat="23.51500664837658405303955078125" lon="113.22617313824594020843505859375">
        <ele>207.8000030517578125</ele>
        <time>2025-02-16T04:30:34.000Z</time>
        <extensions>
          <ns3:TrackPointExtension>
            <ns3:hr>138</ns3:hr>
            <ns3:cad>0</ns3:cad>
          </ns3:TrackPointExtension>
        </extensions>
      </trkpt>
      <trkpt lat="23.5150055587291717529296875" lon="113.22617196477949619293212890625">
        <ele>207.8000030517578125</ele>
        <time>2025-02-16T04:30:50.000Z</time>
        <extensions>
          <ns3:TrackPointExtension>
            <ns3:hr>135</ns3:hr>
            <ns3:cad>0</ns3:cad>
          </ns3:TrackPointExtension>
        </extensions>
      </trkpt>
      <trkpt lat="23.51500480435788631439208984375" lon="113.226168863475322723388671875">
        <ele>208</ele>
        <time>2025-02-16T04:30:53.000Z</time>
        <extensions>
          <ns3:TrackPointExtension>
            <ns3:hr>132</ns3:hr>
            <ns3:cad>0</ns3:cad>
          </ns3:TrackPointExtension>
        </extensions>
      </trkpt>
      <trkpt lat="23.51500513963401317596435546875" lon="113.22617129422724246978759765625">
        <ele>207.8000030517578125</ele>
        <time>2025-02-16T04:30:56.000Z</time>
        <extensions>
          <ns3:TrackPointExtension>
            <ns3:hr>129</ns3:hr>
            <ns3:cad>0</ns3:cad>
          </ns3:TrackPointExtension>
        </extensions>
      </trkpt>
      <trkpt lat="23.51500396616756916046142578125" lon="113.22617079131305217742919921875">
        <ele>207.8000030517578125</ele>
        <time>2025-02-16T04:31:07.000Z</time>
        <extensions>
          <ns3:TrackPointExtension>
            <ns3:hr>133</ns3:hr>
            <ns3:cad>0</ns3:cad>
          </ns3:TrackPointExtension>
        </extensions>
      </trkpt>
      <trkpt lat="23.51500296033918857574462890625" lon="113.226170875132083892822265625">
        <ele>207.8000030517578125</ele>
        <time>2025-02-16T04:31:10.000Z</time>
        <extensions>
          <ns3:TrackPointExtension>
            <ns3:hr>128</ns3:hr>
            <ns3:cad>0</ns3:cad>
          </ns3:TrackPointExtension>
        </extensions>
      </trkpt>
      <trkpt lat="23.5149963386356830596923828125" lon="113.22617632336914539337158203125">
        <ele>207</ele>
        <time>2025-02-16T04:31:23.000Z</time>
        <extensions>
          <ns3:TrackPointExtension>
            <ns3:hr>125</ns3:hr>
            <ns3:cad>0</ns3:cad>
          </ns3:TrackPointExtension>
        </extensions>
      </trkpt>
      <trkpt lat="23.51501050405204296112060546875" lon="113.22617364116013050079345703125">
        <ele>208.1999969482421875</ele>
        <time>2025-02-16T04:31:34.000Z</time>
        <extensions>
          <ns3:TrackPointExtension>
            <ns3:hr>122</ns3:hr>
            <ns3:cad>0</ns3:cad>
          </ns3:TrackPointExtension>
        </extensions>
      </trkpt>
      <trkpt lat="23.515008576214313507080078125" lon="113.22617523372173309326171875">
        <ele>207.8000030517578125</ele>
        <time>2025-02-16T04:31:36.000Z</time>
        <extensions>
          <ns3:TrackPointExtension>
            <ns3:hr>118</ns3:hr>
            <ns3:cad>0</ns3:cad>
          </ns3:TrackPointExtension>
        </extensions>
      </trkpt>
      <trkpt lat="23.51500547491014003753662109375" lon="113.226170875132083892822265625">
        <ele>207.8000030517578125</ele>
        <time>2025-02-16T04:31:44.000Z</time>
        <extensions>
          <ns3:TrackPointExtension>
            <ns3:hr>112</ns3:hr>
            <ns3:cad>0</ns3:cad>
          </ns3:TrackPointExtension>
        </extensions>
      </trkpt>
      <trkpt lat="23.51500513963401317596435546875" lon="113.22616123594343662261962890625">
        <ele>208.600006103515625</ele>
        <time>2025-02-16T04:31:55.000Z</time>
        <extensions>
          <ns3:TrackPointExtension>
            <ns3:hr>115</ns3:hr>
            <ns3:cad>0</ns3:cad>
          </ns3:TrackPointExtension>
        </extensions>
      </trkpt>
      <trkpt lat="23.5149949975311756134033203125" lon="113.2261599786579608917236328125">
        <ele>208.1999969482421875</ele>
        <time>2025-02-16T04:31:59.000Z</time>
        <extensions>
          <ns3:TrackPointExtension>
            <ns3:hr>118</ns3:hr>
            <ns3:cad>61</ns3:cad>
          </ns3:TrackPointExtension>
        </extensions>
      </trkpt>
      <trkpt lat="23.51498602889478206634521484375" lon="113.2261690311133861541748046875">
        <ele>207.1999969482421875</ele>
        <time>2025-02-16T04:32:07.000Z</time>
        <extensions>
          <ns3:TrackPointExtension>
            <ns3:hr>130</ns3:hr>
            <ns3:cad>0</ns3:cad>
          </ns3:TrackPointExtension>
        </extensions>
      </trkpt>
      <trkpt lat="23.51498736999928951263427734375" lon="113.22616978548467159271240234375">
        <ele>207.1999969482421875</ele>
        <time>2025-02-16T04:32:08.000Z</time>
        <extensions>
          <ns3:TrackPointExtension>
            <ns3:hr>135</ns3:hr>
            <ns3:cad>0</ns3:cad>
          </ns3:TrackPointExtension>
        </extensions>
      </trkpt>
      <trkpt lat="23.51498703472316265106201171875" lon="113.22616986930370330810546875">
        <ele>207</ele>
        <time>2025-02-16T04:32:09.000Z</time>
        <extensions>
          <ns3:TrackPointExtension>
            <ns3:hr>138</ns3:hr>
            <ns3:cad>0</ns3:cad>
          </ns3:TrackPointExtension>
        </extensions>
      </trkpt>
      <trkpt lat="23.514991141855716705322265625" lon="113.2261730544269084930419921875">
        <ele>207</ele>
        <time>2025-02-16T04:32:15.000Z</time>
        <extensions>
          <ns3:TrackPointExtension>
            <ns3:hr>133</ns3:hr>
            <ns3:cad>0</ns3:cad>
          </ns3:TrackPointExtension>
        </extensions>
      </trkpt>
      <trkpt lat="23.51498477160930633544921875" lon="113.22617716155946254730224609375">
        <ele>206.399993896484375</ele>
        <time>2025-02-16T04:32:22.000Z</time>
        <extensions>
          <ns3:TrackPointExtension>
            <ns3:hr>136</ns3:hr>
            <ns3:cad>0</ns3:cad>
          </ns3:TrackPointExtension>
        </extensions>
      </trkpt>
      <trkpt lat="23.5149876214563846588134765625" lon="113.22617657482624053955078125">
        <ele>206.600006103515625</ele>
        <time>2025-02-16T04:32:23.000Z</time>
        <extensions>
          <ns3:TrackPointExtension>
            <ns3:hr>133</ns3:hr>
            <ns3:cad>0</ns3:cad>
          </ns3:TrackPointExtension>
        </extensions>
      </trkpt>
      <trkpt lat="23.5149842686951160430908203125" lon="113.22617799974977970123291015625">
        <ele>206.399993896484375</ele>
        <time>2025-02-16T04:32:29.000Z</time>
        <extensions>
          <ns3:TrackPointExtension>
            <ns3:hr>130</ns3:hr>
            <ns3:cad>0</ns3:cad>
          </ns3:TrackPointExtension>
        </extensions>
      </trkpt>
      <trkpt lat="23.51498485542833805084228515625" lon="113.22617934085428714752197265625">
        <ele>206.1999969482421875</ele>
        <time>2025-02-16T04:32:38.000Z</time>
        <extensions>
          <ns3:TrackPointExtension>
            <ns3:hr>133</ns3:hr>
            <ns3:cad>0</ns3:cad>
          </ns3:TrackPointExtension>
        </extensions>
      </trkpt>
      <trkpt lat="23.5149872861802577972412109375" lon="113.226178921759128570556640625">
        <ele>206.399993896484375</ele>
        <time>2025-02-16T04:32:42.000Z</time>
        <extensions>
          <ns3:TrackPointExtension>
            <ns3:hr>129</ns3:hr>
            <ns3:cad>0</ns3:cad>
          </ns3:TrackPointExtension>
        </extensions>
      </trkpt>
      <trkpt lat="23.51498452015221118927001953125" lon="113.22617867030203342437744140625">
        <ele>206.1999969482421875</ele>
        <time>2025-02-16T04:32:48.000Z</time>
        <extensions>
          <ns3:TrackPointExtension>
            <ns3:hr>126</ns3:hr>
            <ns3:cad>0</ns3:cad>
          </ns3:TrackPointExtension>
        </extensions>
      </trkpt>
      <trkpt lat="23.5149825923144817352294921875" lon="113.22617682628333568572998046875">
        <ele>206.399993896484375</ele>
        <time>2025-02-16T04:33:22.000Z</time>
        <extensions>
          <ns3:TrackPointExtension>
            <ns3:hr>121</ns3:hr>
            <ns3:cad>0</ns3:cad>
          </ns3:TrackPointExtension>
        </extensions>
      </trkpt>
      <trkpt lat="23.51498267613351345062255859375" lon="113.226176910102367401123046875">
        <ele>206.399993896484375</ele>
        <time>2025-02-16T04:33:23.000Z</time>
        <extensions>
          <ns3:TrackPointExtension>
            <ns3:hr>121</ns3:hr>
            <ns3:cad>0</ns3:cad>
          </ns3:TrackPointExtension>
        </extensions>
      </trkpt>
      <trkpt lat="23.514982424676418304443359375" lon="113.22617716155946254730224609375">
        <ele>206.1999969482421875</ele>
        <time>2025-02-16T04:33:30.000Z</time>
        <extensions>
          <ns3:TrackPointExtension>
            <ns3:hr>113</ns3:hr>
            <ns3:cad>0</ns3:cad>
          </ns3:TrackPointExtension>
        </extensions>
      </trkpt>
      <trkpt lat="23.5149846039712429046630859375" lon="113.2261747308075428009033203125">
        <ele>206.600006103515625</ele>
        <time>2025-02-16T04:34:27.000Z</time>
        <extensions>
          <ns3:TrackPointExtension>
            <ns3:hr>116</ns3:hr>
            <ns3:cad>0</ns3:cad>
          </ns3:TrackPointExtension>
        </extensions>
      </trkpt>
      <trkpt lat="23.51505291648209095001220703125" lon="113.22619023732841014862060546875">
        <ele>210.8000030517578125</ele>
        <time>2025-02-16T04:34:52.000Z</time>
        <extensions>
          <ns3:TrackPointExtension>
            <ns3:hr>110</ns3:hr>
            <ns3:cad>0</ns3:cad>
          </ns3:TrackPointExtension>
        </extensions>
      </trkpt>
      <trkpt lat="23.51505677215754985809326171875" lon="113.2261891476809978485107421875">
        <ele>211.1999969482421875</ele>
        <time>2025-02-16T04:34:53.000Z</time>
        <extensions>
          <ns3:TrackPointExtension>
            <ns3:hr>110</ns3:hr>
            <ns3:cad>61</ns3:cad>
          </ns3:TrackPointExtension>
        </extensions>
      </trkpt>
      <trkpt lat="23.51506850682199001312255859375" lon="113.2261784188449382781982421875">
        <ele>213.1999969482421875</ele>
        <time>2025-02-16T04:34:57.000Z</time>
        <extensions>
          <ns3:TrackPointExtension>
            <ns3:hr>113</ns3:hr>
            <ns3:cad>61</ns3:cad>
          </ns3:TrackPointExtension>
        </extensions>
      </trkpt>
      <trkpt lat="23.5150724463164806365966796875" lon="113.226178586483001708984375">
        <ele>213.600006103515625</ele>
        <time>2025-02-16T04:34:58.000Z</time>
        <extensions>
          <ns3:TrackPointExtension>
            <ns3:hr>125</ns3:hr>
            <ns3:cad>61</ns3:cad>
          </ns3:TrackPointExtension>
        </extensions>
      </trkpt>
      <trkpt lat="23.51507236249744892120361328125" lon="113.22618068195879459381103515625">
        <ele>213.399993896484375</ele>
        <time>2025-02-16T04:35:05.000Z</time>
        <extensions>
          <ns3:TrackPointExtension>
            <ns3:hr>128</ns3:hr>
            <ns3:cad>0</ns3:cad>
          </ns3:TrackPointExtension>
        </extensions>
      </trkpt>
      <trkpt lat="23.51507487706840038299560546875" lon="113.22618059813976287841796875">
        <ele>213.600006103515625</ele>
        <time>2025-02-16T04:35:10.000Z</time>
        <extensions>
          <ns3:TrackPointExtension>
            <ns3:hr>125</ns3:hr>
            <ns3:cad>0</ns3:cad>
          </ns3:TrackPointExtension>
        </extensions>
      </trkpt>
      <trkpt lat="23.51507487706840038299560546875" lon="113.22618059813976287841796875">
        <ele>213.600006103515625</ele>
        <time>2025-02-16T04:35:12.000Z</time>
        <extensions>
          <ns3:TrackPointExtension>
            <ns3:hr>128</ns3:hr>
            <ns3:cad>0</ns3:cad>
          </ns3:TrackPointExtension>
        </extensions>
      </trkpt>
      <trkpt lat="23.5150744579732418060302734375" lon="113.22618059813976287841796875">
        <ele>213.600006103515625</ele>
        <time>2025-02-16T04:35:14.000Z</time>
        <extensions>
          <ns3:TrackPointExtension>
            <ns3:hr>125</ns3:hr>
            <ns3:cad>0</ns3:cad>
          </ns3:TrackPointExtension>
        </extensions>
      </trkpt>
      <trkpt lat="23.51507336832582950592041015625" lon="113.2261772453784942626953125">
        <ele>213.8000030517578125</ele>
        <time>2025-02-16T04:35:16.000Z</time>
        <extensions>
          <ns3:TrackPointExtension>
            <ns3:hr>130</ns3:hr>
            <ns3:cad>61</ns3:cad>
          </ns3:TrackPointExtension>
        </extensions>
      </trkpt>
      <trkpt lat="23.51507303304970264434814453125" lon="113.226173222064971923828125">
        <ele>214</ele>
        <time>2025-02-16T04:35:19.000Z</time>
        <extensions>
          <ns3:TrackPointExtension>
            <ns3:hr>133</ns3:hr>
            <ns3:cad>61</ns3:cad>
          </ns3:TrackPointExtension>
        </extensions>
      </trkpt>
      <trkpt lat="23.515068590641021728515625" lon="113.2261814363300800323486328125">
        <ele>213</ele>
        <time>2025-02-16T04:35:29.000Z</time>
        <extensions>
          <ns3:TrackPointExtension>
            <ns3:hr>137</ns3:hr>
            <ns3:cad>0</ns3:cad>
          </ns3:TrackPointExtension>
        </extensions>
      </trkpt>
      <trkpt lat="23.515068590641021728515625" lon="113.22618135251104831695556640625">
        <ele>213</ele>
        <time>2025-02-16T04:35:30.000Z</time>
        <extensions>
          <ns3:TrackPointExtension>
            <ns3:hr>140</ns3:hr>
            <ns3:cad>0</ns3:cad>
          </ns3:TrackPointExtension>
        </extensions>
      </trkpt>
      <trkpt lat="23.51506733335554599761962890625" lon="113.22618235833942890167236328125">
        <ele>212.8000030517578125</ele>
        <time>2025-02-16T04:35:35.000Z</time>
        <extensions>
          <ns3:TrackPointExtension>
            <ns3:hr>137</ns3:hr>
            <ns3:cad>0</ns3:cad>
          </ns3:TrackPointExtension>
        </extensions>
      </trkpt>
      <trkpt lat="23.51506683044135570526123046875" lon="113.22618152014911174774169921875">
        <ele>212.8000030517578125</ele>
        <time>2025-02-16T04:35:38.000Z</time>
        <extensions>
          <ns3:TrackPointExtension>
            <ns3:hr>141</ns3:hr>
            <ns3:cad>0</ns3:cad>
          </ns3:TrackPointExtension>
        </extensions>
      </trkpt>
      <trkpt lat="23.5150674171745777130126953125" lon="113.2261812686920166015625">
        <ele>212.8000030517578125</ele>
        <time>2025-02-16T04:35:39.000Z</time>
        <extensions>
          <ns3:TrackPointExtension>
            <ns3:hr>144</ns3:hr>
            <ns3:cad>0</ns3:cad>
          </ns3:TrackPointExtension>
        </extensions>
      </trkpt>
      <trkpt lat="23.51506867446005344390869140625" lon="113.2261811010539531707763671875">
        <ele>213</ele>
        <time>2025-02-16T04:35:41.000Z</time>
        <extensions>
          <ns3:TrackPointExtension>
            <ns3:hr>141</ns3:hr>
            <ns3:cad>0</ns3:cad>
          </ns3:TrackPointExtension>
        </extensions>
      </trkpt>
      <trkpt lat="23.51506867446005344390869140625" lon="113.2261804305016994476318359375">
        <ele>213</ele>
        <time>2025-02-16T04:35:43.000Z</time>
        <extensions>
          <ns3:TrackPointExtension>
            <ns3:hr>145</ns3:hr>
            <ns3:cad>0</ns3:cad>
          </ns3:TrackPointExtension>
        </extensions>
      </trkpt>
      <trkpt lat="23.5150687582790851593017578125" lon="113.22618084959685802459716796875">
        <ele>213</ele>
        <time>2025-02-16T04:35:44.000Z</time>
        <extensions>
          <ns3:TrackPointExtension>
            <ns3:hr>142</ns3:hr>
            <ns3:cad>0</ns3:cad>
          </ns3:TrackPointExtension>
        </extensions>
      </trkpt>
      <trkpt lat="23.51504252292215824127197265625" lon="113.2261693663895130157470703125">
        <ele>211.399993896484375</ele>
        <time>2025-02-16T04:36:22.000Z</time>
        <extensions>
          <ns3:TrackPointExtension>
            <ns3:hr>139</ns3:hr>
            <ns3:cad>0</ns3:cad>
          </ns3:TrackPointExtension>
        </extensions>
      </trkpt>
      <trkpt lat="23.51504419930279254913330078125" lon="113.2261703722178936004638671875">
        <ele>211.600006103515625</ele>
        <time>2025-02-16T04:36:29.000Z</time>
        <extensions>
          <ns3:TrackPointExtension>
            <ns3:hr>136</ns3:hr>
            <ns3:cad>0</ns3:cad>
          </ns3:TrackPointExtension>
        </extensions>
      </trkpt>
      <trkpt lat="23.51504470221698284149169921875" lon="113.22617389261722564697265625">
        <ele>211.1999969482421875</ele>
        <time>2025-02-16T04:36:31.000Z</time>
        <extensions>
          <ns3:TrackPointExtension>
            <ns3:hr>132</ns3:hr>
            <ns3:cad>0</ns3:cad>
          </ns3:TrackPointExtension>
        </extensions>
      </trkpt>
      <trkpt lat="23.51505040191113948822021484375" lon="113.22618001140654087066650390625">
        <ele>211.399993896484375</ele>
        <time>2025-02-16T04:36:48.000Z</time>
        <extensions>
          <ns3:TrackPointExtension>
            <ns3:hr>129</ns3:hr>
            <ns3:cad>0</ns3:cad>
          </ns3:TrackPointExtension>
        </extensions>
      </trkpt>
      <trkpt lat="23.515050150454044342041015625" lon="113.22617783211171627044677734375">
        <ele>211.399993896484375</ele>
        <time>2025-02-16T04:36:54.000Z</time>
        <extensions>
          <ns3:TrackPointExtension>
            <ns3:hr>122</ns3:hr>
            <ns3:cad>0</ns3:cad>
          </ns3:TrackPointExtension>
        </extensions>
      </trkpt>
      <trkpt lat="23.51504939608275890350341796875" lon="113.226177580654621124267578125">
        <ele>211.399993896484375</ele>
        <time>2025-02-16T04:36:55.000Z</time>
        <extensions>
          <ns3:TrackPointExtension>
            <ns3:hr>123</ns3:hr>
            <ns3:cad>0</ns3:cad>
          </ns3:TrackPointExtension>
        </extensions>
      </trkpt>
      <trkpt lat="23.51504906080663204193115234375" lon="113.22617682628333568572998046875">
        <ele>211.399993896484375</ele>
        <time>2025-02-16T04:36:56.000Z</time>
        <extensions>
          <ns3:TrackPointExtension>
            <ns3:hr>126</ns3:hr>
            <ns3:cad>0</ns3:cad>
          </ns3:TrackPointExtension>
        </extensions>
      </trkpt>
      <trkpt lat="23.5150442831218242645263671875" lon="113.22617523372173309326171875">
        <ele>211.1999969482421875</ele>
        <time>2025-02-16T04:37:01.000Z</time>
        <extensions>
          <ns3:TrackPointExtension>
            <ns3:hr>132</ns3:hr>
            <ns3:cad>61</ns3:cad>
          </ns3:TrackPointExtension>
        </extensions>
      </trkpt>
      <trkpt lat="23.51504034362733364105224609375" lon="113.226168863475322723388671875">
        <ele>211.399993896484375</ele>
        <time>2025-02-16T04:37:10.000Z</time>
        <extensions>
          <ns3:TrackPointExtension>
            <ns3:hr>135</ns3:hr>
            <ns3:cad>0</ns3:cad>
          </ns3:TrackPointExtension>
        </extensions>
      </trkpt>
      <trkpt lat="23.5150476358830928802490234375" lon="113.2261686958372592926025390625">
        <ele>212</ele>
        <time>2025-02-16T04:37:14.000Z</time>
        <extensions>
          <ns3:TrackPointExtension>
            <ns3:hr>130</ns3:hr>
            <ns3:cad>0</ns3:cad>
          </ns3:TrackPointExtension>
        </extensions>
      </trkpt>
      <trkpt lat="23.51504788734018802642822265625" lon="113.226169534027576446533203125">
        <ele>212</ele>
        <time>2025-02-16T04:37:15.000Z</time>
        <extensions>
          <ns3:TrackPointExtension>
            <ns3:hr>130</ns3:hr>
            <ns3:cad>0</ns3:cad>
          </ns3:TrackPointExtension>
        </extensions>
      </trkpt>
      <trkpt lat="23.5150469653308391571044921875" lon="113.22616794146597385406494140625">
        <ele>212</ele>
        <time>2025-02-16T04:37:21.000Z</time>
        <extensions>
          <ns3:TrackPointExtension>
            <ns3:hr>135</ns3:hr>
            <ns3:cad>0</ns3:cad>
          </ns3:TrackPointExtension>
        </extensions>
      </trkpt>
      <trkpt lat="23.51504721678793430328369140625" lon="113.2261676900088787078857421875">
        <ele>212</ele>
        <time>2025-02-16T04:37:22.000Z</time>
        <extensions>
          <ns3:TrackPointExtension>
            <ns3:hr>135</ns3:hr>
            <ns3:cad>0</ns3:cad>
          </ns3:TrackPointExtension>
        </extensions>
      </trkpt>
      <trkpt lat="23.515036068856716156005859375" lon="113.2261676900088787078857421875">
        <ele>211</ele>
        <time>2025-02-16T04:37:34.000Z</time>
        <extensions>
          <ns3:TrackPointExtension>
            <ns3:hr>132</ns3:hr>
            <ns3:cad>0</ns3:cad>
          </ns3:TrackPointExtension>
        </extensions>
      </trkpt>
      <trkpt lat="23.51498435251414775848388671875" lon="113.22617297060787677764892578125">
        <ele>206.8000030517578125</ele>
        <time>2025-02-16T04:37:53.000Z</time>
        <extensions>
          <ns3:TrackPointExtension>
            <ns3:hr>129</ns3:hr>
            <ns3:cad>0</ns3:cad>
          </ns3:TrackPointExtension>
        </extensions>
      </trkpt>
      <trkpt lat="23.51498611271381378173828125" lon="113.22617330588400363922119140625">
        <ele>206.8000030517578125</ele>
        <time>2025-02-16T04:38:00.000Z</time>
        <extensions>
          <ns3:TrackPointExtension>
            <ns3:hr>124</ns3:hr>
            <ns3:cad>0</ns3:cad>
          </ns3:TrackPointExtension>
        </extensions>
      </trkpt>
      <trkpt lat="23.51498535834252834320068359375" lon="113.22617347352206707000732421875">
        <ele>206.8000030517578125</ele>
        <time>2025-02-16T04:38:02.000Z</time>
        <extensions>
          <ns3:TrackPointExtension>
            <ns3:hr>120</ns3:hr>
            <ns3:cad>0</ns3:cad>
          </ns3:TrackPointExtension>
        </extensions>
      </trkpt>
      <trkpt lat="23.514985777437686920166015625" lon="113.2261780835688114166259765625">
        <ele>206.399993896484375</ele>
        <time>2025-02-16T04:38:04.000Z</time>
        <extensions>
          <ns3:TrackPointExtension>
            <ns3:hr>128</ns3:hr>
            <ns3:cad>61</ns3:cad>
          </ns3:TrackPointExtension>
        </extensions>
      </trkpt>
      <trkpt lat="23.5150094144046306610107421875" lon="113.22613189928233623504638671875">
        <ele>211.399993896484375</ele>
        <time>2025-02-16T04:38:26.000Z</time>
        <extensions>
          <ns3:TrackPointExtension>
            <ns3:hr>124</ns3:hr>
            <ns3:cad>0</ns3:cad>
          </ns3:TrackPointExtension>
        </extensions>
      </trkpt>
      <trkpt lat="23.5150070674717426300048828125" lon="113.2261264510452747344970703125">
        <ele>211.8000030517578125</ele>
        <time>2025-02-16T04:38:28.000Z</time>
        <extensions>
          <ns3:TrackPointExtension>
            <ns3:hr>127</ns3:hr>
            <ns3:cad>61</ns3:cad>
          </ns3:TrackPointExtension>
        </extensions>
      </trkpt>
      <trkpt lat="23.51500463671982288360595703125" lon="113.22612284682691097259521484375">
        <ele>211.8000030517578125</ele>
        <time>2025-02-16T04:38:29.000Z</time>
        <extensions>
          <ns3:TrackPointExtension>
            <ns3:hr>130</ns3:hr>
            <ns3:cad>51</ns3:cad>
          </ns3:TrackPointExtension>
        </extensions>
      </trkpt>
      <trkpt lat="23.51500086486339569091796875" lon="113.22611731477081775665283203125">
        <ele>212</ele>
        <time>2025-02-16T04:38:30.000Z</time>
        <extensions>
          <ns3:TrackPointExtension>
            <ns3:hr>130</ns3:hr>
            <ns3:cad>51</ns3:cad>
          </ns3:TrackPointExtension>
        </extensions>
      </trkpt>
      <trkpt lat="23.5149789042770862579345703125" lon="113.2260848768055438995361328125">
        <ele>213.8000030517578125</ele>
        <time>2025-02-16T04:38:36.000Z</time>
        <extensions>
          <ns3:TrackPointExtension>
            <ns3:hr>133</ns3:hr>
            <ns3:cad>51</ns3:cad>
          </ns3:TrackPointExtension>
        </extensions>
      </trkpt>
      <trkpt lat="23.51497664116322994232177734375" lon="113.22607724927365779876708984375">
        <ele>214.399993896484375</ele>
        <time>2025-02-16T04:38:37.000Z</time>
        <extensions>
          <ns3:TrackPointExtension>
            <ns3:hr>130</ns3:hr>
            <ns3:cad>51</ns3:cad>
          </ns3:TrackPointExtension>
        </extensions>
      </trkpt>
      <trkpt lat="23.5149680078029632568359375" lon="113.22605931200087070465087890625">
        <ele>215.399993896484375</ele>
        <time>2025-02-16T04:38:39.000Z</time>
        <extensions>
          <ns3:TrackPointExtension>
            <ns3:hr>133</ns3:hr>
            <ns3:cad>0</ns3:cad>
          </ns3:TrackPointExtension>
        </extensions>
      </trkpt>
      <trkpt lat="23.51496490649878978729248046875" lon="113.2260516844689846038818359375">
        <ele>216</ele>
        <time>2025-02-16T04:38:40.000Z</time>
        <extensions>
          <ns3:TrackPointExtension>
            <ns3:hr>136</ns3:hr>
            <ns3:cad>0</ns3:cad>
          </ns3:TrackPointExtension>
        </extensions>
      </trkpt>
      <trkpt lat="23.5149567760527133941650390625" lon="113.2259953580796718597412109375">
        <ele>220</ele>
        <time>2025-02-16T04:38:48.000Z</time>
        <extensions>
          <ns3:TrackPointExtension>
            <ns3:hr>129</ns3:hr>
            <ns3:cad>61</ns3:cad>
          </ns3:TrackPointExtension>
        </extensions>
      </trkpt>
      <trkpt lat="23.51495132781565189361572265625" lon="113.2259896583855152130126953125">
        <ele>220.1999969482421875</ele>
        <time>2025-02-16T04:38:49.000Z</time>
        <extensions>
          <ns3:TrackPointExtension>
            <ns3:hr>118</ns3:hr>
            <ns3:cad>61</ns3:cad>
          </ns3:TrackPointExtension>
        </extensions>
      </trkpt>
      <trkpt lat="23.514945209026336669921875" lon="113.22598345577716827392578125">
        <ele>220.399993896484375</ele>
        <time>2025-02-16T04:38:50.000Z</time>
        <extensions>
          <ns3:TrackPointExtension>
            <ns3:hr>121</ns3:hr>
            <ns3:cad>61</ns3:cad>
          </ns3:TrackPointExtension>
        </extensions>
      </trkpt>
      <trkpt lat="23.51493556983768939971923828125" lon="113.22596861980855464935302734375">
        <ele>221</ele>
        <time>2025-02-16T04:38:52.000Z</time>
        <extensions>
          <ns3:TrackPointExtension>
            <ns3:hr>118</ns3:hr>
            <ns3:cad>61</ns3:cad>
          </ns3:TrackPointExtension>
        </extensions>
      </trkpt>
      <trkpt lat="23.51492333225905895233154296875" lon="113.22595621459186077117919921875">
        <ele>221.399993896484375</ele>
        <time>2025-02-16T04:38:54.000Z</time>
        <extensions>
          <ns3:TrackPointExtension>
            <ns3:hr>121</ns3:hr>
            <ns3:cad>61</ns3:cad>
          </ns3:TrackPointExtension>
        </extensions>
      </trkpt>
      <trkpt lat="23.5149027965962886810302734375" lon="113.22592981159687042236328125">
        <ele>222.399993896484375</ele>
        <time>2025-02-16T04:38:59.000Z</time>
        <extensions>
          <ns3:TrackPointExtension>
            <ns3:hr>124</ns3:hr>
            <ns3:cad>0</ns3:cad>
          </ns3:TrackPointExtension>
        </extensions>
      </trkpt>
      <trkpt lat="23.51489684544503688812255859375" lon="113.22591816075146198272705078125">
        <ele>222.8000030517578125</ele>
        <time>2025-02-16T04:39:01.000Z</time>
        <extensions>
          <ns3:TrackPointExtension>
            <ns3:hr>127</ns3:hr>
            <ns3:cad>0</ns3:cad>
          </ns3:TrackPointExtension>
        </extensions>
      </trkpt>
      <trkpt lat="23.5148645751178264617919921875" lon="113.22586870752274990081787109375">
        <ele>224.600006103515625</ele>
        <time>2025-02-16T04:39:08.000Z</time>
        <extensions>
          <ns3:TrackPointExtension>
            <ns3:hr>128</ns3:hr>
            <ns3:cad>51</ns3:cad>
          </ns3:TrackPointExtension>
        </extensions>
      </trkpt>
      <trkpt lat="23.5148592106997966766357421875" lon="113.22585730813443660736083984375">
        <ele>225.1999969482421875</ele>
        <time>2025-02-16T04:39:11.000Z</time>
        <extensions>
          <ns3:TrackPointExtension>
            <ns3:hr>131</ns3:hr>
            <ns3:cad>51</ns3:cad>
          </ns3:TrackPointExtension>
        </extensions>
      </trkpt>
      <trkpt lat="23.51485342718660831451416015625" lon="113.2258293963968753814697265625">
        <ele>226.1999969482421875</ele>
        <time>2025-02-16T04:39:22.000Z</time>
        <extensions>
          <ns3:TrackPointExtension>
            <ns3:hr>134</ns3:hr>
            <ns3:cad>0</ns3:cad>
          </ns3:TrackPointExtension>
        </extensions>
      </trkpt>
      <trkpt lat="23.51485376246273517608642578125" lon="113.225830234587192535400390625">
        <ele>226.1999969482421875</ele>
        <time>2025-02-16T04:39:27.000Z</time>
        <extensions>
          <ns3:TrackPointExtension>
            <ns3:hr>137</ns3:hr>
            <ns3:cad>0</ns3:cad>
          </ns3:TrackPointExtension>
        </extensions>
      </trkpt>
      <trkpt lat="23.5148575343191623687744140625" lon="113.22583098895847797393798828125">
        <ele>226.1999969482421875</ele>
        <time>2025-02-16T04:39:36.000Z</time>
        <extensions>
          <ns3:TrackPointExtension>
            <ns3:hr>134</ns3:hr>
            <ns3:cad>0</ns3:cad>
          </ns3:TrackPointExtension>
        </extensions>
      </trkpt>
      <trkpt lat="23.5148504935204982757568359375" lon="113.2258206792175769805908203125">
        <ele>226.600006103515625</ele>
        <time>2025-02-16T04:39:46.000Z</time>
        <extensions>
          <ns3:TrackPointExtension>
            <ns3:hr>131</ns3:hr>
            <ns3:cad>0</ns3:cad>
          </ns3:TrackPointExtension>
        </extensions>
      </trkpt>
      <trkpt lat="23.51484437473118305206298828125" lon="113.22583937086164951324462890625">
        <ele>225.8000030517578125</ele>
        <time>2025-02-16T04:39:53.000Z</time>
        <extensions>
          <ns3:TrackPointExtension>
            <ns3:hr>128</ns3:hr>
            <ns3:cad>0</ns3:cad>
          </ns3:TrackPointExtension>
        </extensions>
      </trkpt>
      <trkpt lat="23.514840938150882720947265625" lon="113.22585378773510456085205078125">
        <ele>225</ele>
        <time>2025-02-16T04:39:57.000Z</time>
        <extensions>
          <ns3:TrackPointExtension>
            <ns3:hr>125</ns3:hr>
            <ns3:cad>0</ns3:cad>
          </ns3:TrackPointExtension>
        </extensions>
      </trkpt>
      <trkpt lat="23.5148535110056400299072265625" lon="113.22590340860188007354736328125">
        <ele>222.399993896484375</ele>
        <time>2025-02-16T04:40:11.000Z</time>
        <extensions>
          <ns3:TrackPointExtension>
            <ns3:hr>128</ns3:hr>
            <ns3:cad>0</ns3:cad>
          </ns3:TrackPointExtension>
        </extensions>
      </trkpt>
      <trkpt lat="23.51485644467175006866455078125" lon="113.2259036600589752197265625">
        <ele>222.600006103515625</ele>
        <time>2025-02-16T04:40:13.000Z</time>
        <extensions>
          <ns3:TrackPointExtension>
            <ns3:hr>131</ns3:hr>
            <ns3:cad>0</ns3:cad>
          </ns3:TrackPointExtension>
        </extensions>
      </trkpt>
      <trkpt lat="23.51485946215689182281494140625" lon="113.22590106166899204254150390625">
        <ele>222.8000030517578125</ele>
        <time>2025-02-16T04:40:16.000Z</time>
        <extensions>
          <ns3:TrackPointExtension>
            <ns3:hr>134</ns3:hr>
            <ns3:cad>0</ns3:cad>
          </ns3:TrackPointExtension>
        </extensions>
      </trkpt>
      <trkpt lat="23.51487077772617340087890625" lon="113.2258971221745014190673828125">
        <ele>223.600006103515625</ele>
        <time>2025-02-16T04:40:19.000Z</time>
        <extensions>
          <ns3:TrackPointExtension>
            <ns3:hr>128</ns3:hr>
            <ns3:cad>0</ns3:cad>
          </ns3:TrackPointExtension>
        </extensions>
      </trkpt>
      <trkpt lat="23.51487857289612293243408203125" lon="113.22588957846164703369140625">
        <ele>224</ele>
        <time>2025-02-16T04:40:20.000Z</time>
        <extensions>
          <ns3:TrackPointExtension>
            <ns3:hr>131</ns3:hr>
            <ns3:cad>0</ns3:cad>
          </ns3:TrackPointExtension>
        </extensions>
      </trkpt>
      <trkpt lat="23.51491813547909259796142578125" lon="113.2258822023868560791015625">
        <ele>224.600006103515625</ele>
        <time>2025-02-16T04:40:28.000Z</time>
        <extensions>
          <ns3:TrackPointExtension>
            <ns3:hr>135</ns3:hr>
            <ns3:cad>0</ns3:cad>
          </ns3:TrackPointExtension>
        </extensions>
      </trkpt>
      <trkpt lat="23.5149323008954524993896484375" lon="113.2258920930325984954833984375">
        <ele>224.399993896484375</ele>
        <time>2025-02-16T04:40:30.000Z</time>
        <extensions>
          <ns3:TrackPointExtension>
            <ns3:hr>135</ns3:hr>
            <ns3:cad>46</ns3:cad>
          </ns3:TrackPointExtension>
        </extensions>
      </trkpt>
      <trkpt lat="23.514948226511478424072265625" lon="113.2258827053010463714599609375">
        <ele>225</ele>
        <time>2025-02-16T04:40:34.000Z</time>
        <extensions>
          <ns3:TrackPointExtension>
            <ns3:hr>138</ns3:hr>
            <ns3:cad>0</ns3:cad>
          </ns3:TrackPointExtension>
        </extensions>
      </trkpt>
      <trkpt lat="23.514948897063732147216796875" lon="113.2258827053010463714599609375">
        <ele>225</ele>
        <time>2025-02-16T04:40:36.000Z</time>
        <extensions>
          <ns3:TrackPointExtension>
            <ns3:hr>143</ns3:hr>
            <ns3:cad>0</ns3:cad>
          </ns3:TrackPointExtension>
        </extensions>
      </trkpt>
      <trkpt lat="23.5149524174630641937255859375" lon="113.22589385323226451873779296875">
        <ele>224.600006103515625</ele>
        <time>2025-02-16T04:40:37.000Z</time>
        <extensions>
          <ns3:TrackPointExtension>
            <ns3:hr>147</ns3:hr>
            <ns3:cad>0</ns3:cad>
          </ns3:TrackPointExtension>
        </extensions>
      </trkpt>
      <trkpt lat="23.51496331393718719482421875" lon="113.225911371409893035888671875">
        <ele>223.8000030517578125</ele>
        <time>2025-02-16T04:40:40.000Z</time>
        <extensions>
          <ns3:TrackPointExtension>
            <ns3:hr>150</ns3:hr>
            <ns3:cad>0</ns3:cad>
          </ns3:TrackPointExtension>
        </extensions>
      </trkpt>
      <trkpt lat="23.5149805806577205657958984375" lon="113.22592117823660373687744140625">
        <ele>223.600006103515625</ele>
        <time>2025-02-16T04:40:47.000Z</time>
        <extensions>
          <ns3:TrackPointExtension>
            <ns3:hr>147</ns3:hr>
            <ns3:cad>0</ns3:cad>
          </ns3:TrackPointExtension>
        </extensions>
      </trkpt>
      <trkpt lat="23.51500715129077434539794921875" lon="113.22592805139720439910888671875">
        <ele>223.8000030517578125</ele>
        <time>2025-02-16T04:40:56.000Z</time>
        <extensions>
          <ns3:TrackPointExtension>
            <ns3:hr>144</ns3:hr>
            <ns3:cad>61</ns3:cad>
          </ns3:TrackPointExtension>
        </extensions>
      </trkpt>
      <trkpt lat="23.51503062061965465545654296875" lon="113.22594322264194488525390625">
        <ele>224.1999969482421875</ele>
        <time>2025-02-16T04:41:01.000Z</time>
        <extensions>
          <ns3:TrackPointExtension>
            <ns3:hr>143</ns3:hr>
            <ns3:cad>74</ns3:cad>
          </ns3:TrackPointExtension>
        </extensions>
      </trkpt>
      <trkpt lat="23.51504872553050518035888671875" lon="113.22593115270137786865234375">
        <ele>225.600006103515625</ele>
        <time>2025-02-16T04:41:11.000Z</time>
        <extensions>
          <ns3:TrackPointExtension>
            <ns3:hr>149</ns3:hr>
            <ns3:cad>0</ns3:cad>
          </ns3:TrackPointExtension>
        </extensions>
      </trkpt>
      <trkpt lat="23.5150489769876003265380859375" lon="113.2259319908916950225830078125">
        <ele>225.600006103515625</ele>
        <time>2025-02-16T04:41:12.000Z</time>
        <extensions>
          <ns3:TrackPointExtension>
            <ns3:hr>155</ns3:hr>
            <ns3:cad>0</ns3:cad>
          </ns3:TrackPointExtension>
        </extensions>
      </trkpt>
      <trkpt lat="23.51506657898426055908203125" lon="113.22593559511005878448486328125">
        <ele>226.1999969482421875</ele>
        <time>2025-02-16T04:41:18.000Z</time>
        <extensions>
          <ns3:TrackPointExtension>
            <ns3:hr>151</ns3:hr>
            <ns3:cad>0</ns3:cad>
          </ns3:TrackPointExtension>
        </extensions>
      </trkpt>
      <trkpt lat="23.5150659084320068359375" lon="113.2259346731007099151611328125">
        <ele>226.1999969482421875</ele>
        <time>2025-02-16T04:41:20.000Z</time>
        <extensions>
          <ns3:TrackPointExtension>
            <ns3:hr>147</ns3:hr>
            <ns3:cad>0</ns3:cad>
          </ns3:TrackPointExtension>
        </extensions>
      </trkpt>
      <trkpt lat="23.51508208550512790679931640625" lon="113.22588798590004444122314453125">
        <ele>229</ele>
        <time>2025-02-16T04:41:35.000Z</time>
        <extensions>
          <ns3:TrackPointExtension>
            <ns3:hr>150</ns3:hr>
            <ns3:cad>61</ns3:cad>
          </ns3:TrackPointExtension>
        </extensions>
      </trkpt>
      <trkpt lat="23.5151089914143085479736328125" lon="113.22589217685163021087646484375">
        <ele>230</ele>
        <time>2025-02-16T04:41:44.000Z</time>
        <extensions>
          <ns3:TrackPointExtension>
            <ns3:hr>147</ns3:hr>
            <ns3:cad>0</ns3:cad>
          </ns3:TrackPointExtension>
        </extensions>
      </trkpt>
      <trkpt lat="23.51512868888676166534423828125" lon="113.225918076932430267333984375">
        <ele>229.8000030517578125</ele>
        <time>2025-02-16T04:41:54.000Z</time>
        <extensions>
          <ns3:TrackPointExtension>
            <ns3:hr>144</ns3:hr>
            <ns3:cad>0</ns3:cad>
          </ns3:TrackPointExtension>
        </extensions>
      </trkpt>
      <trkpt lat="23.51520739495754241943359375" lon="113.2258025743067264556884765625">
        <ele>235.8000030517578125</ele>
        <time>2025-02-16T04:42:23.000Z</time>
        <extensions>
          <ns3:TrackPointExtension>
            <ns3:hr>141</ns3:hr>
            <ns3:cad>61</ns3:cad>
          </ns3:TrackPointExtension>
        </extensions>
      </trkpt>
      <trkpt lat="23.51522541604936122894287109375" lon="113.22562663815915584564208984375">
        <ele>244.8000030517578125</ele>
        <time>2025-02-16T04:42:59.000Z</time>
        <extensions>
          <ns3:TrackPointExtension>
            <ns3:hr>140</ns3:hr>
            <ns3:cad>42</ns3:cad>
          </ns3:TrackPointExtension>
        </extensions>
      </trkpt>
      <trkpt lat="23.515223152935504913330078125" lon="113.225573413074016571044921875">
        <ele>247.399993896484375</ele>
        <time>2025-02-16T04:43:04.000Z</time>
        <extensions>
          <ns3:TrackPointExtension>
            <ns3:hr>141</ns3:hr>
            <ns3:cad>52</ns3:cad>
          </ns3:TrackPointExtension>
        </extensions>
      </trkpt>
      <trkpt lat="23.51522709242999553680419921875" lon="113.22551046498119831085205078125">
        <ele>250.600006103515625</ele>
        <time>2025-02-16T04:43:13.000Z</time>
        <extensions>
          <ns3:TrackPointExtension>
            <ns3:hr>142</ns3:hr>
            <ns3:cad>52</ns3:cad>
          </ns3:TrackPointExtension>
        </extensions>
      </trkpt>
      <trkpt lat="23.51522390730679035186767578125" lon="113.22549319826066493988037109375">
        <ele>251.399993896484375</ele>
        <time>2025-02-16T04:43:26.000Z</time>
        <extensions>
          <ns3:TrackPointExtension>
            <ns3:hr>139</ns3:hr>
            <ns3:cad>0</ns3:cad>
          </ns3:TrackPointExtension>
        </extensions>
      </trkpt>
      <trkpt lat="23.51517445407807826995849609375" lon="113.22530678473412990570068359375">
        <ele>259.20001220703125</ele>
        <time>2025-02-16T04:43:55.000Z</time>
        <extensions>
          <ns3:TrackPointExtension>
            <ns3:hr>138</ns3:hr>
            <ns3:cad>0</ns3:cad>
          </ns3:TrackPointExtension>
        </extensions>
      </trkpt>
      <trkpt lat="23.51513103581964969635009765625" lon="113.22528683580458164215087890625">
        <ele>259.600006103515625</ele>
        <time>2025-02-16T04:44:12.000Z</time>
        <extensions>
          <ns3:TrackPointExtension>
            <ns3:hr>141</ns3:hr>
            <ns3:cad>0</ns3:cad>
          </ns3:TrackPointExtension>
        </extensions>
      </trkpt>
      <trkpt lat="23.515131957828998565673828125" lon="113.22528717108070850372314453125">
        <ele>259.600006103515625</ele>
        <time>2025-02-16T04:44:16.000Z</time>
        <extensions>
          <ns3:TrackPointExtension>
            <ns3:hr>145</ns3:hr>
            <ns3:cad>0</ns3:cad>
          </ns3:TrackPointExtension>
        </extensions>
      </trkpt>
      <trkpt lat="23.515131957828998565673828125" lon="113.2252872548997402191162109375">
        <ele>259.600006103515625</ele>
        <time>2025-02-16T04:44:17.000Z</time>
        <extensions>
          <ns3:TrackPointExtension>
            <ns3:hr>148</ns3:hr>
            <ns3:cad>0</ns3:cad>
          </ns3:TrackPointExtension>
        </extensions>
      </trkpt>
      <trkpt lat="23.51513254456222057342529296875" lon="113.22528800927102565765380859375">
        <ele>259.600006103515625</ele>
        <time>2025-02-16T04:44:18.000Z</time>
        <extensions>
          <ns3:TrackPointExtension>
            <ns3:hr>148</ns3:hr>
            <ns3:cad>63</ns3:cad>
          </ns3:TrackPointExtension>
        </extensions>
      </trkpt>
      <trkpt lat="23.5151302814483642578125" lon="113.2252828963100910186767578125">
        <ele>259.79998779296875</ele>
        <time>2025-02-16T04:44:22.000Z</time>
        <extensions>
          <ns3:TrackPointExtension>
            <ns3:hr>145</ns3:hr>
            <ns3:cad>61</ns3:cad>
          </ns3:TrackPointExtension>
        </extensions>
      </trkpt>
      <trkpt lat="23.5151183791458606719970703125" lon="113.2252761907875537872314453125">
        <ele>260</ele>
        <time>2025-02-16T04:44:26.000Z</time>
        <extensions>
          <ns3:TrackPointExtension>
            <ns3:hr>142</ns3:hr>
            <ns3:cad>61</ns3:cad>
          </ns3:TrackPointExtension>
        </extensions>
      </trkpt>
      <trkpt lat="23.5151016153395175933837890625" lon="113.22525884024798870086669921875">
        <ele>260.600006103515625</ele>
        <time>2025-02-16T04:44:29.000Z</time>
        <extensions>
          <ns3:TrackPointExtension>
            <ns3:hr>141</ns3:hr>
            <ns3:cad>61</ns3:cad>
          </ns3:TrackPointExtension>
        </extensions>
      </trkpt>
      <trkpt lat="23.51506280712783336639404296875" lon="113.22521240450441837310791015625">
        <ele>262.20001220703125</ele>
        <time>2025-02-16T04:44:35.000Z</time>
        <extensions>
          <ns3:TrackPointExtension>
            <ns3:hr>141</ns3:hr>
            <ns3:cad>55</ns3:cad>
          </ns3:TrackPointExtension>
        </extensions>
      </trkpt>
      <trkpt lat="23.51502508856356143951416015625" lon="113.2251829840242862701416015625">
        <ele>262.600006103515625</ele>
        <time>2025-02-16T04:44:41.000Z</time>
        <extensions>
          <ns3:TrackPointExtension>
            <ns3:hr>138</ns3:hr>
            <ns3:cad>55</ns3:cad>
          </ns3:TrackPointExtension>
        </extensions>
      </trkpt>
      <trkpt lat="23.51500161923468112945556640625" lon="113.225175775587558746337890625">
        <ele>262.600006103515625</ele>
        <time>2025-02-16T04:44:44.000Z</time>
        <extensions>
          <ns3:TrackPointExtension>
            <ns3:hr>137</ns3:hr>
            <ns3:cad>55</ns3:cad>
          </ns3:TrackPointExtension>
        </extensions>
      </trkpt>
      <trkpt lat="23.5149929858744144439697265625" lon="113.225167058408260345458984375">
        <ele>262.600006103515625</ele>
        <time>2025-02-16T04:44:46.000Z</time>
        <extensions>
          <ns3:TrackPointExtension>
            <ns3:hr>136</ns3:hr>
            <ns3:cad>55</ns3:cad>
          </ns3:TrackPointExtension>
        </extensions>
      </trkpt>
      <trkpt lat="23.514981083571910858154296875" lon="113.22515808977186679840087890625">
        <ele>262.79998779296875</ele>
        <time>2025-02-16T04:44:48.000Z</time>
        <extensions>
          <ns3:TrackPointExtension>
            <ns3:hr>136</ns3:hr>
            <ns3:cad>55</ns3:cad>
          </ns3:TrackPointExtension>
        </extensions>
      </trkpt>
      <trkpt lat="23.514956943690776824951171875" lon="113.2251511327922344207763671875">
        <ele>262.79998779296875</ele>
        <time>2025-02-16T04:44:51.000Z</time>
        <extensions>
          <ns3:TrackPointExtension>
            <ns3:hr>136</ns3:hr>
            <ns3:cad>55</ns3:cad>
          </ns3:TrackPointExtension>
        </extensions>
      </trkpt>
      <trkpt lat="23.51494428701698780059814453125" lon="113.22512003593146800994873046875">
        <ele>263.399993896484375</ele>
        <time>2025-02-16T04:44:56.000Z</time>
        <extensions>
          <ns3:TrackPointExtension>
            <ns3:hr>135</ns3:hr>
            <ns3:cad>55</ns3:cad>
          </ns3:TrackPointExtension>
        </extensions>
      </trkpt>
      <trkpt lat="23.514949567615985870361328125" lon="113.2250753603875637054443359375">
        <ele>264.399993896484375</ele>
        <time>2025-02-16T04:44:59.000Z</time>
        <extensions>
          <ns3:TrackPointExtension>
            <ns3:hr>134</ns3:hr>
            <ns3:cad>55</ns3:cad>
          </ns3:TrackPointExtension>
        </extensions>
      </trkpt>
      <trkpt lat="23.51494646631181240081787109375" lon="113.2250478677451610565185546875">
        <ele>265</ele>
        <time>2025-02-16T04:45:02.000Z</time>
        <extensions>
          <ns3:TrackPointExtension>
            <ns3:hr>135</ns3:hr>
            <ns3:cad>55</ns3:cad>
          </ns3:TrackPointExtension>
        </extensions>
      </trkpt>
      <trkpt lat="23.51493305526673793792724609375" lon="113.2249969057738780975341796875">
        <ele>266</ele>
        <time>2025-02-16T04:45:07.000Z</time>
        <extensions>
          <ns3:TrackPointExtension>
            <ns3:hr>137</ns3:hr>
            <ns3:cad>51</ns3:cad>
          </ns3:TrackPointExtension>
        </extensions>
      </trkpt>
      <trkpt lat="23.5149349831044673919677734375" lon="113.22497184388339519500732421875">
        <ele>266.399993896484375</ele>
        <time>2025-02-16T04:45:09.000Z</time>
        <extensions>
          <ns3:TrackPointExtension>
            <ns3:hr>137</ns3:hr>
            <ns3:cad>51</ns3:cad>
          </ns3:TrackPointExtension>
        </extensions>
      </trkpt>
      <trkpt lat="23.51490992121398448944091796875" lon="113.22492037899792194366455078125">
        <ele>267.399993896484375</ele>
        <time>2025-02-16T04:45:19.000Z</time>
        <extensions>
          <ns3:TrackPointExtension>
            <ns3:hr>138</ns3:hr>
            <ns3:cad>53</ns3:cad>
          </ns3:TrackPointExtension>
        </extensions>
      </trkpt>
      <trkpt lat="23.51490539498627185821533203125" lon="113.22488064877688884735107421875">
        <ele>268.600006103515625</ele>
        <time>2025-02-16T04:45:23.000Z</time>
        <extensions>
          <ns3:TrackPointExtension>
            <ns3:hr>141</ns3:hr>
            <ns3:cad>107</ns3:cad>
          </ns3:TrackPointExtension>
        </extensions>
      </trkpt>
      <trkpt lat="23.514902628958225250244140625" lon="113.2248710095882415771484375">
        <ele>269</ele>
        <time>2025-02-16T04:45:24.000Z</time>
        <extensions>
          <ns3:TrackPointExtension>
            <ns3:hr>141</ns3:hr>
            <ns3:cad>107</ns3:cad>
          </ns3:TrackPointExtension>
        </extensions>
      </trkpt>
      <trkpt lat="23.51489583961665630340576171875" lon="113.2248430140316486358642578125">
        <ele>269.79998779296875</ele>
        <time>2025-02-16T04:45:27.000Z</time>
        <extensions>
          <ns3:TrackPointExtension>
            <ns3:hr>140</ns3:hr>
            <ns3:cad>56</ns3:cad>
          </ns3:TrackPointExtension>
        </extensions>
      </trkpt>
      <trkpt lat="23.51488829590380191802978515625" lon="113.2247923873364925384521484375">
        <ele>271</ele>
        <time>2025-02-16T04:45:32.000Z</time>
        <extensions>
          <ns3:TrackPointExtension>
            <ns3:hr>139</ns3:hr>
            <ns3:cad>56</ns3:cad>
          </ns3:TrackPointExtension>
        </extensions>
      </trkpt>
      <trkpt lat="23.514895923435688018798828125" lon="113.22478828020393848419189453125">
        <ele>271</ele>
        <time>2025-02-16T04:45:33.000Z</time>
        <extensions>
          <ns3:TrackPointExtension>
            <ns3:hr>139</ns3:hr>
            <ns3:cad>56</ns3:cad>
          </ns3:TrackPointExtension>
        </extensions>
      </trkpt>
      <trkpt lat="23.51488343439996242523193359375" lon="113.22477906011044979095458984375">
        <ele>271.20001220703125</ele>
        <time>2025-02-16T04:45:37.000Z</time>
        <extensions>
          <ns3:TrackPointExtension>
            <ns3:hr>142</ns3:hr>
            <ns3:cad>56</ns3:cad>
          </ns3:TrackPointExtension>
        </extensions>
      </trkpt>
      <trkpt lat="23.51488125510513782501220703125" lon="113.22478224523365497589111328125">
        <ele>271.20001220703125</ele>
        <time>2025-02-16T04:45:38.000Z</time>
        <extensions>
          <ns3:TrackPointExtension>
            <ns3:hr>145</ns3:hr>
            <ns3:cad>56</ns3:cad>
          </ns3:TrackPointExtension>
        </extensions>
      </trkpt>
      <trkpt lat="23.51487941108644008636474609375" lon="113.2247850112617015838623046875">
        <ele>271.20001220703125</ele>
        <time>2025-02-16T04:45:40.000Z</time>
        <extensions>
          <ns3:TrackPointExtension>
            <ns3:hr>148</ns3:hr>
            <ns3:cad>56</ns3:cad>
          </ns3:TrackPointExtension>
        </extensions>
      </trkpt>
      <trkpt lat="23.5148853622376918792724609375" lon="113.22472591884434223175048828125">
        <ele>271.600006103515625</ele>
        <time>2025-02-16T04:45:56.000Z</time>
        <extensions>
          <ns3:TrackPointExtension>
            <ns3:hr>146</ns3:hr>
            <ns3:cad>59</ns3:cad>
          </ns3:TrackPointExtension>
        </extensions>
      </trkpt>
      <trkpt lat="23.51488561369478702545166015625" lon="113.22465442121028900146484375">
        <ele>272</ele>
        <time>2025-02-16T04:46:05.000Z</time>
        <extensions>
          <ns3:TrackPointExtension>
            <ns3:hr>143</ns3:hr>
            <ns3:cad>59</ns3:cad>
          </ns3:TrackPointExtension>
        </extensions>
      </trkpt>
      <trkpt lat="23.51485745050013065338134765625" lon="113.22456448338925838470458984375">
        <ele>273.600006103515625</ele>
        <time>2025-02-16T04:46:14.000Z</time>
        <extensions>
          <ns3:TrackPointExtension>
            <ns3:hr>142</ns3:hr>
            <ns3:cad>51</ns3:cad>
          </ns3:TrackPointExtension>
        </extensions>
      </trkpt>
      <trkpt lat="23.5148156248033046722412109375" lon="113.2244718633592128753662109375">
        <ele>275.20001220703125</ele>
        <time>2025-02-16T04:46:24.000Z</time>
        <extensions>
          <ns3:TrackPointExtension>
            <ns3:hr>140</ns3:hr>
            <ns3:cad>56</ns3:cad>
          </ns3:TrackPointExtension>
        </extensions>
      </trkpt>
      <trkpt lat="23.51479676552116870880126953125" lon="113.2244232483208179473876953125">
        <ele>276.399993896484375</ele>
        <time>2025-02-16T04:46:35.000Z</time>
        <extensions>
          <ns3:TrackPointExtension>
            <ns3:hr>140</ns3:hr>
            <ns3:cad>0</ns3:cad>
          </ns3:TrackPointExtension>
        </extensions>
      </trkpt>
      <trkpt lat="23.51479031145572662353515625" lon="113.224354684352874755859375">
        <ele>277.79998779296875</ele>
        <time>2025-02-16T04:46:44.000Z</time>
        <extensions>
          <ns3:TrackPointExtension>
            <ns3:hr>141</ns3:hr>
            <ns3:cad>0</ns3:cad>
          </ns3:TrackPointExtension>
        </extensions>
      </trkpt>
      <trkpt lat="23.514810092747211456298828125" lon="113.22429140098392963409423828125">
        <ele>278.20001220703125</ele>
        <time>2025-02-16T04:46:52.000Z</time>
        <extensions>
          <ns3:TrackPointExtension>
            <ns3:hr>141</ns3:hr>
            <ns3:cad>50</ns3:cad>
          </ns3:TrackPointExtension>
        </extensions>
      </trkpt>
      <trkpt lat="23.5148070752620697021484375" lon="113.22428167797625064849853515625">
        <ele>278.399993896484375</ele>
        <time>2025-02-16T04:46:53.000Z</time>
        <extensions>
          <ns3:TrackPointExtension>
            <ns3:hr>140</ns3:hr>
            <ns3:cad>50</ns3:cad>
          </ns3:TrackPointExtension>
        </extensions>
      </trkpt>
      <trkpt lat="23.5148052312433719635009765625" lon="113.22426524944603443145751953125">
        <ele>278.399993896484375</ele>
        <time>2025-02-16T04:46:56.000Z</time>
        <extensions>
          <ns3:TrackPointExtension>
            <ns3:hr>140</ns3:hr>
            <ns3:cad>50</ns3:cad>
          </ns3:TrackPointExtension>
        </extensions>
      </trkpt>
      <trkpt lat="23.51479232311248779296875" lon="113.22426256723701953887939453125">
        <ele>278.600006103515625</ele>
        <time>2025-02-16T04:47:15.000Z</time>
        <extensions>
          <ns3:TrackPointExtension>
            <ns3:hr>143</ns3:hr>
            <ns3:cad>0</ns3:cad>
          </ns3:TrackPointExtension>
        </extensions>
      </trkpt>
      <trkpt lat="23.51479232311248779296875" lon="113.22426172904670238494873046875">
        <ele>278.600006103515625</ele>
        <time>2025-02-16T04:47:21.000Z</time>
        <extensions>
          <ns3:TrackPointExtension>
            <ns3:hr>146</ns3:hr>
            <ns3:cad>61</ns3:cad>
          </ns3:TrackPointExtension>
        </extensions>
      </trkpt>
      <trkpt lat="23.51480330340564250946044921875" lon="113.2242576219141483306884765625">
        <ele>278.600006103515625</ele>
        <time>2025-02-16T04:47:45.000Z</time>
        <extensions>
          <ns3:TrackPointExtension>
            <ns3:hr>149</ns3:hr>
            <ns3:cad>0</ns3:cad>
          </ns3:TrackPointExtension>
        </extensions>
      </trkpt>
      <trkpt lat="23.514803387224674224853515625" lon="113.22425745427608489990234375">
        <ele>278.600006103515625</ele>
        <time>2025-02-16T04:47:49.000Z</time>
        <extensions>
          <ns3:TrackPointExtension>
            <ns3:hr>145</ns3:hr>
            <ns3:cad>0</ns3:cad>
          </ns3:TrackPointExtension>
        </extensions>
      </trkpt>
      <trkpt lat="23.514803387224674224853515625" lon="113.2242579571902751922607421875">
        <ele>278.600006103515625</ele>
        <time>2025-02-16T04:47:51.000Z</time>
        <extensions>
          <ns3:TrackPointExtension>
            <ns3:hr>142</ns3:hr>
            <ns3:cad>0</ns3:cad>
          </ns3:TrackPointExtension>
        </extensions>
      </trkpt>
      <trkpt lat="23.514803387224674224853515625" lon="113.22425745427608489990234375">
        <ele>278.600006103515625</ele>
        <time>2025-02-16T04:47:54.000Z</time>
        <extensions>
          <ns3:TrackPointExtension>
            <ns3:hr>139</ns3:hr>
            <ns3:cad>0</ns3:cad>
          </ns3:TrackPointExtension>
        </extensions>
      </trkpt>
      <trkpt lat="23.51480347104370594024658203125" lon="113.22425804100930690765380859375">
        <ele>278.600006103515625</ele>
        <time>2025-02-16T04:48:02.000Z</time>
        <extensions>
          <ns3:TrackPointExtension>
            <ns3:hr>136</ns3:hr>
            <ns3:cad>0</ns3:cad>
          </ns3:TrackPointExtension>
        </extensions>
      </trkpt>
      <trkpt lat="23.51480229757726192474365234375" lon="113.22425737045705318450927734375">
        <ele>278.600006103515625</ele>
        <time>2025-02-16T04:48:16.000Z</time>
        <extensions>
          <ns3:TrackPointExtension>
            <ns3:hr>132</ns3:hr>
            <ns3:cad>0</ns3:cad>
          </ns3:TrackPointExtension>
        </extensions>
      </trkpt>
      <trkpt lat="23.51480305194854736328125" lon="113.22425837628543376922607421875">
        <ele>278.600006103515625</ele>
        <time>2025-02-16T04:48:27.000Z</time>
        <extensions>
          <ns3:TrackPointExtension>
            <ns3:hr>128</ns3:hr>
            <ns3:cad>0</ns3:cad>
          </ns3:TrackPointExtension>
        </extensions>
      </trkpt>
      <trkpt lat="23.51480078883469104766845703125" lon="113.2242576219141483306884765625">
        <ele>278.600006103515625</ele>
        <time>2025-02-16T04:48:43.000Z</time>
        <extensions>
          <ns3:TrackPointExtension>
            <ns3:hr>131</ns3:hr>
            <ns3:cad>0</ns3:cad>
          </ns3:TrackPointExtension>
        </extensions>
      </trkpt>
      <trkpt lat="23.51480129174888134002685546875" lon="113.2242582924664020538330078125">
        <ele>278.600006103515625</ele>
        <time>2025-02-16T04:48:56.000Z</time>
        <extensions>
          <ns3:TrackPointExtension>
            <ns3:hr>128</ns3:hr>
            <ns3:cad>0</ns3:cad>
          </ns3:TrackPointExtension>
        </extensions>
      </trkpt>
      <trkpt lat="23.5148002021014690399169921875" lon="113.22425770573318004608154296875">
        <ele>278.600006103515625</ele>
        <time>2025-02-16T04:49:05.000Z</time>
        <extensions>
          <ns3:TrackPointExtension>
            <ns3:hr>131</ns3:hr>
            <ns3:cad>0</ns3:cad>
          </ns3:TrackPointExtension>
        </extensions>
      </trkpt>
      <trkpt lat="23.51480104029178619384765625" lon="113.22425787337124347686767578125">
        <ele>278.600006103515625</ele>
        <time>2025-02-16T04:49:14.000Z</time>
        <extensions>
          <ns3:TrackPointExtension>
            <ns3:hr>128</ns3:hr>
            <ns3:cad>0</ns3:cad>
          </ns3:TrackPointExtension>
        </extensions>
      </trkpt>
      <trkpt lat="23.514827191829681396484375" lon="113.22415829636156558990478515625">
        <ele>279.20001220703125</ele>
        <time>2025-02-16T04:49:42.000Z</time>
        <extensions>
          <ns3:TrackPointExtension>
            <ns3:hr>133</ns3:hr>
            <ns3:cad>58</ns3:cad>
          </ns3:TrackPointExtension>
        </extensions>
      </trkpt>
      <trkpt lat="23.5148266889154911041259765625" lon="113.22414136491715908050537109375">
        <ele>279.399993896484375</ele>
        <time>2025-02-16T04:49:44.000Z</time>
        <extensions>
          <ns3:TrackPointExtension>
            <ns3:hr>136</ns3:hr>
            <ns3:cad>57</ns3:cad>
          </ns3:TrackPointExtension>
        </extensions>
      </trkpt>
      <trkpt lat="23.5148307122290134429931640625" lon="113.22413063608109951019287109375">
        <ele>279.600006103515625</ele>
        <time>2025-02-16T04:49:45.000Z</time>
        <extensions>
          <ns3:TrackPointExtension>
            <ns3:hr>139</ns3:hr>
            <ns3:cad>56</ns3:cad>
          </ns3:TrackPointExtension>
        </extensions>
      </trkpt>
      <trkpt lat="23.51483414880931377410888671875" lon="113.2241226732730865478515625">
        <ele>279.600006103515625</ele>
        <time>2025-02-16T04:49:46.000Z</time>
        <extensions>
          <ns3:TrackPointExtension>
            <ns3:hr>142</ns3:hr>
            <ns3:cad>54</ns3:cad>
          </ns3:TrackPointExtension>
        </extensions>
      </trkpt>
      <trkpt lat="23.514850325882434844970703125" lon="113.22408378124237060546875">
        <ele>280</ele>
        <time>2025-02-16T04:49:49.000Z</time>
        <extensions>
          <ns3:TrackPointExtension>
            <ns3:hr>140</ns3:hr>
            <ns3:cad>59</ns3:cad>
          </ns3:TrackPointExtension>
        </extensions>
      </trkpt>
      <trkpt lat="23.5148632340133190155029296875" lon="113.2240636646747589111328125">
        <ele>279.79998779296875</ele>
        <time>2025-02-16T04:49:51.000Z</time>
        <extensions>
          <ns3:TrackPointExtension>
            <ns3:hr>136</ns3:hr>
            <ns3:cad>59</ns3:cad>
          </ns3:TrackPointExtension>
        </extensions>
      </trkpt>
      <trkpt lat="23.5148696042597293853759765625" lon="113.22404312901198863983154296875">
        <ele>279.600006103515625</ele>
        <time>2025-02-16T04:49:53.000Z</time>
        <extensions>
          <ns3:TrackPointExtension>
            <ns3:hr>133</ns3:hr>
            <ns3:cad>59</ns3:cad>
          </ns3:TrackPointExtension>
        </extensions>
      </trkpt>
      <trkpt lat="23.5148773156106472015380859375" lon="113.2240138761699199676513671875">
        <ele>279.399993896484375</ele>
        <time>2025-02-16T04:49:55.000Z</time>
        <extensions>
          <ns3:TrackPointExtension>
            <ns3:hr>137</ns3:hr>
            <ns3:cad>55</ns3:cad>
          </ns3:TrackPointExtension>
        </extensions>
      </trkpt>
      <trkpt lat="23.5148929059505462646484375" lon="113.22396509349346160888671875">
        <ele>279.20001220703125</ele>
        <time>2025-02-16T04:49:58.000Z</time>
        <extensions>
          <ns3:TrackPointExtension>
            <ns3:hr>140</ns3:hr>
            <ns3:cad>53</ns3:cad>
          </ns3:TrackPointExtension>
        </extensions>
      </trkpt>
      <trkpt lat="23.5149004496634006500244140625" lon="113.22393483482301235198974609375">
        <ele>279.600006103515625</ele>
        <time>2025-02-16T04:49:59.000Z</time>
        <extensions>
          <ns3:TrackPointExtension>
            <ns3:hr>137</ns3:hr>
            <ns3:cad>51</ns3:cad>
          </ns3:TrackPointExtension>
        </extensions>
      </trkpt>
      <trkpt lat="23.51490941829979419708251953125" lon="113.22391279041767120361328125">
        <ele>280</ele>
        <time>2025-02-16T04:50:02.000Z</time>
        <extensions>
          <ns3:TrackPointExtension>
            <ns3:hr>140</ns3:hr>
            <ns3:cad>52</ns3:cad>
          </ns3:TrackPointExtension>
        </extensions>
      </trkpt>
      <trkpt lat="23.514953590929508209228515625" lon="113.223880939185619354248046875">
        <ele>280.79998779296875</ele>
        <time>2025-02-16T04:50:06.000Z</time>
        <extensions>
          <ns3:TrackPointExtension>
            <ns3:hr>136</ns3:hr>
            <ns3:cad>52</ns3:cad>
          </ns3:TrackPointExtension>
        </extensions>
      </trkpt>
      <trkpt lat="23.5150043852627277374267578125" lon="113.2238249480724334716796875">
        <ele>282</ele>
        <time>2025-02-16T04:50:13.000Z</time>
        <extensions>
          <ns3:TrackPointExtension>
            <ns3:hr>139</ns3:hr>
            <ns3:cad>47</ns3:cad>
          </ns3:TrackPointExtension>
        </extensions>
      </trkpt>
      <trkpt lat="23.51501016877591609954833984375" lon="113.22382167913019657135009765625">
        <ele>282</ele>
        <time>2025-02-16T04:50:14.000Z</time>
        <extensions>
          <ns3:TrackPointExtension>
            <ns3:hr>139</ns3:hr>
            <ns3:cad>47</ns3:cad>
          </ns3:TrackPointExtension>
        </extensions>
      </trkpt>
      <trkpt lat="23.5150265134871006011962890625" lon="113.22379385121166706085205078125">
        <ele>282.20001220703125</ele>
        <time>2025-02-16T04:50:18.000Z</time>
        <extensions>
          <ns3:TrackPointExtension>
            <ns3:hr>138</ns3:hr>
            <ns3:cad>47</ns3:cad>
          </ns3:TrackPointExtension>
        </extensions>
      </trkpt>
      <trkpt lat="23.5150402598083019256591796875" lon="113.22379217483103275299072265625">
        <ele>282.20001220703125</ele>
        <time>2025-02-16T04:50:21.000Z</time>
        <extensions>
          <ns3:TrackPointExtension>
            <ns3:hr>134</ns3:hr>
            <ns3:cad>47</ns3:cad>
          </ns3:TrackPointExtension>
        </extensions>
      </trkpt>
      <trkpt lat="23.5150466300547122955322265625" lon="113.22379452176392078399658203125">
        <ele>282.20001220703125</ele>
        <time>2025-02-16T04:50:22.000Z</time>
        <extensions>
          <ns3:TrackPointExtension>
            <ns3:hr>134</ns3:hr>
            <ns3:cad>47</ns3:cad>
          </ns3:TrackPointExtension>
        </extensions>
      </trkpt>
      <trkpt lat="23.5150536708533763885498046875" lon="113.2237905822694301605224609375">
        <ele>282.399993896484375</ele>
        <time>2025-02-16T04:50:23.000Z</time>
        <extensions>
          <ns3:TrackPointExtension>
            <ns3:hr>135</ns3:hr>
            <ns3:cad>0</ns3:cad>
          </ns3:TrackPointExtension>
        </extensions>
      </trkpt>
      <trkpt lat="23.51505853235721588134765625" lon="113.2237858884036540985107421875">
        <ele>282.399993896484375</ele>
        <time>2025-02-16T04:50:24.000Z</time>
        <extensions>
          <ns3:TrackPointExtension>
            <ns3:hr>138</ns3:hr>
            <ns3:cad>0</ns3:cad>
          </ns3:TrackPointExtension>
        </extensions>
      </trkpt>
      <trkpt lat="23.51507303304970264434814453125" lon="113.223786056041717529296875">
        <ele>282.399993896484375</ele>
        <time>2025-02-16T04:50:26.000Z</time>
        <extensions>
          <ns3:TrackPointExtension>
            <ns3:hr>142</ns3:hr>
            <ns3:cad>0</ns3:cad>
          </ns3:TrackPointExtension>
        </extensions>
      </trkpt>
      <trkpt lat="23.515100441873073577880859375" lon="113.22378513403236865997314453125">
        <ele>282.399993896484375</ele>
        <time>2025-02-16T04:50:31.000Z</time>
        <extensions>
          <ns3:TrackPointExtension>
            <ns3:hr>139</ns3:hr>
            <ns3:cad>46</ns3:cad>
          </ns3:TrackPointExtension>
        </extensions>
      </trkpt>
      <trkpt lat="23.51515215821564197540283203125" lon="113.2237607426941394805908203125">
        <ele>282.79998779296875</ele>
        <time>2025-02-16T04:50:41.000Z</time>
        <extensions>
          <ns3:TrackPointExtension>
            <ns3:hr>142</ns3:hr>
            <ns3:cad>0</ns3:cad>
          </ns3:TrackPointExtension>
        </extensions>
      </trkpt>
      <trkpt lat="23.5151693411171436309814453125" lon="113.22372864000499248504638671875">
        <ele>283.20001220703125</ele>
        <time>2025-02-16T04:50:45.000Z</time>
        <extensions>
          <ns3:TrackPointExtension>
            <ns3:hr>145</ns3:hr>
            <ns3:cad>0</ns3:cad>
          </ns3:TrackPointExtension>
        </extensions>
      </trkpt>
      <trkpt lat="23.5151907987892627716064453125" lon="113.22353635914623737335205078125">
        <ele>285.399993896484375</ele>
        <time>2025-02-16T04:51:11.000Z</time>
        <extensions>
          <ns3:TrackPointExtension>
            <ns3:hr>142</ns3:hr>
            <ns3:cad>0</ns3:cad>
          </ns3:TrackPointExtension>
        </extensions>
      </trkpt>
      <trkpt lat="23.51518032141029834747314453125" lon="113.22347735054790973663330078125">
        <ele>285.79998779296875</ele>
        <time>2025-02-16T04:51:20.000Z</time>
        <extensions>
          <ns3:TrackPointExtension>
            <ns3:hr>139</ns3:hr>
            <ns3:cad>50</ns3:cad>
          </ns3:TrackPointExtension>
        </extensions>
      </trkpt>
      <trkpt lat="23.515162132680416107177734375" lon="113.2233609259128570556640625">
        <ele>286.600006103515625</ele>
        <time>2025-02-16T04:51:33.000Z</time>
        <extensions>
          <ns3:TrackPointExtension>
            <ns3:hr>136</ns3:hr>
            <ns3:cad>58</ns3:cad>
          </ns3:TrackPointExtension>
        </extensions>
      </trkpt>
      <trkpt lat="23.51515852846205234527587890625" lon="113.22331222705543041229248046875">
        <ele>287</ele>
        <time>2025-02-16T04:51:37.000Z</time>
        <extensions>
          <ns3:TrackPointExtension>
            <ns3:hr>137</ns3:hr>
            <ns3:cad>56</ns3:cad>
          </ns3:TrackPointExtension>
        </extensions>
      </trkpt>
      <trkpt lat="23.51515349932014942169189453125" lon="113.22316437028348445892333984375">
        <ele>287.399993896484375</ele>
        <time>2025-02-16T04:51:52.000Z</time>
        <extensions>
          <ns3:TrackPointExtension>
            <ns3:hr>140</ns3:hr>
            <ns3:cad>59</ns3:cad>
          </ns3:TrackPointExtension>
        </extensions>
      </trkpt>
      <trkpt lat="23.515175879001617431640625" lon="113.22299019433557987213134765625">
        <ele>286.20001220703125</ele>
        <time>2025-02-16T04:52:06.000Z</time>
        <extensions>
          <ns3:TrackPointExtension>
            <ns3:hr>140</ns3:hr>
            <ns3:cad>55</ns3:cad>
          </ns3:TrackPointExtension>
        </extensions>
      </trkpt>
      <trkpt lat="23.51511913351714611053466796875" lon="113.22280931286513805389404296875">
        <ele>285.600006103515625</ele>
        <time>2025-02-16T04:52:20.000Z</time>
        <extensions>
          <ns3:TrackPointExtension>
            <ns3:hr>141</ns3:hr>
            <ns3:cad>57</ns3:cad>
          </ns3:TrackPointExtension>
        </extensions>
      </trkpt>
      <trkpt lat="23.515098094940185546875" lon="113.22275734506547451019287109375">
        <ele>286</ele>
        <time>2025-02-16T04:52:24.000Z</time>
        <extensions>
          <ns3:TrackPointExtension>
            <ns3:hr>138</ns3:hr>
            <ns3:cad>57</ns3:cad>
          </ns3:TrackPointExtension>
        </extensions>
      </trkpt>
      <trkpt lat="23.51508275605738162994384765625" lon="113.22269196622073650360107421875">
        <ele>286.399993896484375</ele>
        <time>2025-02-16T04:52:30.000Z</time>
        <extensions>
          <ns3:TrackPointExtension>
            <ns3:hr>135</ns3:hr>
            <ns3:cad>54</ns3:cad>
          </ns3:TrackPointExtension>
        </extensions>
      </trkpt>
      <trkpt lat="23.51507051847875118255615234375" lon="113.222486861050128936767578125">
        <ele>287</ele>
        <time>2025-02-16T04:52:47.000Z</time>
        <extensions>
          <ns3:TrackPointExtension>
            <ns3:hr>136</ns3:hr>
            <ns3:cad>59</ns3:cad>
          </ns3:TrackPointExtension>
        </extensions>
      </trkpt>
      <trkpt lat="23.51505408994853496551513671875" lon="113.22229047305881977081298828125">
        <ele>287.600006103515625</ele>
        <time>2025-02-16T04:53:07.000Z</time>
        <extensions>
          <ns3:TrackPointExtension>
            <ns3:hr>135</ns3:hr>
            <ns3:cad>0</ns3:cad>
          </ns3:TrackPointExtension>
        </extensions>
      </trkpt>
      <trkpt lat="23.5150513239204883575439453125" lon="113.22208947502076625823974609375">
        <ele>288</ele>
        <time>2025-02-16T04:53:25.000Z</time>
        <extensions>
          <ns3:TrackPointExtension>
            <ns3:hr>135</ns3:hr>
            <ns3:cad>55</ns3:cad>
          </ns3:TrackPointExtension>
        </extensions>
      </trkpt>
      <trkpt lat="23.51504755206406116485595703125" lon="113.22203365154564380645751953125">
        <ele>289.20001220703125</ele>
        <time>2025-02-16T04:53:31.000Z</time>
        <extensions>
          <ns3:TrackPointExtension>
            <ns3:hr>136</ns3:hr>
            <ns3:cad>0</ns3:cad>
          </ns3:TrackPointExtension>
        </extensions>
      </trkpt>
      <trkpt lat="23.51504939608275890350341796875" lon="113.2219938375055789947509765625">
        <ele>290.20001220703125</ele>
        <time>2025-02-16T04:53:35.000Z</time>
        <extensions>
          <ns3:TrackPointExtension>
            <ns3:hr>135</ns3:hr>
            <ns3:cad>0</ns3:cad>
          </ns3:TrackPointExtension>
        </extensions>
      </trkpt>
      <trkpt lat="23.5150457918643951416015625" lon="113.2219676859676837921142578125">
        <ele>290.600006103515625</ele>
        <time>2025-02-16T04:53:39.000Z</time>
        <extensions>
          <ns3:TrackPointExtension>
            <ns3:hr>136</ns3:hr>
            <ns3:cad>0</ns3:cad>
          </ns3:TrackPointExtension>
        </extensions>
      </trkpt>
      <trkpt lat="23.51503598503768444061279296875" lon="113.22194379754364490509033203125">
        <ele>291.20001220703125</ele>
        <time>2025-02-16T04:53:44.000Z</time>
        <extensions>
          <ns3:TrackPointExtension>
            <ns3:hr>136</ns3:hr>
            <ns3:cad>0</ns3:cad>
          </ns3:TrackPointExtension>
        </extensions>
      </trkpt>
      <trkpt lat="23.51502659730613231658935546875" lon="113.22192954830825328826904296875">
        <ele>291.600006103515625</ele>
        <time>2025-02-16T04:53:47.000Z</time>
        <extensions>
          <ns3:TrackPointExtension>
            <ns3:hr>136</ns3:hr>
            <ns3:cad>0</ns3:cad>
          </ns3:TrackPointExtension>
        </extensions>
      </trkpt>
      <trkpt lat="23.5150211490690708160400390625" lon="113.221913538873195648193359375">
        <ele>292</ele>
        <time>2025-02-16T04:53:49.000Z</time>
        <extensions>
          <ns3:TrackPointExtension>
            <ns3:hr>136</ns3:hr>
            <ns3:cad>0</ns3:cad>
          </ns3:TrackPointExtension>
        </extensions>
      </trkpt>
      <trkpt lat="23.51507169194519519805908203125" lon="113.22172167710959911346435546875">
        <ele>295.399993896484375</ele>
        <time>2025-02-16T04:54:21.000Z</time>
        <extensions>
          <ns3:TrackPointExtension>
            <ns3:hr>138</ns3:hr>
            <ns3:cad>61</ns3:cad>
          </ns3:TrackPointExtension>
        </extensions>
      </trkpt>
      <trkpt lat="23.5151093266904354095458984375" lon="113.22169317863881587982177734375">
        <ele>295.79998779296875</ele>
        <time>2025-02-16T04:54:42.000Z</time>
        <extensions>
          <ns3:TrackPointExtension>
            <ns3:hr>135</ns3:hr>
            <ns3:cad>0</ns3:cad>
          </ns3:TrackPointExtension>
        </extensions>
      </trkpt>
      <trkpt lat="23.51509197615087032318115234375" lon="113.221715390682220458984375">
        <ele>295.399993896484375</ele>
        <time>2025-02-16T04:54:54.000Z</time>
        <extensions>
          <ns3:TrackPointExtension>
            <ns3:hr>132</ns3:hr>
            <ns3:cad>0</ns3:cad>
          </ns3:TrackPointExtension>
        </extensions>
      </trkpt>
      <trkpt lat="23.5150989331305027008056640625" lon="113.22168479673564434051513671875">
        <ele>296</ele>
        <time>2025-02-16T04:55:00.000Z</time>
        <extensions>
          <ns3:TrackPointExtension>
            <ns3:hr>129</ns3:hr>
            <ns3:cad>0</ns3:cad>
          </ns3:TrackPointExtension>
        </extensions>
      </trkpt>
      <trkpt lat="23.515137992799282073974609375" lon="113.2216293923556804656982421875">
        <ele>296.399993896484375</ele>
        <time>2025-02-16T04:55:28.000Z</time>
        <extensions>
          <ns3:TrackPointExtension>
            <ns3:hr>126</ns3:hr>
            <ns3:cad>0</ns3:cad>
          </ns3:TrackPointExtension>
        </extensions>
      </trkpt>
      <trkpt lat="23.5151599533855915069580078125" lon="113.22158689610660076141357421875">
        <ele>296.79998779296875</ele>
        <time>2025-02-16T04:55:36.000Z</time>
        <extensions>
          <ns3:TrackPointExtension>
            <ns3:hr>123</ns3:hr>
            <ns3:cad>0</ns3:cad>
          </ns3:TrackPointExtension>
        </extensions>
      </trkpt>
      <trkpt lat="23.51514494977891445159912109375" lon="113.22159812785685062408447265625">
        <ele>296.79998779296875</ele>
        <time>2025-02-16T04:55:49.000Z</time>
        <extensions>
          <ns3:TrackPointExtension>
            <ns3:hr>116</ns3:hr>
            <ns3:cad>61</ns3:cad>
          </ns3:TrackPointExtension>
        </extensions>
      </trkpt>
      <trkpt lat="23.51511712186038494110107421875" lon="113.22160835377871990203857421875">
        <ele>297</ele>
        <time>2025-02-16T04:55:52.000Z</time>
        <extensions>
          <ns3:TrackPointExtension>
            <ns3:hr>122</ns3:hr>
            <ns3:cad>61</ns3:cad>
          </ns3:TrackPointExtension>
        </extensions>
      </trkpt>
      <trkpt lat="23.51510622538626194000244140625" lon="113.22164322249591350555419921875">
        <ele>296.399993896484375</ele>
        <time>2025-02-16T04:55:54.000Z</time>
        <extensions>
          <ns3:TrackPointExtension>
            <ns3:hr>127</ns3:hr>
            <ns3:cad>0</ns3:cad>
          </ns3:TrackPointExtension>
        </extensions>
      </trkpt>
      <trkpt lat="23.51510270498692989349365234375" lon="113.22164825163781642913818359375">
        <ele>296.399993896484375</ele>
        <time>2025-02-16T04:55:56.000Z</time>
        <extensions>
          <ns3:TrackPointExtension>
            <ns3:hr>130</ns3:hr>
            <ns3:cad>0</ns3:cad>
          </ns3:TrackPointExtension>
        </extensions>
      </trkpt>
      <trkpt lat="23.51503497920930385589599609375" lon="113.22168253362178802490234375">
        <ele>296.20001220703125</ele>
        <time>2025-02-16T04:56:02.000Z</time>
        <extensions>
          <ns3:TrackPointExtension>
            <ns3:hr>126</ns3:hr>
            <ns3:cad>0</ns3:cad>
          </ns3:TrackPointExtension>
        </extensions>
      </trkpt>
      <trkpt lat="23.51501704193651676177978515625" lon="113.22167440317571163177490234375">
        <ele>296.399993896484375</ele>
        <time>2025-02-16T04:56:05.000Z</time>
        <extensions>
          <ns3:TrackPointExtension>
            <ns3:hr>130</ns3:hr>
            <ns3:cad>0</ns3:cad>
          </ns3:TrackPointExtension>
        </extensions>
      </trkpt>
      <trkpt lat="23.515010587871074676513671875" lon="113.22167239151895046234130859375">
        <ele>296.399993896484375</ele>
        <time>2025-02-16T04:56:06.000Z</time>
        <extensions>
          <ns3:TrackPointExtension>
            <ns3:hr>135</ns3:hr>
            <ns3:cad>0</ns3:cad>
          </ns3:TrackPointExtension>
        </extensions>
      </trkpt>
      <trkpt lat="23.51500832475721836090087890625" lon="113.221672140061855316162109375">
        <ele>296.399993896484375</ele>
        <time>2025-02-16T04:56:16.000Z</time>
        <extensions>
          <ns3:TrackPointExtension>
            <ns3:hr>131</ns3:hr>
            <ns3:cad>0</ns3:cad>
          </ns3:TrackPointExtension>
        </extensions>
      </trkpt>
      <trkpt lat="23.5150084085762500762939453125" lon="113.221672140061855316162109375">
        <ele>296.399993896484375</ele>
        <time>2025-02-16T04:56:17.000Z</time>
        <extensions>
          <ns3:TrackPointExtension>
            <ns3:hr>128</ns3:hr>
            <ns3:cad>0</ns3:cad>
          </ns3:TrackPointExtension>
        </extensions>
      </trkpt>
      <trkpt lat="23.51500849239528179168701171875" lon="113.22167255915701389312744140625">
        <ele>296.399993896484375</ele>
        <time>2025-02-16T04:56:20.000Z</time>
        <extensions>
          <ns3:TrackPointExtension>
            <ns3:hr>125</ns3:hr>
            <ns3:cad>0</ns3:cad>
          </ns3:TrackPointExtension>
        </extensions>
      </trkpt>
      <trkpt lat="23.51501134224236011505126953125" lon="113.22167356498539447784423828125">
        <ele>296.399993896484375</ele>
        <time>2025-02-16T04:56:26.000Z</time>
        <extensions>
          <ns3:TrackPointExtension>
            <ns3:hr>122</ns3:hr>
            <ns3:cad>61</ns3:cad>
          </ns3:TrackPointExtension>
        </extensions>
      </trkpt>
      <trkpt lat="23.51501637138426303863525390625" lon="113.22166669182479381561279296875">
        <ele>296.600006103515625</ele>
        <time>2025-02-16T04:56:29.000Z</time>
        <extensions>
          <ns3:TrackPointExtension>
            <ns3:hr>119</ns3:hr>
            <ns3:cad>0</ns3:cad>
          </ns3:TrackPointExtension>
        </extensions>
      </trkpt>
      <trkpt lat="23.51502777077257633209228515625" lon="113.22161288000643253326416015625">
        <ele>297.399993896484375</ele>
        <time>2025-02-16T04:56:42.000Z</time>
        <extensions>
          <ns3:TrackPointExtension>
            <ns3:hr>122</ns3:hr>
            <ns3:cad>0</ns3:cad>
          </ns3:TrackPointExtension>
        </extensions>
      </trkpt>
      <trkpt lat="23.5150332190096378326416015625" lon="113.22159712202847003936767578125">
        <ele>297.600006103515625</ele>
        <time>2025-02-16T04:56:46.000Z</time>
        <extensions>
          <ns3:TrackPointExtension>
            <ns3:hr>125</ns3:hr>
            <ns3:cad>0</ns3:cad>
          </ns3:TrackPointExtension>
        </extensions>
      </trkpt>
      <trkpt lat="23.51503162644803524017333984375" lon="113.22154548950493335723876953125">
        <ele>298</ele>
        <time>2025-02-16T04:56:56.000Z</time>
        <extensions>
          <ns3:TrackPointExtension>
            <ns3:hr>129</ns3:hr>
            <ns3:cad>61</ns3:cad>
          </ns3:TrackPointExtension>
        </extensions>
      </trkpt>
      <trkpt lat="23.51503129117190837860107421875" lon="113.2215397059917449951171875">
        <ele>298</ele>
        <time>2025-02-16T04:56:57.000Z</time>
        <extensions>
          <ns3:TrackPointExtension>
            <ns3:hr>132</ns3:hr>
            <ns3:cad>61</ns3:cad>
          </ns3:TrackPointExtension>
        </extensions>
      </trkpt>
      <trkpt lat="23.5150308720767498016357421875" lon="113.22153392247855663299560546875">
        <ele>298</ele>
        <time>2025-02-16T04:56:58.000Z</time>
        <extensions>
          <ns3:TrackPointExtension>
            <ns3:hr>135</ns3:hr>
            <ns3:cad>61</ns3:cad>
          </ns3:TrackPointExtension>
        </extensions>
      </trkpt>
      <trkpt lat="23.5150483064353466033935546875" lon="113.2213779352605342864990234375">
        <ele>298.399993896484375</ele>
        <time>2025-02-16T04:57:14.000Z</time>
        <extensions>
          <ns3:TrackPointExtension>
            <ns3:hr>132</ns3:hr>
            <ns3:cad>49</ns3:cad>
          </ns3:TrackPointExtension>
        </extensions>
      </trkpt>
      <trkpt lat="23.51505048573017120361328125" lon="113.221354298293590545654296875">
        <ele>298.600006103515625</ele>
        <time>2025-02-16T04:57:16.000Z</time>
        <extensions>
          <ns3:TrackPointExtension>
            <ns3:hr>131</ns3:hr>
            <ns3:cad>49</ns3:cad>
          </ns3:TrackPointExtension>
        </extensions>
      </trkpt>
      <trkpt lat="23.515052832663059234619140625" lon="113.22131398133933544158935546875">
        <ele>299</ele>
        <time>2025-02-16T04:57:20.000Z</time>
        <extensions>
          <ns3:TrackPointExtension>
            <ns3:hr>133</ns3:hr>
            <ns3:cad>49</ns3:cad>
          </ns3:TrackPointExtension>
        </extensions>
      </trkpt>
      <trkpt lat="23.51505610160529613494873046875" lon="113.22129302658140659332275390625">
        <ele>298.79998779296875</ele>
        <time>2025-02-16T04:57:22.000Z</time>
        <extensions>
          <ns3:TrackPointExtension>
            <ns3:hr>130</ns3:hr>
            <ns3:cad>51</ns3:cad>
          </ns3:TrackPointExtension>
        </extensions>
      </trkpt>
      <trkpt lat="23.51506649516522884368896484375" lon="113.22125497274100780487060546875">
        <ele>298.399993896484375</ele>
        <time>2025-02-16T04:57:27.000Z</time>
        <extensions>
          <ns3:TrackPointExtension>
            <ns3:hr>133</ns3:hr>
            <ns3:cad>49</ns3:cad>
          </ns3:TrackPointExtension>
        </extensions>
      </trkpt>
      <trkpt lat="23.5150700993835926055908203125" lon="113.22124801576137542724609375">
        <ele>298.399993896484375</ele>
        <time>2025-02-16T04:57:30.000Z</time>
        <extensions>
          <ns3:TrackPointExtension>
            <ns3:hr>132</ns3:hr>
            <ns3:cad>49</ns3:cad>
          </ns3:TrackPointExtension>
        </extensions>
      </trkpt>
      <trkpt lat="23.5150694288313388824462890625" lon="113.2212488539516925811767578125">
        <ele>298.399993896484375</ele>
        <time>2025-02-16T04:57:32.000Z</time>
        <extensions>
          <ns3:TrackPointExtension>
            <ns3:hr>132</ns3:hr>
            <ns3:cad>0</ns3:cad>
          </ns3:TrackPointExtension>
        </extensions>
      </trkpt>
      <trkpt lat="23.51508359424769878387451171875" lon="113.221267126500606536865234375">
        <ele>298.600006103515625</ele>
        <time>2025-02-16T04:57:42.000Z</time>
        <extensions>
          <ns3:TrackPointExtension>
            <ns3:hr>135</ns3:hr>
            <ns3:cad>0</ns3:cad>
          </ns3:TrackPointExtension>
        </extensions>
      </trkpt>
      <trkpt lat="23.5151026211678981781005859375" lon="113.22127819061279296875">
        <ele>298.600006103515625</ele>
        <time>2025-02-16T04:57:57.000Z</time>
        <extensions>
          <ns3:TrackPointExtension>
            <ns3:hr>131</ns3:hr>
            <ns3:cad>61</ns3:cad>
          </ns3:TrackPointExtension>
        </extensions>
      </trkpt>
      <trkpt lat="23.5151371546089649200439453125" lon="113.2212917692959308624267578125">
        <ele>298.79998779296875</ele>
        <time>2025-02-16T04:58:06.000Z</time>
        <extensions>
          <ns3:TrackPointExtension>
            <ns3:hr>126</ns3:hr>
            <ns3:cad>0</ns3:cad>
          </ns3:TrackPointExtension>
        </extensions>
      </trkpt>
      <trkpt lat="23.515154756605625152587890625" lon="113.2212944515049457550048828125">
        <ele>298.79998779296875</ele>
        <time>2025-02-16T04:58:21.000Z</time>
        <extensions>
          <ns3:TrackPointExtension>
            <ns3:hr>129</ns3:hr>
            <ns3:cad>0</ns3:cad>
          </ns3:TrackPointExtension>
        </extensions>
      </trkpt>
      <trkpt lat="23.51515484042465686798095703125" lon="113.2212850637733936309814453125">
        <ele>298.79998779296875</ele>
        <time>2025-02-16T04:58:46.000Z</time>
        <extensions>
          <ns3:TrackPointExtension>
            <ns3:hr>126</ns3:hr>
            <ns3:cad>0</ns3:cad>
          </ns3:TrackPointExtension>
        </extensions>
      </trkpt>
      <trkpt lat="23.5151371546089649200439453125" lon="113.2212820462882518768310546875">
        <ele>298.600006103515625</ele>
        <time>2025-02-16T04:59:00.000Z</time>
        <extensions>
          <ns3:TrackPointExtension>
            <ns3:hr>123</ns3:hr>
            <ns3:cad>0</ns3:cad>
          </ns3:TrackPointExtension>
        </extensions>
      </trkpt>
      <trkpt lat="23.5151173733174800872802734375" lon="113.221257068216800689697265625">
        <ele>298.399993896484375</ele>
        <time>2025-02-16T04:59:09.000Z</time>
        <extensions>
          <ns3:TrackPointExtension>
            <ns3:hr>126</ns3:hr>
            <ns3:cad>0</ns3:cad>
          </ns3:TrackPointExtension>
        </extensions>
      </trkpt>
      <trkpt lat="23.515115194022655487060546875" lon="113.2212555594742298126220703125">
        <ele>298.399993896484375</ele>
        <time>2025-02-16T04:59:15.000Z</time>
        <extensions>
          <ns3:TrackPointExtension>
            <ns3:hr>129</ns3:hr>
            <ns3:cad>0</ns3:cad>
          </ns3:TrackPointExtension>
        </extensions>
      </trkpt>
      <trkpt lat="23.51511494256556034088134765625" lon="113.2212558947503566741943359375">
        <ele>298.399993896484375</ele>
        <time>2025-02-16T04:59:20.000Z</time>
        <extensions>
          <ns3:TrackPointExtension>
            <ns3:hr>125</ns3:hr>
            <ns3:cad>0</ns3:cad>
          </ns3:TrackPointExtension>
        </extensions>
      </trkpt>
      <trkpt lat="23.51510689593851566314697265625" lon="113.2212481833994388580322265625">
        <ele>298.399993896484375</ele>
        <time>2025-02-16T04:59:25.000Z</time>
        <extensions>
          <ns3:TrackPointExtension>
            <ns3:hr>128</ns3:hr>
            <ns3:cad>0</ns3:cad>
          </ns3:TrackPointExtension>
        </extensions>
      </trkpt>
      <trkpt lat="23.51505945436656475067138671875" lon="113.221155814826488494873046875">
        <ele>297.399993896484375</ele>
        <time>2025-02-16T04:59:44.000Z</time>
        <extensions>
          <ns3:TrackPointExtension>
            <ns3:hr>127</ns3:hr>
            <ns3:cad>61</ns3:cad>
          </ns3:TrackPointExtension>
        </extensions>
      </trkpt>
      <trkpt lat="23.515057861804962158203125" lon="113.22110577486455440521240234375">
        <ele>296.79998779296875</ele>
        <time>2025-02-16T04:59:51.000Z</time>
        <extensions>
          <ns3:TrackPointExtension>
            <ns3:hr>132</ns3:hr>
            <ns3:cad>61</ns3:cad>
          </ns3:TrackPointExtension>
        </extensions>
      </trkpt>
      <trkpt lat="23.51505543105304241180419921875" lon="113.22110024280846118927001953125">
        <ele>296.79998779296875</ele>
        <time>2025-02-16T04:59:52.000Z</time>
        <extensions>
          <ns3:TrackPointExtension>
            <ns3:hr>132</ns3:hr>
            <ns3:cad>0</ns3:cad>
          </ns3:TrackPointExtension>
        </extensions>
      </trkpt>
      <trkpt lat="23.51504118181765079498291015625" lon="113.22108666412532329559326171875">
        <ele>296.600006103515625</ele>
        <time>2025-02-16T04:59:54.000Z</time>
        <extensions>
          <ns3:TrackPointExtension>
            <ns3:hr>136</ns3:hr>
            <ns3:cad>61</ns3:cad>
          </ns3:TrackPointExtension>
        </extensions>
      </trkpt>
      <trkpt lat="23.5150369070470333099365234375" lon="113.22107928805053234100341796875">
        <ele>296.399993896484375</ele>
        <time>2025-02-16T04:59:55.000Z</time>
        <extensions>
          <ns3:TrackPointExtension>
            <ns3:hr>131</ns3:hr>
            <ns3:cad>61</ns3:cad>
          </ns3:TrackPointExtension>
        </extensions>
      </trkpt>
      <trkpt lat="23.5150251723825931549072265625" lon="113.2210688106715679168701171875">
        <ele>296.399993896484375</ele>
        <time>2025-02-16T04:59:57.000Z</time>
        <extensions>
          <ns3:TrackPointExtension>
            <ns3:hr>134</ns3:hr>
            <ns3:cad>61</ns3:cad>
          </ns3:TrackPointExtension>
        </extensions>
      </trkpt>
      <trkpt lat="23.51502022705972194671630859375" lon="113.22106403298676013946533203125">
        <ele>296.399993896484375</ele>
        <time>2025-02-16T04:59:58.000Z</time>
        <extensions>
          <ns3:TrackPointExtension>
            <ns3:hr>131</ns3:hr>
            <ns3:cad>61</ns3:cad>
          </ns3:TrackPointExtension>
        </extensions>
      </trkpt>
      <trkpt lat="23.5150110907852649688720703125" lon="113.22105565108358860015869140625">
        <ele>296.20001220703125</ele>
        <time>2025-02-16T05:00:00.000Z</time>
        <extensions>
          <ns3:TrackPointExtension>
            <ns3:hr>130</ns3:hr>
            <ns3:cad>61</ns3:cad>
          </ns3:TrackPointExtension>
        </extensions>
      </trkpt>
      <trkpt lat="23.5149162076413631439208984375" lon="113.220972754061222076416015625">
        <ele>294.79998779296875</ele>
        <time>2025-02-16T05:00:22.000Z</time>
        <extensions>
          <ns3:TrackPointExtension>
            <ns3:hr>133</ns3:hr>
            <ns3:cad>63</ns3:cad>
          </ns3:TrackPointExtension>
        </extensions>
      </trkpt>
      <trkpt lat="23.51478368975222110748291015625" lon="113.2208435051143169403076171875">
        <ele>293</ele>
        <time>2025-02-16T05:01:04.000Z</time>
        <extensions>
          <ns3:TrackPointExtension>
            <ns3:hr>133</ns3:hr>
            <ns3:cad>0</ns3:cad>
          </ns3:TrackPointExtension>
        </extensions>
      </trkpt>
      <trkpt lat="23.51478335447609424591064453125" lon="113.2208994962275028228759765625">
        <ele>293.20001220703125</ele>
        <time>2025-02-16T05:01:15.000Z</time>
        <extensions>
          <ns3:TrackPointExtension>
            <ns3:hr>130</ns3:hr>
            <ns3:cad>64</ns3:cad>
          </ns3:TrackPointExtension>
        </extensions>
      </trkpt>
      <trkpt lat="23.51478360593318939208984375" lon="113.220913745462894439697265625">
        <ele>293.20001220703125</ele>
        <time>2025-02-16T05:01:17.000Z</time>
        <extensions>
          <ns3:TrackPointExtension>
            <ns3:hr>130</ns3:hr>
            <ns3:cad>64</ns3:cad>
          </ns3:TrackPointExtension>
        </extensions>
      </trkpt>
      <trkpt lat="23.5148042254149913787841796875" lon="113.22100820951163768768310546875">
        <ele>293.79998779296875</ele>
        <time>2025-02-16T05:01:29.000Z</time>
        <extensions>
          <ns3:TrackPointExtension>
            <ns3:hr>133</ns3:hr>
            <ns3:cad>61</ns3:cad>
          </ns3:TrackPointExtension>
        </extensions>
      </trkpt>
      <trkpt lat="23.51481470279395580291748046875" lon="113.221136368811130523681640625">
        <ele>295</ele>
        <time>2025-02-16T05:01:44.000Z</time>
        <extensions>
          <ns3:TrackPointExtension>
            <ns3:hr>130</ns3:hr>
            <ns3:cad>61</ns3:cad>
          </ns3:TrackPointExtension>
        </extensions>
      </trkpt>
      <trkpt lat="23.51477597840130329132080078125" lon="113.2212840579450130462646484375">
        <ele>294</ele>
        <time>2025-02-16T05:02:00.000Z</time>
        <extensions>
          <ns3:TrackPointExtension>
            <ns3:hr>131</ns3:hr>
            <ns3:cad>0</ns3:cad>
          </ns3:TrackPointExtension>
        </extensions>
      </trkpt>
      <trkpt lat="23.51471722126007080078125" lon="113.2214054279029369354248046875">
        <ele>292.399993896484375</ele>
        <time>2025-02-16T05:02:14.000Z</time>
        <extensions>
          <ns3:TrackPointExtension>
            <ns3:hr>131</ns3:hr>
            <ns3:cad>59</ns3:cad>
          </ns3:TrackPointExtension>
        </extensions>
      </trkpt>
      <trkpt lat="23.51466885767877101898193359375" lon="113.22149151004850864410400390625">
        <ele>291</ele>
        <time>2025-02-16T05:02:27.000Z</time>
        <extensions>
          <ns3:TrackPointExtension>
            <ns3:hr>130</ns3:hr>
            <ns3:cad>0</ns3:cad>
          </ns3:TrackPointExtension>
        </extensions>
      </trkpt>
      <trkpt lat="23.51465226151049137115478515625" lon="113.22152419947087764739990234375">
        <ele>290.399993896484375</ele>
        <time>2025-02-16T05:02:33.000Z</time>
        <extensions>
          <ns3:TrackPointExtension>
            <ns3:hr>132</ns3:hr>
            <ns3:cad>61</ns3:cad>
          </ns3:TrackPointExtension>
        </extensions>
      </trkpt>
      <trkpt lat="23.5146533511579036712646484375" lon="113.22153744287788867950439453125">
        <ele>290.20001220703125</ele>
        <time>2025-02-16T05:03:02.000Z</time>
        <extensions>
          <ns3:TrackPointExtension>
            <ns3:hr>129</ns3:hr>
            <ns3:cad>0</ns3:cad>
          </ns3:TrackPointExtension>
        </extensions>
      </trkpt>
      <trkpt lat="23.5146541893482208251953125" lon="113.2215375266969203948974609375">
        <ele>290.20001220703125</ele>
        <time>2025-02-16T05:03:08.000Z</time>
        <extensions>
          <ns3:TrackPointExtension>
            <ns3:hr>126</ns3:hr>
            <ns3:cad>61</ns3:cad>
          </ns3:TrackPointExtension>
        </extensions>
      </trkpt>
      <trkpt lat="23.51465041749179363250732421875" lon="113.22145664133131504058837890625">
        <ele>290.600006103515625</ele>
        <time>2025-02-16T05:03:18.000Z</time>
        <extensions>
          <ns3:TrackPointExtension>
            <ns3:hr>123</ns3:hr>
            <ns3:cad>55</ns3:cad>
          </ns3:TrackPointExtension>
        </extensions>
      </trkpt>
      <trkpt lat="23.51465477608144283294677734375" lon="113.22143233381211757659912109375">
        <ele>290.79998779296875</ele>
        <time>2025-02-16T05:03:25.000Z</time>
        <extensions>
          <ns3:TrackPointExtension>
            <ns3:hr>119</ns3:hr>
            <ns3:cad>0</ns3:cad>
          </ns3:TrackPointExtension>
        </extensions>
      </trkpt>
      <trkpt lat="23.5146670974791049957275390625" lon="113.221435435116291046142578125">
        <ele>291</ele>
        <time>2025-02-16T05:03:27.000Z</time>
        <extensions>
          <ns3:TrackPointExtension>
            <ns3:hr>128</ns3:hr>
            <ns3:cad>0</ns3:cad>
          </ns3:TrackPointExtension>
        </extensions>
      </trkpt>
      <trkpt lat="23.51467271335422992706298828125" lon="113.22143602184951305389404296875">
        <ele>291.20001220703125</ele>
        <time>2025-02-16T05:03:28.000Z</time>
        <extensions>
          <ns3:TrackPointExtension>
            <ns3:hr>128</ns3:hr>
            <ns3:cad>0</ns3:cad>
          </ns3:TrackPointExtension>
        </extensions>
      </trkpt>
      <trkpt lat="23.51470355875790119171142578125" lon="113.2214302383363246917724609375">
        <ele>292</ele>
        <time>2025-02-16T05:03:31.000Z</time>
        <extensions>
          <ns3:TrackPointExtension>
            <ns3:hr>129</ns3:hr>
            <ns3:cad>0</ns3:cad>
          </ns3:TrackPointExtension>
        </extensions>
      </trkpt>
      <trkpt lat="23.514731638133525848388671875" lon="113.22140333242714405059814453125">
        <ele>292.79998779296875</ele>
        <time>2025-02-16T05:03:34.000Z</time>
        <extensions>
          <ns3:TrackPointExtension>
            <ns3:hr>132</ns3:hr>
            <ns3:cad>0</ns3:cad>
          </ns3:TrackPointExtension>
        </extensions>
      </trkpt>
      <trkpt lat="23.51475083269178867340087890625" lon="113.2213769294321537017822265625">
        <ele>293.20001220703125</ele>
        <time>2025-02-16T05:03:37.000Z</time>
        <extensions>
          <ns3:TrackPointExtension>
            <ns3:hr>135</ns3:hr>
            <ns3:cad>61</ns3:cad>
          </ns3:TrackPointExtension>
        </extensions>
      </trkpt>
      <trkpt lat="23.51478905417025089263916015625" lon="113.22133325971662998199462890625">
        <ele>294.20001220703125</ele>
        <time>2025-02-16T05:03:41.000Z</time>
        <extensions>
          <ns3:TrackPointExtension>
            <ns3:hr>130</ns3:hr>
            <ns3:cad>0</ns3:cad>
          </ns3:TrackPointExtension>
        </extensions>
      </trkpt>
      <trkpt lat="23.5148551873862743377685546875" lon="113.22124809958040714263916015625">
        <ele>295.79998779296875</ele>
        <time>2025-02-16T05:03:48.000Z</time>
        <extensions>
          <ns3:TrackPointExtension>
            <ns3:hr>133</ns3:hr>
            <ns3:cad>0</ns3:cad>
          </ns3:TrackPointExtension>
        </extensions>
      </trkpt>
      <trkpt lat="23.5148608870804309844970703125" lon="113.221220858395099639892578125">
        <ele>296</ele>
        <time>2025-02-16T05:03:52.000Z</time>
        <extensions>
          <ns3:TrackPointExtension>
            <ns3:hr>136</ns3:hr>
            <ns3:cad>61</ns3:cad>
          </ns3:TrackPointExtension>
        </extensions>
      </trkpt>
      <trkpt lat="23.5148759745061397552490234375" lon="113.2211643643677234649658203125">
        <ele>296</ele>
        <time>2025-02-16T05:04:05.000Z</time>
        <extensions>
          <ns3:TrackPointExtension>
            <ns3:hr>133</ns3:hr>
            <ns3:cad>0</ns3:cad>
          </ns3:TrackPointExtension>
        </extensions>
      </trkpt>
      <trkpt lat="23.514875136315822601318359375" lon="113.221140392124652862548828125">
        <ele>295.79998779296875</ele>
        <time>2025-02-16T05:04:08.000Z</time>
        <extensions>
          <ns3:TrackPointExtension>
            <ns3:hr>129</ns3:hr>
            <ns3:cad>61</ns3:cad>
          </ns3:TrackPointExtension>
        </extensions>
      </trkpt>
      <trkpt lat="23.51480447687208652496337890625" lon="113.22107727639377117156982421875">
        <ele>294.399993896484375</ele>
        <time>2025-02-16T05:04:20.000Z</time>
        <extensions>
          <ns3:TrackPointExtension>
            <ns3:hr>128</ns3:hr>
            <ns3:cad>54</ns3:cad>
          </ns3:TrackPointExtension>
        </extensions>
      </trkpt>
      <trkpt lat="23.51477145217359066009521484375" lon="113.2210919447243213653564453125">
        <ele>294</ele>
        <time>2025-02-16T05:04:25.000Z</time>
        <extensions>
          <ns3:TrackPointExtension>
            <ns3:hr>126</ns3:hr>
            <ns3:cad>54</ns3:cad>
          </ns3:TrackPointExtension>
        </extensions>
      </trkpt>
      <trkpt lat="23.5147147066891193389892578125" lon="113.22105430997908115386962890625">
        <ele>293</ele>
        <time>2025-02-16T05:04:58.000Z</time>
        <extensions>
          <ns3:TrackPointExtension>
            <ns3:hr>123</ns3:hr>
            <ns3:cad>0</ns3:cad>
          </ns3:TrackPointExtension>
        </extensions>
      </trkpt>
      <trkpt lat="23.5147400200366973876953125" lon="113.22100385092198848724365234375">
        <ele>293</ele>
        <time>2025-02-16T05:05:10.000Z</time>
        <extensions>
          <ns3:TrackPointExtension>
            <ns3:hr>119</ns3:hr>
            <ns3:cad>0</ns3:cad>
          </ns3:TrackPointExtension>
        </extensions>
      </trkpt>
      <trkpt lat="23.51474580354988574981689453125" lon="113.220995552837848663330078125">
        <ele>293</ele>
        <time>2025-02-16T05:05:12.000Z</time>
        <extensions>
          <ns3:TrackPointExtension>
            <ns3:hr>122</ns3:hr>
            <ns3:cad>0</ns3:cad>
          </ns3:TrackPointExtension>
        </extensions>
      </trkpt>
      <trkpt lat="23.5147478990256786346435546875" lon="113.2209910266101360321044921875">
        <ele>293</ele>
        <time>2025-02-16T05:05:13.000Z</time>
        <extensions>
          <ns3:TrackPointExtension>
            <ns3:hr>127</ns3:hr>
            <ns3:cad>0</ns3:cad>
          </ns3:TrackPointExtension>
        </extensions>
      </trkpt>
      <trkpt lat="23.5147465579211711883544921875" lon="113.22097887285053730010986328125">
        <ele>293</ele>
        <time>2025-02-16T05:05:14.000Z</time>
        <extensions>
          <ns3:TrackPointExtension>
            <ns3:hr>130</ns3:hr>
            <ns3:cad>0</ns3:cad>
          </ns3:TrackPointExtension>
        </extensions>
      </trkpt>
      <trkpt lat="23.5147453844547271728515625" lon="113.220974765717983245849609375">
        <ele>293</ele>
        <time>2025-02-16T05:05:16.000Z</time>
        <extensions>
          <ns3:TrackPointExtension>
            <ns3:hr>135</ns3:hr>
            <ns3:cad>0</ns3:cad>
          </ns3:TrackPointExtension>
        </extensions>
      </trkpt>
      <trkpt lat="23.5147421993315219879150390625" lon="113.2209588401019573211669921875">
        <ele>293</ele>
        <time>2025-02-16T05:05:17.000Z</time>
        <extensions>
          <ns3:TrackPointExtension>
            <ns3:hr>139</ns3:hr>
            <ns3:cad>0</ns3:cad>
          </ns3:TrackPointExtension>
        </extensions>
      </trkpt>
      <trkpt lat="23.5147421993315219879150390625" lon="113.2209588401019573211669921875">
        <ele>293</ele>
        <time>2025-02-16T05:05:18.000Z</time>
        <extensions>
          <ns3:TrackPointExtension>
            <ns3:hr>138</ns3:hr>
            <ns3:cad>0</ns3:cad>
          </ns3:TrackPointExtension>
        </extensions>
      </trkpt>
      <trkpt lat="23.51473658345639705657958984375" lon="113.22094760835170745849609375">
        <ele>292.79998779296875</ele>
        <time>2025-02-16T05:05:21.000Z</time>
        <extensions>
          <ns3:TrackPointExtension>
            <ns3:hr>134</ns3:hr>
            <ns3:cad>0</ns3:cad>
          </ns3:TrackPointExtension>
        </extensions>
      </trkpt>
      <trkpt lat="23.5147552751004695892333984375" lon="113.2208394818007946014404296875">
        <ele>292.600006103515625</ele>
        <time>2025-02-16T05:05:37.000Z</time>
        <extensions>
          <ns3:TrackPointExtension>
            <ns3:hr>133</ns3:hr>
            <ns3:cad>61</ns3:cad>
          </ns3:TrackPointExtension>
        </extensions>
      </trkpt>
      <trkpt lat="23.51472283713519573211669921875" lon="113.22077938355505466461181640625">
        <ele>292</ele>
        <time>2025-02-16T05:05:50.000Z</time>
        <extensions>
          <ns3:TrackPointExtension>
            <ns3:hr>130</ns3:hr>
            <ns3:cad>61</ns3:cad>
          </ns3:TrackPointExtension>
        </extensions>
      </trkpt>
      <trkpt lat="23.51483331061899662017822265625" lon="113.22071266360580921173095703125">
        <ele>291.79998779296875</ele>
        <time>2025-02-16T05:06:16.000Z</time>
        <extensions>
          <ns3:TrackPointExtension>
            <ns3:hr>133</ns3:hr>
            <ns3:cad>49</ns3:cad>
          </ns3:TrackPointExtension>
        </extensions>
      </trkpt>
      <trkpt lat="23.51485393010079860687255859375" lon="113.2206867635250091552734375">
        <ele>291.399993896484375</ele>
        <time>2025-02-16T05:06:18.000Z</time>
        <extensions>
          <ns3:TrackPointExtension>
            <ns3:hr>132</ns3:hr>
            <ns3:cad>49</ns3:cad>
          </ns3:TrackPointExtension>
        </extensions>
      </trkpt>
      <trkpt lat="23.51486382074654102325439453125" lon="113.22064611129462718963623046875">
        <ele>291</ele>
        <time>2025-02-16T05:06:24.000Z</time>
        <extensions>
          <ns3:TrackPointExtension>
            <ns3:hr>132</ns3:hr>
            <ns3:cad>51</ns3:cad>
          </ns3:TrackPointExtension>
        </extensions>
      </trkpt>
      <trkpt lat="23.5149192251265048980712890625" lon="113.22059196420013904571533203125">
        <ele>290.399993896484375</ele>
        <time>2025-02-16T05:06:31.000Z</time>
        <extensions>
          <ns3:TrackPointExtension>
            <ns3:hr>132</ns3:hr>
            <ns3:cad>0</ns3:cad>
          </ns3:TrackPointExtension>
        </extensions>
      </trkpt>
      <trkpt lat="23.51498477160930633544921875" lon="113.22053094394505023956298828125">
        <ele>289.600006103515625</ele>
        <time>2025-02-16T05:06:43.000Z</time>
        <extensions>
          <ns3:TrackPointExtension>
            <ns3:hr>135</ns3:hr>
            <ns3:cad>59</ns3:cad>
          </ns3:TrackPointExtension>
        </extensions>
      </trkpt>
      <trkpt lat="23.51510345935821533203125" lon="113.22039431892335414886474609375">
        <ele>288.600006103515625</ele>
        <time>2025-02-16T05:07:00.000Z</time>
        <extensions>
          <ns3:TrackPointExtension>
            <ns3:hr>132</ns3:hr>
            <ns3:cad>59</ns3:cad>
          </ns3:TrackPointExtension>
        </extensions>
      </trkpt>
      <trkpt lat="23.51524050347506999969482421875" lon="113.2202681712806224822998046875">
        <ele>287</ele>
        <time>2025-02-16T05:07:19.000Z</time>
        <extensions>
          <ns3:TrackPointExtension>
            <ns3:hr>132</ns3:hr>
            <ns3:cad>0</ns3:cad>
          </ns3:TrackPointExtension>
        </extensions>
      </trkpt>
      <trkpt lat="23.5153175331652164459228515625" lon="113.22021494619548320770263671875">
        <ele>286.20001220703125</ele>
        <time>2025-02-16T05:07:33.000Z</time>
        <extensions>
          <ns3:TrackPointExtension>
            <ns3:hr>130</ns3:hr>
            <ns3:cad>0</ns3:cad>
          </ns3:TrackPointExtension>
        </extensions>
      </trkpt>
      <trkpt lat="23.5153165273368358612060546875" lon="113.22020337916910648345947265625">
        <ele>286</ele>
        <time>2025-02-16T05:07:36.000Z</time>
        <extensions>
          <ns3:TrackPointExtension>
            <ns3:hr>129</ns3:hr>
            <ns3:cad>0</ns3:cad>
          </ns3:TrackPointExtension>
        </extensions>
      </trkpt>
      <trkpt lat="23.51531543768942356109619140625" lon="113.22015074081718921661376953125">
        <ele>286.399993896484375</ele>
        <time>2025-02-16T05:07:41.000Z</time>
        <extensions>
          <ns3:TrackPointExtension>
            <ns3:hr>131</ns3:hr>
            <ns3:cad>61</ns3:cad>
          </ns3:TrackPointExtension>
        </extensions>
      </trkpt>
      <trkpt lat="23.51528358645737171173095703125" lon="113.21995376609265804290771484375">
        <ele>288.600006103515625</ele>
        <time>2025-02-16T05:07:59.000Z</time>
        <extensions>
          <ns3:TrackPointExtension>
            <ns3:hr>130</ns3:hr>
            <ns3:cad>61</ns3:cad>
          </ns3:TrackPointExtension>
        </extensions>
      </trkpt>
      <trkpt lat="23.5152903757989406585693359375" lon="113.21975595317780971527099609375">
        <ele>293.20001220703125</ele>
        <time>2025-02-16T05:08:19.000Z</time>
        <extensions>
          <ns3:TrackPointExtension>
            <ns3:hr>131</ns3:hr>
            <ns3:cad>56</ns3:cad>
          </ns3:TrackPointExtension>
        </extensions>
      </trkpt>
      <trkpt lat="23.5153399966657161712646484375" lon="113.2196435518562793731689453125">
        <ele>296.600006103515625</ele>
        <time>2025-02-16T05:08:36.000Z</time>
        <extensions>
          <ns3:TrackPointExtension>
            <ns3:hr>133</ns3:hr>
            <ns3:cad>0</ns3:cad>
          </ns3:TrackPointExtension>
        </extensions>
      </trkpt>
      <trkpt lat="23.5153349675238132476806640625" lon="113.21952612139284610748291015625">
        <ele>297.399993896484375</ele>
        <time>2025-02-16T05:08:54.000Z</time>
        <extensions>
          <ns3:TrackPointExtension>
            <ns3:hr>132</ns3:hr>
            <ns3:cad>61</ns3:cad>
          </ns3:TrackPointExtension>
        </extensions>
      </trkpt>
      <trkpt lat="23.51542373187839984893798828125" lon="113.2193475030362606048583984375">
        <ele>302</ele>
        <time>2025-02-16T05:09:11.000Z</time>
        <extensions>
          <ns3:TrackPointExtension>
            <ns3:hr>131</ns3:hr>
            <ns3:cad>107</ns3:cad>
          </ns3:TrackPointExtension>
        </extensions>
      </trkpt>
      <trkpt lat="23.51551115512847900390625" lon="113.2192348502576351165771484375">
        <ele>305.399993896484375</ele>
        <time>2025-02-16T05:09:32.000Z</time>
        <extensions>
          <ns3:TrackPointExtension>
            <ns3:hr>127</ns3:hr>
            <ns3:cad>0</ns3:cad>
          </ns3:TrackPointExtension>
        </extensions>
      </trkpt>
      <trkpt lat="23.51551442407071590423583984375" lon="113.21923392824828624725341796875">
        <ele>305.600006103515625</ele>
        <time>2025-02-16T05:09:33.000Z</time>
        <extensions>
          <ns3:TrackPointExtension>
            <ns3:hr>124</ns3:hr>
            <ns3:cad>0</ns3:cad>
          </ns3:TrackPointExtension>
        </extensions>
      </trkpt>
      <trkpt lat="23.5155143402516841888427734375" lon="113.2192338444292545318603515625">
        <ele>305.600006103515625</ele>
        <time>2025-02-16T05:09:35.000Z</time>
        <extensions>
          <ns3:TrackPointExtension>
            <ns3:hr>127</ns3:hr>
            <ns3:cad>0</ns3:cad>
          </ns3:TrackPointExtension>
        </extensions>
      </trkpt>
      <trkpt lat="23.5155119933187961578369140625" lon="113.21923158131539821624755859375">
        <ele>305.600006103515625</ele>
        <time>2025-02-16T05:09:43.000Z</time>
        <extensions>
          <ns3:TrackPointExtension>
            <ns3:hr>123</ns3:hr>
            <ns3:cad>0</ns3:cad>
          </ns3:TrackPointExtension>
        </extensions>
      </trkpt>
      <trkpt lat="23.51551610045135021209716796875" lon="113.2192174158990383148193359375">
        <ele>305.79998779296875</ele>
        <time>2025-02-16T05:09:45.000Z</time>
        <extensions>
          <ns3:TrackPointExtension>
            <ns3:hr>119</ns3:hr>
            <ns3:cad>0</ns3:cad>
          </ns3:TrackPointExtension>
        </extensions>
      </trkpt>
      <trkpt lat="23.51552129723131656646728515625" lon="113.2192023284733295440673828125">
        <ele>306.20001220703125</ele>
        <time>2025-02-16T05:09:48.000Z</time>
        <extensions>
          <ns3:TrackPointExtension>
            <ns3:hr>116</ns3:hr>
            <ns3:cad>0</ns3:cad>
          </ns3:TrackPointExtension>
        </extensions>
      </trkpt>
      <trkpt lat="23.51552196778357028961181640625" lon="113.21917609311640262603759765625">
        <ele>306.600006103515625</ele>
        <time>2025-02-16T05:09:56.000Z</time>
        <extensions>
          <ns3:TrackPointExtension>
            <ns3:hr>125</ns3:hr>
            <ns3:cad>0</ns3:cad>
          </ns3:TrackPointExtension>
        </extensions>
      </trkpt>
      <trkpt lat="23.5155205428600311279296875" lon="113.21917341090738773345947265625">
        <ele>306.600006103515625</ele>
        <time>2025-02-16T05:09:57.000Z</time>
        <extensions>
          <ns3:TrackPointExtension>
            <ns3:hr>125</ns3:hr>
            <ns3:cad>0</ns3:cad>
          </ns3:TrackPointExtension>
        </extensions>
      </trkpt>
      <trkpt lat="23.51551744155585765838623046875" lon="113.2191691361367702484130859375">
        <ele>306.399993896484375</ele>
        <time>2025-02-16T05:09:59.000Z</time>
        <extensions>
          <ns3:TrackPointExtension>
            <ns3:hr>128</ns3:hr>
            <ns3:cad>0</ns3:cad>
          </ns3:TrackPointExtension>
        </extensions>
      </trkpt>
      <trkpt lat="23.51551677100360393524169921875" lon="113.219163604080677032470703125">
        <ele>306.399993896484375</ele>
        <time>2025-02-16T05:10:02.000Z</time>
        <extensions>
          <ns3:TrackPointExtension>
            <ns3:hr>131</ns3:hr>
            <ns3:cad>0</ns3:cad>
          </ns3:TrackPointExtension>
        </extensions>
      </trkpt>
      <trkpt lat="23.515516854822635650634765625" lon="113.21916301734745502471923828125">
        <ele>306.399993896484375</ele>
        <time>2025-02-16T05:10:05.000Z</time>
        <extensions>
          <ns3:TrackPointExtension>
            <ns3:hr>134</ns3:hr>
            <ns3:cad>0</ns3:cad>
          </ns3:TrackPointExtension>
        </extensions>
      </trkpt>
      <trkpt lat="23.5155361331999301910400390625" lon="113.21912638843059539794921875">
        <ele>307.600006103515625</ele>
        <time>2025-02-16T05:10:22.000Z</time>
        <extensions>
          <ns3:TrackPointExtension>
            <ns3:hr>131</ns3:hr>
            <ns3:cad>61</ns3:cad>
          </ns3:TrackPointExtension>
        </extensions>
      </trkpt>
      <trkpt lat="23.5155391506850719451904296875" lon="113.2191121391952037811279296875">
        <ele>308</ele>
        <time>2025-02-16T05:10:29.000Z</time>
        <extensions>
          <ns3:TrackPointExtension>
            <ns3:hr>128</ns3:hr>
            <ns3:cad>0</ns3:cad>
          </ns3:TrackPointExtension>
        </extensions>
      </trkpt>
      <trkpt lat="23.51554275490343570709228515625" lon="113.21911004371941089630126953125">
        <ele>308</ele>
        <time>2025-02-16T05:10:37.000Z</time>
        <extensions>
          <ns3:TrackPointExtension>
            <ns3:hr>125</ns3:hr>
            <ns3:cad>0</ns3:cad>
          </ns3:TrackPointExtension>
        </extensions>
      </trkpt>
      <trkpt lat="23.5155589319765567779541015625" lon="113.21909043006598949432373046875">
        <ele>309</ele>
        <time>2025-02-16T05:10:42.000Z</time>
        <extensions>
          <ns3:TrackPointExtension>
            <ns3:hr>122</ns3:hr>
            <ns3:cad>61</ns3:cad>
          </ns3:TrackPointExtension>
        </extensions>
      </trkpt>
      <trkpt lat="23.5155867598950862884521484375" lon="113.2190541364252567291259765625">
        <ele>310</ele>
        <time>2025-02-16T05:10:47.000Z</time>
        <extensions>
          <ns3:TrackPointExtension>
            <ns3:hr>119</ns3:hr>
            <ns3:cad>61</ns3:cad>
          </ns3:TrackPointExtension>
        </extensions>
      </trkpt>
      <trkpt lat="23.5156011767685413360595703125" lon="113.2190132327377796173095703125">
        <ele>310.79998779296875</ele>
        <time>2025-02-16T05:10:51.000Z</time>
        <extensions>
          <ns3:TrackPointExtension>
            <ns3:hr>117</ns3:hr>
            <ns3:cad>61</ns3:cad>
          </ns3:TrackPointExtension>
        </extensions>
      </trkpt>
      <trkpt lat="23.51562707684934139251708984375" lon="113.218912817537784576416015625">
        <ele>312.600006103515625</ele>
        <time>2025-02-16T05:10:59.000Z</time>
        <extensions>
          <ns3:TrackPointExtension>
            <ns3:hr>114</ns3:hr>
            <ns3:cad>52</ns3:cad>
          </ns3:TrackPointExtension>
        </extensions>
      </trkpt>
      <trkpt lat="23.515632860362529754638671875" lon="113.21888633072376251220703125">
        <ele>313</ele>
        <time>2025-02-16T05:11:01.000Z</time>
        <extensions>
          <ns3:TrackPointExtension>
            <ns3:hr>109</ns3:hr>
            <ns3:cad>50</ns3:cad>
          </ns3:TrackPointExtension>
        </extensions>
      </trkpt>
      <trkpt lat="23.51563864387571811676025390625" lon="113.21886076591908931732177734375">
        <ele>313.600006103515625</ele>
        <time>2025-02-16T05:11:03.000Z</time>
        <extensions>
          <ns3:TrackPointExtension>
            <ns3:hr>112</ns3:hr>
            <ns3:cad>50</ns3:cad>
          </ns3:TrackPointExtension>
        </extensions>
      </trkpt>
      <trkpt lat="23.51564367301762104034423828125" lon="113.21883813478052616119384765625">
        <ele>314</ele>
        <time>2025-02-16T05:11:05.000Z</time>
        <extensions>
          <ns3:TrackPointExtension>
            <ns3:hr>117</ns3:hr>
            <ns3:cad>57</ns3:cad>
          </ns3:TrackPointExtension>
        </extensions>
      </trkpt>
      <trkpt lat="23.5156452655792236328125" lon="113.21882891468703746795654296875">
        <ele>314.20001220703125</ele>
        <time>2025-02-16T05:11:06.000Z</time>
        <extensions>
          <ns3:TrackPointExtension>
            <ns3:hr>121</ns3:hr>
            <ns3:cad>57</ns3:cad>
          </ns3:TrackPointExtension>
        </extensions>
      </trkpt>
      <trkpt lat="23.5156461037695407867431640625" lon="113.2188238017261028289794921875">
        <ele>314.20001220703125</ele>
        <time>2025-02-16T05:11:07.000Z</time>
        <extensions>
          <ns3:TrackPointExtension>
            <ns3:hr>121</ns3:hr>
            <ns3:cad>57</ns3:cad>
          </ns3:TrackPointExtension>
        </extensions>
      </trkpt>
      <trkpt lat="23.5156685672700405120849609375" lon="113.218780048191547393798828125">
        <ele>315.399993896484375</ele>
        <time>2025-02-16T05:11:12.000Z</time>
        <extensions>
          <ns3:TrackPointExtension>
            <ns3:hr>118</ns3:hr>
            <ns3:cad>54</ns3:cad>
          </ns3:TrackPointExtension>
        </extensions>
      </trkpt>
      <trkpt lat="23.515673764050006866455078125" lon="113.2187647931277751922607421875">
        <ele>315.79998779296875</ele>
        <time>2025-02-16T05:11:13.000Z</time>
        <extensions>
          <ns3:TrackPointExtension>
            <ns3:hr>122</ns3:hr>
            <ns3:cad>54</ns3:cad>
          </ns3:TrackPointExtension>
        </extensions>
      </trkpt>
      <trkpt lat="23.515684492886066436767578125" lon="113.2187336124479770660400390625">
        <ele>316.399993896484375</ele>
        <time>2025-02-16T05:11:16.000Z</time>
        <extensions>
          <ns3:TrackPointExtension>
            <ns3:hr>127</ns3:hr>
            <ns3:cad>55</ns3:cad>
          </ns3:TrackPointExtension>
        </extensions>
      </trkpt>
      <trkpt lat="23.51568658836185932159423828125" lon="113.21872397325932979583740234375">
        <ele>316.600006103515625</ele>
        <time>2025-02-16T05:11:17.000Z</time>
        <extensions>
          <ns3:TrackPointExtension>
            <ns3:hr>127</ns3:hr>
            <ns3:cad>55</ns3:cad>
          </ns3:TrackPointExtension>
        </extensions>
      </trkpt>
      <trkpt lat="23.515706956386566162109375" lon="113.21862959302961826324462890625">
        <ele>317.600006103515625</ele>
        <time>2025-02-16T05:11:24.000Z</time>
        <extensions>
          <ns3:TrackPointExtension>
            <ns3:hr>130</ns3:hr>
            <ns3:cad>53</ns3:cad>
          </ns3:TrackPointExtension>
        </extensions>
      </trkpt>
      <trkpt lat="23.5157151706516742706298828125" lon="113.21858818642795085906982421875">
        <ele>317.79998779296875</ele>
        <time>2025-02-16T05:11:28.000Z</time>
        <extensions>
          <ns3:TrackPointExtension>
            <ns3:hr>127</ns3:hr>
            <ns3:cad>53</ns3:cad>
          </ns3:TrackPointExtension>
        </extensions>
      </trkpt>
      <trkpt lat="23.51571693085134029388427734375" lon="113.21852867491543292999267578125">
        <ele>317.79998779296875</ele>
        <time>2025-02-16T05:11:34.000Z</time>
        <extensions>
          <ns3:TrackPointExtension>
            <ns3:hr>132</ns3:hr>
            <ns3:cad>52</ns3:cad>
          </ns3:TrackPointExtension>
        </extensions>
      </trkpt>
      <trkpt lat="23.5157171823084354400634765625" lon="113.21851995773613452911376953125">
        <ele>318</ele>
        <time>2025-02-16T05:11:35.000Z</time>
        <extensions>
          <ns3:TrackPointExtension>
            <ns3:hr>129</ns3:hr>
            <ns3:cad>52</ns3:cad>
          </ns3:TrackPointExtension>
        </extensions>
      </trkpt>
      <trkpt lat="23.51572464220225811004638671875" lon="113.218472264707088470458984375">
        <ele>318.399993896484375</ele>
        <time>2025-02-16T05:11:40.000Z</time>
        <extensions>
          <ns3:TrackPointExtension>
            <ns3:hr>126</ns3:hr>
            <ns3:cad>56</ns3:cad>
          </ns3:TrackPointExtension>
        </extensions>
      </trkpt>
      <trkpt lat="23.51574609987437725067138671875" lon="113.21826799772679805755615234375">
        <ele>318.399993896484375</ele>
        <time>2025-02-16T05:11:59.000Z</time>
        <extensions>
          <ns3:TrackPointExtension>
            <ns3:hr>127</ns3:hr>
            <ns3:cad>51</ns3:cad>
          </ns3:TrackPointExtension>
        </extensions>
      </trkpt>
      <trkpt lat="23.515762947499752044677734375" lon="113.218209743499755859375">
        <ele>318.600006103515625</ele>
        <time>2025-02-16T05:12:05.000Z</time>
        <extensions>
          <ns3:TrackPointExtension>
            <ns3:hr>130</ns3:hr>
            <ns3:cad>48</ns3:cad>
          </ns3:TrackPointExtension>
        </extensions>
      </trkpt>
      <trkpt lat="23.51578633300960063934326171875" lon="113.21816288866102695465087890625">
        <ele>319</ele>
        <time>2025-02-16T05:12:09.000Z</time>
        <extensions>
          <ns3:TrackPointExtension>
            <ns3:hr>130</ns3:hr>
            <ns3:cad>48</ns3:cad>
          </ns3:TrackPointExtension>
        </extensions>
      </trkpt>
      <trkpt lat="23.5158556513488292694091796875" lon="113.2180446200072765350341796875">
        <ele>319.600006103515625</ele>
        <time>2025-02-16T05:12:21.000Z</time>
        <extensions>
          <ns3:TrackPointExtension>
            <ns3:hr>127</ns3:hr>
            <ns3:cad>50</ns3:cad>
          </ns3:TrackPointExtension>
        </extensions>
      </trkpt>
      <trkpt lat="23.515916168689727783203125" lon="113.21790204383432865142822265625">
        <ele>321</ele>
        <time>2025-02-16T05:12:37.000Z</time>
        <extensions>
          <ns3:TrackPointExtension>
            <ns3:hr>130</ns3:hr>
            <ns3:cad>52</ns3:cad>
          </ns3:TrackPointExtension>
        </extensions>
      </trkpt>
      <trkpt lat="23.51593636907637119293212890625" lon="113.21785963140428066253662109375">
        <ele>321.600006103515625</ele>
        <time>2025-02-16T05:12:42.000Z</time>
        <extensions>
          <ns3:TrackPointExtension>
            <ns3:hr>133</ns3:hr>
            <ns3:cad>51</ns3:cad>
          </ns3:TrackPointExtension>
        </extensions>
      </trkpt>
      <trkpt lat="23.51596185006201267242431640625" lon="113.21782694198191165924072265625">
        <ele>322</ele>
        <time>2025-02-16T05:12:46.000Z</time>
        <extensions>
          <ns3:TrackPointExtension>
            <ns3:hr>148</ns3:hr>
            <ns3:cad>50</ns3:cad>
          </ns3:TrackPointExtension>
        </extensions>
      </trkpt>
      <trkpt lat="23.515976183116436004638671875" lon="113.2178126089274883270263671875">
        <ele>322.600006103515625</ele>
        <time>2025-02-16T05:12:47.000Z</time>
        <extensions>
          <ns3:TrackPointExtension>
            <ns3:hr>148</ns3:hr>
            <ns3:cad>50</ns3:cad>
          </ns3:TrackPointExtension>
        </extensions>
      </trkpt>
      <trkpt lat="23.51603762246668338775634765625" lon="113.2177227549254894256591796875">
        <ele>325.399993896484375</ele>
        <time>2025-02-16T05:12:59.000Z</time>
        <extensions>
          <ns3:TrackPointExtension>
            <ns3:hr>145</ns3:hr>
            <ns3:cad>53</ns3:cad>
          </ns3:TrackPointExtension>
        </extensions>
      </trkpt>
      <trkpt lat="23.5160722397267818450927734375" lon="113.21767204441130161285400390625">
        <ele>326.600006103515625</ele>
        <time>2025-02-16T05:13:04.000Z</time>
        <extensions>
          <ns3:TrackPointExtension>
            <ns3:hr>142</ns3:hr>
            <ns3:cad>53</ns3:cad>
          </ns3:TrackPointExtension>
        </extensions>
      </trkpt>
      <trkpt lat="23.51610166020691394805908203125" lon="113.2176392711699008941650390625">
        <ele>327.600006103515625</ele>
        <time>2025-02-16T05:13:08.000Z</time>
        <extensions>
          <ns3:TrackPointExtension>
            <ns3:hr>139</ns3:hr>
            <ns3:cad>53</ns3:cad>
          </ns3:TrackPointExtension>
        </extensions>
      </trkpt>
      <trkpt lat="23.516212888062000274658203125" lon="113.2174783386290073394775390625">
        <ele>331.600006103515625</ele>
        <time>2025-02-16T05:13:25.000Z</time>
        <extensions>
          <ns3:TrackPointExtension>
            <ns3:hr>136</ns3:hr>
            <ns3:cad>51</ns3:cad>
          </ns3:TrackPointExtension>
        </extensions>
      </trkpt>
      <trkpt lat="23.5162321664392948150634765625" lon="113.217445313930511474609375">
        <ele>332</ele>
        <time>2025-02-16T05:13:31.000Z</time>
        <extensions>
          <ns3:TrackPointExtension>
            <ns3:hr>135</ns3:hr>
            <ns3:cad>52</ns3:cad>
          </ns3:TrackPointExtension>
        </extensions>
      </trkpt>
      <trkpt lat="23.51634942926466464996337890625" lon="113.2172919251024723052978515625">
        <ele>334.20001220703125</ele>
        <time>2025-02-16T05:13:54.000Z</time>
        <extensions>
          <ns3:TrackPointExtension>
            <ns3:hr>135</ns3:hr>
            <ns3:cad>55</ns3:cad>
          </ns3:TrackPointExtension>
        </extensions>
      </trkpt>
      <trkpt lat="23.5163843818008899688720703125" lon="113.2172510214149951934814453125">
        <ele>335</ele>
        <time>2025-02-16T05:14:00.000Z</time>
        <extensions>
          <ns3:TrackPointExtension>
            <ns3:hr>132</ns3:hr>
            <ns3:cad>53</ns3:cad>
          </ns3:TrackPointExtension>
        </extensions>
      </trkpt>
      <trkpt lat="23.5164822824299335479736328125" lon="113.2170853950083255767822265625">
        <ele>336</ele>
        <time>2025-02-16T05:14:18.000Z</time>
        <extensions>
          <ns3:TrackPointExtension>
            <ns3:hr>134</ns3:hr>
            <ns3:cad>53</ns3:cad>
          </ns3:TrackPointExtension>
        </extensions>
      </trkpt>
      <trkpt lat="23.51650558412075042724609375" lon="113.21701641194522380828857421875">
        <ele>336</ele>
        <time>2025-02-16T05:14:25.000Z</time>
        <extensions>
          <ns3:TrackPointExtension>
            <ns3:hr>131</ns3:hr>
            <ns3:cad>59</ns3:cad>
          </ns3:TrackPointExtension>
        </extensions>
      </trkpt>
      <trkpt lat="23.516602478921413421630859375" lon="113.2168493606150150299072265625">
        <ele>338</ele>
        <time>2025-02-16T05:14:42.000Z</time>
        <extensions>
          <ns3:TrackPointExtension>
            <ns3:hr>131</ns3:hr>
            <ns3:cad>54</ns3:cad>
          </ns3:TrackPointExtension>
        </extensions>
      </trkpt>
      <trkpt lat="23.51668554358184337615966796875" lon="113.2166746817529201507568359375">
        <ele>339</ele>
        <time>2025-02-16T05:14:57.000Z</time>
        <extensions>
          <ns3:TrackPointExtension>
            <ns3:hr>132</ns3:hr>
            <ns3:cad>52</ns3:cad>
          </ns3:TrackPointExtension>
        </extensions>
      </trkpt>
      <trkpt lat="23.51671739481389522552490234375" lon="113.216592371463775634765625">
        <ele>339.20001220703125</ele>
        <time>2025-02-16T05:15:05.000Z</time>
        <extensions>
          <ns3:TrackPointExtension>
            <ns3:hr>137</ns3:hr>
            <ns3:cad>52</ns3:cad>
          </ns3:TrackPointExtension>
        </extensions>
      </trkpt>
      <trkpt lat="23.5167635791003704071044921875" lon="113.21652464568614959716796875">
        <ele>338.79998779296875</ele>
        <time>2025-02-16T05:15:11.000Z</time>
        <extensions>
          <ns3:TrackPointExtension>
            <ns3:hr>134</ns3:hr>
            <ns3:cad>52</ns3:cad>
          </ns3:TrackPointExtension>
        </extensions>
      </trkpt>
      <trkpt lat="23.51680490188300609588623046875" lon="113.21646572090685367584228515625">
        <ele>338.20001220703125</ele>
        <time>2025-02-16T05:15:17.000Z</time>
        <extensions>
          <ns3:TrackPointExtension>
            <ns3:hr>131</ns3:hr>
            <ns3:cad>52</ns3:cad>
          </ns3:TrackPointExtension>
        </extensions>
      </trkpt>
      <trkpt lat="23.516843207180500030517578125" lon="113.21641677059233188629150390625">
        <ele>338.79998779296875</ele>
        <time>2025-02-16T05:15:22.000Z</time>
        <extensions>
          <ns3:TrackPointExtension>
            <ns3:hr>128</ns3:hr>
            <ns3:cad>55</ns3:cad>
          </ns3:TrackPointExtension>
        </extensions>
      </trkpt>
      <trkpt lat="23.51685469038784503936767578125" lon="113.2164037786424160003662109375">
        <ele>339</ele>
        <time>2025-02-16T05:15:24.000Z</time>
        <extensions>
          <ns3:TrackPointExtension>
            <ns3:hr>122</ns3:hr>
            <ns3:cad>55</ns3:cad>
          </ns3:TrackPointExtension>
        </extensions>
      </trkpt>
      <trkpt lat="23.516861312091350555419921875" lon="113.2163950614631175994873046875">
        <ele>339.20001220703125</ele>
        <time>2025-02-16T05:15:25.000Z</time>
        <extensions>
          <ns3:TrackPointExtension>
            <ns3:hr>122</ns3:hr>
            <ns3:cad>55</ns3:cad>
          </ns3:TrackPointExtension>
        </extensions>
      </trkpt>
      <trkpt lat="23.51693968288600444793701171875" lon="113.2162991724908351898193359375">
        <ele>340.79998779296875</ele>
        <time>2025-02-16T05:15:35.000Z</time>
        <extensions>
          <ns3:TrackPointExtension>
            <ns3:hr>127</ns3:hr>
            <ns3:cad>0</ns3:cad>
          </ns3:TrackPointExtension>
        </extensions>
      </trkpt>
      <trkpt lat="23.51700489409267902374267578125" lon="113.2162235677242279052734375">
        <ele>340.79998779296875</ele>
        <time>2025-02-16T05:15:44.000Z</time>
        <extensions>
          <ns3:TrackPointExtension>
            <ns3:hr>124</ns3:hr>
            <ns3:cad>55</ns3:cad>
          </ns3:TrackPointExtension>
        </extensions>
      </trkpt>
      <trkpt lat="23.51711167953908443450927734375" lon="113.21621107868850231170654296875">
        <ele>340.399993896484375</ele>
        <time>2025-02-16T05:16:03.000Z</time>
        <extensions>
          <ns3:TrackPointExtension>
            <ns3:hr>125</ns3:hr>
            <ns3:cad>52</ns3:cad>
          </ns3:TrackPointExtension>
        </extensions>
      </trkpt>
      <trkpt lat="23.5171427763998508453369140625" lon="113.2162052951753139495849609375">
        <ele>340.399993896484375</ele>
        <time>2025-02-16T05:16:07.000Z</time>
        <extensions>
          <ns3:TrackPointExtension>
            <ns3:hr>127</ns3:hr>
            <ns3:cad>50</ns3:cad>
          </ns3:TrackPointExtension>
        </extensions>
      </trkpt>
      <trkpt lat="23.5171752981841564178466796875" lon="113.21620881557464599609375">
        <ele>340.399993896484375</ele>
        <time>2025-02-16T05:16:18.000Z</time>
        <extensions>
          <ns3:TrackPointExtension>
            <ns3:hr>130</ns3:hr>
            <ns3:cad>0</ns3:cad>
          </ns3:TrackPointExtension>
        </extensions>
      </trkpt>
      <trkpt lat="23.5171763040125370025634765625" lon="113.2162130065262317657470703125">
        <ele>340.399993896484375</ele>
        <time>2025-02-16T05:16:22.000Z</time>
        <extensions>
          <ns3:TrackPointExtension>
            <ns3:hr>133</ns3:hr>
            <ns3:cad>0</ns3:cad>
          </ns3:TrackPointExtension>
        </extensions>
      </trkpt>
      <trkpt lat="23.51718359626829624176025390625" lon="113.21621350944042205810546875">
        <ele>340.399993896484375</ele>
        <time>2025-02-16T05:16:26.000Z</time>
        <extensions>
          <ns3:TrackPointExtension>
            <ns3:hr>138</ns3:hr>
            <ns3:cad>0</ns3:cad>
          </ns3:TrackPointExtension>
        </extensions>
      </trkpt>
      <trkpt lat="23.51719382219016551971435546875" lon="113.2162032835185527801513671875">
        <ele>340.399993896484375</ele>
        <time>2025-02-16T05:16:33.000Z</time>
        <extensions>
          <ns3:TrackPointExtension>
            <ns3:hr>141</ns3:hr>
            <ns3:cad>0</ns3:cad>
          </ns3:TrackPointExtension>
        </extensions>
      </trkpt>
      <trkpt lat="23.517193906009197235107421875" lon="113.2161949016153812408447265625">
        <ele>340.399993896484375</ele>
        <time>2025-02-16T05:16:37.000Z</time>
        <extensions>
          <ns3:TrackPointExtension>
            <ns3:hr>138</ns3:hr>
            <ns3:cad>0</ns3:cad>
          </ns3:TrackPointExtension>
        </extensions>
      </trkpt>
      <trkpt lat="23.517193906009197235107421875" lon="113.216195069253444671630859375">
        <ele>340.399993896484375</ele>
        <time>2025-02-16T05:16:38.000Z</time>
        <extensions>
          <ns3:TrackPointExtension>
            <ns3:hr>132</ns3:hr>
            <ns3:cad>0</ns3:cad>
          </ns3:TrackPointExtension>
        </extensions>
      </trkpt>
      <trkpt lat="23.5171927325427532196044921875" lon="113.2161886990070343017578125">
        <ele>340.399993896484375</ele>
        <time>2025-02-16T05:16:45.000Z</time>
        <extensions>
          <ns3:TrackPointExtension>
            <ns3:hr>126</ns3:hr>
            <ns3:cad>0</ns3:cad>
          </ns3:TrackPointExtension>
        </extensions>
      </trkpt>
      <trkpt lat="23.517192900180816650390625" lon="113.216188363730907440185546875">
        <ele>340.399993896484375</ele>
        <time>2025-02-16T05:16:46.000Z</time>
        <extensions>
          <ns3:TrackPointExtension>
            <ns3:hr>126</ns3:hr>
            <ns3:cad>0</ns3:cad>
          </ns3:TrackPointExtension>
        </extensions>
      </trkpt>
      <trkpt lat="23.5171930678188800811767578125" lon="113.21618844754993915557861328125">
        <ele>340.399993896484375</ele>
        <time>2025-02-16T05:16:50.000Z</time>
        <extensions>
          <ns3:TrackPointExtension>
            <ns3:hr>129</ns3:hr>
            <ns3:cad>0</ns3:cad>
          </ns3:TrackPointExtension>
        </extensions>
      </trkpt>
      <trkpt lat="23.51719449274241924285888671875" lon="113.21619213558733463287353515625">
        <ele>340.399993896484375</ele>
        <time>2025-02-16T05:17:01.000Z</time>
        <extensions>
          <ns3:TrackPointExtension>
            <ns3:hr>126</ns3:hr>
            <ns3:cad>0</ns3:cad>
          </ns3:TrackPointExtension>
        </extensions>
      </trkpt>
      <trkpt lat="23.51719432510435581207275390625" lon="113.21619699709117412567138671875">
        <ele>340.399993896484375</ele>
        <time>2025-02-16T05:17:03.000Z</time>
        <extensions>
          <ns3:TrackPointExtension>
            <ns3:hr>122</ns3:hr>
            <ns3:cad>0</ns3:cad>
          </ns3:TrackPointExtension>
        </extensions>
      </trkpt>
      <trkpt lat="23.517192900180816650390625" lon="113.216197751462459564208984375">
        <ele>340.399993896484375</ele>
        <time>2025-02-16T05:17:09.000Z</time>
        <extensions>
          <ns3:TrackPointExtension>
            <ns3:hr>119</ns3:hr>
            <ns3:cad>0</ns3:cad>
          </ns3:TrackPointExtension>
        </extensions>
      </trkpt>
      <trkpt lat="23.51719080470502376556396484375" lon="113.216201774775981903076171875">
        <ele>340.399993896484375</ele>
        <time>2025-02-16T05:17:12.000Z</time>
        <extensions>
          <ns3:TrackPointExtension>
            <ns3:hr>116</ns3:hr>
            <ns3:cad>0</ns3:cad>
          </ns3:TrackPointExtension>
        </extensions>
      </trkpt>
      <trkpt lat="23.51719097234308719635009765625" lon="113.21620169095695018768310546875">
        <ele>340.399993896484375</ele>
        <time>2025-02-16T05:17:21.000Z</time>
        <extensions>
          <ns3:TrackPointExtension>
            <ns3:hr>112</ns3:hr>
            <ns3:cad>0</ns3:cad>
          </ns3:TrackPointExtension>
        </extensions>
      </trkpt>
      <trkpt lat="23.5171706043183803558349609375" lon="113.2162140123546123504638671875">
        <ele>340.399993896484375</ele>
        <time>2025-02-16T05:17:32.000Z</time>
        <extensions>
          <ns3:TrackPointExtension>
            <ns3:hr>118</ns3:hr>
            <ns3:cad>54</ns3:cad>
          </ns3:TrackPointExtension>
        </extensions>
      </trkpt>
      <trkpt lat="23.51716264151036739349365234375" lon="113.2162096537649631500244140625">
        <ele>340.399993896484375</ele>
        <time>2025-02-16T05:17:33.000Z</time>
        <extensions>
          <ns3:TrackPointExtension>
            <ns3:hr>117</ns3:hr>
            <ns3:cad>54</ns3:cad>
          </ns3:TrackPointExtension>
        </extensions>
      </trkpt>
      <trkpt lat="23.51715124212205410003662109375" lon="113.21620672009885311126708984375">
        <ele>340.399993896484375</ele>
        <time>2025-02-16T05:17:35.000Z</time>
        <extensions>
          <ns3:TrackPointExtension>
            <ns3:hr>121</ns3:hr>
            <ns3:cad>57</ns3:cad>
          </ns3:TrackPointExtension>
        </extensions>
      </trkpt>
      <trkpt lat="23.51714537478983402252197265625" lon="113.2162063010036945343017578125">
        <ele>340.399993896484375</ele>
        <time>2025-02-16T05:17:36.000Z</time>
        <extensions>
          <ns3:TrackPointExtension>
            <ns3:hr>124</ns3:hr>
            <ns3:cad>59</ns3:cad>
          </ns3:TrackPointExtension>
        </extensions>
      </trkpt>
      <trkpt lat="23.5171112604439258575439453125" lon="113.2161902077496051788330078125">
        <ele>340.399993896484375</ele>
        <time>2025-02-16T05:17:41.000Z</time>
        <extensions>
          <ns3:TrackPointExtension>
            <ns3:hr>119</ns3:hr>
            <ns3:cad>59</ns3:cad>
          </ns3:TrackPointExtension>
        </extensions>
      </trkpt>
      <trkpt lat="23.51709558628499507904052734375" lon="113.21618442423641681671142578125">
        <ele>340.399993896484375</ele>
        <time>2025-02-16T05:17:42.000Z</time>
        <extensions>
          <ns3:TrackPointExtension>
            <ns3:hr>119</ns3:hr>
            <ns3:cad>59</ns3:cad>
          </ns3:TrackPointExtension>
        </extensions>
      </trkpt>
      <trkpt lat="23.51709558628499507904052734375" lon="113.21618442423641681671142578125">
        <ele>340.399993896484375</ele>
        <time>2025-02-16T05:17:43.000Z</time>
        <extensions>
          <ns3:TrackPointExtension>
            <ns3:hr>123</ns3:hr>
            <ns3:cad>58</ns3:cad>
          </ns3:TrackPointExtension>
        </extensions>
      </trkpt>
      <trkpt lat="23.51708569563925266265869140625" lon="113.2161794789135456085205078125">
        <ele>340.600006103515625</ele>
        <time>2025-02-16T05:17:45.000Z</time>
        <extensions>
          <ns3:TrackPointExtension>
            <ns3:hr>128</ns3:hr>
            <ns3:cad>0</ns3:cad>
          </ns3:TrackPointExtension>
        </extensions>
      </trkpt>
      <trkpt lat="23.51708536036312580108642578125" lon="113.21617922745645046234130859375">
        <ele>340.600006103515625</ele>
        <time>2025-02-16T05:17:46.000Z</time>
        <extensions>
          <ns3:TrackPointExtension>
            <ns3:hr>128</ns3:hr>
            <ns3:cad>0</ns3:cad>
          </ns3:TrackPointExtension>
        </extensions>
      </trkpt>
      <trkpt lat="23.51707831956446170806884765625" lon="113.21618760935962200164794921875">
        <ele>340.600006103515625</ele>
        <time>2025-02-16T05:17:51.000Z</time>
        <extensions>
          <ns3:TrackPointExtension>
            <ns3:hr>133</ns3:hr>
            <ns3:cad>61</ns3:cad>
          </ns3:TrackPointExtension>
        </extensions>
      </trkpt>
      <trkpt lat="23.51707815192639827728271484375" lon="113.21618744172155857086181640625">
        <ele>340.600006103515625</ele>
        <time>2025-02-16T05:18:00.000Z</time>
        <extensions>
          <ns3:TrackPointExtension>
            <ns3:hr>136</ns3:hr>
            <ns3:cad>0</ns3:cad>
          </ns3:TrackPointExtension>
        </extensions>
      </trkpt>
      <trkpt lat="23.51707848720252513885498046875" lon="113.21618760935962200164794921875">
        <ele>340.600006103515625</ele>
        <time>2025-02-16T05:18:05.000Z</time>
        <extensions>
          <ns3:TrackPointExtension>
            <ns3:hr>132</ns3:hr>
            <ns3:cad>0</ns3:cad>
          </ns3:TrackPointExtension>
        </extensions>
      </trkpt>
      <trkpt lat="23.51707823574542999267578125" lon="113.21618744172155857086181640625">
        <ele>340.600006103515625</ele>
        <time>2025-02-16T05:18:09.000Z</time>
        <extensions>
          <ns3:TrackPointExtension>
            <ns3:hr>128</ns3:hr>
            <ns3:cad>0</ns3:cad>
          </ns3:TrackPointExtension>
        </extensions>
      </trkpt>
      <trkpt lat="23.51707831956446170806884765625" lon="113.21618727408349514007568359375">
        <ele>340.600006103515625</ele>
        <time>2025-02-16T05:18:18.000Z</time>
        <extensions>
          <ns3:TrackPointExtension>
            <ns3:hr>131</ns3:hr>
            <ns3:cad>0</ns3:cad>
          </ns3:TrackPointExtension>
        </extensions>
      </trkpt>
      <trkpt lat="23.51707798428833484649658203125" lon="113.21618794463574886322021484375">
        <ele>340.600006103515625</ele>
        <time>2025-02-16T05:18:26.000Z</time>
        <extensions>
          <ns3:TrackPointExtension>
            <ns3:hr>128</ns3:hr>
            <ns3:cad>0</ns3:cad>
          </ns3:TrackPointExtension>
        </extensions>
      </trkpt>
      <trkpt lat="23.51707823574542999267578125" lon="113.2161875255405902862548828125">
        <ele>340.600006103515625</ele>
        <time>2025-02-16T05:18:32.000Z</time>
        <extensions>
          <ns3:TrackPointExtension>
            <ns3:hr>122</ns3:hr>
            <ns3:cad>0</ns3:cad>
          </ns3:TrackPointExtension>
        </extensions>
      </trkpt>
      <trkpt lat="23.51707823574542999267578125" lon="113.21618727408349514007568359375">
        <ele>340.600006103515625</ele>
        <time>2025-02-16T05:18:34.000Z</time>
        <extensions>
          <ns3:TrackPointExtension>
            <ns3:hr>118</ns3:hr>
            <ns3:cad>0</ns3:cad>
          </ns3:TrackPointExtension>
        </extensions>
      </trkpt>
      <trkpt lat="23.51707815192639827728271484375" lon="113.21618735790252685546875">
        <ele>340.600006103515625</ele>
        <time>2025-02-16T05:18:35.000Z</time>
        <extensions>
          <ns3:TrackPointExtension>
            <ns3:hr>104</ns3:hr>
            <ns3:cad>0</ns3:cad>
          </ns3:TrackPointExtension>
        </extensions>
      </trkpt>
      <trkpt lat="23.517077900469303131103515625" lon="113.21618777699768543243408203125">
        <ele>340.600006103515625</ele>
        <time>2025-02-16T05:18:37.000Z</time>
        <extensions>
          <ns3:TrackPointExtension>
            <ns3:hr>101</ns3:hr>
            <ns3:cad>0</ns3:cad>
          </ns3:TrackPointExtension>
        </extensions>
      </trkpt>
      <trkpt lat="23.517128862440586090087890625" lon="113.21619414724409580230712890625">
        <ele>340.399993896484375</ele>
        <time>2025-02-16T05:18:51.000Z</time>
        <extensions>
          <ns3:TrackPointExtension>
            <ns3:hr>104</ns3:hr>
            <ns3:cad>61</ns3:cad>
          </ns3:TrackPointExtension>
        </extensions>
      </trkpt>
      <trkpt lat="23.51719491183757781982421875" lon="113.2161747850477695465087890625">
        <ele>340.399993896484375</ele>
        <time>2025-02-16T05:19:05.000Z</time>
        <extensions>
          <ns3:TrackPointExtension>
            <ns3:hr>109</ns3:hr>
            <ns3:cad>51</ns3:cad>
          </ns3:TrackPointExtension>
        </extensions>
      </trkpt>
      <trkpt lat="23.51720589213073253631591796875" lon="113.2161744497716426849365234375">
        <ele>340.399993896484375</ele>
        <time>2025-02-16T05:19:06.000Z</time>
        <extensions>
          <ns3:TrackPointExtension>
            <ns3:hr>109</ns3:hr>
            <ns3:cad>49</ns3:cad>
          </ns3:TrackPointExtension>
        </extensions>
      </trkpt>
      <trkpt lat="23.51721662096679210662841796875" lon="113.21617151610553264617919921875">
        <ele>340.399993896484375</ele>
        <time>2025-02-16T05:19:07.000Z</time>
        <extensions>
          <ns3:TrackPointExtension>
            <ns3:hr>106</ns3:hr>
            <ns3:cad>49</ns3:cad>
          </ns3:TrackPointExtension>
        </extensions>
      </trkpt>
      <trkpt lat="23.51722751744091510772705078125" lon="113.2161697559058666229248046875">
        <ele>340.399993896484375</ele>
        <time>2025-02-16T05:19:08.000Z</time>
        <extensions>
          <ns3:TrackPointExtension>
            <ns3:hr>111</ns3:hr>
            <ns3:cad>49</ns3:cad>
          </ns3:TrackPointExtension>
        </extensions>
      </trkpt>
      <trkpt lat="23.517235480248928070068359375" lon="113.2161670736968517303466796875">
        <ele>340.399993896484375</ele>
        <time>2025-02-16T05:19:09.000Z</time>
        <extensions>
          <ns3:TrackPointExtension>
            <ns3:hr>118</ns3:hr>
            <ns3:cad>50</ns3:cad>
          </ns3:TrackPointExtension>
        </extensions>
      </trkpt>
      <trkpt lat="23.5172430239617824554443359375" lon="113.2161650620400905609130859375">
        <ele>340.20001220703125</ele>
        <time>2025-02-16T05:19:10.000Z</time>
        <extensions>
          <ns3:TrackPointExtension>
            <ns3:hr>121</ns3:hr>
            <ns3:cad>50</ns3:cad>
          </ns3:TrackPointExtension>
        </extensions>
      </trkpt>
      <trkpt lat="23.5172604583203792572021484375" lon="113.2161605358123779296875">
        <ele>339.79998779296875</ele>
        <time>2025-02-16T05:19:11.000Z</time>
        <extensions>
          <ns3:TrackPointExtension>
            <ns3:hr>122</ns3:hr>
            <ns3:cad>52</ns3:cad>
          </ns3:TrackPointExtension>
        </extensions>
      </trkpt>
      <trkpt lat="23.51727646775543689727783203125" lon="113.2161484658718109130859375">
        <ele>339.600006103515625</ele>
        <time>2025-02-16T05:19:14.000Z</time>
        <extensions>
          <ns3:TrackPointExtension>
            <ns3:hr>125</ns3:hr>
            <ns3:cad>53</ns3:cad>
          </ns3:TrackPointExtension>
        </extensions>
      </trkpt>
      <trkpt lat="23.5173120908439159393310546875" lon="113.21610747836530208587646484375">
        <ele>339</ele>
        <time>2025-02-16T05:19:19.000Z</time>
        <extensions>
          <ns3:TrackPointExtension>
            <ns3:hr>126</ns3:hr>
            <ns3:cad>61</ns3:cad>
          </ns3:TrackPointExtension>
        </extensions>
      </trkpt>
      <trkpt lat="23.51734779775142669677734375" lon="113.216053582727909088134765625">
        <ele>339.399993896484375</ele>
        <time>2025-02-16T05:19:25.000Z</time>
        <extensions>
          <ns3:TrackPointExtension>
            <ns3:hr>129</ns3:hr>
            <ns3:cad>59</ns3:cad>
          </ns3:TrackPointExtension>
        </extensions>
      </trkpt>
      <trkpt lat="23.51736984215676784515380859375" lon="113.21602039039134979248046875">
        <ele>339.399993896484375</ele>
        <time>2025-02-16T05:19:28.000Z</time>
        <extensions>
          <ns3:TrackPointExtension>
            <ns3:hr>129</ns3:hr>
            <ns3:cad>57</ns3:cad>
          </ns3:TrackPointExtension>
        </extensions>
      </trkpt>
      <trkpt lat="23.5174277611076831817626953125" lon="113.2159555144608020782470703125">
        <ele>338.600006103515625</ele>
        <time>2025-02-16T05:19:37.000Z</time>
        <extensions>
          <ns3:TrackPointExtension>
            <ns3:hr>130</ns3:hr>
            <ns3:cad>58</ns3:cad>
          </ns3:TrackPointExtension>
        </extensions>
      </trkpt>
      <trkpt lat="23.5174830816686153411865234375" lon="113.2158958353102207183837890625">
        <ele>337.399993896484375</ele>
        <time>2025-02-16T05:19:44.000Z</time>
        <extensions>
          <ns3:TrackPointExtension>
            <ns3:hr>127</ns3:hr>
            <ns3:cad>57</ns3:cad>
          </ns3:TrackPointExtension>
        </extensions>
      </trkpt>
      <trkpt lat="23.51751065813004970550537109375" lon="113.21585543453693389892578125">
        <ele>336.600006103515625</ele>
        <time>2025-02-16T05:19:48.000Z</time>
        <extensions>
          <ns3:TrackPointExtension>
            <ns3:hr>131</ns3:hr>
            <ns3:cad>56</ns3:cad>
          </ns3:TrackPointExtension>
        </extensions>
      </trkpt>
      <trkpt lat="23.51753328926861286163330078125" lon="113.21580120362341403961181640625">
        <ele>335.399993896484375</ele>
        <time>2025-02-16T05:19:54.000Z</time>
        <extensions>
          <ns3:TrackPointExtension>
            <ns3:hr>128</ns3:hr>
            <ns3:cad>58</ns3:cad>
          </ns3:TrackPointExtension>
        </extensions>
      </trkpt>
      <trkpt lat="23.517541922628879547119140625" lon="113.21578242816030979156494140625">
        <ele>335</ele>
        <time>2025-02-16T05:19:56.000Z</time>
        <extensions>
          <ns3:TrackPointExtension>
            <ns3:hr>129</ns3:hr>
            <ns3:cad>59</ns3:cad>
          </ns3:TrackPointExtension>
        </extensions>
      </trkpt>
      <trkpt lat="23.5175280086696147918701171875" lon="113.21573766879737377166748046875">
        <ele>335.20001220703125</ele>
        <time>2025-02-16T05:20:00.000Z</time>
        <extensions>
          <ns3:TrackPointExtension>
            <ns3:hr>128</ns3:hr>
            <ns3:cad>61</ns3:cad>
          </ns3:TrackPointExtension>
        </extensions>
      </trkpt>
      <trkpt lat="23.517518453299999237060546875" lon="113.21568779647350311279296875">
        <ele>335</ele>
        <time>2025-02-16T05:20:05.000Z</time>
        <extensions>
          <ns3:TrackPointExtension>
            <ns3:hr>125</ns3:hr>
            <ns3:cad>60</ns3:cad>
          </ns3:TrackPointExtension>
        </extensions>
      </trkpt>
      <trkpt lat="23.51751954294741153717041015625" lon="113.21567798964679241180419921875">
        <ele>334.79998779296875</ele>
        <time>2025-02-16T05:20:06.000Z</time>
        <extensions>
          <ns3:TrackPointExtension>
            <ns3:hr>118</ns3:hr>
            <ns3:cad>61</ns3:cad>
          </ns3:TrackPointExtension>
        </extensions>
      </trkpt>
      <trkpt lat="23.517521135509014129638671875" lon="113.21566625498235225677490234375">
        <ele>334.600006103515625</ele>
        <time>2025-02-16T05:20:07.000Z</time>
        <extensions>
          <ns3:TrackPointExtension>
            <ns3:hr>112</ns3:hr>
            <ns3:cad>61</ns3:cad>
          </ns3:TrackPointExtension>
        </extensions>
      </trkpt>
      <trkpt lat="23.5175769589841365814208984375" lon="113.21555259637534618377685546875">
        <ele>332</ele>
        <time>2025-02-16T05:20:19.000Z</time>
        <extensions>
          <ns3:TrackPointExtension>
            <ns3:hr>115</ns3:hr>
            <ns3:cad>58</ns3:cad>
          </ns3:TrackPointExtension>
        </extensions>
      </trkpt>
      <trkpt lat="23.51760931313037872314453125" lon="113.21550247259438037872314453125">
        <ele>331</ele>
        <time>2025-02-16T05:20:25.000Z</time>
        <extensions>
          <ns3:TrackPointExtension>
            <ns3:hr>118</ns3:hr>
            <ns3:cad>58</ns3:cad>
          </ns3:TrackPointExtension>
        </extensions>
      </trkpt>
      <trkpt lat="23.51762113161385059356689453125" lon="113.2154867984354496002197265625">
        <ele>330.600006103515625</ele>
        <time>2025-02-16T05:20:28.000Z</time>
        <extensions>
          <ns3:TrackPointExtension>
            <ns3:hr>121</ns3:hr>
            <ns3:cad>59</ns3:cad>
          </ns3:TrackPointExtension>
        </extensions>
      </trkpt>
      <trkpt lat="23.517631106078624725341796875" lon="113.21547615341842174530029296875">
        <ele>330.20001220703125</ele>
        <time>2025-02-16T05:20:30.000Z</time>
        <extensions>
          <ns3:TrackPointExtension>
            <ns3:hr>122</ns3:hr>
            <ns3:cad>57</ns3:cad>
          </ns3:TrackPointExtension>
        </extensions>
      </trkpt>
      <trkpt lat="23.51768843829631805419921875" lon="113.21536651812493801116943359375">
        <ele>329.20001220703125</ele>
        <time>2025-02-16T05:20:41.000Z</time>
        <extensions>
          <ns3:TrackPointExtension>
            <ns3:hr>125</ns3:hr>
            <ns3:cad>60</ns3:cad>
          </ns3:TrackPointExtension>
        </extensions>
      </trkpt>
      <trkpt lat="23.51772598922252655029296875" lon="113.21532075293362140655517578125">
        <ele>329</ele>
        <time>2025-02-16T05:20:45.000Z</time>
        <extensions>
          <ns3:TrackPointExtension>
            <ns3:hr>125</ns3:hr>
            <ns3:cad>62</ns3:cad>
          </ns3:TrackPointExtension>
        </extensions>
      </trkpt>
      <trkpt lat="23.51786202751100063323974609375" lon="113.2151850499212741851806640625">
        <ele>328</ele>
        <time>2025-02-16T05:21:00.000Z</time>
        <extensions>
          <ns3:TrackPointExtension>
            <ns3:hr>127</ns3:hr>
            <ns3:cad>57</ns3:cad>
          </ns3:TrackPointExtension>
        </extensions>
      </trkpt>
      <trkpt lat="23.51794919930398464202880859375" lon="113.2151015661656856536865234375">
        <ele>328.79998779296875</ele>
        <time>2025-02-16T05:21:09.000Z</time>
        <extensions>
          <ns3:TrackPointExtension>
            <ns3:hr>124</ns3:hr>
            <ns3:cad>56</ns3:cad>
          </ns3:TrackPointExtension>
        </extensions>
      </trkpt>
      <trkpt lat="23.5180899314582347869873046875" lon="113.2149765081703662872314453125">
        <ele>331</ele>
        <time>2025-02-16T05:21:29.000Z</time>
        <extensions>
          <ns3:TrackPointExtension>
            <ns3:hr>125</ns3:hr>
            <ns3:cad>56</ns3:cad>
          </ns3:TrackPointExtension>
        </extensions>
      </trkpt>
      <trkpt lat="23.5181073658168315887451171875" lon="113.2149682939052581787109375">
        <ele>331.20001220703125</ele>
        <time>2025-02-16T05:21:33.000Z</time>
        <extensions>
          <ns3:TrackPointExtension>
            <ns3:hr>126</ns3:hr>
            <ns3:cad>0</ns3:cad>
          </ns3:TrackPointExtension>
        </extensions>
      </trkpt>
      <trkpt lat="23.5181224532425403594970703125" lon="113.2149634324014186859130859375">
        <ele>331</ele>
        <time>2025-02-16T05:21:40.000Z</time>
        <extensions>
          <ns3:TrackPointExtension>
            <ns3:hr>129</ns3:hr>
            <ns3:cad>0</ns3:cad>
          </ns3:TrackPointExtension>
        </extensions>
      </trkpt>
      <trkpt lat="23.51814516820013523101806640625" lon="113.21493216790258884429931640625">
        <ele>331.20001220703125</ele>
        <time>2025-02-16T05:21:48.000Z</time>
        <extensions>
          <ns3:TrackPointExtension>
            <ns3:hr>132</ns3:hr>
            <ns3:cad>61</ns3:cad>
          </ns3:TrackPointExtension>
        </extensions>
      </trkpt>
      <trkpt lat="23.518172241747379302978515625" lon="113.21490987204015254974365234375">
        <ele>331</ele>
        <time>2025-02-16T05:21:53.000Z</time>
        <extensions>
          <ns3:TrackPointExtension>
            <ns3:hr>138</ns3:hr>
            <ns3:cad>61</ns3:cad>
          </ns3:TrackPointExtension>
        </extensions>
      </trkpt>
      <trkpt lat="23.51818121038377285003662109375" lon="113.21489981375634670257568359375">
        <ele>331</ele>
        <time>2025-02-16T05:21:54.000Z</time>
        <extensions>
          <ns3:TrackPointExtension>
            <ns3:hr>141</ns3:hr>
            <ns3:cad>75</ns3:cad>
          </ns3:TrackPointExtension>
        </extensions>
      </trkpt>
      <trkpt lat="23.51819898001849651336669921875" lon="113.21487701497972011566162109375">
        <ele>330.600006103515625</ele>
        <time>2025-02-16T05:21:59.000Z</time>
        <extensions>
          <ns3:TrackPointExtension>
            <ns3:hr>138</ns3:hr>
            <ns3:cad>66</ns3:cad>
          </ns3:TrackPointExtension>
        </extensions>
      </trkpt>
      <trkpt lat="23.5182082839310169219970703125" lon="113.21486913599073886871337890625">
        <ele>330.600006103515625</ele>
        <time>2025-02-16T05:22:02.000Z</time>
        <extensions>
          <ns3:TrackPointExtension>
            <ns3:hr>145</ns3:hr>
            <ns3:cad>0</ns3:cad>
          </ns3:TrackPointExtension>
        </extensions>
      </trkpt>
      <trkpt lat="23.51821507327258586883544921875" lon="113.21485589258372783660888671875">
        <ele>330.399993896484375</ele>
        <time>2025-02-16T05:22:04.000Z</time>
        <extensions>
          <ns3:TrackPointExtension>
            <ns3:hr>149</ns3:hr>
            <ns3:cad>0</ns3:cad>
          </ns3:TrackPointExtension>
        </extensions>
      </trkpt>
      <trkpt lat="23.51824591867625713348388671875" lon="113.21481348015367984771728515625">
        <ele>329.79998779296875</ele>
        <time>2025-02-16T05:22:11.000Z</time>
        <extensions>
          <ns3:TrackPointExtension>
            <ns3:hr>156</ns3:hr>
            <ns3:cad>68</ns3:cad>
          </ns3:TrackPointExtension>
        </extensions>
      </trkpt>
      <trkpt lat="23.51825530640780925750732421875" lon="113.214803673326969146728515625">
        <ele>329.600006103515625</ele>
        <time>2025-02-16T05:22:12.000Z</time>
        <extensions>
          <ns3:TrackPointExtension>
            <ns3:hr>159</ns3:hr>
            <ns3:cad>68</ns3:cad>
          </ns3:TrackPointExtension>
        </extensions>
      </trkpt>
      <trkpt lat="23.51825530640780925750732421875" lon="113.214803673326969146728515625">
        <ele>329.600006103515625</ele>
        <time>2025-02-16T05:22:13.000Z</time>
        <extensions>
          <ns3:TrackPointExtension>
            <ns3:hr>159</ns3:hr>
            <ns3:cad>68</ns3:cad>
          </ns3:TrackPointExtension>
        </extensions>
      </trkpt>
      <trkpt lat="23.51829436607658863067626953125" lon="113.21478129364550113677978515625">
        <ele>328.20001220703125</ele>
        <time>2025-02-16T05:22:22.000Z</time>
        <extensions>
          <ns3:TrackPointExtension>
            <ns3:hr>162</ns3:hr>
            <ns3:cad>59</ns3:cad>
          </ns3:TrackPointExtension>
        </extensions>
      </trkpt>
      <trkpt lat="23.518311046063899993896484375" lon="113.21477475576102733612060546875">
        <ele>327.79998779296875</ele>
        <time>2025-02-16T05:22:25.000Z</time>
        <extensions>
          <ns3:TrackPointExtension>
            <ns3:hr>156</ns3:hr>
            <ns3:cad>0</ns3:cad>
          </ns3:TrackPointExtension>
        </extensions>
      </trkpt>
      <trkpt lat="23.51831951178610324859619140625" lon="113.214792944490909576416015625">
        <ele>327.600006103515625</ele>
        <time>2025-02-16T05:22:33.000Z</time>
        <extensions>
          <ns3:TrackPointExtension>
            <ns3:hr>153</ns3:hr>
            <ns3:cad>0</ns3:cad>
          </ns3:TrackPointExtension>
        </extensions>
      </trkpt>
      <trkpt lat="23.51835429668426513671875" lon="113.21476201526820659637451171875">
        <ele>326.20001220703125</ele>
        <time>2025-02-16T05:22:44.000Z</time>
        <extensions>
          <ns3:TrackPointExtension>
            <ns3:hr>150</ns3:hr>
            <ns3:cad>61</ns3:cad>
          </ns3:TrackPointExtension>
        </extensions>
      </trkpt>
      <trkpt lat="23.51835974492132663726806640625" lon="113.21475145407021045684814453125">
        <ele>325.79998779296875</ele>
        <time>2025-02-16T05:22:46.000Z</time>
        <extensions>
          <ns3:TrackPointExtension>
            <ns3:hr>149</ns3:hr>
            <ns3:cad>61</ns3:cad>
          </ns3:TrackPointExtension>
        </extensions>
      </trkpt>
      <trkpt lat="23.51843333803117275238037109375" lon="113.214664198458194732666015625">
        <ele>323.79998779296875</ele>
        <time>2025-02-16T05:22:54.000Z</time>
        <extensions>
          <ns3:TrackPointExtension>
            <ns3:hr>146</ns3:hr>
            <ns3:cad>59</ns3:cad>
          </ns3:TrackPointExtension>
        </extensions>
      </trkpt>
      <trkpt lat="23.51848111487925052642822265625" lon="113.21459555067121982574462890625">
        <ele>322.79998779296875</ele>
        <time>2025-02-16T05:23:01.000Z</time>
        <extensions>
          <ns3:TrackPointExtension>
            <ns3:hr>143</ns3:hr>
            <ns3:cad>59</ns3:cad>
          </ns3:TrackPointExtension>
        </extensions>
      </trkpt>
      <trkpt lat="23.51859292946755886077880859375" lon="113.2144398987293243408203125">
        <ele>323</ele>
        <time>2025-02-16T05:23:15.000Z</time>
        <extensions>
          <ns3:TrackPointExtension>
            <ns3:hr>142</ns3:hr>
            <ns3:cad>57</ns3:cad>
          </ns3:TrackPointExtension>
        </extensions>
      </trkpt>
      <trkpt lat="23.51862930692732334136962890625" lon="113.21440628729760646820068359375">
        <ele>323.20001220703125</ele>
        <time>2025-02-16T05:23:18.000Z</time>
        <extensions>
          <ns3:TrackPointExtension>
            <ns3:hr>139</ns3:hr>
            <ns3:cad>57</ns3:cad>
          </ns3:TrackPointExtension>
        </extensions>
      </trkpt>
      <trkpt lat="23.5186716355383396148681640625" lon="113.2143688201904296875">
        <ele>323.79998779296875</ele>
        <time>2025-02-16T05:23:24.000Z</time>
        <extensions>
          <ns3:TrackPointExtension>
            <ns3:hr>136</ns3:hr>
            <ns3:cad>0</ns3:cad>
          </ns3:TrackPointExtension>
        </extensions>
      </trkpt>
      <trkpt lat="23.51873760111629962921142578125" lon="113.21435314603149890899658203125">
        <ele>323.79998779296875</ele>
        <time>2025-02-16T05:23:35.000Z</time>
        <extensions>
          <ns3:TrackPointExtension>
            <ns3:hr>133</ns3:hr>
            <ns3:cad>58</ns3:cad>
          </ns3:TrackPointExtension>
        </extensions>
      </trkpt>
      <trkpt lat="23.51876241154968738555908203125" lon="113.21436068974435329437255859375">
        <ele>324</ele>
        <time>2025-02-16T05:23:38.000Z</time>
        <extensions>
          <ns3:TrackPointExtension>
            <ns3:hr>133</ns3:hr>
            <ns3:cad>55</ns3:cad>
          </ns3:TrackPointExtension>
        </extensions>
      </trkpt>
      <trkpt lat="23.518805243074893951416015625" lon="113.21438047103583812713623046875">
        <ele>323.399993896484375</ele>
        <time>2025-02-16T05:23:43.000Z</time>
        <extensions>
          <ns3:TrackPointExtension>
            <ns3:hr>132</ns3:hr>
            <ns3:cad>55</ns3:cad>
          </ns3:TrackPointExtension>
        </extensions>
      </trkpt>
      <trkpt lat="23.51884723640978336334228515625" lon="113.21437485516071319580078125">
        <ele>323.600006103515625</ele>
        <time>2025-02-16T05:23:47.000Z</time>
        <extensions>
          <ns3:TrackPointExtension>
            <ns3:hr>131</ns3:hr>
            <ns3:cad>55</ns3:cad>
          </ns3:TrackPointExtension>
        </extensions>
      </trkpt>
      <trkpt lat="23.5188781656324863433837890625" lon="113.21437326259911060333251953125">
        <ele>323.600006103515625</ele>
        <time>2025-02-16T05:23:50.000Z</time>
        <extensions>
          <ns3:TrackPointExtension>
            <ns3:hr>130</ns3:hr>
            <ns3:cad>60</ns3:cad>
          </ns3:TrackPointExtension>
        </extensions>
      </trkpt>
      <trkpt lat="23.5189519263803958892822265625" lon="113.2143696583807468414306640625">
        <ele>320.79998779296875</ele>
        <time>2025-02-16T05:23:57.000Z</time>
        <extensions>
          <ns3:TrackPointExtension>
            <ns3:hr>130</ns3:hr>
            <ns3:cad>42</ns3:cad>
          </ns3:TrackPointExtension>
        </extensions>
      </trkpt>
      <trkpt lat="23.51899375207722187042236328125" lon="113.2143666408956050872802734375">
        <ele>318.600006103515625</ele>
        <time>2025-02-16T05:24:01.000Z</time>
        <extensions>
          <ns3:TrackPointExtension>
            <ns3:hr>129</ns3:hr>
            <ns3:cad>59</ns3:cad>
          </ns3:TrackPointExtension>
        </extensions>
      </trkpt>
      <trkpt lat="23.51899375207722187042236328125" lon="113.2143666408956050872802734375">
        <ele>318.600006103515625</ele>
        <time>2025-02-16T05:24:02.000Z</time>
        <extensions>
          <ns3:TrackPointExtension>
            <ns3:hr>129</ns3:hr>
            <ns3:cad>59</ns3:cad>
          </ns3:TrackPointExtension>
        </extensions>
      </trkpt>
      <trkpt lat="23.51903398521244525909423828125" lon="113.21434711106121540069580078125">
        <ele>316</ele>
        <time>2025-02-16T05:24:07.000Z</time>
        <extensions>
          <ns3:TrackPointExtension>
            <ns3:hr>129</ns3:hr>
            <ns3:cad>59</ns3:cad>
          </ns3:TrackPointExtension>
        </extensions>
      </trkpt>
      <trkpt lat="23.5190441273152828216552734375" lon="113.21434359066188335418701171875">
        <ele>315.399993896484375</ele>
        <time>2025-02-16T05:24:08.000Z</time>
        <extensions>
          <ns3:TrackPointExtension>
            <ns3:hr>129</ns3:hr>
            <ns3:cad>59</ns3:cad>
          </ns3:TrackPointExtension>
        </extensions>
      </trkpt>
      <trkpt lat="23.51905141957104206085205078125" lon="113.21434157900512218475341796875">
        <ele>315</ele>
        <time>2025-02-16T05:24:10.000Z</time>
        <extensions>
          <ns3:TrackPointExtension>
            <ns3:hr>130</ns3:hr>
            <ns3:cad>59</ns3:cad>
          </ns3:TrackPointExtension>
        </extensions>
      </trkpt>
      <trkpt lat="23.5190769843757152557373046875" lon="113.21433101780712604522705078125">
        <ele>313.20001220703125</ele>
        <time>2025-02-16T05:24:14.000Z</time>
        <extensions>
          <ns3:TrackPointExtension>
            <ns3:hr>129</ns3:hr>
            <ns3:cad>59</ns3:cad>
          </ns3:TrackPointExtension>
        </extensions>
      </trkpt>
      <trkpt lat="23.5191269405186176300048828125" lon="113.21433587931096553802490234375">
        <ele>310.600006103515625</ele>
        <time>2025-02-16T05:24:19.000Z</time>
        <extensions>
          <ns3:TrackPointExtension>
            <ns3:hr>129</ns3:hr>
            <ns3:cad>56</ns3:cad>
          </ns3:TrackPointExtension>
        </extensions>
      </trkpt>
      <trkpt lat="23.5191468894481658935546875" lon="113.2143277488648891448974609375">
        <ele>309.79998779296875</ele>
        <time>2025-02-16T05:24:22.000Z</time>
        <extensions>
          <ns3:TrackPointExtension>
            <ns3:hr>129</ns3:hr>
            <ns3:cad>0</ns3:cad>
          </ns3:TrackPointExtension>
        </extensions>
      </trkpt>
      <trkpt lat="23.5191567800939083099365234375" lon="113.21432364173233509063720703125">
        <ele>309.399993896484375</ele>
        <time>2025-02-16T05:24:34.000Z</time>
        <extensions>
          <ns3:TrackPointExtension>
            <ns3:hr>126</ns3:hr>
            <ns3:cad>61</ns3:cad>
          </ns3:TrackPointExtension>
        </extensions>
      </trkpt>
      <trkpt lat="23.519254513084888458251953125" lon="113.21435783989727497100830078125">
        <ele>303.399993896484375</ele>
        <time>2025-02-16T05:25:00.000Z</time>
        <extensions>
          <ns3:TrackPointExtension>
            <ns3:hr>123</ns3:hr>
            <ns3:cad>0</ns3:cad>
          </ns3:TrackPointExtension>
        </extensions>
      </trkpt>
      <trkpt lat="23.5193187184631824493408203125" lon="113.21438281796872615814208984375">
        <ele>298.79998779296875</ele>
        <time>2025-02-16T05:25:13.000Z</time>
        <extensions>
          <ns3:TrackPointExtension>
            <ns3:hr>120</ns3:hr>
            <ns3:cad>0</ns3:cad>
          </ns3:TrackPointExtension>
        </extensions>
      </trkpt>
      <trkpt lat="23.5193274356424808502197265625" lon="113.21437812410295009613037109375">
        <ele>298.20001220703125</ele>
        <time>2025-02-16T05:25:16.000Z</time>
        <extensions>
          <ns3:TrackPointExtension>
            <ns3:hr>117</ns3:hr>
            <ns3:cad>0</ns3:cad>
          </ns3:TrackPointExtension>
        </extensions>
      </trkpt>
      <trkpt lat="23.5193844325840473175048828125" lon="113.2143870927393436431884765625">
        <ele>294.20001220703125</ele>
        <time>2025-02-16T05:25:23.000Z</time>
        <extensions>
          <ns3:TrackPointExtension>
            <ns3:hr>120</ns3:hr>
            <ns3:cad>0</ns3:cad>
          </ns3:TrackPointExtension>
        </extensions>
      </trkpt>
      <trkpt lat="23.51941167376935482025146484375" lon="113.2143996655941009521484375">
        <ele>292.20001220703125</ele>
        <time>2025-02-16T05:25:30.000Z</time>
        <extensions>
          <ns3:TrackPointExtension>
            <ns3:hr>116</ns3:hr>
            <ns3:cad>64</ns3:cad>
          </ns3:TrackPointExtension>
        </extensions>
      </trkpt>
      <trkpt lat="23.51945157162845134735107421875" lon="113.21442120708525180816650390625">
        <ele>289.20001220703125</ele>
        <time>2025-02-16T05:25:39.000Z</time>
        <extensions>
          <ns3:TrackPointExtension>
            <ns3:hr>119</ns3:hr>
            <ns3:cad>77</ns3:cad>
          </ns3:TrackPointExtension>
        </extensions>
      </trkpt>
      <trkpt lat="23.51948291994631290435791015625" lon="113.214471079409122467041015625">
        <ele>286.79998779296875</ele>
        <time>2025-02-16T05:25:47.000Z</time>
        <extensions>
          <ns3:TrackPointExtension>
            <ns3:hr>120</ns3:hr>
            <ns3:cad>61</ns3:cad>
          </ns3:TrackPointExtension>
        </extensions>
      </trkpt>
      <trkpt lat="23.51949783973395824432373046875" lon="113.21447971276938915252685546875">
        <ele>286</ele>
        <time>2025-02-16T05:25:50.000Z</time>
        <extensions>
          <ns3:TrackPointExtension>
            <ns3:hr>122</ns3:hr>
            <ns3:cad>61</ns3:cad>
          </ns3:TrackPointExtension>
        </extensions>
      </trkpt>
      <trkpt lat="23.51952818222343921661376953125" lon="113.21449153125286102294921875">
        <ele>284.20001220703125</ele>
        <time>2025-02-16T05:25:53.000Z</time>
        <extensions>
          <ns3:TrackPointExtension>
            <ns3:hr>123</ns3:hr>
            <ns3:cad>61</ns3:cad>
          </ns3:TrackPointExtension>
        </extensions>
      </trkpt>
      <trkpt lat="23.5196891985833644866943359375" lon="113.21454877965152263641357421875">
        <ele>275.20001220703125</ele>
        <time>2025-02-16T05:26:26.000Z</time>
        <extensions>
          <ns3:TrackPointExtension>
            <ns3:hr>124</ns3:hr>
            <ns3:cad>0</ns3:cad>
          </ns3:TrackPointExtension>
        </extensions>
      </trkpt>
      <trkpt lat="23.5198469460010528564453125" lon="113.2146237976849079132080078125">
        <ele>265</ele>
        <time>2025-02-16T05:26:50.000Z</time>
        <extensions>
          <ns3:TrackPointExtension>
            <ns3:hr>124</ns3:hr>
            <ns3:cad>57</ns3:cad>
          </ns3:TrackPointExtension>
        </extensions>
      </trkpt>
      <trkpt lat="23.52000427432358264923095703125" lon="113.21466763503849506378173828125">
        <ele>255</ele>
        <time>2025-02-16T05:27:26.000Z</time>
        <extensions>
          <ns3:TrackPointExtension>
            <ns3:hr>124</ns3:hr>
            <ns3:cad>16</ns3:cad>
          </ns3:TrackPointExtension>
        </extensions>
      </trkpt>
      <trkpt lat="23.5200667195022106170654296875" lon="113.21468976326286792755126953125">
        <ele>252.1999969482421875</ele>
        <time>2025-02-16T05:27:34.000Z</time>
        <extensions>
          <ns3:TrackPointExtension>
            <ns3:hr>120</ns3:hr>
            <ns3:cad>43</ns3:cad>
          </ns3:TrackPointExtension>
        </extensions>
      </trkpt>
      <trkpt lat="23.52007317356765270233154296875" lon="113.2146920263767242431640625">
        <ele>251.8000030517578125</ele>
        <time>2025-02-16T05:27:35.000Z</time>
        <extensions>
          <ns3:TrackPointExtension>
            <ns3:hr>123</ns3:hr>
            <ns3:cad>51</ns3:cad>
          </ns3:TrackPointExtension>
        </extensions>
      </trkpt>
      <trkpt lat="23.520101420581340789794921875" lon="113.2147005759179592132568359375">
        <ele>250.8000030517578125</ele>
        <time>2025-02-16T05:27:36.000Z</time>
        <extensions>
          <ns3:TrackPointExtension>
            <ns3:hr>132</ns3:hr>
            <ns3:cad>51</ns3:cad>
          </ns3:TrackPointExtension>
        </extensions>
      </trkpt>
      <trkpt lat="23.520101420581340789794921875" lon="113.2147005759179592132568359375">
        <ele>250.8000030517578125</ele>
        <time>2025-02-16T05:27:37.000Z</time>
        <extensions>
          <ns3:TrackPointExtension>
            <ns3:hr>137</ns3:hr>
            <ns3:cad>51</ns3:cad>
          </ns3:TrackPointExtension>
        </extensions>
      </trkpt>
      <trkpt lat="23.52011005394160747528076171875" lon="113.214701749384403228759765625">
        <ele>250.399993896484375</ele>
        <time>2025-02-16T05:27:38.000Z</time>
        <extensions>
          <ns3:TrackPointExtension>
            <ns3:hr>140</ns3:hr>
            <ns3:cad>51</ns3:cad>
          </ns3:TrackPointExtension>
        </extensions>
      </trkpt>
      <trkpt lat="23.52016285993158817291259765625" lon="113.2147059403359889984130859375">
        <ele>248.399993896484375</ele>
        <time>2025-02-16T05:27:42.000Z</time>
        <extensions>
          <ns3:TrackPointExtension>
            <ns3:hr>145</ns3:hr>
            <ns3:cad>90</ns3:cad>
          </ns3:TrackPointExtension>
        </extensions>
      </trkpt>
      <trkpt lat="23.52016839198768138885498046875" lon="113.21470015682280063629150390625">
        <ele>248.399993896484375</ele>
        <time>2025-02-16T05:27:43.000Z</time>
        <extensions>
          <ns3:TrackPointExtension>
            <ns3:hr>148</ns3:hr>
            <ns3:cad>64</ns3:cad>
          </ns3:TrackPointExtension>
        </extensions>
      </trkpt>
      <trkpt lat="23.5201813839375972747802734375" lon="113.214698396623134613037109375">
        <ele>247.8000030517578125</ele>
        <time>2025-02-16T05:27:44.000Z</time>
        <extensions>
          <ns3:TrackPointExtension>
            <ns3:hr>152</ns3:hr>
            <ns3:cad>64</ns3:cad>
          </ns3:TrackPointExtension>
        </extensions>
      </trkpt>
      <trkpt lat="23.52019119076430797576904296875" lon="113.2146962173283100128173828125">
        <ele>247.600006103515625</ele>
        <time>2025-02-16T05:27:45.000Z</time>
        <extensions>
          <ns3:TrackPointExtension>
            <ns3:hr>152</ns3:hr>
            <ns3:cad>64</ns3:cad>
          </ns3:TrackPointExtension>
        </extensions>
      </trkpt>
      <trkpt lat="23.520218431949615478515625" lon="113.21470476686954498291015625">
        <ele>246.399993896484375</ele>
        <time>2025-02-16T05:27:48.000Z</time>
        <extensions>
          <ns3:TrackPointExtension>
            <ns3:hr>155</ns3:hr>
            <ns3:cad>64</ns3:cad>
          </ns3:TrackPointExtension>
        </extensions>
      </trkpt>
      <trkpt lat="23.52024181745946407318115234375" lon="113.21471909992396831512451171875">
        <ele>245.399993896484375</ele>
        <time>2025-02-16T05:27:49.000Z</time>
        <extensions>
          <ns3:TrackPointExtension>
            <ns3:hr>158</ns3:hr>
            <ns3:cad>64</ns3:cad>
          </ns3:TrackPointExtension>
        </extensions>
      </trkpt>
      <trkpt lat="23.52025371976196765899658203125" lon="113.2147257216274738311767578125">
        <ele>244.8000030517578125</ele>
        <time>2025-02-16T05:27:52.000Z</time>
        <extensions>
          <ns3:TrackPointExtension>
            <ns3:hr>154</ns3:hr>
            <ns3:cad>59</ns3:cad>
          </ns3:TrackPointExtension>
        </extensions>
      </trkpt>
      <trkpt lat="23.52026310749351978302001953125" lon="113.214737959206104278564453125">
        <ele>244.399993896484375</ele>
        <time>2025-02-16T05:27:54.000Z</time>
        <extensions>
          <ns3:TrackPointExtension>
            <ns3:hr>159</ns3:hr>
            <ns3:cad>59</ns3:cad>
          </ns3:TrackPointExtension>
        </extensions>
      </trkpt>
      <trkpt lat="23.52027098648250102996826171875" lon="113.21473754011094570159912109375">
        <ele>244</ele>
        <time>2025-02-16T05:27:55.000Z</time>
        <extensions>
          <ns3:TrackPointExtension>
            <ns3:hr>163</ns3:hr>
            <ns3:cad>59</ns3:cad>
          </ns3:TrackPointExtension>
        </extensions>
      </trkpt>
      <trkpt lat="23.52028883993625640869140625" lon="113.2147518731653690338134765625">
        <ele>243.399993896484375</ele>
        <time>2025-02-16T05:27:57.000Z</time>
        <extensions>
          <ns3:TrackPointExtension>
            <ns3:hr>166</ns3:hr>
            <ns3:cad>59</ns3:cad>
          </ns3:TrackPointExtension>
        </extensions>
      </trkpt>
      <trkpt lat="23.5203034244477748870849609375" lon="113.2147558964788913726806640625">
        <ele>243</ele>
        <time>2025-02-16T05:27:58.000Z</time>
        <extensions>
          <ns3:TrackPointExtension>
            <ns3:hr>162</ns3:hr>
            <ns3:cad>59</ns3:cad>
          </ns3:TrackPointExtension>
        </extensions>
      </trkpt>
      <trkpt lat="23.52030585519969463348388671875" lon="113.2147542200982570648193359375">
        <ele>243</ele>
        <time>2025-02-16T05:28:00.000Z</time>
        <extensions>
          <ns3:TrackPointExtension>
            <ns3:hr>164</ns3:hr>
            <ns3:cad>0</ns3:cad>
          </ns3:TrackPointExtension>
        </extensions>
      </trkpt>
      <trkpt lat="23.5203154943883419036865234375" lon="113.2147498615086078643798828125">
        <ele>242.8000030517578125</ele>
        <time>2025-02-16T05:28:02.000Z</time>
        <extensions>
          <ns3:TrackPointExtension>
            <ns3:hr>161</ns3:hr>
            <ns3:cad>61</ns3:cad>
          </ns3:TrackPointExtension>
        </extensions>
      </trkpt>
      <trkpt lat="23.5203346051275730133056640625" lon="113.21476042270660400390625">
        <ele>242.399993896484375</ele>
        <time>2025-02-16T05:28:04.000Z</time>
        <extensions>
          <ns3:TrackPointExtension>
            <ns3:hr>158</ns3:hr>
            <ns3:cad>61</ns3:cad>
          </ns3:TrackPointExtension>
        </extensions>
      </trkpt>
      <trkpt lat="23.520384393632411956787109375" lon="113.21475229226052761077880859375">
        <ele>241.600006103515625</ele>
        <time>2025-02-16T05:28:11.000Z</time>
        <extensions>
          <ns3:TrackPointExtension>
            <ns3:hr>159</ns3:hr>
            <ns3:cad>70</ns3:cad>
          </ns3:TrackPointExtension>
        </extensions>
      </trkpt>
      <trkpt lat="23.52041683159768581390380859375" lon="113.214758075773715972900390625">
        <ele>241</ele>
        <time>2025-02-16T05:28:13.000Z</time>
        <extensions>
          <ns3:TrackPointExtension>
            <ns3:hr>160</ns3:hr>
            <ns3:cad>70</ns3:cad>
          </ns3:TrackPointExtension>
        </extensions>
      </trkpt>
      <trkpt lat="23.52042831480503082275390625" lon="113.2147563993930816650390625">
        <ele>240.8000030517578125</ele>
        <time>2025-02-16T05:28:15.000Z</time>
        <extensions>
          <ns3:TrackPointExtension>
            <ns3:hr>157</ns3:hr>
            <ns3:cad>0</ns3:cad>
          </ns3:TrackPointExtension>
        </extensions>
      </trkpt>
      <trkpt lat="23.5204680450260639190673828125" lon="113.214773498475551605224609375">
        <ele>240</ele>
        <time>2025-02-16T05:28:22.000Z</time>
        <extensions>
          <ns3:TrackPointExtension>
            <ns3:hr>150</ns3:hr>
            <ns3:cad>0</ns3:cad>
          </ns3:TrackPointExtension>
        </extensions>
      </trkpt>
      <trkpt lat="23.520481623709201812744140625" lon="113.21478229947388172149658203125">
        <ele>239.600006103515625</ele>
        <time>2025-02-16T05:28:24.000Z</time>
        <extensions>
          <ns3:TrackPointExtension>
            <ns3:hr>157</ns3:hr>
            <ns3:cad>0</ns3:cad>
          </ns3:TrackPointExtension>
        </extensions>
      </trkpt>
      <trkpt lat="23.52048891596496105194091796875" lon="113.21478498168289661407470703125">
        <ele>239.399993896484375</ele>
        <time>2025-02-16T05:28:25.000Z</time>
        <extensions>
          <ns3:TrackPointExtension>
            <ns3:hr>156</ns3:hr>
            <ns3:cad>0</ns3:cad>
          </ns3:TrackPointExtension>
        </extensions>
      </trkpt>
      <trkpt lat="23.52049914188683032989501953125" lon="113.21478833444416522979736328125">
        <ele>239.1999969482421875</ele>
        <time>2025-02-16T05:28:29.000Z</time>
        <extensions>
          <ns3:TrackPointExtension>
            <ns3:hr>150</ns3:hr>
            <ns3:cad>0</ns3:cad>
          </ns3:TrackPointExtension>
        </extensions>
      </trkpt>
      <trkpt lat="23.52050098590552806854248046875" lon="113.21478917263448238372802734375">
        <ele>239.1999969482421875</ele>
        <time>2025-02-16T05:28:30.000Z</time>
        <extensions>
          <ns3:TrackPointExtension>
            <ns3:hr>150</ns3:hr>
            <ns3:cad>0</ns3:cad>
          </ns3:TrackPointExtension>
        </extensions>
      </trkpt>
      <trkpt lat="23.520506434142589569091796875" lon="113.2147939503192901611328125">
        <ele>239</ele>
        <time>2025-02-16T05:28:33.000Z</time>
        <extensions>
          <ns3:TrackPointExtension>
            <ns3:hr>153</ns3:hr>
            <ns3:cad>61</ns3:cad>
          </ns3:TrackPointExtension>
        </extensions>
      </trkpt>
      <trkpt lat="23.52055010385811328887939453125" lon="113.21480333805084228515625">
        <ele>238.1999969482421875</ele>
        <time>2025-02-16T05:28:45.000Z</time>
        <extensions>
          <ns3:TrackPointExtension>
            <ns3:hr>150</ns3:hr>
            <ns3:cad>0</ns3:cad>
          </ns3:TrackPointExtension>
        </extensions>
      </trkpt>
      <trkpt lat="23.52056787349283695220947265625" lon="113.21479730308055877685546875">
        <ele>238.1999969482421875</ele>
        <time>2025-02-16T05:28:49.000Z</time>
        <extensions>
          <ns3:TrackPointExtension>
            <ns3:hr>147</ns3:hr>
            <ns3:cad>0</ns3:cad>
          </ns3:TrackPointExtension>
        </extensions>
      </trkpt>
      <trkpt lat="23.52057441137731075286865234375" lon="113.21477727033197879791259765625">
        <ele>238.399993896484375</ele>
        <time>2025-02-16T05:28:54.000Z</time>
        <extensions>
          <ns3:TrackPointExtension>
            <ns3:hr>144</ns3:hr>
            <ns3:cad>0</ns3:cad>
          </ns3:TrackPointExtension>
        </extensions>
      </trkpt>
      <trkpt lat="23.52060240693390369415283203125" lon="113.21474634110927581787109375">
        <ele>238.399993896484375</ele>
        <time>2025-02-16T05:29:00.000Z</time>
        <extensions>
          <ns3:TrackPointExtension>
            <ns3:hr>141</ns3:hr>
            <ns3:cad>51</ns3:cad>
          </ns3:TrackPointExtension>
        </extensions>
      </trkpt>
      <trkpt lat="23.52061875164508819580078125" lon="113.21473452262580394744873046875">
        <ele>238.399993896484375</ele>
        <time>2025-02-16T05:29:03.000Z</time>
        <extensions>
          <ns3:TrackPointExtension>
            <ns3:hr>138</ns3:hr>
            <ns3:cad>51</ns3:cad>
          </ns3:TrackPointExtension>
        </extensions>
      </trkpt>
      <trkpt lat="23.52061933837831020355224609375" lon="113.2147341035306453704833984375">
        <ele>238.399993896484375</ele>
        <time>2025-02-16T05:29:09.000Z</time>
        <extensions>
          <ns3:TrackPointExtension>
            <ns3:hr>135</ns3:hr>
            <ns3:cad>51</ns3:cad>
          </ns3:TrackPointExtension>
        </extensions>
      </trkpt>
      <trkpt lat="23.5206661932170391082763671875" lon="113.21473049931228160858154296875">
        <ele>237.600006103515625</ele>
        <time>2025-02-16T05:29:18.000Z</time>
        <extensions>
          <ns3:TrackPointExtension>
            <ns3:hr>132</ns3:hr>
            <ns3:cad>51</ns3:cad>
          </ns3:TrackPointExtension>
        </extensions>
      </trkpt>
      <trkpt lat="23.52077842690050601959228515625" lon="113.2147133164107799530029296875">
        <ele>236.399993896484375</ele>
        <time>2025-02-16T05:29:34.000Z</time>
        <extensions>
          <ns3:TrackPointExtension>
            <ns3:hr>131</ns3:hr>
            <ns3:cad>62</ns3:cad>
          </ns3:TrackPointExtension>
        </extensions>
      </trkpt>
      <trkpt lat="23.52079904638230800628662109375" lon="113.21471138857305049896240234375">
        <ele>236</ele>
        <time>2025-02-16T05:29:36.000Z</time>
        <extensions>
          <ns3:TrackPointExtension>
            <ns3:hr>131</ns3:hr>
            <ns3:cad>65</ns3:cad>
          </ns3:TrackPointExtension>
        </extensions>
      </trkpt>
      <trkpt lat="23.5208539478480815887451171875" lon="113.2147215306758880615234375">
        <ele>235.1999969482421875</ele>
        <time>2025-02-16T05:29:40.000Z</time>
        <extensions>
          <ns3:TrackPointExtension>
            <ns3:hr>128</ns3:hr>
            <ns3:cad>65</ns3:cad>
          </ns3:TrackPointExtension>
        </extensions>
      </trkpt>
      <trkpt lat="23.52088387124240398406982421875" lon="113.21472530253231525421142578125">
        <ele>234.8000030517578125</ele>
        <time>2025-02-16T05:29:43.000Z</time>
        <extensions>
          <ns3:TrackPointExtension>
            <ns3:hr>133</ns3:hr>
            <ns3:cad>0</ns3:cad>
          </ns3:TrackPointExtension>
        </extensions>
      </trkpt>
      <trkpt lat="23.52093080990016460418701171875" lon="113.214739970862865447998046875">
        <ele>234</ele>
        <time>2025-02-16T05:29:49.000Z</time>
        <extensions>
          <ns3:TrackPointExtension>
            <ns3:hr>138</ns3:hr>
            <ns3:cad>0</ns3:cad>
          </ns3:TrackPointExtension>
        </extensions>
      </trkpt>
      <trkpt lat="23.52096299640834331512451171875" lon="113.214776180684566497802734375">
        <ele>232.8000030517578125</ele>
        <time>2025-02-16T05:29:53.000Z</time>
        <extensions>
          <ns3:TrackPointExtension>
            <ns3:hr>133</ns3:hr>
            <ns3:cad>59</ns3:cad>
          </ns3:TrackPointExtension>
        </extensions>
      </trkpt>
      <trkpt lat="23.52097372524440288543701171875" lon="113.2147803716361522674560546875">
        <ele>232.600006103515625</ele>
        <time>2025-02-16T05:29:54.000Z</time>
        <extensions>
          <ns3:TrackPointExtension>
            <ns3:hr>131</ns3:hr>
            <ns3:cad>59</ns3:cad>
          </ns3:TrackPointExtension>
        </extensions>
      </trkpt>
      <trkpt lat="23.5209803469479084014892578125" lon="113.21478045545518398284912109375">
        <ele>232.399993896484375</ele>
        <time>2025-02-16T05:29:56.000Z</time>
        <extensions>
          <ns3:TrackPointExtension>
            <ns3:hr>134</ns3:hr>
            <ns3:cad>59</ns3:cad>
          </ns3:TrackPointExtension>
        </extensions>
      </trkpt>
      <trkpt lat="23.5209830291569232940673828125" lon="113.2147800363600254058837890625">
        <ele>232.399993896484375</ele>
        <time>2025-02-16T05:29:58.000Z</time>
        <extensions>
          <ns3:TrackPointExtension>
            <ns3:hr>135</ns3:hr>
            <ns3:cad>0</ns3:cad>
          </ns3:TrackPointExtension>
        </extensions>
      </trkpt>
      <trkpt lat="23.52114756591618061065673828125" lon="113.21471272967755794525146484375">
        <ele>230</ele>
        <time>2025-02-16T05:30:35.000Z</time>
        <extensions>
          <ns3:TrackPointExtension>
            <ns3:hr>133</ns3:hr>
            <ns3:cad>0</ns3:cad>
          </ns3:TrackPointExtension>
        </extensions>
      </trkpt>
      <trkpt lat="23.5211707837879657745361328125" lon="113.21476553566753864288330078125">
        <ele>229</ele>
        <time>2025-02-16T05:31:13.000Z</time>
        <extensions>
          <ns3:TrackPointExtension>
            <ns3:hr>134</ns3:hr>
            <ns3:cad>0</ns3:cad>
          </ns3:TrackPointExtension>
        </extensions>
      </trkpt>
      <trkpt lat="23.5212163813412189483642578125" lon="113.21474893949925899505615234375">
        <ele>228.8000030517578125</ele>
        <time>2025-02-16T05:31:19.000Z</time>
        <extensions>
          <ns3:TrackPointExtension>
            <ns3:hr>131</ns3:hr>
            <ns3:cad>52</ns3:cad>
          </ns3:TrackPointExtension>
        </extensions>
      </trkpt>
      <trkpt lat="23.5212364979088306427001953125" lon="113.21473829448223114013671875">
        <ele>229</ele>
        <time>2025-02-16T05:31:21.000Z</time>
        <extensions>
          <ns3:TrackPointExtension>
            <ns3:hr>131</ns3:hr>
            <ns3:cad>54</ns3:cad>
          </ns3:TrackPointExtension>
        </extensions>
      </trkpt>
      <trkpt lat="23.52131688036024570465087890625" lon="113.21471909992396831512451171875">
        <ele>229.399993896484375</ele>
        <time>2025-02-16T05:31:33.000Z</time>
        <extensions>
          <ns3:TrackPointExtension>
            <ns3:hr>136</ns3:hr>
            <ns3:cad>56</ns3:cad>
          </ns3:TrackPointExtension>
        </extensions>
      </trkpt>
      <trkpt lat="23.5213209874927997589111328125" lon="113.214719183743000030517578125">
        <ele>229.399993896484375</ele>
        <time>2025-02-16T05:31:34.000Z</time>
        <extensions>
          <ns3:TrackPointExtension>
            <ns3:hr>143</ns3:hr>
            <ns3:cad>56</ns3:cad>
          </ns3:TrackPointExtension>
        </extensions>
      </trkpt>
      <trkpt lat="23.52133867330849170684814453125" lon="113.2147320918738842010498046875">
        <ele>229</ele>
        <time>2025-02-16T05:31:36.000Z</time>
        <extensions>
          <ns3:TrackPointExtension>
            <ns3:hr>147</ns3:hr>
            <ns3:cad>56</ns3:cad>
          </ns3:TrackPointExtension>
        </extensions>
      </trkpt>
      <trkpt lat="23.52141276933252811431884765625" lon="113.21471876464784145355224609375">
        <ele>229.1999969482421875</ele>
        <time>2025-02-16T05:31:49.000Z</time>
        <extensions>
          <ns3:TrackPointExtension>
            <ns3:hr>140</ns3:hr>
            <ns3:cad>50</ns3:cad>
          </ns3:TrackPointExtension>
        </extensions>
      </trkpt>
      <trkpt lat="23.52142584510147571563720703125" lon="113.21470518596470355987548828125">
        <ele>229.399993896484375</ele>
        <time>2025-02-16T05:31:52.000Z</time>
        <extensions>
          <ns3:TrackPointExtension>
            <ns3:hr>147</ns3:hr>
            <ns3:cad>52</ns3:cad>
          </ns3:TrackPointExtension>
        </extensions>
      </trkpt>
      <trkpt lat="23.5214356519281864166259765625" lon="113.2146995700895786285400390625">
        <ele>229.399993896484375</ele>
        <time>2025-02-16T05:31:53.000Z</time>
        <extensions>
          <ns3:TrackPointExtension>
            <ns3:hr>152</ns3:hr>
            <ns3:cad>52</ns3:cad>
          </ns3:TrackPointExtension>
        </extensions>
      </trkpt>
      <trkpt lat="23.52144730277359485626220703125" lon="113.214694373309612274169921875">
        <ele>229.600006103515625</ele>
        <time>2025-02-16T05:31:54.000Z</time>
        <extensions>
          <ns3:TrackPointExtension>
            <ns3:hr>157</ns3:hr>
            <ns3:cad>52</ns3:cad>
          </ns3:TrackPointExtension>
        </extensions>
      </trkpt>
      <trkpt lat="23.5214607976377010345458984375" lon="113.21468540467321872711181640625">
        <ele>230</ele>
        <time>2025-02-16T05:31:55.000Z</time>
        <extensions>
          <ns3:TrackPointExtension>
            <ns3:hr>157</ns3:hr>
            <ns3:cad>52</ns3:cad>
          </ns3:TrackPointExtension>
        </extensions>
      </trkpt>
      <trkpt lat="23.521530367434024810791015625" lon="113.21468272246420383453369140625">
        <ele>230.8000030517578125</ele>
        <time>2025-02-16T05:32:09.000Z</time>
        <extensions>
          <ns3:TrackPointExtension>
            <ns3:hr>154</ns3:hr>
            <ns3:cad>0</ns3:cad>
          </ns3:TrackPointExtension>
        </extensions>
      </trkpt>
      <trkpt lat="23.521538414061069488525390625" lon="113.21468004025518894195556640625">
        <ele>231</ele>
        <time>2025-02-16T05:32:13.000Z</time>
        <extensions>
          <ns3:TrackPointExtension>
            <ns3:hr>151</ns3:hr>
            <ns3:cad>61</ns3:cad>
          </ns3:TrackPointExtension>
        </extensions>
      </trkpt>
      <trkpt lat="23.52154889144003391265869140625" lon="113.21466897614300251007080078125">
        <ele>231.600006103515625</ele>
        <time>2025-02-16T05:32:17.000Z</time>
        <extensions>
          <ns3:TrackPointExtension>
            <ns3:hr>148</ns3:hr>
            <ns3:cad>61</ns3:cad>
          </ns3:TrackPointExtension>
        </extensions>
      </trkpt>
      <trkpt lat="23.52156414650380611419677734375" lon="113.21466193534433841705322265625">
        <ele>232</ele>
        <time>2025-02-16T05:32:23.000Z</time>
        <extensions>
          <ns3:TrackPointExtension>
            <ns3:hr>145</ns3:hr>
            <ns3:cad>0</ns3:cad>
          </ns3:TrackPointExtension>
        </extensions>
      </trkpt>
      <trkpt lat="23.52156917564570903778076171875" lon="113.2146606780588626861572265625">
        <ele>232.1999969482421875</ele>
        <time>2025-02-16T05:32:29.000Z</time>
        <extensions>
          <ns3:TrackPointExtension>
            <ns3:hr>142</ns3:hr>
            <ns3:cad>0</ns3:cad>
          </ns3:TrackPointExtension>
        </extensions>
      </trkpt>
      <trkpt lat="23.5215674154460430145263671875" lon="113.2146583311259746551513671875">
        <ele>232.1999969482421875</ele>
        <time>2025-02-16T05:32:40.000Z</time>
        <extensions>
          <ns3:TrackPointExtension>
            <ns3:hr>139</ns3:hr>
            <ns3:cad>0</ns3:cad>
          </ns3:TrackPointExtension>
        </extensions>
      </trkpt>
      <trkpt lat="23.5215664096176624298095703125" lon="113.2146573252975940704345703125">
        <ele>232.1999969482421875</ele>
        <time>2025-02-16T05:32:43.000Z</time>
        <extensions>
          <ns3:TrackPointExtension>
            <ns3:hr>136</ns3:hr>
            <ns3:cad>0</ns3:cad>
          </ns3:TrackPointExtension>
        </extensions>
      </trkpt>
      <trkpt lat="23.52156515233218669891357421875" lon="113.2146583311259746551513671875">
        <ele>232.1999969482421875</ele>
        <time>2025-02-16T05:32:46.000Z</time>
        <extensions>
          <ns3:TrackPointExtension>
            <ns3:hr>132</ns3:hr>
            <ns3:cad>0</ns3:cad>
          </ns3:TrackPointExtension>
        </extensions>
      </trkpt>
      <trkpt lat="23.52156515233218669891357421875" lon="113.2146583311259746551513671875">
        <ele>232.1999969482421875</ele>
        <time>2025-02-16T05:32:47.000Z</time>
        <extensions>
          <ns3:TrackPointExtension>
            <ns3:hr>129</ns3:hr>
            <ns3:cad>0</ns3:cad>
          </ns3:TrackPointExtension>
        </extensions>
      </trkpt>
      <trkpt lat="23.52156498469412326812744140625" lon="113.2146583311259746551513671875">
        <ele>232.1999969482421875</ele>
        <time>2025-02-16T05:32:48.000Z</time>
        <extensions>
          <ns3:TrackPointExtension>
            <ns3:hr>125</ns3:hr>
            <ns3:cad>0</ns3:cad>
          </ns3:TrackPointExtension>
        </extensions>
      </trkpt>
      <trkpt lat="23.5215657390654087066650390625" lon="113.21465908549726009368896484375">
        <ele>232.1999969482421875</ele>
        <time>2025-02-16T05:32:49.000Z</time>
        <extensions>
          <ns3:TrackPointExtension>
            <ns3:hr>119</ns3:hr>
            <ns3:cad>0</ns3:cad>
          </ns3:TrackPointExtension>
        </extensions>
      </trkpt>
      <trkpt lat="23.5215654037892818450927734375" lon="113.21465958841145038604736328125">
        <ele>232.1999969482421875</ele>
        <time>2025-02-16T05:32:50.000Z</time>
        <extensions>
          <ns3:TrackPointExtension>
            <ns3:hr>119</ns3:hr>
            <ns3:cad>0</ns3:cad>
          </ns3:TrackPointExtension>
        </extensions>
      </trkpt>
      <trkpt lat="23.521563895046710968017578125" lon="113.21465740911662578582763671875">
        <ele>232.1999969482421875</ele>
        <time>2025-02-16T05:32:57.000Z</time>
        <extensions>
          <ns3:TrackPointExtension>
            <ns3:hr>116</ns3:hr>
            <ns3:cad>61</ns3:cad>
          </ns3:TrackPointExtension>
        </extensions>
      </trkpt>
      <trkpt lat="23.52156288921833038330078125" lon="113.21463041938841342926025390625">
        <ele>233</ele>
        <time>2025-02-16T05:33:16.000Z</time>
        <extensions>
          <ns3:TrackPointExtension>
            <ns3:hr>121</ns3:hr>
            <ns3:cad>0</ns3:cad>
          </ns3:TrackPointExtension>
        </extensions>
      </trkpt>
      <trkpt lat="23.52155425585806369781494140625" lon="113.214640058577060699462890625">
        <ele>232.8000030517578125</ele>
        <time>2025-02-16T05:33:52.000Z</time>
        <extensions>
          <ns3:TrackPointExtension>
            <ns3:hr>126</ns3:hr>
            <ns3:cad>0</ns3:cad>
          </ns3:TrackPointExtension>
        </extensions>
      </trkpt>
      <trkpt lat="23.52155475877225399017333984375" lon="113.21464718319475650787353515625">
        <ele>232.600006103515625</ele>
        <time>2025-02-16T05:33:55.000Z</time>
        <extensions>
          <ns3:TrackPointExtension>
            <ns3:hr>130</ns3:hr>
            <ns3:cad>0</ns3:cad>
          </ns3:TrackPointExtension>
        </extensions>
      </trkpt>
      <trkpt lat="23.52155442349612712860107421875" lon="113.21465858258306980133056640625">
        <ele>232.1999969482421875</ele>
        <time>2025-02-16T05:33:57.000Z</time>
        <extensions>
          <ns3:TrackPointExtension>
            <ns3:hr>136</ns3:hr>
            <ns3:cad>0</ns3:cad>
          </ns3:TrackPointExtension>
        </extensions>
      </trkpt>
      <trkpt lat="23.5215555131435394287109375" lon="113.21465757675468921661376953125">
        <ele>232.1999969482421875</ele>
        <time>2025-02-16T05:34:00.000Z</time>
        <extensions>
          <ns3:TrackPointExtension>
            <ns3:hr>131</ns3:hr>
            <ns3:cad>0</ns3:cad>
          </ns3:TrackPointExtension>
        </extensions>
      </trkpt>
      <trkpt lat="23.52155794389545917510986328125" lon="113.21465405635535717010498046875">
        <ele>232.399993896484375</ele>
        <time>2025-02-16T05:34:11.000Z</time>
        <extensions>
          <ns3:TrackPointExtension>
            <ns3:hr>125</ns3:hr>
            <ns3:cad>0</ns3:cad>
          </ns3:TrackPointExtension>
        </extensions>
      </trkpt>
      <trkpt lat="23.521565236151218414306640625" lon="113.2146442495286464691162109375">
        <ele>232.8000030517578125</ele>
        <time>2025-02-16T05:34:30.000Z</time>
        <extensions>
          <ns3:TrackPointExtension>
            <ns3:hr>122</ns3:hr>
            <ns3:cad>0</ns3:cad>
          </ns3:TrackPointExtension>
        </extensions>
      </trkpt>
      <trkpt lat="23.52156397886574268341064453125" lon="113.2146425731480121612548828125">
        <ele>232.8000030517578125</ele>
        <time>2025-02-16T05:34:34.000Z</time>
        <extensions>
          <ns3:TrackPointExtension>
            <ns3:hr>119</ns3:hr>
            <ns3:cad>0</ns3:cad>
          </ns3:TrackPointExtension>
        </extensions>
      </trkpt>
      <trkpt lat="23.52156498469412326812744140625" lon="113.2146392203867435455322265625">
        <ele>233</ele>
        <time>2025-02-16T05:34:46.000Z</time>
        <extensions>
          <ns3:TrackPointExtension>
            <ns3:hr>116</ns3:hr>
            <ns3:cad>0</ns3:cad>
          </ns3:TrackPointExtension>
        </extensions>
      </trkpt>
      <trkpt lat="23.52156414650380611419677734375" lon="113.21463829837739467620849609375">
        <ele>233</ele>
        <time>2025-02-16T05:34:50.000Z</time>
        <extensions>
          <ns3:TrackPointExtension>
            <ns3:hr>113</ns3:hr>
            <ns3:cad>0</ns3:cad>
          </ns3:TrackPointExtension>
        </extensions>
      </trkpt>
      <trkpt lat="23.52156448177993297576904296875" lon="113.2146370410919189453125">
        <ele>233</ele>
        <time>2025-02-16T05:34:59.000Z</time>
        <extensions>
          <ns3:TrackPointExtension>
            <ns3:hr>110</ns3:hr>
            <ns3:cad>0</ns3:cad>
          </ns3:TrackPointExtension>
        </extensions>
      </trkpt>
      <trkpt lat="23.5215613804757595062255859375" lon="113.21463762782514095306396484375">
        <ele>232.8000030517578125</ele>
        <time>2025-02-16T05:35:15.000Z</time>
        <extensions>
          <ns3:TrackPointExtension>
            <ns3:hr>107</ns3:hr>
            <ns3:cad>0</ns3:cad>
          </ns3:TrackPointExtension>
        </extensions>
      </trkpt>
      <trkpt lat="23.52156029082834720611572265625" lon="113.21463863365352153778076171875">
        <ele>232.8000030517578125</ele>
        <time>2025-02-16T05:35:19.000Z</time>
        <extensions>
          <ns3:TrackPointExtension>
            <ns3:hr>100</ns3:hr>
            <ns3:cad>0</ns3:cad>
          </ns3:TrackPointExtension>
        </extensions>
      </trkpt>
      <trkpt lat="23.5215603746473789215087890625" lon="113.2146385498344898223876953125">
        <ele>232.8000030517578125</ele>
        <time>2025-02-16T05:35:22.000Z</time>
        <extensions>
          <ns3:TrackPointExtension>
            <ns3:hr>97</ns3:hr>
            <ns3:cad>0</ns3:cad>
          </ns3:TrackPointExtension>
        </extensions>
      </trkpt>
      <trkpt lat="23.5215650685131549835205078125" lon="113.21465774439275264739990234375">
        <ele>232.1999969482421875</ele>
        <time>2025-02-16T05:35:46.000Z</time>
        <extensions>
          <ns3:TrackPointExtension>
            <ns3:hr>100</ns3:hr>
            <ns3:cad>61</ns3:cad>
          </ns3:TrackPointExtension>
        </extensions>
      </trkpt>
      <trkpt lat="23.5215635597705841064453125" lon="113.2146556489169597625732421875">
        <ele>232.399993896484375</ele>
        <time>2025-02-16T05:35:50.000Z</time>
        <extensions>
          <ns3:TrackPointExtension>
            <ns3:hr>104</ns3:hr>
            <ns3:cad>61</ns3:cad>
          </ns3:TrackPointExtension>
        </extensions>
      </trkpt>
      <trkpt lat="23.5215635597705841064453125" lon="113.21465522982180118560791015625">
        <ele>232.399993896484375</ele>
        <time>2025-02-16T05:35:54.000Z</time>
        <extensions>
          <ns3:TrackPointExtension>
            <ns3:hr>106</ns3:hr>
            <ns3:cad>61</ns3:cad>
          </ns3:TrackPointExtension>
        </extensions>
      </trkpt>
      <trkpt lat="23.521563895046710968017578125" lon="113.2146556489169597625732421875">
        <ele>232.399993896484375</ele>
        <time>2025-02-16T05:35:56.000Z</time>
        <extensions>
          <ns3:TrackPointExtension>
            <ns3:hr>109</ns3:hr>
            <ns3:cad>61</ns3:cad>
          </ns3:TrackPointExtension>
        </extensions>
      </trkpt>
      <trkpt lat="23.52156364358961582183837890625" lon="113.21465606801211833953857421875">
        <ele>232.399993896484375</ele>
        <time>2025-02-16T05:36:01.000Z</time>
        <extensions>
          <ns3:TrackPointExtension>
            <ns3:hr>112</ns3:hr>
            <ns3:cad>61</ns3:cad>
          </ns3:TrackPointExtension>
        </extensions>
      </trkpt>
      <trkpt lat="23.52156247012317180633544921875" lon="113.214657492935657501220703125">
        <ele>232.1999969482421875</ele>
        <time>2025-02-16T05:36:02.000Z</time>
        <extensions>
          <ns3:TrackPointExtension>
            <ns3:hr>110</ns3:hr>
            <ns3:cad>61</ns3:cad>
          </ns3:TrackPointExtension>
        </extensions>
      </trkpt>
      <trkpt lat="23.5215593688189983367919921875" lon="113.2146583311259746551513671875">
        <ele>232.1999969482421875</ele>
        <time>2025-02-16T05:36:04.000Z</time>
        <extensions>
          <ns3:TrackPointExtension>
            <ns3:hr>116</ns3:hr>
            <ns3:cad>61</ns3:cad>
          </ns3:TrackPointExtension>
        </extensions>
      </trkpt>
      <trkpt lat="23.52155911736190319061279296875" lon="113.2146584987640380859375">
        <ele>232.1999969482421875</ele>
        <time>2025-02-16T05:36:05.000Z</time>
        <extensions>
          <ns3:TrackPointExtension>
            <ns3:hr>116</ns3:hr>
            <ns3:cad>61</ns3:cad>
          </ns3:TrackPointExtension>
        </extensions>
      </trkpt>
      <trkpt lat="23.521557860076427459716796875" lon="113.2146590016782283782958984375">
        <ele>232.1999969482421875</ele>
        <time>2025-02-16T05:36:06.000Z</time>
        <extensions>
          <ns3:TrackPointExtension>
            <ns3:hr>119</ns3:hr>
            <ns3:cad>61</ns3:cad>
          </ns3:TrackPointExtension>
        </extensions>
      </trkpt>
      <trkpt lat="23.5215576924383640289306640625" lon="113.21465774439275264739990234375">
        <ele>232.1999969482421875</ele>
        <time>2025-02-16T05:36:07.000Z</time>
        <extensions>
          <ns3:TrackPointExtension>
            <ns3:hr>123</ns3:hr>
            <ns3:cad>61</ns3:cad>
          </ns3:TrackPointExtension>
        </extensions>
      </trkpt>
      <trkpt lat="23.52155752480030059814453125" lon="113.2146579958498477935791015625">
        <ele>232.1999969482421875</ele>
        <time>2025-02-16T05:36:09.000Z</time>
        <extensions>
          <ns3:TrackPointExtension>
            <ns3:hr>126</ns3:hr>
            <ns3:cad>0</ns3:cad>
          </ns3:TrackPointExtension>
        </extensions>
      </trkpt>
      <trkpt lat="23.52155811153352260589599609375" lon="113.2146571576595306396484375">
        <ele>232.1999969482421875</ele>
        <time>2025-02-16T05:36:13.000Z</time>
        <extensions>
          <ns3:TrackPointExtension>
            <ns3:hr>129</ns3:hr>
            <ns3:cad>0</ns3:cad>
          </ns3:TrackPointExtension>
        </extensions>
      </trkpt>
      <trkpt lat="23.52155710570514202117919921875" lon="113.2146579958498477935791015625">
        <ele>232.1999969482421875</ele>
        <time>2025-02-16T05:36:17.000Z</time>
        <extensions>
          <ns3:TrackPointExtension>
            <ns3:hr>125</ns3:hr>
            <ns3:cad>0</ns3:cad>
          </ns3:TrackPointExtension>
        </extensions>
      </trkpt>
      <trkpt lat="23.5215566866099834442138671875" lon="113.21465782821178436279296875">
        <ele>232.1999969482421875</ele>
        <time>2025-02-16T05:36:22.000Z</time>
        <extensions>
          <ns3:TrackPointExtension>
            <ns3:hr>128</ns3:hr>
            <ns3:cad>64</ns3:cad>
          </ns3:TrackPointExtension>
        </extensions>
      </trkpt>
      <trkpt lat="23.52155760861933231353759765625" lon="113.21465841494500637054443359375">
        <ele>232.1999969482421875</ele>
        <time>2025-02-16T05:36:26.000Z</time>
        <extensions>
          <ns3:TrackPointExtension>
            <ns3:hr>129</ns3:hr>
            <ns3:cad>64</ns3:cad>
          </ns3:TrackPointExtension>
        </extensions>
      </trkpt>
      <trkpt lat="23.52154755033552646636962890625" lon="113.21466059423983097076416015625">
        <ele>232</ele>
        <time>2025-02-16T05:36:46.000Z</time>
        <extensions>
          <ns3:TrackPointExtension>
            <ns3:hr>126</ns3:hr>
            <ns3:cad>0</ns3:cad>
          </ns3:TrackPointExtension>
        </extensions>
      </trkpt>
      <trkpt lat="23.521546460688114166259765625" lon="113.21466076187789440155029296875">
        <ele>232</ele>
        <time>2025-02-16T05:36:49.000Z</time>
        <extensions>
          <ns3:TrackPointExtension>
            <ns3:hr>123</ns3:hr>
            <ns3:cad>0</ns3:cad>
          </ns3:TrackPointExtension>
        </extensions>
      </trkpt>
      <trkpt lat="23.5215555131435394287109375" lon="113.2146620191633701324462890625">
        <ele>232</ele>
        <time>2025-02-16T05:36:55.000Z</time>
        <extensions>
          <ns3:TrackPointExtension>
            <ns3:hr>126</ns3:hr>
            <ns3:cad>0</ns3:cad>
          </ns3:TrackPointExtension>
        </extensions>
      </trkpt>
      <trkpt lat="23.521679900586605072021484375" lon="113.21473284624516963958740234375">
        <ele>230.600006103515625</ele>
        <time>2025-02-16T05:37:14.000Z</time>
        <extensions>
          <ns3:TrackPointExtension>
            <ns3:hr>128</ns3:hr>
            <ns3:cad>0</ns3:cad>
          </ns3:TrackPointExtension>
        </extensions>
      </trkpt>
      <trkpt lat="23.52170797996222972869873046875" lon="113.214730583131313323974609375">
        <ele>231</ele>
        <time>2025-02-16T05:37:17.000Z</time>
        <extensions>
          <ns3:TrackPointExtension>
            <ns3:hr>128</ns3:hr>
            <ns3:cad>0</ns3:cad>
          </ns3:TrackPointExtension>
        </extensions>
      </trkpt>
      <trkpt lat="23.52172994054853916168212890625" lon="113.21473066695034503936767578125">
        <ele>231.399993896484375</ele>
        <time>2025-02-16T05:37:19.000Z</time>
        <extensions>
          <ns3:TrackPointExtension>
            <ns3:hr>127</ns3:hr>
            <ns3:cad>57</ns3:cad>
          </ns3:TrackPointExtension>
        </extensions>
      </trkpt>
      <trkpt lat="23.5218161903321743011474609375" lon="113.2147320918738842010498046875">
        <ele>232.399993896484375</ele>
        <time>2025-02-16T05:37:28.000Z</time>
        <extensions>
          <ns3:TrackPointExtension>
            <ns3:hr>124</ns3:hr>
            <ns3:cad>56</ns3:cad>
          </ns3:TrackPointExtension>
        </extensions>
      </trkpt>
      <trkpt lat="23.52186405099928379058837890625" lon="113.21473401971161365509033203125">
        <ele>232.8000030517578125</ele>
        <time>2025-02-16T05:37:35.000Z</time>
        <extensions>
          <ns3:TrackPointExtension>
            <ns3:hr>121</ns3:hr>
            <ns3:cad>56</ns3:cad>
          </ns3:TrackPointExtension>
        </extensions>
      </trkpt>
      <trkpt lat="23.5218775458633899688720703125" lon="113.21473720483481884002685546875">
        <ele>232.8000030517578125</ele>
        <time>2025-02-16T05:37:36.000Z</time>
        <extensions>
          <ns3:TrackPointExtension>
            <ns3:hr>117</ns3:hr>
            <ns3:cad>56</ns3:cad>
          </ns3:TrackPointExtension>
        </extensions>
      </trkpt>
      <trkpt lat="23.5218775458633899688720703125" lon="113.21473720483481884002685546875">
        <ele>232.8000030517578125</ele>
        <time>2025-02-16T05:37:37.000Z</time>
        <extensions>
          <ns3:TrackPointExtension>
            <ns3:hr>114</ns3:hr>
            <ns3:cad>55</ns3:cad>
          </ns3:TrackPointExtension>
        </extensions>
      </trkpt>
      <trkpt lat="23.5218934714794158935546875" lon="113.21474089287221431732177734375">
        <ele>232.8000030517578125</ele>
        <time>2025-02-16T05:37:38.000Z</time>
        <extensions>
          <ns3:TrackPointExtension>
            <ns3:hr>114</ns3:hr>
            <ns3:cad>55</ns3:cad>
          </ns3:TrackPointExtension>
        </extensions>
      </trkpt>
      <trkpt lat="23.522062115371227264404296875" lon="113.2148051820695400238037109375">
        <ele>234.399993896484375</ele>
        <time>2025-02-16T05:38:03.000Z</time>
        <extensions>
          <ns3:TrackPointExtension>
            <ns3:hr>117</ns3:hr>
            <ns3:cad>0</ns3:cad>
          </ns3:TrackPointExtension>
        </extensions>
      </trkpt>
      <trkpt lat="23.52207125164568424224853515625" lon="113.21481348015367984771728515625">
        <ele>234.399993896484375</ele>
        <time>2025-02-16T05:38:09.000Z</time>
        <extensions>
          <ns3:TrackPointExtension>
            <ns3:hr>120</ns3:hr>
            <ns3:cad>0</ns3:cad>
          </ns3:TrackPointExtension>
        </extensions>
      </trkpt>
      <trkpt lat="23.52207862772047519683837890625" lon="113.21480761282145977020263671875">
        <ele>234.8000030517578125</ele>
        <time>2025-02-16T05:38:17.000Z</time>
        <extensions>
          <ns3:TrackPointExtension>
            <ns3:hr>123</ns3:hr>
            <ns3:cad>0</ns3:cad>
          </ns3:TrackPointExtension>
        </extensions>
      </trkpt>
      <trkpt lat="23.52210477925837039947509765625" lon="113.2148276455700397491455078125">
        <ele>234.8000030517578125</ele>
        <time>2025-02-16T05:38:26.000Z</time>
        <extensions>
          <ns3:TrackPointExtension>
            <ns3:hr>126</ns3:hr>
            <ns3:cad>0</ns3:cad>
          </ns3:TrackPointExtension>
        </extensions>
      </trkpt>
      <trkpt lat="23.52220988832414150238037109375" lon="113.21499436162412166595458984375">
        <ele>232.399993896484375</ele>
        <time>2025-02-16T05:38:46.000Z</time>
        <extensions>
          <ns3:TrackPointExtension>
            <ns3:hr>126</ns3:hr>
            <ns3:cad>57</ns3:cad>
          </ns3:TrackPointExtension>
        </extensions>
      </trkpt>
      <trkpt lat="23.52225766517221927642822265625" lon="113.21506057865917682647705078125">
        <ele>231.1999969482421875</ele>
        <time>2025-02-16T05:38:54.000Z</time>
        <extensions>
          <ns3:TrackPointExtension>
            <ns3:hr>129</ns3:hr>
            <ns3:cad>56</ns3:cad>
          </ns3:TrackPointExtension>
        </extensions>
      </trkpt>
      <trkpt lat="23.5222611017525196075439453125" lon="113.21520189754664897918701171875">
        <ele>227.399993896484375</ele>
        <time>2025-02-16T05:39:04.000Z</time>
        <extensions>
          <ns3:TrackPointExtension>
            <ns3:hr>130</ns3:hr>
            <ns3:cad>58</ns3:cad>
          </ns3:TrackPointExtension>
        </extensions>
      </trkpt>
      <trkpt lat="23.52224676869809627532958984375" lon="113.21530197747051715850830078125">
        <ele>225.8000030517578125</ele>
        <time>2025-02-16T05:39:13.000Z</time>
        <extensions>
          <ns3:TrackPointExtension>
            <ns3:hr>133</ns3:hr>
            <ns3:cad>58</ns3:cad>
          </ns3:TrackPointExtension>
        </extensions>
      </trkpt>
      <trkpt lat="23.52224676869809627532958984375" lon="113.21530197747051715850830078125">
        <ele>225.8000030517578125</ele>
        <time>2025-02-16T05:39:14.000Z</time>
        <extensions>
          <ns3:TrackPointExtension>
            <ns3:hr>136</ns3:hr>
            <ns3:cad>58</ns3:cad>
          </ns3:TrackPointExtension>
        </extensions>
      </trkpt>
      <trkpt lat="23.52220167405903339385986328125" lon="113.21549660526216030120849609375">
        <ele>222</ele>
        <time>2025-02-16T05:39:30.000Z</time>
        <extensions>
          <ns3:TrackPointExtension>
            <ns3:hr>137</ns3:hr>
            <ns3:cad>56</ns3:cad>
          </ns3:TrackPointExtension>
        </extensions>
      </trkpt>
      <trkpt lat="23.52223746478557586669921875" lon="113.215678073465824127197265625">
        <ele>220.1999969482421875</ele>
        <time>2025-02-16T05:39:46.000Z</time>
        <extensions>
          <ns3:TrackPointExtension>
            <ns3:hr>136</ns3:hr>
            <ns3:cad>58</ns3:cad>
          </ns3:TrackPointExtension>
        </extensions>
      </trkpt>
      <trkpt lat="23.52228918112814426422119140625" lon="113.21586641483008861541748046875">
        <ele>218</ele>
        <time>2025-02-16T05:40:02.000Z</time>
        <extensions>
          <ns3:TrackPointExtension>
            <ns3:hr>136</ns3:hr>
            <ns3:cad>57</ns3:cad>
          </ns3:TrackPointExtension>
        </extensions>
      </trkpt>
      <trkpt lat="23.522335700690746307373046875" lon="113.2159685902297496795654296875">
        <ele>216.600006103515625</ele>
        <time>2025-02-16T05:40:11.000Z</time>
        <extensions>
          <ns3:TrackPointExtension>
            <ns3:hr>133</ns3:hr>
            <ns3:cad>61</ns3:cad>
          </ns3:TrackPointExtension>
        </extensions>
      </trkpt>
      <trkpt lat="23.5223704017698764801025390625" lon="113.216074369847774505615234375">
        <ele>215.399993896484375</ele>
        <time>2025-02-16T05:40:19.000Z</time>
        <extensions>
          <ns3:TrackPointExtension>
            <ns3:hr>136</ns3:hr>
            <ns3:cad>57</ns3:cad>
          </ns3:TrackPointExtension>
        </extensions>
      </trkpt>
      <trkpt lat="23.52241457439959049224853515625" lon="113.21621753275394439697265625">
        <ele>214.600006103515625</ele>
        <time>2025-02-16T05:40:33.000Z</time>
        <extensions>
          <ns3:TrackPointExtension>
            <ns3:hr>133</ns3:hr>
            <ns3:cad>57</ns3:cad>
          </ns3:TrackPointExtension>
        </extensions>
      </trkpt>
      <trkpt lat="23.522480539977550506591796875" lon="113.21640050970017910003662109375">
        <ele>214</ele>
        <time>2025-02-16T05:40:48.000Z</time>
        <extensions>
          <ns3:TrackPointExtension>
            <ns3:hr>131</ns3:hr>
            <ns3:cad>57</ns3:cad>
          </ns3:TrackPointExtension>
        </extensions>
      </trkpt>
      <trkpt lat="23.52250434458255767822265625" lon="113.2164765335619449615478515625">
        <ele>214.1999969482421875</ele>
        <time>2025-02-16T05:40:54.000Z</time>
        <extensions>
          <ns3:TrackPointExtension>
            <ns3:hr>134</ns3:hr>
            <ns3:cad>57</ns3:cad>
          </ns3:TrackPointExtension>
        </extensions>
      </trkpt>
      <trkpt lat="23.5225836373865604400634765625" lon="113.21665867231786251068115234375">
        <ele>215</ele>
        <time>2025-02-16T05:41:12.000Z</time>
        <extensions>
          <ns3:TrackPointExtension>
            <ns3:hr>134</ns3:hr>
            <ns3:cad>58</ns3:cad>
          </ns3:TrackPointExtension>
        </extensions>
      </trkpt>
      <trkpt lat="23.52266301400959491729736328125" lon="113.216834105551242828369140625">
        <ele>215.600006103515625</ele>
        <time>2025-02-16T05:41:28.000Z</time>
        <extensions>
          <ns3:TrackPointExtension>
            <ns3:hr>133</ns3:hr>
            <ns3:cad>57</ns3:cad>
          </ns3:TrackPointExtension>
        </extensions>
      </trkpt>
      <trkpt lat="23.52269972674548625946044921875" lon="113.21694784797728061676025390625">
        <ele>215.1999969482421875</ele>
        <time>2025-02-16T05:41:40.000Z</time>
        <extensions>
          <ns3:TrackPointExtension>
            <ns3:hr>133</ns3:hr>
            <ns3:cad>56</ns3:cad>
          </ns3:TrackPointExtension>
        </extensions>
      </trkpt>
      <trkpt lat="23.522710539400577545166015625" lon="113.21698925457894802093505859375">
        <ele>214.8000030517578125</ele>
        <time>2025-02-16T05:41:46.000Z</time>
        <extensions>
          <ns3:TrackPointExtension>
            <ns3:hr>132</ns3:hr>
            <ns3:cad>51</ns3:cad>
          </ns3:TrackPointExtension>
        </extensions>
      </trkpt>
      <trkpt lat="23.52271732874214649200439453125" lon="113.217090927064418792724609375">
        <ele>213.1999969482421875</ele>
        <time>2025-02-16T05:41:57.000Z</time>
        <extensions>
          <ns3:TrackPointExtension>
            <ns3:hr>133</ns3:hr>
            <ns3:cad>56</ns3:cad>
          </ns3:TrackPointExtension>
        </extensions>
      </trkpt>
      <trkpt lat="23.52272017858922481536865234375" lon="113.21710861288011074066162109375">
        <ele>212.8000030517578125</ele>
        <time>2025-02-16T05:42:00.000Z</time>
        <extensions>
          <ns3:TrackPointExtension>
            <ns3:hr>133</ns3:hr>
            <ns3:cad>56</ns3:cad>
          </ns3:TrackPointExtension>
        </extensions>
      </trkpt>
      <trkpt lat="23.52272990159690380096435546875" lon="113.217313550412654876708984375">
        <ele>209.1999969482421875</ele>
        <time>2025-02-16T05:42:19.000Z</time>
        <extensions>
          <ns3:TrackPointExtension>
            <ns3:hr>132</ns3:hr>
            <ns3:cad>61</ns3:cad>
          </ns3:TrackPointExtension>
        </extensions>
      </trkpt>
      <trkpt lat="23.5227083601057529449462890625" lon="113.21739326231181621551513671875">
        <ele>207.8000030517578125</ele>
        <time>2025-02-16T05:42:28.000Z</time>
        <extensions>
          <ns3:TrackPointExtension>
            <ns3:hr>133</ns3:hr>
            <ns3:cad>63</ns3:cad>
          </ns3:TrackPointExtension>
        </extensions>
      </trkpt>
      <trkpt lat="23.5227050073444843292236328125" lon="113.2174008898437023162841796875">
        <ele>207.600006103515625</ele>
        <time>2025-02-16T05:42:31.000Z</time>
        <extensions>
          <ns3:TrackPointExtension>
            <ns3:hr>134</ns3:hr>
            <ns3:cad>63</ns3:cad>
          </ns3:TrackPointExtension>
        </extensions>
      </trkpt>
      <trkpt lat="23.52269737981259822845458984375" lon="113.2174585573375225067138671875">
        <ele>207.399993896484375</ele>
        <time>2025-02-16T05:42:36.000Z</time>
        <extensions>
          <ns3:TrackPointExtension>
            <ns3:hr>134</ns3:hr>
            <ns3:cad>55</ns3:cad>
          </ns3:TrackPointExtension>
        </extensions>
      </trkpt>
      <trkpt lat="23.5226852260529994964599609375" lon="113.217662237584590911865234375">
        <ele>207</ele>
        <time>2025-02-16T05:42:52.000Z</time>
        <extensions>
          <ns3:TrackPointExtension>
            <ns3:hr>135</ns3:hr>
            <ns3:cad>58</ns3:cad>
          </ns3:TrackPointExtension>
        </extensions>
      </trkpt>
      <trkpt lat="23.52268413640558719635009765625" lon="113.21770884096622467041015625">
        <ele>207.399993896484375</ele>
        <time>2025-02-16T05:42:57.000Z</time>
        <extensions>
          <ns3:TrackPointExtension>
            <ns3:hr>132</ns3:hr>
            <ns3:cad>58</ns3:cad>
          </ns3:TrackPointExtension>
        </extensions>
      </trkpt>
      <trkpt lat="23.52265991270542144775390625" lon="113.2179209031164646148681640625">
        <ele>208.600006103515625</ele>
        <time>2025-02-16T05:43:17.000Z</time>
        <extensions>
          <ns3:TrackPointExtension>
            <ns3:hr>132</ns3:hr>
            <ns3:cad>55</ns3:cad>
          </ns3:TrackPointExtension>
        </extensions>
      </trkpt>
      <trkpt lat="23.522612638771533966064453125" lon="113.21811729110777378082275390625">
        <ele>208</ele>
        <time>2025-02-16T05:43:37.000Z</time>
        <extensions>
          <ns3:TrackPointExtension>
            <ns3:hr>133</ns3:hr>
            <ns3:cad>55</ns3:cad>
          </ns3:TrackPointExtension>
        </extensions>
      </trkpt>
      <trkpt lat="23.5226262174546718597412109375" lon="113.218318037688732147216796875">
        <ele>207.1999969482421875</ele>
        <time>2025-02-16T05:43:52.000Z</time>
        <extensions>
          <ns3:TrackPointExtension>
            <ns3:hr>134</ns3:hr>
            <ns3:cad>57</ns3:cad>
          </ns3:TrackPointExtension>
        </extensions>
      </trkpt>
      <trkpt lat="23.5226418077945709228515625" lon="113.2183641381561756134033203125">
        <ele>207.1999969482421875</ele>
        <time>2025-02-16T05:43:56.000Z</time>
        <extensions>
          <ns3:TrackPointExtension>
            <ns3:hr>137</ns3:hr>
            <ns3:cad>57</ns3:cad>
          </ns3:TrackPointExtension>
        </extensions>
      </trkpt>
      <trkpt lat="23.52264960296452045440673828125" lon="113.21856915950775146484375">
        <ele>205.1999969482421875</ele>
        <time>2025-02-16T05:44:15.000Z</time>
        <extensions>
          <ns3:TrackPointExtension>
            <ns3:hr>135</ns3:hr>
            <ns3:cad>56</ns3:cad>
          </ns3:TrackPointExtension>
        </extensions>
      </trkpt>
      <trkpt lat="23.52263904176652431488037109375" lon="113.21877225302159786224365234375">
        <ele>202</ele>
        <time>2025-02-16T05:44:32.000Z</time>
        <extensions>
          <ns3:TrackPointExtension>
            <ns3:hr>133</ns3:hr>
            <ns3:cad>57</ns3:cad>
          </ns3:TrackPointExtension>
        </extensions>
      </trkpt>
      <trkpt lat="23.5225910134613513946533203125" lon="113.2189621031284332275390625">
        <ele>197.600006103515625</ele>
        <time>2025-02-16T05:44:50.000Z</time>
        <extensions>
          <ns3:TrackPointExtension>
            <ns3:hr>132</ns3:hr>
            <ns3:cad>57</ns3:cad>
          </ns3:TrackPointExtension>
        </extensions>
      </trkpt>
      <trkpt lat="23.522622026503086090087890625" lon="113.219091184437274932861328125">
        <ele>198</ele>
        <time>2025-02-16T05:44:59.000Z</time>
        <extensions>
          <ns3:TrackPointExtension>
            <ns3:hr>133</ns3:hr>
            <ns3:cad>58</ns3:cad>
          </ns3:TrackPointExtension>
        </extensions>
      </trkpt>
      <trkpt lat="23.52263334207236766815185546875" lon="113.21929545141756534576416015625">
        <ele>196.600006103515625</ele>
        <time>2025-02-16T05:45:15.000Z</time>
        <extensions>
          <ns3:TrackPointExtension>
            <ns3:hr>134</ns3:hr>
            <ns3:cad>57</ns3:cad>
          </ns3:TrackPointExtension>
        </extensions>
      </trkpt>
      <trkpt lat="23.52264557965099811553955078125" lon="113.2194443978369235992431640625">
        <ele>194.600006103515625</ele>
        <time>2025-02-16T05:45:27.000Z</time>
        <extensions>
          <ns3:TrackPointExtension>
            <ns3:hr>137</ns3:hr>
            <ns3:cad>55</ns3:cad>
          </ns3:TrackPointExtension>
        </extensions>
      </trkpt>
      <trkpt lat="23.52265630848705768585205078125" lon="113.21962938643991947174072265625">
        <ele>193.1999969482421875</ele>
        <time>2025-02-16T05:45:41.000Z</time>
        <extensions>
          <ns3:TrackPointExtension>
            <ns3:hr>134</ns3:hr>
            <ns3:cad>56</ns3:cad>
          </ns3:TrackPointExtension>
        </extensions>
      </trkpt>
      <trkpt lat="23.5226510278880596160888671875" lon="113.21983004920184612274169921875">
        <ele>190.8000030517578125</ele>
        <time>2025-02-16T05:45:59.000Z</time>
        <extensions>
          <ns3:TrackPointExtension>
            <ns3:hr>134</ns3:hr>
            <ns3:cad>57</ns3:cad>
          </ns3:TrackPointExtension>
        </extensions>
      </trkpt>
      <trkpt lat="23.522695116698741912841796875" lon="113.2200274430215358734130859375">
        <ele>189.600006103515625</ele>
        <time>2025-02-16T05:46:15.000Z</time>
        <extensions>
          <ns3:TrackPointExtension>
            <ns3:hr>135</ns3:hr>
            <ns3:cad>61</ns3:cad>
          </ns3:TrackPointExtension>
        </extensions>
      </trkpt>
      <trkpt lat="23.522699140012264251708984375" lon="113.22022349573671817779541015625">
        <ele>187</ele>
        <time>2025-02-16T05:46:31.000Z</time>
        <extensions>
          <ns3:TrackPointExtension>
            <ns3:hr>133</ns3:hr>
            <ns3:cad>60</ns3:cad>
          </ns3:TrackPointExtension>
        </extensions>
      </trkpt>
      <trkpt lat="23.52271146140992641448974609375" lon="113.22028116323053836822509765625">
        <ele>186.600006103515625</ele>
        <time>2025-02-16T05:46:36.000Z</time>
        <extensions>
          <ns3:TrackPointExtension>
            <ns3:hr>136</ns3:hr>
            <ns3:cad>60</ns3:cad>
          </ns3:TrackPointExtension>
        </extensions>
      </trkpt>
      <trkpt lat="23.52271129377186298370361328125" lon="113.220381326973438262939453125">
        <ele>186</ele>
        <time>2025-02-16T05:46:44.000Z</time>
        <extensions>
          <ns3:TrackPointExtension>
            <ns3:hr>137</ns3:hr>
            <ns3:cad>0</ns3:cad>
          </ns3:TrackPointExtension>
        </extensions>
      </trkpt>
      <trkpt lat="23.52271087467670440673828125" lon="113.22039641439914703369140625">
        <ele>185.8000030517578125</ele>
        <time>2025-02-16T05:46:46.000Z</time>
        <extensions>
          <ns3:TrackPointExtension>
            <ns3:hr>137</ns3:hr>
            <ns3:cad>0</ns3:cad>
          </ns3:TrackPointExtension>
        </extensions>
      </trkpt>
      <trkpt lat="23.5227103717625141143798828125" lon="113.22042189538478851318359375">
        <ele>185.600006103515625</ele>
        <time>2025-02-16T05:46:48.000Z</time>
        <extensions>
          <ns3:TrackPointExtension>
            <ns3:hr>136</ns3:hr>
            <ns3:cad>0</ns3:cad>
          </ns3:TrackPointExtension>
        </extensions>
      </trkpt>
      <trkpt lat="23.5227142274379730224609375" lon="113.22043857537209987640380859375">
        <ele>185.600006103515625</ele>
        <time>2025-02-16T05:46:50.000Z</time>
        <extensions>
          <ns3:TrackPointExtension>
            <ns3:hr>135</ns3:hr>
            <ns3:cad>0</ns3:cad>
          </ns3:TrackPointExtension>
        </extensions>
      </trkpt>
      <trkpt lat="23.5227190889418125152587890625" lon="113.2204525731503963470458984375">
        <ele>185.399993896484375</ele>
        <time>2025-02-16T05:46:52.000Z</time>
        <extensions>
          <ns3:TrackPointExtension>
            <ns3:hr>134</ns3:hr>
            <ns3:cad>0</ns3:cad>
          </ns3:TrackPointExtension>
        </extensions>
      </trkpt>
      <trkpt lat="23.52271489799022674560546875" lon="113.22048014961183071136474609375">
        <ele>185.1999969482421875</ele>
        <time>2025-02-16T05:46:55.000Z</time>
        <extensions>
          <ns3:TrackPointExtension>
            <ns3:hr>134</ns3:hr>
            <ns3:cad>0</ns3:cad>
          </ns3:TrackPointExtension>
        </extensions>
      </trkpt>
      <trkpt lat="23.52271749638020992279052734375" lon="113.2205585204064846038818359375">
        <ele>186.1999969482421875</ele>
        <time>2025-02-16T05:47:05.000Z</time>
        <extensions>
          <ns3:TrackPointExtension>
            <ns3:hr>133</ns3:hr>
            <ns3:cad>62</ns3:cad>
          </ns3:TrackPointExtension>
        </extensions>
      </trkpt>
      <trkpt lat="23.52272336371243000030517578125" lon="113.22058861143887042999267578125">
        <ele>186.600006103515625</ele>
        <time>2025-02-16T05:47:10.000Z</time>
        <extensions>
          <ns3:TrackPointExtension>
            <ns3:hr>133</ns3:hr>
            <ns3:cad>62</ns3:cad>
          </ns3:TrackPointExtension>
        </extensions>
      </trkpt>
      <trkpt lat="23.52272219024598598480224609375" lon="113.2206031121313571929931640625">
        <ele>186.600006103515625</ele>
        <time>2025-02-16T05:47:16.000Z</time>
        <extensions>
          <ns3:TrackPointExtension>
            <ns3:hr>140</ns3:hr>
            <ns3:cad>0</ns3:cad>
          </ns3:TrackPointExtension>
        </extensions>
      </trkpt>
      <trkpt lat="23.52272034622728824615478515625" lon="113.22060369886457920074462890625">
        <ele>186.600006103515625</ele>
        <time>2025-02-16T05:47:17.000Z</time>
        <extensions>
          <ns3:TrackPointExtension>
            <ns3:hr>143</ns3:hr>
            <ns3:cad>0</ns3:cad>
          </ns3:TrackPointExtension>
        </extensions>
      </trkpt>
      <trkpt lat="23.52271892130374908447265625" lon="113.22060135193169116973876953125">
        <ele>186.600006103515625</ele>
        <time>2025-02-16T05:47:18.000Z</time>
        <extensions>
          <ns3:TrackPointExtension>
            <ns3:hr>154</ns3:hr>
            <ns3:cad>0</ns3:cad>
          </ns3:TrackPointExtension>
        </extensions>
      </trkpt>
      <trkpt lat="23.522672317922115325927734375" lon="113.220677711069583892822265625">
        <ele>186.8000030517578125</ele>
        <time>2025-02-16T05:47:32.000Z</time>
        <extensions>
          <ns3:TrackPointExtension>
            <ns3:hr>151</ns3:hr>
            <ns3:cad>60</ns3:cad>
          </ns3:TrackPointExtension>
        </extensions>
      </trkpt>
      <trkpt lat="23.52267072536051273345947265625" lon="113.2206862606108188629150390625">
        <ele>186.8000030517578125</ele>
        <time>2025-02-16T05:47:33.000Z</time>
        <extensions>
          <ns3:TrackPointExtension>
            <ns3:hr>148</ns3:hr>
            <ns3:cad>61</ns3:cad>
          </ns3:TrackPointExtension>
        </extensions>
      </trkpt>
      <trkpt lat="23.52266770787537097930908203125" lon="113.22069372050464153289794921875">
        <ele>186.8000030517578125</ele>
        <time>2025-02-16T05:47:34.000Z</time>
        <extensions>
          <ns3:TrackPointExtension>
            <ns3:hr>145</ns3:hr>
            <ns3:cad>61</ns3:cad>
          </ns3:TrackPointExtension>
        </extensions>
      </trkpt>
      <trkpt lat="23.52266536094248294830322265625" lon="113.22070218622684478759765625">
        <ele>187</ele>
        <time>2025-02-16T05:47:35.000Z</time>
        <extensions>
          <ns3:TrackPointExtension>
            <ns3:hr>145</ns3:hr>
            <ns3:cad>60</ns3:cad>
          </ns3:TrackPointExtension>
        </extensions>
      </trkpt>
      <trkpt lat="23.5226627625524997711181640625" lon="113.22071484290063381195068359375">
        <ele>187</ele>
        <time>2025-02-16T05:47:36.000Z</time>
        <extensions>
          <ns3:TrackPointExtension>
            <ns3:hr>142</ns3:hr>
            <ns3:cad>60</ns3:cad>
          </ns3:TrackPointExtension>
        </extensions>
      </trkpt>
      <trkpt lat="23.52264247834682464599609375" lon="113.22076521813869476318359375">
        <ele>187</ele>
        <time>2025-02-16T05:47:42.000Z</time>
        <extensions>
          <ns3:TrackPointExtension>
            <ns3:hr>145</ns3:hr>
            <ns3:cad>62</ns3:cad>
          </ns3:TrackPointExtension>
        </extensions>
      </trkpt>
      <trkpt lat="23.52265865541994571685791015625" lon="113.22082263417541980743408203125">
        <ele>187.399993896484375</ele>
        <time>2025-02-16T05:47:46.000Z</time>
        <extensions>
          <ns3:TrackPointExtension>
            <ns3:hr>146</ns3:hr>
            <ns3:cad>61</ns3:cad>
          </ns3:TrackPointExtension>
        </extensions>
      </trkpt>
      <trkpt lat="23.52265899069607257843017578125" lon="113.22083353064954280853271484375">
        <ele>187.399993896484375</ele>
        <time>2025-02-16T05:47:47.000Z</time>
        <extensions>
          <ns3:TrackPointExtension>
            <ns3:hr>150</ns3:hr>
            <ns3:cad>0</ns3:cad>
          </ns3:TrackPointExtension>
        </extensions>
      </trkpt>
      <trkpt lat="23.5226530395448207855224609375" lon="113.22085381485521793365478515625">
        <ele>187.399993896484375</ele>
        <time>2025-02-16T05:47:49.000Z</time>
        <extensions>
          <ns3:TrackPointExtension>
            <ns3:hr>154</ns3:hr>
            <ns3:cad>0</ns3:cad>
          </ns3:TrackPointExtension>
        </extensions>
      </trkpt>
      <trkpt lat="23.5226456634700298309326171875" lon="113.22088834829628467559814453125">
        <ele>187.399993896484375</ele>
        <time>2025-02-16T05:47:52.000Z</time>
        <extensions>
          <ns3:TrackPointExtension>
            <ns3:hr>151</ns3:hr>
            <ns3:cad>0</ns3:cad>
          </ns3:TrackPointExtension>
        </extensions>
      </trkpt>
      <trkpt lat="23.52264608256518840789794921875" lon="113.221073336899280548095703125">
        <ele>187.1999969482421875</ele>
        <time>2025-02-16T05:48:07.000Z</time>
        <extensions>
          <ns3:TrackPointExtension>
            <ns3:hr>148</ns3:hr>
            <ns3:cad>59</ns3:cad>
          </ns3:TrackPointExtension>
        </extensions>
      </trkpt>
      <trkpt lat="23.5226500220596790313720703125" lon="113.2211224548518657684326171875">
        <ele>187</ele>
        <time>2025-02-16T05:48:14.000Z</time>
        <extensions>
          <ns3:TrackPointExtension>
            <ns3:hr>145</ns3:hr>
            <ns3:cad>0</ns3:cad>
          </ns3:TrackPointExtension>
        </extensions>
      </trkpt>
      <trkpt lat="23.52265228517353534698486328125" lon="113.22112329304218292236328125">
        <ele>187</ele>
        <time>2025-02-16T05:48:15.000Z</time>
        <extensions>
          <ns3:TrackPointExtension>
            <ns3:hr>145</ns3:hr>
            <ns3:cad>0</ns3:cad>
          </ns3:TrackPointExtension>
        </extensions>
      </trkpt>
      <trkpt lat="23.522653542459011077880859375" lon="113.2211328484117984771728515625">
        <ele>187</ele>
        <time>2025-02-16T05:48:17.000Z</time>
        <extensions>
          <ns3:TrackPointExtension>
            <ns3:hr>144</ns3:hr>
            <ns3:cad>0</ns3:cad>
          </ns3:TrackPointExtension>
        </extensions>
      </trkpt>
      <trkpt lat="23.52267826907336711883544921875" lon="113.2211824692785739898681640625">
        <ele>187</ele>
        <time>2025-02-16T05:48:22.000Z</time>
        <extensions>
          <ns3:TrackPointExtension>
            <ns3:hr>142</ns3:hr>
            <ns3:cad>61</ns3:cad>
          </ns3:TrackPointExtension>
        </extensions>
      </trkpt>
      <trkpt lat="23.52268044836819171905517578125" lon="113.22121306322515010833740234375">
        <ele>186.8000030517578125</ele>
        <time>2025-02-16T05:48:25.000Z</time>
        <extensions>
          <ns3:TrackPointExtension>
            <ns3:hr>142</ns3:hr>
            <ns3:cad>61</ns3:cad>
          </ns3:TrackPointExtension>
        </extensions>
      </trkpt>
      <trkpt lat="23.52268648333847522735595703125" lon="113.22123167105019092559814453125">
        <ele>187</ele>
        <time>2025-02-16T05:48:28.000Z</time>
        <extensions>
          <ns3:TrackPointExtension>
            <ns3:hr>142</ns3:hr>
            <ns3:cad>61</ns3:cad>
          </ns3:TrackPointExtension>
        </extensions>
      </trkpt>
      <trkpt lat="23.522692434489727020263671875" lon="113.22124776430428028106689453125">
        <ele>187</ele>
        <time>2025-02-16T05:48:30.000Z</time>
        <extensions>
          <ns3:TrackPointExtension>
            <ns3:hr>141</ns3:hr>
            <ns3:cad>0</ns3:cad>
          </ns3:TrackPointExtension>
        </extensions>
      </trkpt>
      <trkpt lat="23.5227050073444843292236328125" lon="113.2212696410715579986572265625">
        <ele>187.1999969482421875</ele>
        <time>2025-02-16T05:48:33.000Z</time>
        <extensions>
          <ns3:TrackPointExtension>
            <ns3:hr>141</ns3:hr>
            <ns3:cad>0</ns3:cad>
          </ns3:TrackPointExtension>
        </extensions>
      </trkpt>
      <trkpt lat="23.52270894683897495269775390625" lon="113.22131180204451084136962890625">
        <ele>187.1999969482421875</ele>
        <time>2025-02-16T05:48:38.000Z</time>
        <extensions>
          <ns3:TrackPointExtension>
            <ns3:hr>140</ns3:hr>
            <ns3:cad>61</ns3:cad>
          </ns3:TrackPointExtension>
        </extensions>
      </trkpt>
      <trkpt lat="23.52268933318555355072021484375" lon="113.22135756723582744598388671875">
        <ele>187.399993896484375</ele>
        <time>2025-02-16T05:48:43.000Z</time>
        <extensions>
          <ns3:TrackPointExtension>
            <ns3:hr>139</ns3:hr>
            <ns3:cad>59</ns3:cad>
          </ns3:TrackPointExtension>
        </extensions>
      </trkpt>
      <trkpt lat="23.5226874053478240966796875" lon="113.22136963717639446258544921875">
        <ele>187.600006103515625</ele>
        <time>2025-02-16T05:48:45.000Z</time>
        <extensions>
          <ns3:TrackPointExtension>
            <ns3:hr>139</ns3:hr>
            <ns3:cad>59</ns3:cad>
          </ns3:TrackPointExtension>
        </extensions>
      </trkpt>
      <trkpt lat="23.52267944253981113433837890625" lon="113.22151129133999347686767578125">
        <ele>189</ele>
        <time>2025-02-16T05:48:59.000Z</time>
        <extensions>
          <ns3:TrackPointExtension>
            <ns3:hr>138</ns3:hr>
            <ns3:cad>59</ns3:cad>
          </ns3:TrackPointExtension>
        </extensions>
      </trkpt>
      <trkpt lat="23.52267424575984477996826171875" lon="113.22150978259742259979248046875">
        <ele>189</ele>
        <time>2025-02-16T05:49:01.000Z</time>
        <extensions>
          <ns3:TrackPointExtension>
            <ns3:hr>138</ns3:hr>
            <ns3:cad>59</ns3:cad>
          </ns3:TrackPointExtension>
        </extensions>
      </trkpt>
      <trkpt lat="23.52268346585333347320556640625" lon="113.22151330299675464630126953125">
        <ele>189</ele>
        <time>2025-02-16T05:49:03.000Z</time>
        <extensions>
          <ns3:TrackPointExtension>
            <ns3:hr>138</ns3:hr>
            <ns3:cad>59</ns3:cad>
          </ns3:TrackPointExtension>
        </extensions>
      </trkpt>
      <trkpt lat="23.52272093296051025390625" lon="113.221600390970706939697265625">
        <ele>190.399993896484375</ele>
        <time>2025-02-16T05:49:14.000Z</time>
        <extensions>
          <ns3:TrackPointExtension>
            <ns3:hr>137</ns3:hr>
            <ns3:cad>61</ns3:cad>
          </ns3:TrackPointExtension>
        </extensions>
      </trkpt>
      <trkpt lat="23.5227281413972377777099609375" lon="113.2216458208858966827392578125">
        <ele>191.1999969482421875</ele>
        <time>2025-02-16T05:49:18.000Z</time>
        <extensions>
          <ns3:TrackPointExtension>
            <ns3:hr>136</ns3:hr>
            <ns3:cad>0</ns3:cad>
          </ns3:TrackPointExtension>
        </extensions>
      </trkpt>
      <trkpt lat="23.5227341763675212860107421875" lon="113.221667110919952392578125">
        <ele>191.600006103515625</ele>
        <time>2025-02-16T05:49:20.000Z</time>
        <extensions>
          <ns3:TrackPointExtension>
            <ns3:hr>136</ns3:hr>
            <ns3:cad>0</ns3:cad>
          </ns3:TrackPointExtension>
        </extensions>
      </trkpt>
      <trkpt lat="23.52274239063262939453125" lon="113.22171765379607677459716796875">
        <ele>192.399993896484375</ele>
        <time>2025-02-16T05:49:24.000Z</time>
        <extensions>
          <ns3:TrackPointExtension>
            <ns3:hr>135</ns3:hr>
            <ns3:cad>57</ns3:cad>
          </ns3:TrackPointExtension>
        </extensions>
      </trkpt>
      <trkpt lat="23.5227485932409763336181640625" lon="113.22174766100943088531494140625">
        <ele>192.8000030517578125</ele>
        <time>2025-02-16T05:49:27.000Z</time>
        <extensions>
          <ns3:TrackPointExtension>
            <ns3:hr>135</ns3:hr>
            <ns3:cad>57</ns3:cad>
          </ns3:TrackPointExtension>
        </extensions>
      </trkpt>
      <trkpt lat="23.52275513112545013427734375" lon="113.22177833877503871917724609375">
        <ele>193.399993896484375</ele>
        <time>2025-02-16T05:49:29.000Z</time>
        <extensions>
          <ns3:TrackPointExtension>
            <ns3:hr>134</ns3:hr>
            <ns3:cad>57</ns3:cad>
          </ns3:TrackPointExtension>
        </extensions>
      </trkpt>
      <trkpt lat="23.52279192768037319183349609375" lon="113.2219639979302883148193359375">
        <ele>194</ele>
        <time>2025-02-16T05:49:45.000Z</time>
        <extensions>
          <ns3:TrackPointExtension>
            <ns3:hr>137</ns3:hr>
            <ns3:cad>60</ns3:cad>
          </ns3:TrackPointExtension>
        </extensions>
      </trkpt>
      <trkpt lat="23.5228153131902217864990234375" lon="113.22215653024613857269287109375">
        <ele>192.1999969482421875</ele>
        <time>2025-02-16T05:50:01.000Z</time>
        <extensions>
          <ns3:TrackPointExtension>
            <ns3:hr>141</ns3:hr>
            <ns3:cad>60</ns3:cad>
          </ns3:TrackPointExtension>
        </extensions>
      </trkpt>
      <trkpt lat="23.52282009087502956390380859375" lon="113.22218100540339946746826171875">
        <ele>191.600006103515625</ele>
        <time>2025-02-16T05:50:03.000Z</time>
        <extensions>
          <ns3:TrackPointExtension>
            <ns3:hr>145</ns3:hr>
            <ns3:cad>60</ns3:cad>
          </ns3:TrackPointExtension>
        </extensions>
      </trkpt>
      <trkpt lat="23.52281749248504638671875" lon="113.22220824658870697021484375">
        <ele>190.8000030517578125</ele>
        <time>2025-02-16T05:50:06.000Z</time>
        <extensions>
          <ns3:TrackPointExtension>
            <ns3:hr>148</ns3:hr>
            <ns3:cad>67</ns3:cad>
          </ns3:TrackPointExtension>
        </extensions>
      </trkpt>
      <trkpt lat="23.52283819578588008880615234375" lon="113.222411088645458221435546875">
        <ele>186</ele>
        <time>2025-02-16T05:50:23.000Z</time>
        <extensions>
          <ns3:TrackPointExtension>
            <ns3:hr>146</ns3:hr>
            <ns3:cad>60</ns3:cad>
          </ns3:TrackPointExtension>
        </extensions>
      </trkpt>
      <trkpt lat="23.5228374414145946502685546875" lon="113.222450651228427886962890625">
        <ele>185.399993896484375</ele>
        <time>2025-02-16T05:50:27.000Z</time>
        <extensions>
          <ns3:TrackPointExtension>
            <ns3:hr>143</ns3:hr>
            <ns3:cad>59</ns3:cad>
          </ns3:TrackPointExtension>
        </extensions>
      </trkpt>
      <trkpt lat="23.5228295624256134033203125" lon="113.222456015646457672119140625">
        <ele>185.1999969482421875</ele>
        <time>2025-02-16T05:50:30.000Z</time>
        <extensions>
          <ns3:TrackPointExtension>
            <ns3:hr>141</ns3:hr>
            <ns3:cad>0</ns3:cad>
          </ns3:TrackPointExtension>
        </extensions>
      </trkpt>
      <trkpt lat="23.5228411294519901275634765625" lon="113.2224461250007152557373046875">
        <ele>185.399993896484375</ele>
        <time>2025-02-16T05:50:35.000Z</time>
        <extensions>
          <ns3:TrackPointExtension>
            <ns3:hr>138</ns3:hr>
            <ns3:cad>0</ns3:cad>
          </ns3:TrackPointExtension>
        </extensions>
      </trkpt>
      <trkpt lat="23.522880859673023223876953125" lon="113.22263647802174091339111328125">
        <ele>184.1999969482421875</ele>
        <time>2025-02-16T05:51:02.000Z</time>
        <extensions>
          <ns3:TrackPointExtension>
            <ns3:hr>136</ns3:hr>
            <ns3:cad>65</ns3:cad>
          </ns3:TrackPointExtension>
        </extensions>
      </trkpt>
      <trkpt lat="23.52289167232811450958251953125" lon="113.2228373922407627105712890625">
        <ele>181.600006103515625</ele>
        <time>2025-02-16T05:51:16.000Z</time>
        <extensions>
          <ns3:TrackPointExtension>
            <ns3:hr>138</ns3:hr>
            <ns3:cad>58</ns3:cad>
          </ns3:TrackPointExtension>
        </extensions>
      </trkpt>
      <trkpt lat="23.52289670147001743316650390625" lon="113.22304283268749713897705078125">
        <ele>182.8000030517578125</ele>
        <time>2025-02-16T05:51:29.000Z</time>
        <extensions>
          <ns3:TrackPointExtension>
            <ns3:hr>138</ns3:hr>
            <ns3:cad>61</ns3:cad>
          </ns3:TrackPointExtension>
        </extensions>
      </trkpt>
      <trkpt lat="23.52295286022126674652099609375" lon="113.22323293425142765045166015625">
        <ele>180.8000030517578125</ele>
        <time>2025-02-16T05:51:43.000Z</time>
        <extensions>
          <ns3:TrackPointExtension>
            <ns3:hr>137</ns3:hr>
            <ns3:cad>62</ns3:cad>
          </ns3:TrackPointExtension>
        </extensions>
      </trkpt>
      <trkpt lat="23.52291396819055080413818359375" lon="113.22342555038630962371826171875">
        <ele>181.399993896484375</ele>
        <time>2025-02-16T05:52:06.000Z</time>
        <extensions>
          <ns3:TrackPointExtension>
            <ns3:hr>136</ns3:hr>
            <ns3:cad>61</ns3:cad>
          </ns3:TrackPointExtension>
        </extensions>
      </trkpt>
      <trkpt lat="23.52291396819055080413818359375" lon="113.22344952262938022613525390625">
        <ele>181.1999969482421875</ele>
        <time>2025-02-16T05:52:09.000Z</time>
        <extensions>
          <ns3:TrackPointExtension>
            <ns3:hr>138</ns3:hr>
            <ns3:cad>61</ns3:cad>
          </ns3:TrackPointExtension>
        </extensions>
      </trkpt>
      <trkpt lat="23.52290960960090160369873046875" lon="113.22348556481301784515380859375">
        <ele>181</ele>
        <time>2025-02-16T05:52:12.000Z</time>
        <extensions>
          <ns3:TrackPointExtension>
            <ns3:hr>138</ns3:hr>
            <ns3:cad>0</ns3:cad>
          </ns3:TrackPointExtension>
        </extensions>
      </trkpt>
      <trkpt lat="23.52290441282093524932861328125" lon="113.2235173322260379791259765625">
        <ele>181</ele>
        <time>2025-02-16T05:52:15.000Z</time>
        <extensions>
          <ns3:TrackPointExtension>
            <ns3:hr>137</ns3:hr>
            <ns3:cad>0</ns3:cad>
          </ns3:TrackPointExtension>
        </extensions>
      </trkpt>
      <trkpt lat="23.5229014791548252105712890625" lon="113.22352831251919269561767578125">
        <ele>180.8000030517578125</ele>
        <time>2025-02-16T05:52:17.000Z</time>
        <extensions>
          <ns3:TrackPointExtension>
            <ns3:hr>137</ns3:hr>
            <ns3:cad>60</ns3:cad>
          </ns3:TrackPointExtension>
        </extensions>
      </trkpt>
      <trkpt lat="23.52289804257452487945556640625" lon="113.2235478423535823822021484375">
        <ele>181</ele>
        <time>2025-02-16T05:52:21.000Z</time>
        <extensions>
          <ns3:TrackPointExtension>
            <ns3:hr>137</ns3:hr>
            <ns3:cad>61</ns3:cad>
          </ns3:TrackPointExtension>
        </extensions>
      </trkpt>
      <trkpt lat="23.52289150469005107879638671875" lon="113.2235924340784549713134765625">
        <ele>181.1999969482421875</ele>
        <time>2025-02-16T05:52:25.000Z</time>
        <extensions>
          <ns3:TrackPointExtension>
            <ns3:hr>137</ns3:hr>
            <ns3:cad>71</ns3:cad>
          </ns3:TrackPointExtension>
        </extensions>
      </trkpt>
      <trkpt lat="23.52289594709873199462890625" lon="113.223601318895816802978515625">
        <ele>181.1999969482421875</ele>
        <time>2025-02-16T05:52:26.000Z</time>
        <extensions>
          <ns3:TrackPointExtension>
            <ns3:hr>137</ns3:hr>
            <ns3:cad>71</ns3:cad>
          </ns3:TrackPointExtension>
        </extensions>
      </trkpt>
      <trkpt lat="23.52285110391676425933837890625" lon="113.2238016463816165924072265625">
        <ele>182.399993896484375</ele>
        <time>2025-02-16T05:52:47.000Z</time>
        <extensions>
          <ns3:TrackPointExtension>
            <ns3:hr>137</ns3:hr>
            <ns3:cad>60</ns3:cad>
          </ns3:TrackPointExtension>
        </extensions>
      </trkpt>
      <trkpt lat="23.5228139720857143402099609375" lon="113.22385822422802448272705078125">
        <ele>182.399993896484375</ele>
        <time>2025-02-16T05:52:52.000Z</time>
        <extensions>
          <ns3:TrackPointExtension>
            <ns3:hr>134</ns3:hr>
            <ns3:cad>60</ns3:cad>
          </ns3:TrackPointExtension>
        </extensions>
      </trkpt>
      <trkpt lat="23.5226902551949024200439453125" lon="113.2239712961018085479736328125">
        <ele>184.600006103515625</ele>
        <time>2025-02-16T05:53:04.000Z</time>
        <extensions>
          <ns3:TrackPointExtension>
            <ns3:hr>131</ns3:hr>
            <ns3:cad>59</ns3:cad>
          </ns3:TrackPointExtension>
        </extensions>
      </trkpt>
      <trkpt lat="23.52264272980391979217529296875" lon="113.2239971123635768890380859375">
        <ele>185.1999969482421875</ele>
        <time>2025-02-16T05:53:08.000Z</time>
        <extensions>
          <ns3:TrackPointExtension>
            <ns3:hr>136</ns3:hr>
            <ns3:cad>58</ns3:cad>
          </ns3:TrackPointExtension>
        </extensions>
      </trkpt>
      <trkpt lat="23.5226366110146045684814453125" lon="113.223998285830020904541015625">
        <ele>185.1999969482421875</ele>
        <time>2025-02-16T05:53:09.000Z</time>
        <extensions>
          <ns3:TrackPointExtension>
            <ns3:hr>139</ns3:hr>
            <ns3:cad>60</ns3:cad>
          </ns3:TrackPointExtension>
        </extensions>
      </trkpt>
      <trkpt lat="23.52263468317687511444091796875" lon="113.2240088470280170440673828125">
        <ele>185.399993896484375</ele>
        <time>2025-02-16T05:53:12.000Z</time>
        <extensions>
          <ns3:TrackPointExtension>
            <ns3:hr>141</ns3:hr>
            <ns3:cad>60</ns3:cad>
          </ns3:TrackPointExtension>
        </extensions>
      </trkpt>
      <trkpt lat="23.52252253331243991851806640625" lon="113.2240051589906215667724609375">
        <ele>185.8000030517578125</ele>
        <time>2025-02-16T05:53:32.000Z</time>
        <extensions>
          <ns3:TrackPointExtension>
            <ns3:hr>139</ns3:hr>
            <ns3:cad>60</ns3:cad>
          </ns3:TrackPointExtension>
        </extensions>
      </trkpt>
      <trkpt lat="23.5223482735455036163330078125" lon="113.22405620478093624114990234375">
        <ele>186.399993896484375</ele>
        <time>2025-02-16T05:53:47.000Z</time>
        <extensions>
          <ns3:TrackPointExtension>
            <ns3:hr>139</ns3:hr>
            <ns3:cad>60</ns3:cad>
          </ns3:TrackPointExtension>
        </extensions>
      </trkpt>
      <trkpt lat="23.52220150642096996307373046875" lon="113.22418905794620513916015625">
        <ele>186.8000030517578125</ele>
        <time>2025-02-16T05:54:04.000Z</time>
        <extensions>
          <ns3:TrackPointExtension>
            <ns3:hr>137</ns3:hr>
            <ns3:cad>61</ns3:cad>
          </ns3:TrackPointExtension>
        </extensions>
      </trkpt>
      <trkpt lat="23.52208130992949008941650390625" lon="113.22434236295521259307861328125">
        <ele>185.399993896484375</ele>
        <time>2025-02-16T05:54:16.000Z</time>
        <extensions>
          <ns3:TrackPointExtension>
            <ns3:hr>136</ns3:hr>
            <ns3:cad>61</ns3:cad>
          </ns3:TrackPointExtension>
        </extensions>
      </trkpt>
      <trkpt lat="23.52202665992081165313720703125" lon="113.22454176843166351318359375">
        <ele>187.600006103515625</ele>
        <time>2025-02-16T05:54:29.000Z</time>
        <extensions>
          <ns3:TrackPointExtension>
            <ns3:hr>136</ns3:hr>
            <ns3:cad>62</ns3:cad>
          </ns3:TrackPointExtension>
        </extensions>
      </trkpt>
      <trkpt lat="23.52200604043900966644287109375" lon="113.22475039400160312652587890625">
        <ele>191.8000030517578125</ele>
        <time>2025-02-16T05:54:42.000Z</time>
        <extensions>
          <ns3:TrackPointExtension>
            <ns3:hr>136</ns3:hr>
            <ns3:cad>62</ns3:cad>
          </ns3:TrackPointExtension>
        </extensions>
      </trkpt>
      <trkpt lat="23.5219497978687286376953125" lon="113.22494938038289546966552734375">
        <ele>195.600006103515625</ele>
        <time>2025-02-16T05:54:56.000Z</time>
        <extensions>
          <ns3:TrackPointExtension>
            <ns3:hr>136</ns3:hr>
            <ns3:cad>63</ns3:cad>
          </ns3:TrackPointExtension>
        </extensions>
      </trkpt>
      <trkpt lat="23.5217648930847644805908203125" lon="113.22499531321227550506591796875">
        <ele>193.399993896484375</ele>
        <time>2025-02-16T05:55:12.000Z</time>
        <extensions>
          <ns3:TrackPointExtension>
            <ns3:hr>136</ns3:hr>
            <ns3:cad>61</ns3:cad>
          </ns3:TrackPointExtension>
        </extensions>
      </trkpt>
      <trkpt lat="23.52158744819462299346923828125" lon="113.22495893575251102447509765625">
        <ele>188.1999969482421875</ele>
        <time>2025-02-16T05:55:24.000Z</time>
        <extensions>
          <ns3:TrackPointExtension>
            <ns3:hr>136</ns3:hr>
            <ns3:cad>65</ns3:cad>
          </ns3:TrackPointExtension>
        </extensions>
      </trkpt>
      <trkpt lat="23.521525003015995025634765625" lon="113.22498810477554798126220703125">
        <ele>187</ele>
        <time>2025-02-16T05:55:31.000Z</time>
        <extensions>
          <ns3:TrackPointExtension>
            <ns3:hr>135</ns3:hr>
            <ns3:cad>65</ns3:cad>
          </ns3:TrackPointExtension>
        </extensions>
      </trkpt>
      <trkpt lat="23.52135141380131244659423828125" lon="113.22507645003497600555419921875">
        <ele>181.399993896484375</ele>
        <time>2025-02-16T05:55:52.000Z</time>
        <extensions>
          <ns3:TrackPointExtension>
            <ns3:hr>136</ns3:hr>
            <ns3:cad>62</ns3:cad>
          </ns3:TrackPointExtension>
        </extensions>
      </trkpt>
      <trkpt lat="23.5211727954447269439697265625" lon="113.22511534206569194793701171875">
        <ele>179</ele>
        <time>2025-02-16T05:56:06.000Z</time>
        <extensions>
          <ns3:TrackPointExtension>
            <ns3:hr>137</ns3:hr>
            <ns3:cad>61</ns3:cad>
          </ns3:TrackPointExtension>
        </extensions>
      </trkpt>
      <trkpt lat="23.5209949314594268798828125" lon="113.22517736814916133880615234375">
        <ele>177.600006103515625</ele>
        <time>2025-02-16T05:56:25.000Z</time>
        <extensions>
          <ns3:TrackPointExtension>
            <ns3:hr>138</ns3:hr>
            <ns3:cad>59</ns3:cad>
          </ns3:TrackPointExtension>
        </extensions>
      </trkpt>
      <trkpt lat="23.520822264254093170166015625" lon="113.225256241858005523681640625">
        <ele>176.8000030517578125</ele>
        <time>2025-02-16T05:56:38.000Z</time>
        <extensions>
          <ns3:TrackPointExtension>
            <ns3:hr>138</ns3:hr>
            <ns3:cad>60</ns3:cad>
          </ns3:TrackPointExtension>
        </extensions>
      </trkpt>
      <trkpt lat="23.52065890096127986907958984375" lon="113.22539068758487701416015625">
        <ele>176.1999969482421875</ele>
        <time>2025-02-16T05:56:51.000Z</time>
        <extensions>
          <ns3:TrackPointExtension>
            <ns3:hr>136</ns3:hr>
            <ns3:cad>59</ns3:cad>
          </ns3:TrackPointExtension>
        </extensions>
      </trkpt>
      <trkpt lat="23.5206179134547710418701171875" lon="113.22542195208370685577392578125">
        <ele>174.8000030517578125</ele>
        <time>2025-02-16T05:56:55.000Z</time>
        <extensions>
          <ns3:TrackPointExtension>
            <ns3:hr>139</ns3:hr>
            <ns3:cad>60</ns3:cad>
          </ns3:TrackPointExtension>
        </extensions>
      </trkpt>
      <trkpt lat="23.520448766648769378662109375" lon="113.225513063371181488037109375">
        <ele>170.600006103515625</ele>
        <time>2025-02-16T05:57:10.000Z</time>
        <extensions>
          <ns3:TrackPointExtension>
            <ns3:hr>137</ns3:hr>
            <ns3:cad>61</ns3:cad>
          </ns3:TrackPointExtension>
        </extensions>
      </trkpt>
      <trkpt lat="23.52028238587081432342529296875" lon="113.225606270134449005126953125">
        <ele>168.8000030517578125</ele>
        <time>2025-02-16T05:57:23.000Z</time>
        <extensions>
          <ns3:TrackPointExtension>
            <ns3:hr>135</ns3:hr>
            <ns3:cad>62</ns3:cad>
          </ns3:TrackPointExtension>
        </extensions>
      </trkpt>
      <trkpt lat="23.52010938338935375213623046875" lon="113.2256902568042278289794921875">
        <ele>170.8000030517578125</ele>
        <time>2025-02-16T05:57:38.000Z</time>
        <extensions>
          <ns3:TrackPointExtension>
            <ns3:hr>135</ns3:hr>
            <ns3:cad>65</ns3:cad>
          </ns3:TrackPointExtension>
        </extensions>
      </trkpt>
      <trkpt lat="23.519992120563983917236328125" lon="113.22573669254779815673828125">
        <ele>170.399993896484375</ele>
        <time>2025-02-16T05:57:53.000Z</time>
        <extensions>
          <ns3:TrackPointExtension>
            <ns3:hr>136</ns3:hr>
            <ns3:cad>65</ns3:cad>
          </ns3:TrackPointExtension>
        </extensions>
      </trkpt>
      <trkpt lat="23.51987753994762897491455078125" lon="113.22582629509270191192626953125">
        <ele>174.8000030517578125</ele>
        <time>2025-02-16T05:58:06.000Z</time>
        <extensions>
          <ns3:TrackPointExtension>
            <ns3:hr>133</ns3:hr>
            <ns3:cad>56</ns3:cad>
          </ns3:TrackPointExtension>
        </extensions>
      </trkpt>
      <trkpt lat="23.51978818885982036590576171875" lon="113.22582847438752651214599609375">
        <ele>174.600006103515625</ele>
        <time>2025-02-16T05:58:12.000Z</time>
        <extensions>
          <ns3:TrackPointExtension>
            <ns3:hr>132</ns3:hr>
            <ns3:cad>58</ns3:cad>
          </ns3:TrackPointExtension>
        </extensions>
      </trkpt>
      <trkpt lat="23.519713841378688812255859375" lon="113.2258287258446216583251953125">
        <ele>173.8000030517578125</ele>
        <time>2025-02-16T05:58:20.000Z</time>
        <extensions>
          <ns3:TrackPointExtension>
            <ns3:hr>132</ns3:hr>
            <ns3:cad>58</ns3:cad>
          </ns3:TrackPointExtension>
        </extensions>
      </trkpt>
      <trkpt lat="23.51966648362576961517333984375" lon="113.22583853267133235931396484375">
        <ele>174</ele>
        <time>2025-02-16T05:58:26.000Z</time>
        <extensions>
          <ns3:TrackPointExtension>
            <ns3:hr>135</ns3:hr>
            <ns3:cad>58</ns3:cad>
          </ns3:TrackPointExtension>
        </extensions>
      </trkpt>
      <trkpt lat="23.5194803215563297271728515625" lon="113.2258840464055538177490234375">
        <ele>174</ele>
        <time>2025-02-16T05:58:43.000Z</time>
        <extensions>
          <ns3:TrackPointExtension>
            <ns3:hr>134</ns3:hr>
            <ns3:cad>56</ns3:cad>
          </ns3:TrackPointExtension>
        </extensions>
      </trkpt>
      <trkpt lat="23.51930103264749050140380859375" lon="113.2259551249444484710693359375">
        <ele>173.600006103515625</ele>
        <time>2025-02-16T05:59:00.000Z</time>
        <extensions>
          <ns3:TrackPointExtension>
            <ns3:hr>136</ns3:hr>
            <ns3:cad>58</ns3:cad>
          </ns3:TrackPointExtension>
        </extensions>
      </trkpt>
      <trkpt lat="23.51925618946552276611328125" lon="113.225978426635265350341796875">
        <ele>172.8000030517578125</ele>
        <time>2025-02-16T05:59:06.000Z</time>
        <extensions>
          <ns3:TrackPointExtension>
            <ns3:hr>134</ns3:hr>
            <ns3:cad>58</ns3:cad>
          </ns3:TrackPointExtension>
        </extensions>
      </trkpt>
      <trkpt lat="23.51908863522112369537353515625" lon="113.22605445049703121185302734375">
        <ele>170.1999969482421875</ele>
        <time>2025-02-16T05:59:26.000Z</time>
        <extensions>
          <ns3:TrackPointExtension>
            <ns3:hr>133</ns3:hr>
            <ns3:cad>59</ns3:cad>
          </ns3:TrackPointExtension>
        </extensions>
      </trkpt>
      <trkpt lat="23.51890725083649158477783203125" lon="113.226070962846279144287109375">
        <ele>167.399993896484375</ele>
        <time>2025-02-16T05:59:42.000Z</time>
        <extensions>
          <ns3:TrackPointExtension>
            <ns3:hr>133</ns3:hr>
            <ns3:cad>59</ns3:cad>
          </ns3:TrackPointExtension>
        </extensions>
      </trkpt>
      <trkpt lat="23.51871899329125881195068359375" lon="113.22608630172908306121826171875">
        <ele>164.600006103515625</ele>
        <time>2025-02-16T06:00:00.000Z</time>
        <extensions>
          <ns3:TrackPointExtension>
            <ns3:hr>133</ns3:hr>
            <ns3:cad>60</ns3:cad>
          </ns3:TrackPointExtension>
        </extensions>
      </trkpt>
      <trkpt lat="23.5185311548411846160888671875" lon="113.226115889847278594970703125">
        <ele>163</ele>
        <time>2025-02-16T06:00:17.000Z</time>
        <extensions>
          <ns3:TrackPointExtension>
            <ns3:hr>131</ns3:hr>
            <ns3:cad>60</ns3:cad>
          </ns3:TrackPointExtension>
        </extensions>
      </trkpt>
      <trkpt lat="23.5184738226234912872314453125" lon="113.22617196477949619293212890625">
        <ele>164.399993896484375</ele>
        <time>2025-02-16T06:00:26.000Z</time>
        <extensions>
          <ns3:TrackPointExtension>
            <ns3:hr>134</ns3:hr>
            <ns3:cad>60</ns3:cad>
          </ns3:TrackPointExtension>
        </extensions>
      </trkpt>
      <trkpt lat="23.51844138465821743011474609375" lon="113.226194679737091064453125">
        <ele>163.8000030517578125</ele>
        <time>2025-02-16T06:00:29.000Z</time>
        <extensions>
          <ns3:TrackPointExtension>
            <ns3:hr>139</ns3:hr>
            <ns3:cad>59</ns3:cad>
          </ns3:TrackPointExtension>
        </extensions>
      </trkpt>
      <trkpt lat="23.51843132637441158294677734375" lon="113.22620213963091373443603515625">
        <ele>163.600006103515625</ele>
        <time>2025-02-16T06:00:30.000Z</time>
        <extensions>
          <ns3:TrackPointExtension>
            <ns3:hr>140</ns3:hr>
            <ns3:cad>59</ns3:cad>
          </ns3:TrackPointExtension>
        </extensions>
      </trkpt>
      <trkpt lat="23.5183216072618961334228515625" lon="113.22629568167030811309814453125">
        <ele>161.8000030517578125</ele>
        <time>2025-02-16T06:00:44.000Z</time>
        <extensions>
          <ns3:TrackPointExtension>
            <ns3:hr>137</ns3:hr>
            <ns3:cad>60</ns3:cad>
          </ns3:TrackPointExtension>
        </extensions>
      </trkpt>
      <trkpt lat="23.5181429050862789154052734375" lon="113.2263919897377490997314453125">
        <ele>157.399993896484375</ele>
        <time>2025-02-16T06:00:57.000Z</time>
        <extensions>
          <ns3:TrackPointExtension>
            <ns3:hr>136</ns3:hr>
            <ns3:cad>61</ns3:cad>
          </ns3:TrackPointExtension>
        </extensions>
      </trkpt>
      <trkpt lat="23.51805455982685089111328125" lon="113.2265602983534336090087890625">
        <ele>155</ele>
        <time>2025-02-16T06:01:12.000Z</time>
        <extensions>
          <ns3:TrackPointExtension>
            <ns3:hr>133</ns3:hr>
            <ns3:cad>61</ns3:cad>
          </ns3:TrackPointExtension>
        </extensions>
      </trkpt>
      <trkpt lat="23.5180386342108249664306640625" lon="113.22660036385059356689453125">
        <ele>155.1999969482421875</ele>
        <time>2025-02-16T06:01:15.000Z</time>
        <extensions>
          <ns3:TrackPointExtension>
            <ns3:hr>129</ns3:hr>
            <ns3:cad>61</ns3:cad>
          </ns3:TrackPointExtension>
        </extensions>
      </trkpt>
      <trkpt lat="23.51799882017076015472412109375" lon="113.22669046930968761444091796875">
        <ele>157.8000030517578125</ele>
        <time>2025-02-16T06:01:23.000Z</time>
        <extensions>
          <ns3:TrackPointExtension>
            <ns3:hr>129</ns3:hr>
            <ns3:cad>61</ns3:cad>
          </ns3:TrackPointExtension>
        </extensions>
      </trkpt>
      <trkpt lat="23.51799228228628635406494140625" lon="113.22670874185860157012939453125">
        <ele>158.399993896484375</ele>
        <time>2025-02-16T06:01:25.000Z</time>
        <extensions>
          <ns3:TrackPointExtension>
            <ns3:hr>133</ns3:hr>
            <ns3:cad>61</ns3:cad>
          </ns3:TrackPointExtension>
        </extensions>
      </trkpt>
      <trkpt lat="23.51799211464822292327880859375" lon="113.2267219014465808868408203125">
        <ele>158.8000030517578125</ele>
        <time>2025-02-16T06:01:26.000Z</time>
        <extensions>
          <ns3:TrackPointExtension>
            <ns3:hr>133</ns3:hr>
            <ns3:cad>61</ns3:cad>
          </ns3:TrackPointExtension>
        </extensions>
      </trkpt>
      <trkpt lat="23.517957665026187896728515625" lon="113.22681720368564128875732421875">
        <ele>162.399993896484375</ele>
        <time>2025-02-16T06:01:35.000Z</time>
        <extensions>
          <ns3:TrackPointExtension>
            <ns3:hr>133</ns3:hr>
            <ns3:cad>61</ns3:cad>
          </ns3:TrackPointExtension>
        </extensions>
      </trkpt>
      <trkpt lat="23.51795590482652187347412109375" lon="113.22683514095842838287353515625">
        <ele>163.1999969482421875</ele>
        <time>2025-02-16T06:01:37.000Z</time>
        <extensions>
          <ns3:TrackPointExtension>
            <ns3:hr>133</ns3:hr>
            <ns3:cad>61</ns3:cad>
          </ns3:TrackPointExtension>
        </extensions>
      </trkpt>
      <trkpt lat="23.5179544799029827117919921875" lon="113.22686397470533847808837890625">
        <ele>164.600006103515625</ele>
        <time>2025-02-16T06:01:40.000Z</time>
        <extensions>
          <ns3:TrackPointExtension>
            <ns3:hr>131</ns3:hr>
            <ns3:cad>60</ns3:cad>
          </ns3:TrackPointExtension>
        </extensions>
      </trkpt>
      <trkpt lat="23.517969064414501190185546875" lon="113.22692063637077808380126953125">
        <ele>164.399993896484375</ele>
        <time>2025-02-16T06:01:43.000Z</time>
        <extensions>
          <ns3:TrackPointExtension>
            <ns3:hr>132</ns3:hr>
            <ns3:cad>61</ns3:cad>
          </ns3:TrackPointExtension>
        </extensions>
      </trkpt>
      <trkpt lat="23.5179693996906280517578125" lon="113.2269901223480701446533203125">
        <ele>164.1999969482421875</ele>
        <time>2025-02-16T06:01:49.000Z</time>
        <extensions>
          <ns3:TrackPointExtension>
            <ns3:hr>132</ns3:hr>
            <ns3:cad>61</ns3:cad>
          </ns3:TrackPointExtension>
        </extensions>
      </trkpt>
      <trkpt lat="23.5179658792912960052490234375" lon="113.22700898163020610809326171875">
        <ele>164.1999969482421875</ele>
        <time>2025-02-16T06:01:51.000Z</time>
        <extensions>
          <ns3:TrackPointExtension>
            <ns3:hr>132</ns3:hr>
            <ns3:cad>61</ns3:cad>
          </ns3:TrackPointExtension>
        </extensions>
      </trkpt>
      <trkpt lat="23.51797300390899181365966796875" lon="113.22703362442553043365478515625">
        <ele>164</ele>
        <time>2025-02-16T06:01:53.000Z</time>
        <extensions>
          <ns3:TrackPointExtension>
            <ns3:hr>132</ns3:hr>
            <ns3:cad>62</ns3:cad>
          </ns3:TrackPointExtension>
        </extensions>
      </trkpt>
      <trkpt lat="23.5179561562836170196533203125" lon="113.22707318700850009918212890625">
        <ele>164</ele>
        <time>2025-02-16T06:01:58.000Z</time>
        <extensions>
          <ns3:TrackPointExtension>
            <ns3:hr>132</ns3:hr>
            <ns3:cad>46</ns3:cad>
          </ns3:TrackPointExtension>
        </extensions>
      </trkpt>
      <trkpt lat="23.5179886780679225921630859375" lon="113.2271611131727695465087890625">
        <ele>163</ele>
        <time>2025-02-16T06:02:18.000Z</time>
        <extensions>
          <ns3:TrackPointExtension>
            <ns3:hr>129</ns3:hr>
            <ns3:cad>0</ns3:cad>
          </ns3:TrackPointExtension>
        </extensions>
      </trkpt>
      <trkpt lat="23.5180171765387058258056640625" lon="113.22719036601483821868896484375">
        <ele>162.600006103515625</ele>
        <time>2025-02-16T06:02:26.000Z</time>
        <extensions>
          <ns3:TrackPointExtension>
            <ns3:hr>126</ns3:hr>
            <ns3:cad>0</ns3:cad>
          </ns3:TrackPointExtension>
        </extensions>
      </trkpt>
      <trkpt lat="23.51802061311900615692138671875" lon="113.2272036932408809661865234375">
        <ele>162.399993896484375</ele>
        <time>2025-02-16T06:02:33.000Z</time>
        <extensions>
          <ns3:TrackPointExtension>
            <ns3:hr>123</ns3:hr>
            <ns3:cad>0</ns3:cad>
          </ns3:TrackPointExtension>
        </extensions>
      </trkpt>
      <trkpt lat="23.5180245526134967803955078125" lon="113.22720511816442012786865234375">
        <ele>162.1999969482421875</ele>
        <time>2025-02-16T06:02:40.000Z</time>
        <extensions>
          <ns3:TrackPointExtension>
            <ns3:hr>120</ns3:hr>
            <ns3:cad>0</ns3:cad>
          </ns3:TrackPointExtension>
        </extensions>
      </trkpt>
      <trkpt lat="23.51802245713770389556884765625" lon="113.2271943055093288421630859375">
        <ele>162.399993896484375</ele>
        <time>2025-02-16T06:02:46.000Z</time>
        <extensions>
          <ns3:TrackPointExtension>
            <ns3:hr>115</ns3:hr>
            <ns3:cad>0</ns3:cad>
          </ns3:TrackPointExtension>
        </extensions>
      </trkpt>
      <trkpt lat="23.518017344176769256591796875" lon="113.22719170711934566497802734375">
        <ele>162.600006103515625</ele>
        <time>2025-02-16T06:02:48.000Z</time>
        <extensions>
          <ns3:TrackPointExtension>
            <ns3:hr>112</ns3:hr>
            <ns3:cad>0</ns3:cad>
          </ns3:TrackPointExtension>
        </extensions>
      </trkpt>
      <trkpt lat="23.51801072247326374053955078125" lon="113.22719891555607318878173828125">
        <ele>162.399993896484375</ele>
        <time>2025-02-16T06:02:57.000Z</time>
        <extensions>
          <ns3:TrackPointExtension>
            <ns3:hr>109</ns3:hr>
            <ns3:cad>0</ns3:cad>
          </ns3:TrackPointExtension>
        </extensions>
      </trkpt>
      <trkpt lat="23.51799697615206241607666015625" lon="113.22727854363620281219482421875">
        <ele>161.399993896484375</ele>
        <time>2025-02-16T06:03:09.000Z</time>
        <extensions>
          <ns3:TrackPointExtension>
            <ns3:hr>116</ns3:hr>
            <ns3:cad>60</ns3:cad>
          </ns3:TrackPointExtension>
        </extensions>
      </trkpt>
      <trkpt lat="23.517999909818172454833984375" lon="113.22729178704321384429931640625">
        <ele>161.1999969482421875</ele>
        <time>2025-02-16T06:03:10.000Z</time>
        <extensions>
          <ns3:TrackPointExtension>
            <ns3:hr>115</ns3:hr>
            <ns3:cad>60</ns3:cad>
          </ns3:TrackPointExtension>
        </extensions>
      </trkpt>
      <trkpt lat="23.51800686679780483245849609375" lon="113.22733939625322818756103515625">
        <ele>160.399993896484375</ele>
        <time>2025-02-16T06:03:14.000Z</time>
        <extensions>
          <ns3:TrackPointExtension>
            <ns3:hr>121</ns3:hr>
            <ns3:cad>60</ns3:cad>
          </ns3:TrackPointExtension>
        </extensions>
      </trkpt>
      <trkpt lat="23.51800502277910709381103515625" lon="113.2273495383560657501220703125">
        <ele>160.1999969482421875</ele>
        <time>2025-02-16T06:03:15.000Z</time>
        <extensions>
          <ns3:TrackPointExtension>
            <ns3:hr>121</ns3:hr>
            <ns3:cad>60</ns3:cad>
          </ns3:TrackPointExtension>
        </extensions>
      </trkpt>
      <trkpt lat="23.51798876188695430755615234375" lon="113.22741047479212284088134765625">
        <ele>159.1999969482421875</ele>
        <time>2025-02-16T06:03:20.000Z</time>
        <extensions>
          <ns3:TrackPointExtension>
            <ns3:hr>126</ns3:hr>
            <ns3:cad>61</ns3:cad>
          </ns3:TrackPointExtension>
        </extensions>
      </trkpt>
      <trkpt lat="23.51796898059546947479248046875" lon="113.2274950481951236724853515625">
        <ele>158.1999969482421875</ele>
        <time>2025-02-16T06:03:26.000Z</time>
        <extensions>
          <ns3:TrackPointExtension>
            <ns3:hr>129</ns3:hr>
            <ns3:cad>62</ns3:cad>
          </ns3:TrackPointExtension>
        </extensions>
      </trkpt>
      <trkpt lat="23.51791567169129848480224609375" lon="113.22761298157274723052978515625">
        <ele>156.1999969482421875</ele>
        <time>2025-02-16T06:03:35.000Z</time>
        <extensions>
          <ns3:TrackPointExtension>
            <ns3:hr>132</ns3:hr>
            <ns3:cad>64</ns3:cad>
          </ns3:TrackPointExtension>
        </extensions>
      </trkpt>
      <trkpt lat="23.517865799367427825927734375" lon="113.22780291549861431121826171875">
        <ele>152.399993896484375</ele>
        <time>2025-02-16T06:03:48.000Z</time>
        <extensions>
          <ns3:TrackPointExtension>
            <ns3:hr>134</ns3:hr>
            <ns3:cad>60</ns3:cad>
          </ns3:TrackPointExtension>
        </extensions>
      </trkpt>
      <trkpt lat="23.51782229728996753692626953125" lon="113.2278601638972759246826171875">
        <ele>150.600006103515625</ele>
        <time>2025-02-16T06:03:53.000Z</time>
        <extensions>
          <ns3:TrackPointExtension>
            <ns3:hr>133</ns3:hr>
            <ns3:cad>60</ns3:cad>
          </ns3:TrackPointExtension>
        </extensions>
      </trkpt>
      <trkpt lat="23.51767100393772125244140625" lon="113.2279758341610431671142578125">
        <ele>149.399993896484375</ele>
        <time>2025-02-16T06:04:08.000Z</time>
        <extensions>
          <ns3:TrackPointExtension>
            <ns3:hr>132</ns3:hr>
            <ns3:cad>60</ns3:cad>
          </ns3:TrackPointExtension>
        </extensions>
      </trkpt>
      <trkpt lat="23.5176061280071735382080078125" lon="113.2280529476702213287353515625">
        <ele>150</ele>
        <time>2025-02-16T06:04:16.000Z</time>
        <extensions>
          <ns3:TrackPointExtension>
            <ns3:hr>135</ns3:hr>
            <ns3:cad>60</ns3:cad>
          </ns3:TrackPointExtension>
        </extensions>
      </trkpt>
      <trkpt lat="23.5175819881260395050048828125" lon="113.22807298041880130767822265625">
        <ele>150</ele>
        <time>2025-02-16T06:04:18.000Z</time>
        <extensions>
          <ns3:TrackPointExtension>
            <ns3:hr>132</ns3:hr>
            <ns3:cad>60</ns3:cad>
          </ns3:TrackPointExtension>
        </extensions>
      </trkpt>
      <trkpt lat="23.51757452823221683502197265625" lon="113.22808303870260715484619140625">
        <ele>149.8000030517578125</ele>
        <time>2025-02-16T06:04:19.000Z</time>
        <extensions>
          <ns3:TrackPointExtension>
            <ns3:hr>129</ns3:hr>
            <ns3:cad>60</ns3:cad>
          </ns3:TrackPointExtension>
        </extensions>
      </trkpt>
      <trkpt lat="23.51757000200450420379638671875" lon="113.22809075005352497100830078125">
        <ele>149.8000030517578125</ele>
        <time>2025-02-16T06:04:20.000Z</time>
        <extensions>
          <ns3:TrackPointExtension>
            <ns3:hr>124</ns3:hr>
            <ns3:cad>59</ns3:cad>
          </ns3:TrackPointExtension>
        </extensions>
      </trkpt>
      <trkpt lat="23.51756128482520580291748046875" lon="113.22811002843081951141357421875">
        <ele>149.600006103515625</ele>
        <time>2025-02-16T06:04:22.000Z</time>
        <extensions>
          <ns3:TrackPointExtension>
            <ns3:hr>120</ns3:hr>
            <ns3:cad>60</ns3:cad>
          </ns3:TrackPointExtension>
        </extensions>
      </trkpt>
      <trkpt lat="23.517549298703670501708984375" lon="113.2281189970672130584716796875">
        <ele>149.399993896484375</ele>
        <time>2025-02-16T06:04:24.000Z</time>
        <extensions>
          <ns3:TrackPointExtension>
            <ns3:hr>119</ns3:hr>
            <ns3:cad>58</ns3:cad>
          </ns3:TrackPointExtension>
        </extensions>
      </trkpt>
      <trkpt lat="23.51753496564924716949462890625" lon="113.22812830097973346710205078125">
        <ele>149.399993896484375</ele>
        <time>2025-02-16T06:04:26.000Z</time>
        <extensions>
          <ns3:TrackPointExtension>
            <ns3:hr>115</ns3:hr>
            <ns3:cad>58</ns3:cad>
          </ns3:TrackPointExtension>
        </extensions>
      </trkpt>
      <trkpt lat="23.51751065813004970550537109375" lon="113.228162415325641632080078125">
        <ele>149</ele>
        <time>2025-02-16T06:04:29.000Z</time>
        <extensions>
          <ns3:TrackPointExtension>
            <ns3:hr>120</ns3:hr>
            <ns3:cad>59</ns3:cad>
          </ns3:TrackPointExtension>
        </extensions>
      </trkpt>
      <trkpt lat="23.51750068366527557373046875" lon="113.228189907968044281005859375">
        <ele>148.8000030517578125</ele>
        <time>2025-02-16T06:04:31.000Z</time>
        <extensions>
          <ns3:TrackPointExtension>
            <ns3:hr>123</ns3:hr>
            <ns3:cad>58</ns3:cad>
          </ns3:TrackPointExtension>
        </extensions>
      </trkpt>
      <trkpt lat="23.51737503893673419952392578125" lon="113.2283389382064342498779296875">
        <ele>145.8000030517578125</ele>
        <time>2025-02-16T06:04:45.000Z</time>
        <extensions>
          <ns3:TrackPointExtension>
            <ns3:hr>125</ns3:hr>
            <ns3:cad>60</ns3:cad>
          </ns3:TrackPointExtension>
        </extensions>
      </trkpt>
      <trkpt lat="23.5173100791871547698974609375" lon="113.22838428430259227752685546875">
        <ele>144.8000030517578125</ele>
        <time>2025-02-16T06:04:52.000Z</time>
        <extensions>
          <ns3:TrackPointExtension>
            <ns3:hr>127</ns3:hr>
            <ns3:cad>60</ns3:cad>
          </ns3:TrackPointExtension>
        </extensions>
      </trkpt>
      <trkpt lat="23.51732256822288036346435546875" lon="113.22840280830860137939453125">
        <ele>144.600006103515625</ele>
        <time>2025-02-16T06:05:04.000Z</time>
        <extensions>
          <ns3:TrackPointExtension>
            <ns3:hr>130</ns3:hr>
            <ns3:cad>0</ns3:cad>
          </ns3:TrackPointExtension>
        </extensions>
      </trkpt>
      <trkpt lat="23.51732575334608554840087890625" lon="113.2284002937376499176025390625">
        <ele>144.600006103515625</ele>
        <time>2025-02-16T06:05:13.000Z</time>
        <extensions>
          <ns3:TrackPointExtension>
            <ns3:hr>133</ns3:hr>
            <ns3:cad>0</ns3:cad>
          </ns3:TrackPointExtension>
        </extensions>
      </trkpt>
      <trkpt lat="23.5173244960606098175048828125" lon="113.2284002937376499176025390625">
        <ele>144.600006103515625</ele>
        <time>2025-02-16T06:05:21.000Z</time>
        <extensions>
          <ns3:TrackPointExtension>
            <ns3:hr>130</ns3:hr>
            <ns3:cad>0</ns3:cad>
          </ns3:TrackPointExtension>
        </extensions>
      </trkpt>
      <trkpt lat="23.5172272659838199615478515625" lon="113.22844010777771472930908203125">
        <ele>143.399993896484375</ele>
        <time>2025-02-16T06:05:32.000Z</time>
        <extensions>
          <ns3:TrackPointExtension>
            <ns3:hr>127</ns3:hr>
            <ns3:cad>60</ns3:cad>
          </ns3:TrackPointExtension>
        </extensions>
      </trkpt>
      <trkpt lat="23.517056442797183990478515625" lon="113.228377997875213623046875">
        <ele>142.1999969482421875</ele>
        <time>2025-02-16T06:05:52.000Z</time>
        <extensions>
          <ns3:TrackPointExtension>
            <ns3:hr>127</ns3:hr>
            <ns3:cad>64</ns3:cad>
          </ns3:TrackPointExtension>
        </extensions>
      </trkpt>
      <trkpt lat="23.51702618412673473358154296875" lon="113.22837942279875278472900390625">
        <ele>141.1999969482421875</ele>
        <time>2025-02-16T06:05:55.000Z</time>
        <extensions>
          <ns3:TrackPointExtension>
            <ns3:hr>128</ns3:hr>
            <ns3:cad>67</ns3:cad>
          </ns3:TrackPointExtension>
        </extensions>
      </trkpt>
      <trkpt lat="23.5170185565948486328125" lon="113.22838646359741687774658203125">
        <ele>140.600006103515625</ele>
        <time>2025-02-16T06:05:57.000Z</time>
        <extensions>
          <ns3:TrackPointExtension>
            <ns3:hr>130</ns3:hr>
            <ns3:cad>67</ns3:cad>
          </ns3:TrackPointExtension>
        </extensions>
      </trkpt>
      <trkpt lat="23.51700975559651851654052734375" lon="113.2283858768641948699951171875">
        <ele>140.399993896484375</ele>
        <time>2025-02-16T06:05:59.000Z</time>
        <extensions>
          <ns3:TrackPointExtension>
            <ns3:hr>130</ns3:hr>
            <ns3:cad>0</ns3:cad>
          </ns3:TrackPointExtension>
        </extensions>
      </trkpt>
      <trkpt lat="23.51700120605528354644775390625" lon="113.2283915765583515167236328125">
        <ele>139.8000030517578125</ele>
        <time>2025-02-16T06:06:04.000Z</time>
        <extensions>
          <ns3:TrackPointExtension>
            <ns3:hr>133</ns3:hr>
            <ns3:cad>0</ns3:cad>
          </ns3:TrackPointExtension>
        </extensions>
      </trkpt>
      <trkpt lat="23.516986034810543060302734375" lon="113.2283707894384860992431640625">
        <ele>140.1999969482421875</ele>
        <time>2025-02-16T06:06:08.000Z</time>
        <extensions>
          <ns3:TrackPointExtension>
            <ns3:hr>136</ns3:hr>
            <ns3:cad>61</ns3:cad>
          </ns3:TrackPointExtension>
        </extensions>
      </trkpt>
      <trkpt lat="23.51694722659885883331298828125" lon="113.22833365760743618011474609375">
        <ele>140.1999969482421875</ele>
        <time>2025-02-16T06:06:16.000Z</time>
        <extensions>
          <ns3:TrackPointExtension>
            <ns3:hr>136</ns3:hr>
            <ns3:cad>61</ns3:cad>
          </ns3:TrackPointExtension>
        </extensions>
      </trkpt>
      <trkpt lat="23.51693146862089633941650390625" lon="113.22832477279007434844970703125">
        <ele>140.1999969482421875</ele>
        <time>2025-02-16T06:06:18.000Z</time>
        <extensions>
          <ns3:TrackPointExtension>
            <ns3:hr>136</ns3:hr>
            <ns3:cad>61</ns3:cad>
          </ns3:TrackPointExtension>
        </extensions>
      </trkpt>
      <trkpt lat="23.51692040450870990753173828125" lon="113.2283101044595241546630859375">
        <ele>140.600006103515625</ele>
        <time>2025-02-16T06:06:20.000Z</time>
        <extensions>
          <ns3:TrackPointExtension>
            <ns3:hr>136</ns3:hr>
            <ns3:cad>61</ns3:cad>
          </ns3:TrackPointExtension>
        </extensions>
      </trkpt>
      <trkpt lat="23.516904227435588836669921875" lon="113.22830096818506717681884765625">
        <ele>140.600006103515625</ele>
        <time>2025-02-16T06:06:22.000Z</time>
        <extensions>
          <ns3:TrackPointExtension>
            <ns3:hr>136</ns3:hr>
            <ns3:cad>61</ns3:cad>
          </ns3:TrackPointExtension>
        </extensions>
      </trkpt>
      <trkpt lat="23.516778163611888885498046875" lon="113.2281505130231380462646484375">
        <ele>140.600006103515625</ele>
        <time>2025-02-16T06:06:39.000Z</time>
        <extensions>
          <ns3:TrackPointExtension>
            <ns3:hr>134</ns3:hr>
            <ns3:cad>59</ns3:cad>
          </ns3:TrackPointExtension>
        </extensions>
      </trkpt>
      <trkpt lat="23.5166271217167377471923828125" lon="113.228104747831821441650390625">
        <ele>139</ele>
        <time>2025-02-16T06:06:53.000Z</time>
        <extensions>
          <ns3:TrackPointExtension>
            <ns3:hr>140</ns3:hr>
            <ns3:cad>61</ns3:cad>
          </ns3:TrackPointExtension>
        </extensions>
      </trkpt>
      <trkpt lat="23.51661228574812412261962890625" lon="113.2281042449176311492919921875">
        <ele>138.8000030517578125</ele>
        <time>2025-02-16T06:06:54.000Z</time>
        <extensions>
          <ns3:TrackPointExtension>
            <ns3:hr>143</ns3:hr>
            <ns3:cad>62</ns3:cad>
          </ns3:TrackPointExtension>
        </extensions>
      </trkpt>
      <trkpt lat="23.51658060215413570404052734375" lon="113.2281099446117877960205078125">
        <ele>138.8000030517578125</ele>
        <time>2025-02-16T06:06:57.000Z</time>
        <extensions>
          <ns3:TrackPointExtension>
            <ns3:hr>150</ns3:hr>
            <ns3:cad>64</ns3:cad>
          </ns3:TrackPointExtension>
        </extensions>
      </trkpt>
      <trkpt lat="23.5165691189467906951904296875" lon="113.22811522521078586578369140625">
        <ele>138.600006103515625</ele>
        <time>2025-02-16T06:06:58.000Z</time>
        <extensions>
          <ns3:TrackPointExtension>
            <ns3:hr>153</ns3:hr>
            <ns3:cad>64</ns3:cad>
          </ns3:TrackPointExtension>
        </extensions>
      </trkpt>
      <trkpt lat="23.5165580548346042633056640625" lon="113.22811824269592761993408203125">
        <ele>138.600006103515625</ele>
        <time>2025-02-16T06:06:59.000Z</time>
        <extensions>
          <ns3:TrackPointExtension>
            <ns3:hr>153</ns3:hr>
            <ns3:cad>64</ns3:cad>
          </ns3:TrackPointExtension>
        </extensions>
      </trkpt>
      <trkpt lat="23.51649359799921512603759765625" lon="113.22814623825252056121826171875">
        <ele>137.1999969482421875</ele>
        <time>2025-02-16T06:07:07.000Z</time>
        <extensions>
          <ns3:TrackPointExtension>
            <ns3:hr>151</ns3:hr>
            <ns3:cad>62</ns3:cad>
          </ns3:TrackPointExtension>
        </extensions>
      </trkpt>
      <trkpt lat="23.51647431962192058563232421875" lon="113.22815126739442348480224609375">
        <ele>136.8000030517578125</ele>
        <time>2025-02-16T06:07:09.000Z</time>
        <extensions>
          <ns3:TrackPointExtension>
            <ns3:hr>150</ns3:hr>
            <ns3:cad>62</ns3:cad>
          </ns3:TrackPointExtension>
        </extensions>
      </trkpt>
      <trkpt lat="23.51645906455814838409423828125" lon="113.22814791463315486907958984375">
        <ele>136.600006103515625</ele>
        <time>2025-02-16T06:07:12.000Z</time>
        <extensions>
          <ns3:TrackPointExtension>
            <ns3:hr>147</ns3:hr>
            <ns3:cad>62</ns3:cad>
          </ns3:TrackPointExtension>
        </extensions>
      </trkpt>
      <trkpt lat="23.51644263602793216705322265625" lon="113.2281169854104518890380859375">
        <ele>137</ele>
        <time>2025-02-16T06:07:23.000Z</time>
        <extensions>
          <ns3:TrackPointExtension>
            <ns3:hr>144</ns3:hr>
            <ns3:cad>0</ns3:cad>
          </ns3:TrackPointExtension>
        </extensions>
      </trkpt>
      <trkpt lat="23.516468703746795654296875" lon="113.2281226851046085357666015625">
        <ele>137.1999969482421875</ele>
        <time>2025-02-16T06:07:30.000Z</time>
        <extensions>
          <ns3:TrackPointExtension>
            <ns3:hr>134</ns3:hr>
            <ns3:cad>0</ns3:cad>
          </ns3:TrackPointExtension>
        </extensions>
      </trkpt>
      <trkpt lat="23.51647264324128627777099609375" lon="113.22812343947589397430419921875">
        <ele>137.399993896484375</ele>
        <time>2025-02-16T06:07:31.000Z</time>
        <extensions>
          <ns3:TrackPointExtension>
            <ns3:hr>135</ns3:hr>
            <ns3:cad>0</ns3:cad>
          </ns3:TrackPointExtension>
        </extensions>
      </trkpt>
      <trkpt lat="23.5164739005267620086669921875" lon="113.22812662459909915924072265625">
        <ele>137.1999969482421875</ele>
        <time>2025-02-16T06:07:42.000Z</time>
        <extensions>
          <ns3:TrackPointExtension>
            <ns3:hr>132</ns3:hr>
            <ns3:cad>61</ns3:cad>
          </ns3:TrackPointExtension>
        </extensions>
      </trkpt>
      <trkpt lat="23.516488485038280487060546875" lon="113.2281344197690486907958984375">
        <ele>137.399993896484375</ele>
        <time>2025-02-16T06:07:51.000Z</time>
        <extensions>
          <ns3:TrackPointExtension>
            <ns3:hr>129</ns3:hr>
            <ns3:cad>0</ns3:cad>
          </ns3:TrackPointExtension>
        </extensions>
      </trkpt>
      <trkpt lat="23.51649443618953227996826171875" lon="113.22815327905118465423583984375">
        <ele>137</ele>
        <time>2025-02-16T06:08:01.000Z</time>
        <extensions>
          <ns3:TrackPointExtension>
            <ns3:hr>126</ns3:hr>
            <ns3:cad>0</ns3:cad>
          </ns3:TrackPointExtension>
        </extensions>
      </trkpt>
      <trkpt lat="23.51650969125330448150634765625" lon="113.22816920466721057891845703125">
        <ele>137</ele>
        <time>2025-02-16T06:08:10.000Z</time>
        <extensions>
          <ns3:TrackPointExtension>
            <ns3:hr>123</ns3:hr>
            <ns3:cad>0</ns3:cad>
          </ns3:TrackPointExtension>
        </extensions>
      </trkpt>
      <trkpt lat="23.51653240621089935302734375" lon="113.22818077169358730316162109375">
        <ele>137.1999969482421875</ele>
        <time>2025-02-16T06:08:15.000Z</time>
        <extensions>
          <ns3:TrackPointExtension>
            <ns3:hr>120</ns3:hr>
            <ns3:cad>0</ns3:cad>
          </ns3:TrackPointExtension>
        </extensions>
      </trkpt>
      <trkpt lat="23.516536764800548553466796875" lon="113.22817691601812839508056640625">
        <ele>137.399993896484375</ele>
        <time>2025-02-16T06:08:28.000Z</time>
        <extensions>
          <ns3:TrackPointExtension>
            <ns3:hr>117</ns3:hr>
            <ns3:cad>0</ns3:cad>
          </ns3:TrackPointExtension>
        </extensions>
      </trkpt>
      <trkpt lat="23.51650097407400608062744140625" lon="113.22815277613699436187744140625">
        <ele>137.1999969482421875</ele>
        <time>2025-02-16T06:09:04.000Z</time>
        <extensions>
          <ns3:TrackPointExtension>
            <ns3:hr>120</ns3:hr>
            <ns3:cad>0</ns3:cad>
          </ns3:TrackPointExtension>
        </extensions>
      </trkpt>
      <trkpt lat="23.5164968669414520263671875" lon="113.2281525246798992156982421875">
        <ele>137.1999969482421875</ele>
        <time>2025-02-16T06:09:05.000Z</time>
        <extensions>
          <ns3:TrackPointExtension>
            <ns3:hr>124</ns3:hr>
            <ns3:cad>61</ns3:cad>
          </ns3:TrackPointExtension>
        </extensions>
      </trkpt>
      <trkpt lat="23.51647834293544292449951171875" lon="113.228164426982402801513671875">
        <ele>136.600006103515625</ele>
        <time>2025-02-16T06:09:07.000Z</time>
        <extensions>
          <ns3:TrackPointExtension>
            <ns3:hr>128</ns3:hr>
            <ns3:cad>0</ns3:cad>
          </ns3:TrackPointExtension>
        </extensions>
      </trkpt>
      <trkpt lat="23.51647281087934970855712890625" lon="113.228182531893253326416015625">
        <ele>136</ele>
        <time>2025-02-16T06:09:11.000Z</time>
        <extensions>
          <ns3:TrackPointExtension>
            <ns3:hr>131</ns3:hr>
            <ns3:cad>0</ns3:cad>
          </ns3:TrackPointExtension>
        </extensions>
      </trkpt>
      <trkpt lat="23.516479767858982086181640625" lon="113.22817322798073291778564453125">
        <ele>136.399993896484375</ele>
        <time>2025-02-16T06:09:18.000Z</time>
        <extensions>
          <ns3:TrackPointExtension>
            <ns3:hr>128</ns3:hr>
            <ns3:cad>61</ns3:cad>
          </ns3:TrackPointExtension>
        </extensions>
      </trkpt>
      <trkpt lat="23.51643224246799945831298828125" lon="113.22819225490093231201171875">
        <ele>135.1999969482421875</ele>
        <time>2025-02-16T06:09:23.000Z</time>
        <extensions>
          <ns3:TrackPointExtension>
            <ns3:hr>125</ns3:hr>
            <ns3:cad>44</ns3:cad>
          </ns3:TrackPointExtension>
        </extensions>
      </trkpt>
      <trkpt lat="23.5164158977568149566650390625" lon="113.2282048277556896209716796875">
        <ele>134.600006103515625</ele>
        <time>2025-02-16T06:09:26.000Z</time>
        <extensions>
          <ns3:TrackPointExtension>
            <ns3:hr>122</ns3:hr>
            <ns3:cad>61</ns3:cad>
          </ns3:TrackPointExtension>
        </extensions>
      </trkpt>
      <trkpt lat="23.5163461603224277496337890625" lon="113.22823651134967803955078125">
        <ele>132.600006103515625</ele>
        <time>2025-02-16T06:09:31.000Z</time>
        <extensions>
          <ns3:TrackPointExtension>
            <ns3:hr>126</ns3:hr>
            <ns3:cad>58</ns3:cad>
          </ns3:TrackPointExtension>
        </extensions>
      </trkpt>
      <trkpt lat="23.51629561744630336761474609375" lon="113.22822511196136474609375">
        <ele>131.8000030517578125</ele>
        <time>2025-02-16T06:09:34.000Z</time>
        <extensions>
          <ns3:TrackPointExtension>
            <ns3:hr>129</ns3:hr>
            <ns3:cad>63</ns3:cad>
          </ns3:TrackPointExtension>
        </extensions>
      </trkpt>
      <trkpt lat="23.51620039902627468109130859375" lon="113.2281984575092792510986328125">
        <ele>130.399993896484375</ele>
        <time>2025-02-16T06:09:38.000Z</time>
        <extensions>
          <ns3:TrackPointExtension>
            <ns3:hr>133</ns3:hr>
            <ns3:cad>66</ns3:cad>
          </ns3:TrackPointExtension>
        </extensions>
      </trkpt>
      <trkpt lat="23.51618095301091670989990234375" lon="113.22819401510059833526611328125">
        <ele>130.1999969482421875</ele>
        <time>2025-02-16T06:09:39.000Z</time>
        <extensions>
          <ns3:TrackPointExtension>
            <ns3:hr>136</ns3:hr>
            <ns3:cad>67</ns3:cad>
          </ns3:TrackPointExtension>
        </extensions>
      </trkpt>
      <trkpt lat="23.51616351865231990814208984375" lon="113.2281954400241374969482421875">
        <ele>129.600006103515625</ele>
        <time>2025-02-16T06:09:40.000Z</time>
        <extensions>
          <ns3:TrackPointExtension>
            <ns3:hr>136</ns3:hr>
            <ns3:cad>67</ns3:cad>
          </ns3:TrackPointExtension>
        </extensions>
      </trkpt>
      <trkpt lat="23.5160715691745281219482421875" lon="113.228158056735992431640625">
        <ele>128.8000030517578125</ele>
        <time>2025-02-16T06:09:49.000Z</time>
        <extensions>
          <ns3:TrackPointExtension>
            <ns3:hr>145</ns3:hr>
            <ns3:cad>64</ns3:cad>
          </ns3:TrackPointExtension>
        </extensions>
      </trkpt>
      <trkpt lat="23.5160615108907222747802734375" lon="113.2281513512134552001953125">
        <ele>128.8000030517578125</ele>
        <time>2025-02-16T06:09:50.000Z</time>
        <extensions>
          <ns3:TrackPointExtension>
            <ns3:hr>144</ns3:hr>
            <ns3:cad>64</ns3:cad>
          </ns3:TrackPointExtension>
        </extensions>
      </trkpt>
      <trkpt lat="23.51604952476918697357177734375" lon="113.22814439423382282257080078125">
        <ele>128.8000030517578125</ele>
        <time>2025-02-16T06:09:51.000Z</time>
        <extensions>
          <ns3:TrackPointExtension>
            <ns3:hr>149</ns3:hr>
            <ns3:cad>61</ns3:cad>
          </ns3:TrackPointExtension>
        </extensions>
      </trkpt>
      <trkpt lat="23.516040556132793426513671875" lon="113.22813651524484157562255859375">
        <ele>129</ele>
        <time>2025-02-16T06:09:52.000Z</time>
        <extensions>
          <ns3:TrackPointExtension>
            <ns3:hr>152</ns3:hr>
            <ns3:cad>61</ns3:cad>
          </ns3:TrackPointExtension>
        </extensions>
      </trkpt>
      <trkpt lat="23.516031838953495025634765625" lon="113.22812679223716259002685546875">
        <ele>129</ele>
        <time>2025-02-16T06:09:53.000Z</time>
        <extensions>
          <ns3:TrackPointExtension>
            <ns3:hr>157</ns3:hr>
            <ns3:cad>60</ns3:cad>
          </ns3:TrackPointExtension>
        </extensions>
      </trkpt>
      <trkpt lat="23.5160199366509914398193359375" lon="113.22811849415302276611328125">
        <ele>129.1999969482421875</ele>
        <time>2025-02-16T06:09:54.000Z</time>
        <extensions>
          <ns3:TrackPointExtension>
            <ns3:hr>157</ns3:hr>
            <ns3:cad>61</ns3:cad>
          </ns3:TrackPointExtension>
        </extensions>
      </trkpt>
      <trkpt lat="23.51599537767469882965087890625" lon="113.22808722965419292449951171875">
        <ele>129.8000030517578125</ele>
        <time>2025-02-16T06:09:57.000Z</time>
        <extensions>
          <ns3:TrackPointExtension>
            <ns3:hr>154</ns3:hr>
            <ns3:cad>61</ns3:cad>
          </ns3:TrackPointExtension>
        </extensions>
      </trkpt>
      <trkpt lat="23.51596377789974212646484375" lon="113.22806208394467830657958984375">
        <ele>130</ele>
        <time>2025-02-16T06:10:00.000Z</time>
        <extensions>
          <ns3:TrackPointExtension>
            <ns3:hr>151</ns3:hr>
            <ns3:cad>61</ns3:cad>
          </ns3:TrackPointExtension>
        </extensions>
      </trkpt>
      <trkpt lat="23.51592983119189739227294921875" lon="113.2280428893864154815673828125">
        <ele>129.8000030517578125</ele>
        <time>2025-02-16T06:10:03.000Z</time>
        <extensions>
          <ns3:TrackPointExtension>
            <ns3:hr>154</ns3:hr>
            <ns3:cad>60</ns3:cad>
          </ns3:TrackPointExtension>
        </extensions>
      </trkpt>
      <trkpt lat="23.51590820588171482086181640625" lon="113.22803274728357791900634765625">
        <ele>129.600006103515625</ele>
        <time>2025-02-16T06:10:05.000Z</time>
        <extensions>
          <ns3:TrackPointExtension>
            <ns3:hr>157</ns3:hr>
            <ns3:cad>60</ns3:cad>
          </ns3:TrackPointExtension>
        </extensions>
      </trkpt>
      <trkpt lat="23.51586520671844482421875" lon="113.2279781810939311981201171875">
        <ele>130.8000030517578125</ele>
        <time>2025-02-16T06:10:10.000Z</time>
        <extensions>
          <ns3:TrackPointExtension>
            <ns3:hr>153</ns3:hr>
            <ns3:cad>60</ns3:cad>
          </ns3:TrackPointExtension>
        </extensions>
      </trkpt>
      <trkpt lat="23.51579421199858188629150390625" lon="113.22793367318809032440185546875">
        <ele>131.600006103515625</ele>
        <time>2025-02-16T06:10:16.000Z</time>
        <extensions>
          <ns3:TrackPointExtension>
            <ns3:hr>149</ns3:hr>
            <ns3:cad>62</ns3:cad>
          </ns3:TrackPointExtension>
        </extensions>
      </trkpt>
      <trkpt lat="23.51577778346836566925048828125" lon="113.2279117964208126068115234375">
        <ele>132.399993896484375</ele>
        <time>2025-02-16T06:10:18.000Z</time>
        <extensions>
          <ns3:TrackPointExtension>
            <ns3:hr>154</ns3:hr>
            <ns3:cad>62</ns3:cad>
          </ns3:TrackPointExtension>
        </extensions>
      </trkpt>
      <trkpt lat="23.5156417451798915863037109375" lon="113.227786906063556671142578125">
        <ele>136.1999969482421875</ele>
        <time>2025-02-16T06:10:33.000Z</time>
        <extensions>
          <ns3:TrackPointExtension>
            <ns3:hr>153</ns3:hr>
            <ns3:cad>61</ns3:cad>
          </ns3:TrackPointExtension>
        </extensions>
      </trkpt>
      <trkpt lat="23.515557087957859039306640625" lon="113.22774725966155529022216796875">
        <ele>136</ele>
        <time>2025-02-16T06:10:40.000Z</time>
        <extensions>
          <ns3:TrackPointExtension>
            <ns3:hr>150</ns3:hr>
            <ns3:cad>60</ns3:cad>
          </ns3:TrackPointExtension>
        </extensions>
      </trkpt>
      <trkpt lat="23.51546430028975009918212890625" lon="113.2276851497590541839599609375">
        <ele>137.600006103515625</ele>
        <time>2025-02-16T06:10:50.000Z</time>
        <extensions>
          <ns3:TrackPointExtension>
            <ns3:hr>147</ns3:hr>
            <ns3:cad>65</ns3:cad>
          </ns3:TrackPointExtension>
        </extensions>
      </trkpt>
      <trkpt lat="23.51545306853950023651123046875" lon="113.22767986916005611419677734375">
        <ele>137.600006103515625</ele>
        <time>2025-02-16T06:10:51.000Z</time>
        <extensions>
          <ns3:TrackPointExtension>
            <ns3:hr>147</ns3:hr>
            <ns3:cad>65</ns3:cad>
          </ns3:TrackPointExtension>
        </extensions>
      </trkpt>
      <trkpt lat="23.515361286699771881103515625" lon="113.227655477821826934814453125">
        <ele>136.8000030517578125</ele>
        <time>2025-02-16T06:10:58.000Z</time>
        <extensions>
          <ns3:TrackPointExtension>
            <ns3:hr>144</ns3:hr>
            <ns3:cad>61</ns3:cad>
          </ns3:TrackPointExtension>
        </extensions>
      </trkpt>
      <trkpt lat="23.515284173190593719482421875" lon="113.22762873955070972442626953125">
        <ele>136.1999969482421875</ele>
        <time>2025-02-16T06:11:05.000Z</time>
        <extensions>
          <ns3:TrackPointExtension>
            <ns3:hr>141</ns3:hr>
            <ns3:cad>62</ns3:cad>
          </ns3:TrackPointExtension>
        </extensions>
      </trkpt>
      <trkpt lat="23.5152431018650531768798828125" lon="113.2276117242872714996337890625">
        <ele>136.1999969482421875</ele>
        <time>2025-02-16T06:11:10.000Z</time>
        <extensions>
          <ns3:TrackPointExtension>
            <ns3:hr>140</ns3:hr>
            <ns3:cad>0</ns3:cad>
          </ns3:TrackPointExtension>
        </extensions>
      </trkpt>
      <trkpt lat="23.51525299251079559326171875" lon="113.227597139775753021240234375">
        <ele>137</ele>
        <time>2025-02-16T06:11:18.000Z</time>
        <extensions>
          <ns3:TrackPointExtension>
            <ns3:hr>137</ns3:hr>
            <ns3:cad>0</ns3:cad>
          </ns3:TrackPointExtension>
        </extensions>
      </trkpt>
      <trkpt lat="23.51524871774017810821533203125" lon="113.22759739123284816741943359375">
        <ele>137</ele>
        <time>2025-02-16T06:11:25.000Z</time>
        <extensions>
          <ns3:TrackPointExtension>
            <ns3:hr>134</ns3:hr>
            <ns3:cad>61</ns3:cad>
          </ns3:TrackPointExtension>
        </extensions>
      </trkpt>
      <trkpt lat="23.51509516127407550811767578125" lon="113.22770903818309307098388671875">
        <ele>133.1999969482421875</ele>
        <time>2025-02-16T06:11:41.000Z</time>
        <extensions>
          <ns3:TrackPointExtension>
            <ns3:hr>132</ns3:hr>
            <ns3:cad>60</ns3:cad>
          </ns3:TrackPointExtension>
        </extensions>
      </trkpt>
      <trkpt lat="23.51500681601464748382568359375" lon="113.22789260186254978179931640625">
        <ele>123.59999847412109375</ele>
        <time>2025-02-16T06:11:55.000Z</time>
        <extensions>
          <ns3:TrackPointExtension>
            <ns3:hr>133</ns3:hr>
            <ns3:cad>61</ns3:cad>
          </ns3:TrackPointExtension>
        </extensions>
      </trkpt>
      <trkpt lat="23.514977730810642242431640625" lon="113.22794012725353240966796875">
        <ele>121.59999847412109375</ele>
        <time>2025-02-16T06:12:00.000Z</time>
        <extensions>
          <ns3:TrackPointExtension>
            <ns3:hr>132</ns3:hr>
            <ns3:cad>61</ns3:cad>
          </ns3:TrackPointExtension>
        </extensions>
      </trkpt>
      <trkpt lat="23.51491763256490230560302734375" lon="113.22809259407222270965576171875">
        <ele>118.40000152587890625</ele>
        <time>2025-02-16T06:12:13.000Z</time>
        <extensions>
          <ns3:TrackPointExtension>
            <ns3:hr>132</ns3:hr>
            <ns3:cad>60</ns3:cad>
          </ns3:TrackPointExtension>
        </extensions>
      </trkpt>
      <trkpt lat="23.51482383906841278076171875" lon="113.2282655127346515655517578125">
        <ele>115.40000152587890625</ele>
        <time>2025-02-16T06:12:29.000Z</time>
        <extensions>
          <ns3:TrackPointExtension>
            <ns3:hr>132</ns3:hr>
            <ns3:cad>62</ns3:cad>
          </ns3:TrackPointExtension>
        </extensions>
      </trkpt>
      <trkpt lat="23.51477346383035182952880859375" lon="113.22830901481211185455322265625">
        <ele>117.1999969482421875</ele>
        <time>2025-02-16T06:12:33.000Z</time>
        <extensions>
          <ns3:TrackPointExtension>
            <ns3:hr>119</ns3:hr>
            <ns3:cad>61</ns3:cad>
          </ns3:TrackPointExtension>
        </extensions>
      </trkpt>
      <trkpt lat="23.5147587954998016357421875" lon="113.22832862846553325653076171875">
        <ele>117.59999847412109375</ele>
        <time>2025-02-16T06:12:35.000Z</time>
        <extensions>
          <ns3:TrackPointExtension>
            <ns3:hr>116</ns3:hr>
            <ns3:cad>60</ns3:cad>
          </ns3:TrackPointExtension>
        </extensions>
      </trkpt>
      <trkpt lat="23.514739684760570526123046875" lon="113.22833751328289508819580078125">
        <ele>118.1999969482421875</ele>
        <time>2025-02-16T06:12:37.000Z</time>
        <extensions>
          <ns3:TrackPointExtension>
            <ns3:hr>116</ns3:hr>
            <ns3:cad>60</ns3:cad>
          </ns3:TrackPointExtension>
        </extensions>
      </trkpt>
      <trkpt lat="23.5146345756947994232177734375" lon="113.22839098982512950897216796875">
        <ele>119.1999969482421875</ele>
        <time>2025-02-16T06:12:48.000Z</time>
        <extensions>
          <ns3:TrackPointExtension>
            <ns3:hr>118</ns3:hr>
            <ns3:cad>0</ns3:cad>
          </ns3:TrackPointExtension>
        </extensions>
      </trkpt>
      <trkpt lat="23.51462258957326412200927734375" lon="113.22840155102312564849853515625">
        <ele>119.1999969482421875</ele>
        <time>2025-02-16T06:12:51.000Z</time>
        <extensions>
          <ns3:TrackPointExtension>
            <ns3:hr>121</ns3:hr>
            <ns3:cad>0</ns3:cad>
          </ns3:TrackPointExtension>
        </extensions>
      </trkpt>
      <trkpt lat="23.5145702026784420013427734375" lon="113.22849526070058345794677734375">
        <ele>120.59999847412109375</ele>
        <time>2025-02-16T06:13:02.000Z</time>
        <extensions>
          <ns3:TrackPointExtension>
            <ns3:hr>123</ns3:hr>
            <ns3:cad>58</ns3:cad>
          </ns3:TrackPointExtension>
        </extensions>
      </trkpt>
      <trkpt lat="23.5145765729248523712158203125" lon="113.22855376638472080230712890625">
        <ele>120.40000152587890625</ele>
        <time>2025-02-16T06:13:08.000Z</time>
        <extensions>
          <ns3:TrackPointExtension>
            <ns3:hr>125</ns3:hr>
            <ns3:cad>0</ns3:cad>
          </ns3:TrackPointExtension>
        </extensions>
      </trkpt>
      <trkpt lat="23.5145745612680912017822265625" lon="113.228578157722949981689453125">
        <ele>120.1999969482421875</ele>
        <time>2025-02-16T06:13:11.000Z</time>
        <extensions>
          <ns3:TrackPointExtension>
            <ns3:hr>126</ns3:hr>
            <ns3:cad>0</ns3:cad>
          </ns3:TrackPointExtension>
        </extensions>
      </trkpt>
      <trkpt lat="23.51459308527410030364990234375" lon="113.22860053740441799163818359375">
        <ele>119.59999847412109375</ele>
        <time>2025-02-16T06:13:14.000Z</time>
        <extensions>
          <ns3:TrackPointExtension>
            <ns3:hr>127</ns3:hr>
            <ns3:cad>0</ns3:cad>
          </ns3:TrackPointExtension>
        </extensions>
      </trkpt>
      <trkpt lat="23.5146084241569042205810546875" lon="113.22862207889556884765625">
        <ele>119.1999969482421875</ele>
        <time>2025-02-16T06:13:17.000Z</time>
        <extensions>
          <ns3:TrackPointExtension>
            <ns3:hr>127</ns3:hr>
            <ns3:cad>0</ns3:cad>
          </ns3:TrackPointExtension>
        </extensions>
      </trkpt>
      <trkpt lat="23.5146570391952991485595703125" lon="113.22863892652094364166259765625">
        <ele>118.1999969482421875</ele>
        <time>2025-02-16T06:13:24.000Z</time>
        <extensions>
          <ns3:TrackPointExtension>
            <ns3:hr>128</ns3:hr>
            <ns3:cad>61</ns3:cad>
          </ns3:TrackPointExtension>
        </extensions>
      </trkpt>
      <trkpt lat="23.5146855376660823822021484375" lon="113.22863884270191192626953125">
        <ele>117.59999847412109375</ele>
        <time>2025-02-16T06:13:28.000Z</time>
        <extensions>
          <ns3:TrackPointExtension>
            <ns3:hr>128</ns3:hr>
            <ns3:cad>0</ns3:cad>
          </ns3:TrackPointExtension>
        </extensions>
      </trkpt>
      <trkpt lat="23.51470037363469600677490234375" lon="113.2286336459219455718994140625">
        <ele>117.40000152587890625</ele>
        <time>2025-02-16T06:13:31.000Z</time>
        <extensions>
          <ns3:TrackPointExtension>
            <ns3:hr>129</ns3:hr>
            <ns3:cad>0</ns3:cad>
          </ns3:TrackPointExtension>
        </extensions>
      </trkpt>
      <trkpt lat="23.514725603163242340087890625" lon="113.22863255627453327178955078125">
        <ele>117</ele>
        <time>2025-02-16T06:13:35.000Z</time>
        <extensions>
          <ns3:TrackPointExtension>
            <ns3:hr>130</ns3:hr>
            <ns3:cad>0</ns3:cad>
          </ns3:TrackPointExtension>
        </extensions>
      </trkpt>
      <trkpt lat="23.51476592011749744415283203125" lon="113.22863859124481678009033203125">
        <ele>115.1999969482421875</ele>
        <time>2025-02-16T06:13:39.000Z</time>
        <extensions>
          <ns3:TrackPointExtension>
            <ns3:hr>128</ns3:hr>
            <ns3:cad>0</ns3:cad>
          </ns3:TrackPointExtension>
        </extensions>
      </trkpt>
      <trkpt lat="23.514794670045375823974609375" lon="113.22866206057369709014892578125">
        <ele>113.59999847412109375</ele>
        <time>2025-02-16T06:13:43.000Z</time>
        <extensions>
          <ns3:TrackPointExtension>
            <ns3:hr>126</ns3:hr>
            <ns3:cad>54</ns3:cad>
          </ns3:TrackPointExtension>
        </extensions>
      </trkpt>
      <trkpt lat="23.5148018784821033477783203125" lon="113.22866566479206085205078125">
        <ele>113.40000152587890625</ele>
        <time>2025-02-16T06:13:44.000Z</time>
        <extensions>
          <ns3:TrackPointExtension>
            <ns3:hr>127</ns3:hr>
            <ns3:cad>54</ns3:cad>
          </ns3:TrackPointExtension>
        </extensions>
      </trkpt>
      <trkpt lat="23.51484068669378757476806640625" lon="113.22867647744715213775634765625">
        <ele>111.59999847412109375</ele>
        <time>2025-02-16T06:13:48.000Z</time>
        <extensions>
          <ns3:TrackPointExtension>
            <ns3:hr>129</ns3:hr>
            <ns3:cad>54</ns3:cad>
          </ns3:TrackPointExtension>
        </extensions>
      </trkpt>
      <trkpt lat="23.51484890095889568328857421875" lon="113.22868871502578258514404296875">
        <ele>111</ele>
        <time>2025-02-16T06:13:50.000Z</time>
        <extensions>
          <ns3:TrackPointExtension>
            <ns3:hr>129</ns3:hr>
            <ns3:cad>54</ns3:cad>
          </ns3:TrackPointExtension>
        </extensions>
      </trkpt>
      <trkpt lat="23.51486046798527240753173828125" lon="113.22873330675065517425537109375">
        <ele>110</ele>
        <time>2025-02-16T06:13:54.000Z</time>
        <extensions>
          <ns3:TrackPointExtension>
            <ns3:hr>128</ns3:hr>
            <ns3:cad>54</ns3:cad>
          </ns3:TrackPointExtension>
        </extensions>
      </trkpt>
      <trkpt lat="23.514990471303462982177734375" lon="113.22887931950390338897705078125">
        <ele>102.1999969482421875</ele>
        <time>2025-02-16T06:14:10.000Z</time>
        <extensions>
          <ns3:TrackPointExtension>
            <ns3:hr>129</ns3:hr>
            <ns3:cad>57</ns3:cad>
          </ns3:TrackPointExtension>
        </extensions>
      </trkpt>
      <trkpt lat="23.5151281021535396575927734375" lon="113.2289280183613300323486328125">
        <ele>98.1999969482421875</ele>
        <time>2025-02-16T06:14:29.000Z</time>
        <extensions>
          <ns3:TrackPointExtension>
            <ns3:hr>129</ns3:hr>
            <ns3:cad>57</ns3:cad>
          </ns3:TrackPointExtension>
        </extensions>
      </trkpt>
      <trkpt lat="23.51511712186038494110107421875" lon="113.22895123623311519622802734375">
        <ele>98</ele>
        <time>2025-02-16T06:14:31.000Z</time>
        <extensions>
          <ns3:TrackPointExtension>
            <ns3:hr>129</ns3:hr>
            <ns3:cad>57</ns3:cad>
          </ns3:TrackPointExtension>
        </extensions>
      </trkpt>
      <trkpt lat="23.51516037248075008392333984375" lon="113.2289803214371204376220703125">
        <ele>96.59999847412109375</ele>
        <time>2025-02-16T06:14:38.000Z</time>
        <extensions>
          <ns3:TrackPointExtension>
            <ns3:hr>130</ns3:hr>
            <ns3:cad>59</ns3:cad>
          </ns3:TrackPointExtension>
        </extensions>
      </trkpt>
      <trkpt lat="23.51521988399326801300048828125" lon="113.22900286875665187835693359375">
        <ele>94.59999847412109375</ele>
        <time>2025-02-16T06:14:48.000Z</time>
        <extensions>
          <ns3:TrackPointExtension>
            <ns3:hr>134</ns3:hr>
            <ns3:cad>54</ns3:cad>
          </ns3:TrackPointExtension>
        </extensions>
      </trkpt>
      <trkpt lat="23.515233881771564483642578125" lon="113.2290131784975528717041015625">
        <ele>94</ele>
        <time>2025-02-16T06:14:50.000Z</time>
        <extensions>
          <ns3:TrackPointExtension>
            <ns3:hr>137</ns3:hr>
            <ns3:cad>54</ns3:cad>
          </ns3:TrackPointExtension>
        </extensions>
      </trkpt>
      <trkpt lat="23.51524855010211467742919921875" lon="113.22903103195130825042724609375">
        <ele>93.40000152587890625</ele>
        <time>2025-02-16T06:14:52.000Z</time>
        <extensions>
          <ns3:TrackPointExtension>
            <ns3:hr>139</ns3:hr>
            <ns3:cad>59</ns3:cad>
          </ns3:TrackPointExtension>
        </extensions>
      </trkpt>
      <trkpt lat="23.515255339443683624267578125" lon="113.229044862091541290283203125">
        <ele>93.1999969482421875</ele>
        <time>2025-02-16T06:14:54.000Z</time>
        <extensions>
          <ns3:TrackPointExtension>
            <ns3:hr>138</ns3:hr>
            <ns3:cad>59</ns3:cad>
          </ns3:TrackPointExtension>
        </extensions>
      </trkpt>
      <trkpt lat="23.515269421041011810302734375" lon="113.229080401360988616943359375">
        <ele>92.40000152587890625</ele>
        <time>2025-02-16T06:14:58.000Z</time>
        <extensions>
          <ns3:TrackPointExtension>
            <ns3:hr>135</ns3:hr>
            <ns3:cad>59</ns3:cad>
          </ns3:TrackPointExtension>
        </extensions>
      </trkpt>
      <trkpt lat="23.5153663158416748046875" lon="113.22923965752124786376953125">
        <ele>87</ele>
        <time>2025-02-16T06:15:20.000Z</time>
        <extensions>
          <ns3:TrackPointExtension>
            <ns3:hr>133</ns3:hr>
            <ns3:cad>108</ns3:cad>
          </ns3:TrackPointExtension>
        </extensions>
      </trkpt>
      <trkpt lat="23.5153765417635440826416015625" lon="113.2292376458644866943359375">
        <ele>86.59999847412109375</ele>
        <time>2025-02-16T06:15:21.000Z</time>
        <extensions>
          <ns3:TrackPointExtension>
            <ns3:hr>133</ns3:hr>
            <ns3:cad>108</ns3:cad>
          </ns3:TrackPointExtension>
        </extensions>
      </trkpt>
      <trkpt lat="23.51539087481796741485595703125" lon="113.2292430102825164794921875">
        <ele>86.1999969482421875</ele>
        <time>2025-02-16T06:15:24.000Z</time>
        <extensions>
          <ns3:TrackPointExtension>
            <ns3:hr>133</ns3:hr>
            <ns3:cad>108</ns3:cad>
          </ns3:TrackPointExtension>
        </extensions>
      </trkpt>
      <trkpt lat="23.515422977507114410400390625" lon="113.22937150485813617706298828125">
        <ele>82.8000030517578125</ele>
        <time>2025-02-16T06:16:00.000Z</time>
        <extensions>
          <ns3:TrackPointExtension>
            <ns3:hr>130</ns3:hr>
            <ns3:cad>55</ns3:cad>
          </ns3:TrackPointExtension>
        </extensions>
      </trkpt>
      <trkpt lat="23.51538014598190784454345703125" lon="113.22957434691488742828369140625">
        <ele>77.59999847412109375</ele>
        <time>2025-02-16T06:16:29.000Z</time>
        <extensions>
          <ns3:TrackPointExtension>
            <ns3:hr>128</ns3:hr>
            <ns3:cad>59</ns3:cad>
          </ns3:TrackPointExtension>
        </extensions>
      </trkpt>
      <trkpt lat="23.51529012434184551239013671875" lon="113.22969588451087474822998046875">
        <ele>75.40000152587890625</ele>
        <time>2025-02-16T06:16:47.000Z</time>
        <extensions>
          <ns3:TrackPointExtension>
            <ns3:hr>132</ns3:hr>
            <ns3:cad>55</ns3:cad>
          </ns3:TrackPointExtension>
        </extensions>
      </trkpt>
      <trkpt lat="23.51542574353516101837158203125" lon="113.2298211939632892608642578125">
        <ele>69.1999969482421875</ele>
        <time>2025-02-16T06:17:22.000Z</time>
        <extensions>
          <ns3:TrackPointExtension>
            <ns3:hr>129</ns3:hr>
            <ns3:cad>0</ns3:cad>
          </ns3:TrackPointExtension>
        </extensions>
      </trkpt>
      <trkpt lat="23.515433035790920257568359375" lon="113.22982060723006725311279296875">
        <ele>69.1999969482421875</ele>
        <time>2025-02-16T06:17:28.000Z</time>
        <extensions>
          <ns3:TrackPointExtension>
            <ns3:hr>126</ns3:hr>
            <ns3:cad>0</ns3:cad>
          </ns3:TrackPointExtension>
        </extensions>
      </trkpt>
      <trkpt lat="23.51543228141963481903076171875" lon="113.229824043810367584228515625">
        <ele>69.1999969482421875</ele>
        <time>2025-02-16T06:17:30.000Z</time>
        <extensions>
          <ns3:TrackPointExtension>
            <ns3:hr>123</ns3:hr>
            <ns3:cad>0</ns3:cad>
          </ns3:TrackPointExtension>
        </extensions>
      </trkpt>
      <trkpt lat="23.5154315270483493804931640625" lon="113.22982479818165302276611328125">
        <ele>69</ele>
        <time>2025-02-16T06:17:31.000Z</time>
        <extensions>
          <ns3:TrackPointExtension>
            <ns3:hr>120</ns3:hr>
            <ns3:cad>0</ns3:cad>
          </ns3:TrackPointExtension>
        </extensions>
      </trkpt>
      <trkpt lat="23.51552280597388744354248046875" lon="113.22986704297363758087158203125">
        <ele>66.1999969482421875</ele>
        <time>2025-02-16T06:17:56.000Z</time>
        <extensions>
          <ns3:TrackPointExtension>
            <ns3:hr>117</ns3:hr>
            <ns3:cad>0</ns3:cad>
          </ns3:TrackPointExtension>
        </extensions>
      </trkpt>
      <trkpt lat="23.515585251152515411376953125" lon="113.2298681326210498809814453125">
        <ele>65</ele>
        <time>2025-02-16T06:18:01.000Z</time>
        <extensions>
          <ns3:TrackPointExtension>
            <ns3:hr>117</ns3:hr>
            <ns3:cad>0</ns3:cad>
          </ns3:TrackPointExtension>
        </extensions>
      </trkpt>
      <trkpt lat="23.515605367720127105712890625" lon="113.229880034923553466796875">
        <ele>64.40000152587890625</ele>
        <time>2025-02-16T06:18:07.000Z</time>
        <extensions>
          <ns3:TrackPointExtension>
            <ns3:hr>120</ns3:hr>
            <ns3:cad>57</ns3:cad>
          </ns3:TrackPointExtension>
        </extensions>
      </trkpt>
      <trkpt lat="23.515605367720127105712890625" lon="113.2298786938190460205078125">
        <ele>64.59999847412109375</ele>
        <time>2025-02-16T06:18:09.000Z</time>
        <extensions>
          <ns3:TrackPointExtension>
            <ns3:hr>124</ns3:hr>
            <ns3:cad>53</ns3:cad>
          </ns3:TrackPointExtension>
        </extensions>
      </trkpt>
      <trkpt lat="23.51558751426637172698974609375" lon="113.2298667915165424346923828125">
        <ele>65</ele>
        <time>2025-02-16T06:18:13.000Z</time>
        <extensions>
          <ns3:TrackPointExtension>
            <ns3:hr>127</ns3:hr>
            <ns3:cad>53</ns3:cad>
          </ns3:TrackPointExtension>
        </extensions>
      </trkpt>
      <trkpt lat="23.51557762362062931060791015625" lon="113.22986888699233531951904296875">
        <ele>65.1999969482421875</ele>
        <time>2025-02-16T06:18:22.000Z</time>
        <extensions>
          <ns3:TrackPointExtension>
            <ns3:hr>124</ns3:hr>
            <ns3:cad>53</ns3:cad>
          </ns3:TrackPointExtension>
        </extensions>
      </trkpt>
      <trkpt lat="23.5155904479324817657470703125" lon="113.22987039573490619659423828125">
        <ele>65</ele>
        <time>2025-02-16T06:18:25.000Z</time>
        <extensions>
          <ns3:TrackPointExtension>
            <ns3:hr>128</ns3:hr>
            <ns3:cad>55</ns3:cad>
          </ns3:TrackPointExtension>
        </extensions>
      </trkpt>
      <trkpt lat="23.5156011767685413360595703125" lon="113.22985882870852947235107421875">
        <ele>65</ele>
        <time>2025-02-16T06:18:30.000Z</time>
        <extensions>
          <ns3:TrackPointExtension>
            <ns3:hr>125</ns3:hr>
            <ns3:cad>55</ns3:cad>
          </ns3:TrackPointExtension>
        </extensions>
      </trkpt>
      <trkpt lat="23.5156063735485076904296875" lon="113.22985866107046604156494140625">
        <ele>65</ele>
        <time>2025-02-16T06:18:32.000Z</time>
        <extensions>
          <ns3:TrackPointExtension>
            <ns3:hr>129</ns3:hr>
            <ns3:cad>56</ns3:cad>
          </ns3:TrackPointExtension>
        </extensions>
      </trkpt>
      <trkpt lat="23.51549841463565826416015625" lon="113.2300193421542644500732421875">
        <ele>64.1999969482421875</ele>
        <time>2025-02-16T06:19:04.000Z</time>
        <extensions>
          <ns3:TrackPointExtension>
            <ns3:hr>129</ns3:hr>
            <ns3:cad>55</ns3:cad>
          </ns3:TrackPointExtension>
        </extensions>
      </trkpt>
      <trkpt lat="23.51535751484334468841552734375" lon="113.23008731938898563385009765625">
        <ele>64.1999969482421875</ele>
        <time>2025-02-16T06:19:30.000Z</time>
        <extensions>
          <ns3:TrackPointExtension>
            <ns3:hr>129</ns3:hr>
            <ns3:cad>0</ns3:cad>
          </ns3:TrackPointExtension>
        </extensions>
      </trkpt>
      <trkpt lat="23.5152467899024486541748046875" lon="113.23007290251553058624267578125">
        <ele>64.8000030517578125</ele>
        <time>2025-02-16T06:19:44.000Z</time>
        <extensions>
          <ns3:TrackPointExtension>
            <ns3:hr>128</ns3:hr>
            <ns3:cad>61</ns3:cad>
          </ns3:TrackPointExtension>
        </extensions>
      </trkpt>
      <trkpt lat="23.515177555382251739501953125" lon="113.23011212982237339019775390625">
        <ele>64.40000152587890625</ele>
        <time>2025-02-16T06:19:56.000Z</time>
        <extensions>
          <ns3:TrackPointExtension>
            <ns3:hr>131</ns3:hr>
            <ns3:cad>0</ns3:cad>
          </ns3:TrackPointExtension>
        </extensions>
      </trkpt>
      <trkpt lat="23.51517378352582454681396484375" lon="113.23028781451284885406494140625">
        <ele>59.40000152587890625</ele>
        <time>2025-02-16T06:20:16.000Z</time>
        <extensions>
          <ns3:TrackPointExtension>
            <ns3:hr>128</ns3:hr>
            <ns3:cad>55</ns3:cad>
          </ns3:TrackPointExtension>
        </extensions>
      </trkpt>
      <trkpt lat="23.515183590352535247802734375" lon="113.23030156083405017852783203125">
        <ele>59.200000762939453125</ele>
        <time>2025-02-16T06:20:18.000Z</time>
        <extensions>
          <ns3:TrackPointExtension>
            <ns3:hr>129</ns3:hr>
            <ns3:cad>58</ns3:cad>
          </ns3:TrackPointExtension>
        </extensions>
      </trkpt>
      <trkpt lat="23.51535516791045665740966796875" lon="113.23039862327277660369873046875">
        <ele>59.200000762939453125</ele>
        <time>2025-02-16T06:20:35.000Z</time>
        <extensions>
          <ns3:TrackPointExtension>
            <ns3:hr>130</ns3:hr>
            <ns3:cad>61</ns3:cad>
          </ns3:TrackPointExtension>
        </extensions>
      </trkpt>
      <trkpt lat="23.51538081653416156768798828125" lon="113.23041656054556369781494140625">
        <ele>59</ele>
        <time>2025-02-16T06:20:38.000Z</time>
        <extensions>
          <ns3:TrackPointExtension>
            <ns3:hr>127</ns3:hr>
            <ns3:cad>0</ns3:cad>
          </ns3:TrackPointExtension>
        </extensions>
      </trkpt>
      <trkpt lat="23.5154040344059467315673828125" lon="113.23043449781835079193115234375">
        <ele>59</ele>
        <time>2025-02-16T06:20:40.000Z</time>
        <extensions>
          <ns3:TrackPointExtension>
            <ns3:hr>119</ns3:hr>
            <ns3:cad>0</ns3:cad>
          </ns3:TrackPointExtension>
        </extensions>
      </trkpt>
      <trkpt lat="23.5154107399284839630126953125" lon="113.23044036515057086944580078125">
        <ele>58.799999237060546875</ele>
        <time>2025-02-16T06:20:41.000Z</time>
        <extensions>
          <ns3:TrackPointExtension>
            <ns3:hr>112</ns3:hr>
            <ns3:cad>0</ns3:cad>
          </ns3:TrackPointExtension>
        </extensions>
      </trkpt>
      <trkpt lat="23.5154167748987674713134765625" lon="113.23044505901634693145751953125">
        <ele>58.799999237060546875</ele>
        <time>2025-02-16T06:20:42.000Z</time>
        <extensions>
          <ns3:TrackPointExtension>
            <ns3:hr>111</ns3:hr>
            <ns3:cad>0</ns3:cad>
          </ns3:TrackPointExtension>
        </extensions>
      </trkpt>
    </trkseg>
  </trk>
</gpx>
