<gpx xmlns:ns3="http://www.garmin.com/xmlschemas/TrackPointExtension/v1" xmlns="http://www.topografix.com/GPX/1/1" xmlns:xsi="http://www.w3.org/2001/XMLSchema-instance" xmlns:ns2="http://www.garmin.com/xmlschemas/GpxExtensions/v3" creator="Garmin Connect" version="1.1" xsi:schemaLocation="http://www.topografix.com/GPX/1/1 http://www.topografix.com/GPX/11.xsd">
  <extensions>
<distance>6306.07</distance>
<average_hr></average_hr>
<average_speed>2.003000020980835</average_speed>
<start_time>2025-03-21T14:05:49+00:00</start_time>
<end_time>2025-03-21T14:58:17.539000+00:00</end_time>
<moving_time>3147.555</moving_time>
<elapsed_time>3148.539</elapsed_time>
</extensions>
<metadata>
    <link href="connect.garmin.com">
      <text>Garmin Connect</text>
    </link>
    <time>2025-03-21T14:05:49.000Z</time>
  </metadata>
  <trk>
    <name>广州市 跑步</name>
    <type>running</type>
    <trkseg>
      <trkpt lat="23.392488621175289154052734375" lon="113.24490702711045742034912109375">
        <ele>7</ele>
        <time>2025-03-21T14:05:49.000Z</time>
        <extensions>
          <ns3:TrackPointExtension>
            <ns3:cad>0</ns3:cad>
          </ns3:TrackPointExtension>
        </extensions>
      </trkpt>
      <trkpt lat="23.392617702484130859375" lon="113.2450420595705509185791015625">
        <ele>7.599999904632568359375</ele>
        <time>2025-03-21T14:06:07.000Z</time>
        <extensions>
          <ns3:TrackPointExtension>
            <ns3:cad>80</ns3:cad>
          </ns3:TrackPointExtension>
        </extensions>
      </trkpt>
      <trkpt lat="23.3926614560186862945556640625" lon="113.24524112977087497711181640625">
        <ele>8.80000019073486328125</ele>
        <time>2025-03-21T14:06:17.000Z</time>
        <extensions>
          <ns3:TrackPointExtension>
            <ns3:cad>82</ns3:cad>
          </ns3:TrackPointExtension>
        </extensions>
      </trkpt>
      <trkpt lat="23.3927382342517375946044921875" lon="113.2454329915344715118408203125">
        <ele>9.6000003814697265625</ele>
        <time>2025-03-21T14:06:26.000Z</time>
        <extensions>
          <ns3:TrackPointExtension>
            <ns3:cad>83</ns3:cad>
          </ns3:TrackPointExtension>
        </extensions>
      </trkpt>
      <trkpt lat="23.3928032778203487396240234375" lon="113.24562183581292629241943359375">
        <ele>10</ele>
        <time>2025-03-21T14:06:34.000Z</time>
        <extensions>
          <ns3:TrackPointExtension>
            <ns3:cad>84</ns3:cad>
          </ns3:TrackPointExtension>
        </extensions>
      </trkpt>
      <trkpt lat="23.39284837245941162109375" lon="113.2458239234983921051025390625">
        <ele>10.19999980926513671875</ele>
        <time>2025-03-21T14:06:42.000Z</time>
        <extensions>
          <ns3:TrackPointExtension>
            <ns3:cad>85</ns3:cad>
          </ns3:TrackPointExtension>
        </extensions>
      </trkpt>
      <trkpt lat="23.39290159754455089569091796875" lon="113.24602089822292327880859375">
        <ele>10.6000003814697265625</ele>
        <time>2025-03-21T14:06:51.000Z</time>
        <extensions>
          <ns3:TrackPointExtension>
            <ns3:cad>86</ns3:cad>
          </ns3:TrackPointExtension>
        </extensions>
      </trkpt>
      <trkpt lat="23.39305364526808261871337890625" lon="113.2461481355130672454833984375">
        <ele>9.6000003814697265625</ele>
        <time>2025-03-21T14:07:00.000Z</time>
        <extensions>
          <ns3:TrackPointExtension>
            <ns3:cad>84</ns3:cad>
          </ns3:TrackPointExtension>
        </extensions>
      </trkpt>
      <trkpt lat="23.393224216997623443603515625" lon="113.24621259234845638275146484375">
        <ele>9.19999980926513671875</ele>
        <time>2025-03-21T14:07:09.000Z</time>
        <extensions>
          <ns3:TrackPointExtension>
            <ns3:cad>83</ns3:cad>
          </ns3:TrackPointExtension>
        </extensions>
      </trkpt>
      <trkpt lat="23.39339680038392543792724609375" lon="113.24628886766731739044189453125">
        <ele>8.80000019073486328125</ele>
        <time>2025-03-21T14:07:18.000Z</time>
        <extensions>
          <ns3:TrackPointExtension>
            <ns3:cad>83</ns3:cad>
          </ns3:TrackPointExtension>
        </extensions>
      </trkpt>
      <trkpt lat="23.3935801126062870025634765625" lon="113.24635215103626251220703125">
        <ele>8.3999996185302734375</ele>
        <time>2025-03-21T14:07:27.000Z</time>
        <extensions>
          <ns3:TrackPointExtension>
            <ns3:cad>83</ns3:cad>
          </ns3:TrackPointExtension>
        </extensions>
      </trkpt>
      <trkpt lat="23.39376426301896572113037109375" lon="113.246419541537761688232421875">
        <ele>8</ele>
        <time>2025-03-21T14:07:36.000Z</time>
        <extensions>
          <ns3:TrackPointExtension>
            <ns3:cad>83</ns3:cad>
          </ns3:TrackPointExtension>
        </extensions>
      </trkpt>
      <trkpt lat="23.3939596451818943023681640625" lon="113.24649422429502010345458984375">
        <ele>7.19999980926513671875</ele>
        <time>2025-03-21T14:07:45.000Z</time>
        <extensions>
          <ns3:TrackPointExtension>
            <ns3:cad>84</ns3:cad>
          </ns3:TrackPointExtension>
        </extensions>
      </trkpt>
      <trkpt lat="23.39413943700492382049560546875" lon="113.246573768556118011474609375">
        <ele>6</ele>
        <time>2025-03-21T14:07:53.000Z</time>
        <extensions>
          <ns3:TrackPointExtension>
            <ns3:cad>83</ns3:cad>
          </ns3:TrackPointExtension>
        </extensions>
      </trkpt>
      <trkpt lat="23.3942486532032489776611328125" lon="113.246668986976146697998046875">
        <ele>5.80000019073486328125</ele>
        <time>2025-03-21T14:08:01.000Z</time>
        <extensions>
          <ns3:TrackPointExtension>
            <ns3:cad>83</ns3:cad>
          </ns3:TrackPointExtension>
        </extensions>
      </trkpt>
      <trkpt lat="23.3942365832626819610595703125" lon="113.24670016765594482421875">
        <ele>5.599999904632568359375</ele>
        <time>2025-03-21T14:08:03.000Z</time>
        <extensions>
          <ns3:TrackPointExtension>
            <ns3:cad>82</ns3:cad>
          </ns3:TrackPointExtension>
        </extensions>
      </trkpt>
      <trkpt lat="23.39415385387837886810302734375" lon="113.24687794782221317291259765625">
        <ele>5</ele>
        <time>2025-03-21T14:08:11.000Z</time>
        <extensions>
          <ns3:TrackPointExtension>
            <ns3:cad>82</ns3:cad>
          </ns3:TrackPointExtension>
        </extensions>
      </trkpt>
      <trkpt lat="23.39407841674983501434326171875" lon="113.24708305299282073974609375">
        <ele>5.19999980926513671875</ele>
        <time>2025-03-21T14:08:19.000Z</time>
        <extensions>
          <ns3:TrackPointExtension>
            <ns3:cad>83</ns3:cad>
          </ns3:TrackPointExtension>
        </extensions>
      </trkpt>
      <trkpt lat="23.394004404544830322265625" lon="113.2472781836986541748046875">
        <ele>6</ele>
        <time>2025-03-21T14:08:27.000Z</time>
        <extensions>
          <ns3:TrackPointExtension>
            <ns3:cad>84</ns3:cad>
          </ns3:TrackPointExtension>
        </extensions>
      </trkpt>
      <trkpt lat="23.39392318390309810638427734375" lon="113.24747390113770961761474609375">
        <ele>7</ele>
        <time>2025-03-21T14:08:35.000Z</time>
        <extensions>
          <ns3:TrackPointExtension>
            <ns3:cad>83</ns3:cad>
          </ns3:TrackPointExtension>
        </extensions>
      </trkpt>
      <trkpt lat="23.393859565258026123046875" lon="113.24767020530998706817626953125">
        <ele>5.19999980926513671875</ele>
        <time>2025-03-21T14:08:43.000Z</time>
        <extensions>
          <ns3:TrackPointExtension>
            <ns3:cad>84</ns3:cad>
          </ns3:TrackPointExtension>
        </extensions>
      </trkpt>
      <trkpt lat="23.3937883190810680389404296875" lon="113.24785745702683925628662109375">
        <ele>4</ele>
        <time>2025-03-21T14:08:51.000Z</time>
        <extensions>
          <ns3:TrackPointExtension>
            <ns3:cad>84</ns3:cad>
          </ns3:TrackPointExtension>
        </extensions>
      </trkpt>
      <trkpt lat="23.393737189471721649169921875" lon="113.2479240931570529937744140625">
        <ele>3</ele>
        <time>2025-03-21T14:08:58.000Z</time>
        <extensions>
          <ns3:TrackPointExtension>
            <ns3:cad>79</ns3:cad>
          </ns3:TrackPointExtension>
        </extensions>
      </trkpt>
      <trkpt lat="23.39354834519326686859130859375" lon="113.2479133643209934234619140625">
        <ele>0.20000000298023223876953125</ele>
        <time>2025-03-21T14:09:14.000Z</time>
        <extensions>
          <ns3:TrackPointExtension>
            <ns3:cad>61</ns3:cad>
          </ns3:TrackPointExtension>
        </extensions>
      </trkpt>
      <trkpt lat="23.3933702297508716583251953125" lon="113.2479576207697391510009765625">
        <ele>-0.60000002384185791015625</ele>
        <time>2025-03-21T14:09:24.000Z</time>
        <extensions>
          <ns3:TrackPointExtension>
            <ns3:cad>83</ns3:cad>
          </ns3:TrackPointExtension>
        </extensions>
      </trkpt>
      <trkpt lat="23.39319094084203243255615234375" lon="113.2479841075837612152099609375">
        <ele>1.39999997615814208984375</ele>
        <time>2025-03-21T14:09:34.000Z</time>
        <extensions>
          <ns3:TrackPointExtension>
            <ns3:cad>83</ns3:cad>
          </ns3:TrackPointExtension>
        </extensions>
      </trkpt>
      <trkpt lat="23.392994217574596405029296875" lon="113.24800439178943634033203125">
        <ele>5.19999980926513671875</ele>
        <time>2025-03-21T14:09:43.000Z</time>
        <extensions>
          <ns3:TrackPointExtension>
            <ns3:cad>83</ns3:cad>
          </ns3:TrackPointExtension>
        </extensions>
      </trkpt>
      <trkpt lat="23.39279330335557460784912109375" lon="113.2480250112712383270263671875">
        <ele>6.19999980926513671875</ele>
        <time>2025-03-21T14:09:53.000Z</time>
        <extensions>
          <ns3:TrackPointExtension>
            <ns3:cad>83</ns3:cad>
          </ns3:TrackPointExtension>
        </extensions>
      </trkpt>
      <trkpt lat="23.3926088176667690277099609375" lon="113.24801981449127197265625">
        <ele>5.599999904632568359375</ele>
        <time>2025-03-21T14:10:02.000Z</time>
        <extensions>
          <ns3:TrackPointExtension>
            <ns3:cad>84</ns3:cad>
          </ns3:TrackPointExtension>
        </extensions>
      </trkpt>
      <trkpt lat="23.39241226203739643096923828125" lon="113.24798989109694957733154296875">
        <ele>5</ele>
        <time>2025-03-21T14:10:11.000Z</time>
        <extensions>
          <ns3:TrackPointExtension>
            <ns3:cad>83</ns3:cad>
          </ns3:TrackPointExtension>
        </extensions>
      </trkpt>
      <trkpt lat="23.392240516841411590576171875" lon="113.2479083351790904998779296875">
        <ele>5</ele>
        <time>2025-03-21T14:10:20.000Z</time>
        <extensions>
          <ns3:TrackPointExtension>
            <ns3:cad>83</ns3:cad>
          </ns3:TrackPointExtension>
        </extensions>
      </trkpt>
      <trkpt lat="23.39207028038799762725830078125" lon="113.24782292358577251434326171875">
        <ele>5.400000095367431640625</ele>
        <time>2025-03-21T14:10:28.000Z</time>
        <extensions>
          <ns3:TrackPointExtension>
            <ns3:cad>82</ns3:cad>
          </ns3:TrackPointExtension>
        </extensions>
      </trkpt>
      <trkpt lat="23.391893841326236724853515625" lon="113.24772669933736324310302734375">
        <ele>6.19999980926513671875</ele>
        <time>2025-03-21T14:10:41.000Z</time>
        <extensions>
          <ns3:TrackPointExtension>
            <ns3:cad>82</ns3:cad>
          </ns3:TrackPointExtension>
        </extensions>
      </trkpt>
      <trkpt lat="23.39172729291021823883056640625" lon="113.24763734824955463409423828125">
        <ele>5.400000095367431640625</ele>
        <time>2025-03-21T14:10:57.000Z</time>
        <extensions>
          <ns3:TrackPointExtension>
            <ns3:cad>55</ns3:cad>
          </ns3:TrackPointExtension>
        </extensions>
      </trkpt>
      <trkpt lat="23.391559235751628875732421875" lon="113.24755688197910785675048828125">
        <ele>4.19999980926513671875</ele>
        <time>2025-03-21T14:11:11.000Z</time>
        <extensions>
          <ns3:TrackPointExtension>
            <ns3:cad>60</ns3:cad>
          </ns3:TrackPointExtension>
        </extensions>
      </trkpt>
      <trkpt lat="23.391377516090869903564453125" lon="113.24748647399246692657470703125">
        <ele>2.599999904632568359375</ele>
        <time>2025-03-21T14:11:21.000Z</time>
        <extensions>
          <ns3:TrackPointExtension>
            <ns3:cad>82</ns3:cad>
          </ns3:TrackPointExtension>
        </extensions>
      </trkpt>
      <trkpt lat="23.39120216667652130126953125" lon="113.24742897413671016693115234375">
        <ele>1.39999997615814208984375</ele>
        <time>2025-03-21T14:11:30.000Z</time>
        <extensions>
          <ns3:TrackPointExtension>
            <ns3:cad>83</ns3:cad>
          </ns3:TrackPointExtension>
        </extensions>
      </trkpt>
      <trkpt lat="23.391007371246814727783203125" lon="113.24739024974405765533447265625">
        <ele>1.7999999523162841796875</ele>
        <time>2025-03-21T14:11:40.000Z</time>
        <extensions>
          <ns3:TrackPointExtension>
            <ns3:cad>83</ns3:cad>
          </ns3:TrackPointExtension>
        </extensions>
      </trkpt>
      <trkpt lat="23.3908083848655223846435546875" lon="113.2473507709801197052001953125">
        <ele>4</ele>
        <time>2025-03-21T14:11:50.000Z</time>
        <extensions>
          <ns3:TrackPointExtension>
            <ns3:cad>82</ns3:cad>
          </ns3:TrackPointExtension>
        </extensions>
      </trkpt>
      <trkpt lat="23.39063412509858608245849609375" lon="113.2472840510308742523193359375">
        <ele>5.19999980926513671875</ele>
        <time>2025-03-21T14:11:57.000Z</time>
        <extensions>
          <ns3:TrackPointExtension>
            <ns3:cad>83</ns3:cad>
          </ns3:TrackPointExtension>
        </extensions>
      </trkpt>
      <trkpt lat="23.3904617093503475189208984375" lon="113.24718237854540348052978515625">
        <ele>6.400000095367431640625</ele>
        <time>2025-03-21T14:12:05.000Z</time>
        <extensions>
          <ns3:TrackPointExtension>
            <ns3:cad>82</ns3:cad>
          </ns3:TrackPointExtension>
        </extensions>
      </trkpt>
      <trkpt lat="23.39030790142714977264404296875" lon="113.24704944156110286712646484375">
        <ele>6</ele>
        <time>2025-03-21T14:12:15.000Z</time>
        <extensions>
          <ns3:TrackPointExtension>
            <ns3:cad>83</ns3:cad>
          </ns3:TrackPointExtension>
        </extensions>
      </trkpt>
      <trkpt lat="23.39017211459577083587646484375" lon="113.246886245906352996826171875">
        <ele>4.599999904632568359375</ele>
        <time>2025-03-21T14:12:23.000Z</time>
        <extensions>
          <ns3:TrackPointExtension>
            <ns3:cad>83</ns3:cad>
          </ns3:TrackPointExtension>
        </extensions>
      </trkpt>
      <trkpt lat="23.3900530077517032623291015625" lon="113.2467164285480976104736328125">
        <ele>3</ele>
        <time>2025-03-21T14:12:31.000Z</time>
        <extensions>
          <ns3:TrackPointExtension>
            <ns3:cad>83</ns3:cad>
          </ns3:TrackPointExtension>
        </extensions>
      </trkpt>
      <trkpt lat="23.3899497427046298980712890625" lon="113.2465508021414279937744140625">
        <ele>2</ele>
        <time>2025-03-21T14:12:38.000Z</time>
        <extensions>
          <ns3:TrackPointExtension>
            <ns3:cad>84</ns3:cad>
          </ns3:TrackPointExtension>
        </extensions>
      </trkpt>
      <trkpt lat="23.38984639383852481842041015625" lon="113.2463647238910198211669921875">
        <ele>2.400000095367431640625</ele>
        <time>2025-03-21T14:12:46.000Z</time>
        <extensions>
          <ns3:TrackPointExtension>
            <ns3:cad>83</ns3:cad>
          </ns3:TrackPointExtension>
        </extensions>
      </trkpt>
      <trkpt lat="23.389754109084606170654296875" lon="113.24619113467633724212646484375">
        <ele>2.599999904632568359375</ele>
        <time>2025-03-21T14:12:54.000Z</time>
        <extensions>
          <ns3:TrackPointExtension>
            <ns3:cad>83</ns3:cad>
          </ns3:TrackPointExtension>
        </extensions>
      </trkpt>
      <trkpt lat="23.38966869749128818511962890625" lon="113.2459979318082332611083984375">
        <ele>3</ele>
        <time>2025-03-21T14:13:02.000Z</time>
        <extensions>
          <ns3:TrackPointExtension>
            <ns3:cad>83</ns3:cad>
          </ns3:TrackPointExtension>
        </extensions>
      </trkpt>
      <trkpt lat="23.38959150016307830810546875" lon="113.24581780470907688140869140625">
        <ele>3.2000000476837158203125</ele>
        <time>2025-03-21T14:13:09.000Z</time>
        <extensions>
          <ns3:TrackPointExtension>
            <ns3:cad>84</ns3:cad>
          </ns3:TrackPointExtension>
        </extensions>
      </trkpt>
      <trkpt lat="23.38951103389263153076171875" lon="113.24566684663295745849609375">
        <ele>3.599999904632568359375</ele>
        <time>2025-03-21T14:13:15.000Z</time>
        <extensions>
          <ns3:TrackPointExtension>
            <ns3:cad>83</ns3:cad>
          </ns3:TrackPointExtension>
        </extensions>
      </trkpt>
      <trkpt lat="23.38942612521350383758544921875" lon="113.2454839535057544708251953125">
        <ele>3.7999999523162841796875</ele>
        <time>2025-03-21T14:13:23.000Z</time>
        <extensions>
          <ns3:TrackPointExtension>
            <ns3:cad>84</ns3:cad>
          </ns3:TrackPointExtension>
        </extensions>
      </trkpt>
      <trkpt lat="23.38936527259647846221923828125" lon="113.2453364320099353790283203125">
        <ele>3.7999999523162841796875</ele>
        <time>2025-03-21T14:13:37.000Z</time>
        <extensions>
          <ns3:TrackPointExtension>
            <ns3:cad>61</ns3:cad>
          </ns3:TrackPointExtension>
        </extensions>
      </trkpt>
      <trkpt lat="23.38929872028529644012451171875" lon="113.24515278451144695281982421875">
        <ele>3.7999999523162841796875</ele>
        <time>2025-03-21T14:13:52.000Z</time>
        <extensions>
          <ns3:TrackPointExtension>
            <ns3:cad>58</ns3:cad>
          </ns3:TrackPointExtension>
        </extensions>
      </trkpt>
      <trkpt lat="23.38926552794873714447021484375" lon="113.24495815671980381011962890625">
        <ele>3.7999999523162841796875</ele>
        <time>2025-03-21T14:14:07.000Z</time>
        <extensions>
          <ns3:TrackPointExtension>
            <ns3:cad>60</ns3:cad>
          </ns3:TrackPointExtension>
        </extensions>
      </trkpt>
      <trkpt lat="23.38918472640216350555419921875" lon="113.2447708211839199066162109375">
        <ele>4</ele>
        <time>2025-03-21T14:14:21.000Z</time>
        <extensions>
          <ns3:TrackPointExtension>
            <ns3:cad>45</ns3:cad>
          </ns3:TrackPointExtension>
        </extensions>
      </trkpt>
      <trkpt lat="23.38907919824123382568359375" lon="113.24460159055888652801513671875">
        <ele>4.19999980926513671875</ele>
        <time>2025-03-21T14:14:30.000Z</time>
        <extensions>
          <ns3:TrackPointExtension>
            <ns3:cad>82</ns3:cad>
          </ns3:TrackPointExtension>
        </extensions>
      </trkpt>
      <trkpt lat="23.38898557238280773162841796875" lon="113.24443210847675800323486328125">
        <ele>4.19999980926513671875</ele>
        <time>2025-03-21T14:14:39.000Z</time>
        <extensions>
          <ns3:TrackPointExtension>
            <ns3:cad>83</ns3:cad>
          </ns3:TrackPointExtension>
        </extensions>
      </trkpt>
      <trkpt lat="23.38890460319817066192626953125" lon="113.244250975549221038818359375">
        <ele>5.19999980926513671875</ele>
        <time>2025-03-21T14:14:47.000Z</time>
        <extensions>
          <ns3:TrackPointExtension>
            <ns3:cad>83</ns3:cad>
          </ns3:TrackPointExtension>
        </extensions>
      </trkpt>
      <trkpt lat="23.3888084627687931060791015625" lon="113.24405777268111705780029296875">
        <ele>6.19999980926513671875</ele>
        <time>2025-03-21T14:14:56.000Z</time>
        <extensions>
          <ns3:TrackPointExtension>
            <ns3:cad>83</ns3:cad>
          </ns3:TrackPointExtension>
        </extensions>
      </trkpt>
      <trkpt lat="23.388733528554439544677734375" lon="113.24387102387845516204833984375">
        <ele>5</ele>
        <time>2025-03-21T14:15:04.000Z</time>
        <extensions>
          <ns3:TrackPointExtension>
            <ns3:cad>82</ns3:cad>
          </ns3:TrackPointExtension>
        </extensions>
      </trkpt>
      <trkpt lat="23.38867041282355785369873046875" lon="113.24368536472320556640625">
        <ele>4</ele>
        <time>2025-03-21T14:15:12.000Z</time>
        <extensions>
          <ns3:TrackPointExtension>
            <ns3:cad>83</ns3:cad>
          </ns3:TrackPointExtension>
        </extensions>
      </trkpt>
      <trkpt lat="23.38860117830336093902587890625" lon="113.24349291622638702392578125">
        <ele>4.599999904632568359375</ele>
        <time>2025-03-21T14:15:20.000Z</time>
        <extensions>
          <ns3:TrackPointExtension>
            <ns3:cad>83</ns3:cad>
          </ns3:TrackPointExtension>
        </extensions>
      </trkpt>
      <trkpt lat="23.38852624408900737762451171875" lon="113.24329770170152187347412109375">
        <ele>7.400000095367431640625</ele>
        <time>2025-03-21T14:15:28.000Z</time>
        <extensions>
          <ns3:TrackPointExtension>
            <ns3:cad>83</ns3:cad>
          </ns3:TrackPointExtension>
        </extensions>
      </trkpt>
      <trkpt lat="23.38845684193074703216552734375" lon="113.24309636838734149932861328125">
        <ele>5.400000095367431640625</ele>
        <time>2025-03-21T14:15:36.000Z</time>
        <extensions>
          <ns3:TrackPointExtension>
            <ns3:cad>83</ns3:cad>
          </ns3:TrackPointExtension>
        </extensions>
      </trkpt>
      <trkpt lat="23.38838978670537471771240234375" lon="113.24290559627115726470947265625">
        <ele>2.2000000476837158203125</ele>
        <time>2025-03-21T14:15:44.000Z</time>
        <extensions>
          <ns3:TrackPointExtension>
            <ns3:cad>83</ns3:cad>
          </ns3:TrackPointExtension>
        </extensions>
      </trkpt>
      <trkpt lat="23.3883249945938587188720703125" lon="113.24270761571824550628662109375">
        <ele>-1.60000002384185791015625</ele>
        <time>2025-03-21T14:15:53.000Z</time>
        <extensions>
          <ns3:TrackPointExtension>
            <ns3:cad>83</ns3:cad>
          </ns3:TrackPointExtension>
        </extensions>
      </trkpt>
      <trkpt lat="23.388244695961475372314453125" lon="113.24252690188586711883544921875">
        <ele>0.4000000059604644775390625</ele>
        <time>2025-03-21T14:16:01.000Z</time>
        <extensions>
          <ns3:TrackPointExtension>
            <ns3:cad>83</ns3:cad>
          </ns3:TrackPointExtension>
        </extensions>
      </trkpt>
      <trkpt lat="23.3881617151200771331787109375" lon="113.24233311228454113006591796875">
        <ele>2.7999999523162841796875</ele>
        <time>2025-03-21T14:16:10.000Z</time>
        <extensions>
          <ns3:TrackPointExtension>
            <ns3:cad>82</ns3:cad>
          </ns3:TrackPointExtension>
        </extensions>
      </trkpt>
      <trkpt lat="23.3880834281444549560546875" lon="113.24215407483279705047607421875">
        <ele>5</ele>
        <time>2025-03-21T14:16:19.000Z</time>
        <extensions>
          <ns3:TrackPointExtension>
            <ns3:cad>82</ns3:cad>
          </ns3:TrackPointExtension>
        </extensions>
      </trkpt>
      <trkpt lat="23.38800229132175445556640625" lon="113.241957686841487884521484375">
        <ele>5.599999904632568359375</ele>
        <time>2025-03-21T14:16:28.000Z</time>
        <extensions>
          <ns3:TrackPointExtension>
            <ns3:cad>82</ns3:cad>
          </ns3:TrackPointExtension>
        </extensions>
      </trkpt>
      <trkpt lat="23.3878703601658344268798828125" lon="113.24179750867187976837158203125">
        <ele>6.19999980926513671875</ele>
        <time>2025-03-21T14:16:37.000Z</time>
        <extensions>
          <ns3:TrackPointExtension>
            <ns3:cad>82</ns3:cad>
          </ns3:TrackPointExtension>
        </extensions>
      </trkpt>
      <trkpt lat="23.38774505071341991424560546875" lon="113.24164353311061859130859375">
        <ele>6.80000019073486328125</ele>
        <time>2025-03-21T14:16:46.000Z</time>
        <extensions>
          <ns3:TrackPointExtension>
            <ns3:cad>81</ns3:cad>
          </ns3:TrackPointExtension>
        </extensions>
      </trkpt>
      <trkpt lat="23.3876274526119232177734375" lon="113.24148469604551792144775390625">
        <ele>7</ele>
        <time>2025-03-21T14:16:54.000Z</time>
        <extensions>
          <ns3:TrackPointExtension>
            <ns3:cad>83</ns3:cad>
          </ns3:TrackPointExtension>
        </extensions>
      </trkpt>
      <trkpt lat="23.38754271157085895538330078125" lon="113.2412816025316715240478515625">
        <ele>7.19999980926513671875</ele>
        <time>2025-03-21T14:17:04.000Z</time>
        <extensions>
          <ns3:TrackPointExtension>
            <ns3:cad>83</ns3:cad>
          </ns3:TrackPointExtension>
        </extensions>
      </trkpt>
      <trkpt lat="23.3874502591788768768310546875" lon="113.24111036024987697601318359375">
        <ele>5.19999980926513671875</ele>
        <time>2025-03-21T14:17:15.000Z</time>
        <extensions>
          <ns3:TrackPointExtension>
            <ns3:cad>84</ns3:cad>
          </ns3:TrackPointExtension>
        </extensions>
      </trkpt>
      <trkpt lat="23.387416899204254150390625" lon="113.240890167653560638427734375">
        <ele>3.7999999523162841796875</ele>
        <time>2025-03-21T14:17:23.000Z</time>
        <extensions>
          <ns3:TrackPointExtension>
            <ns3:cad>81</ns3:cad>
          </ns3:TrackPointExtension>
        </extensions>
      </trkpt>
      <trkpt lat="23.38746249675750732421875" lon="113.24069981463253498077392578125">
        <ele>3.400000095367431640625</ele>
        <time>2025-03-21T14:17:30.000Z</time>
        <extensions>
          <ns3:TrackPointExtension>
            <ns3:cad>80</ns3:cad>
          </ns3:TrackPointExtension>
        </extensions>
      </trkpt>
      <trkpt lat="23.3875267021358013153076171875" lon="113.2405610941350460052490234375">
        <ele>2</ele>
        <time>2025-03-21T14:17:40.000Z</time>
        <extensions>
          <ns3:TrackPointExtension>
            <ns3:cad>80</ns3:cad>
          </ns3:TrackPointExtension>
        </extensions>
      </trkpt>
      <trkpt lat="23.38745268993079662322998046875" lon="113.240373842418193817138671875">
        <ele>0.20000000298023223876953125</ele>
        <time>2025-03-21T14:17:55.000Z</time>
        <extensions>
          <ns3:TrackPointExtension>
            <ns3:cad>61</ns3:cad>
          </ns3:TrackPointExtension>
        </extensions>
      </trkpt>
      <trkpt lat="23.38740021921694278717041015625" lon="113.2401862554252147674560546875">
        <ele>-0.60000002384185791015625</ele>
        <time>2025-03-21T14:18:05.000Z</time>
        <extensions>
          <ns3:TrackPointExtension>
            <ns3:cad>81</ns3:cad>
          </ns3:TrackPointExtension>
        </extensions>
      </trkpt>
      <trkpt lat="23.38735009543597698211669921875" lon="113.239990957081317901611328125">
        <ele>1.39999997615814208984375</ele>
        <time>2025-03-21T14:18:13.000Z</time>
        <extensions>
          <ns3:TrackPointExtension>
            <ns3:cad>83</ns3:cad>
          </ns3:TrackPointExtension>
        </extensions>
      </trkpt>
      <trkpt lat="23.38730986230075359344482421875" lon="113.23978652246296405792236328125">
        <ele>2.599999904632568359375</ele>
        <time>2025-03-21T14:18:21.000Z</time>
        <extensions>
          <ns3:TrackPointExtension>
            <ns3:cad>83</ns3:cad>
          </ns3:TrackPointExtension>
        </extensions>
      </trkpt>
      <trkpt lat="23.38727407157421112060546875" lon="113.23957043699920177459716796875">
        <ele>2.7999999523162841796875</ele>
        <time>2025-03-21T14:18:29.000Z</time>
        <extensions>
          <ns3:TrackPointExtension>
            <ns3:cad>84</ns3:cad>
          </ns3:TrackPointExtension>
        </extensions>
      </trkpt>
      <trkpt lat="23.38723811320960521697998046875" lon="113.23936189524829387664794921875">
        <ele>2.7999999523162841796875</ele>
        <time>2025-03-21T14:18:37.000Z</time>
        <extensions>
          <ns3:TrackPointExtension>
            <ns3:cad>83</ns3:cad>
          </ns3:TrackPointExtension>
        </extensions>
      </trkpt>
      <trkpt lat="23.3872091956436634063720703125" lon="113.23916039429605007171630859375">
        <ele>-0.800000011920928955078125</ele>
        <time>2025-03-21T14:18:45.000Z</time>
        <extensions>
          <ns3:TrackPointExtension>
            <ns3:cad>85</ns3:cad>
          </ns3:TrackPointExtension>
        </extensions>
      </trkpt>
      <trkpt lat="23.3871867321431636810302734375" lon="113.23894481174647808074951171875">
        <ele>-2</ele>
        <time>2025-03-21T14:18:53.000Z</time>
        <extensions>
          <ns3:TrackPointExtension>
            <ns3:cad>82</ns3:cad>
          </ns3:TrackPointExtension>
        </extensions>
      </trkpt>
      <trkpt lat="23.38716544210910797119140625" lon="113.238736689090728759765625">
        <ele>-0.60000002384185791015625</ele>
        <time>2025-03-21T14:19:02.000Z</time>
        <extensions>
          <ns3:TrackPointExtension>
            <ns3:cad>81</ns3:cad>
          </ns3:TrackPointExtension>
        </extensions>
      </trkpt>
      <trkpt lat="23.38714934885501861572265625" lon="113.23852973990142345428466796875">
        <ele>2.2000000476837158203125</ele>
        <time>2025-03-21T14:19:09.000Z</time>
        <extensions>
          <ns3:TrackPointExtension>
            <ns3:cad>83</ns3:cad>
          </ns3:TrackPointExtension>
        </extensions>
      </trkpt>
      <trkpt lat="23.38714205659925937652587890625" lon="113.2383261434733867645263671875">
        <ele>4.80000019073486328125</ele>
        <time>2025-03-21T14:19:17.000Z</time>
        <extensions>
          <ns3:TrackPointExtension>
            <ns3:cad>82</ns3:cad>
          </ns3:TrackPointExtension>
        </extensions>
      </trkpt>
      <trkpt lat="23.387124873697757720947265625" lon="113.23812154121696949005126953125">
        <ele>5.80000019073486328125</ele>
        <time>2025-03-21T14:19:26.000Z</time>
        <extensions>
          <ns3:TrackPointExtension>
            <ns3:cad>82</ns3:cad>
          </ns3:TrackPointExtension>
        </extensions>
      </trkpt>
      <trkpt lat="23.38711674325168132781982421875" lon="113.2379137538373470306396484375">
        <ele>7</ele>
        <time>2025-03-21T14:19:36.000Z</time>
        <extensions>
          <ns3:TrackPointExtension>
            <ns3:cad>83</ns3:cad>
          </ns3:TrackPointExtension>
        </extensions>
      </trkpt>
      <trkpt lat="23.3870750851929187774658203125" lon="113.23769238777458667755126953125">
        <ele>7</ele>
        <time>2025-03-21T14:19:44.000Z</time>
        <extensions>
          <ns3:TrackPointExtension>
            <ns3:cad>82</ns3:cad>
          </ns3:TrackPointExtension>
        </extensions>
      </trkpt>
      <trkpt lat="23.387068547308444976806640625" lon="113.2374923117458820343017578125">
        <ele>8.19999980926513671875</ele>
        <time>2025-03-21T14:19:59.000Z</time>
        <extensions>
          <ns3:TrackPointExtension>
            <ns3:cad>61</ns3:cad>
          </ns3:TrackPointExtension>
        </extensions>
      </trkpt>
      <trkpt lat="23.38707081042230129241943359375" lon="113.23727748356759548187255859375">
        <ele>8.6000003814697265625</ele>
        <time>2025-03-21T14:20:11.000Z</time>
        <extensions>
          <ns3:TrackPointExtension>
            <ns3:cad>79</ns3:cad>
          </ns3:TrackPointExtension>
        </extensions>
      </trkpt>
      <trkpt lat="23.3870864845812320709228515625" lon="113.23706709779798984527587890625">
        <ele>9.19999980926513671875</ele>
        <time>2025-03-21T14:20:21.000Z</time>
        <extensions>
          <ns3:TrackPointExtension>
            <ns3:cad>81</ns3:cad>
          </ns3:TrackPointExtension>
        </extensions>
      </trkpt>
      <trkpt lat="23.3871022425591945648193359375" lon="113.23687054216861724853515625">
        <ele>10</ele>
        <time>2025-03-21T14:20:30.000Z</time>
        <extensions>
          <ns3:TrackPointExtension>
            <ns3:cad>83</ns3:cad>
          </ns3:TrackPointExtension>
        </extensions>
      </trkpt>
      <trkpt lat="23.38712328113615512847900390625" lon="113.236695863306522369384765625">
        <ele>9.80000019073486328125</ele>
        <time>2025-03-21T14:20:39.000Z</time>
        <extensions>
          <ns3:TrackPointExtension>
            <ns3:cad>80</ns3:cad>
          </ns3:TrackPointExtension>
        </extensions>
      </trkpt>
      <trkpt lat="23.387144319713115692138671875" lon="113.236556388437747955322265625">
        <ele>8.3999996185302734375</ele>
        <time>2025-03-21T14:20:45.000Z</time>
        <extensions>
          <ns3:TrackPointExtension>
            <ns3:cad>81</ns3:cad>
          </ns3:TrackPointExtension>
        </extensions>
      </trkpt>
      <trkpt lat="23.3871585689485073089599609375" lon="113.23635916225612163543701171875">
        <ele>6.80000019073486328125</ele>
        <time>2025-03-21T14:20:54.000Z</time>
        <extensions>
          <ns3:TrackPointExtension>
            <ns3:cad>82</ns3:cad>
          </ns3:TrackPointExtension>
        </extensions>
      </trkpt>
      <trkpt lat="23.3871686272323131561279296875" lon="113.2361559011042118072509765625">
        <ele>5</ele>
        <time>2025-03-21T14:21:03.000Z</time>
        <extensions>
          <ns3:TrackPointExtension>
            <ns3:cad>81</ns3:cad>
          </ns3:TrackPointExtension>
        </extensions>
      </trkpt>
      <trkpt lat="23.3871917612850666046142578125" lon="113.2359483651816844940185546875">
        <ele>3.599999904632568359375</ele>
        <time>2025-03-21T14:21:12.000Z</time>
        <extensions>
          <ns3:TrackPointExtension>
            <ns3:cad>81</ns3:cad>
          </ns3:TrackPointExtension>
        </extensions>
      </trkpt>
      <trkpt lat="23.38722118176519870758056640625" lon="113.23575206100940704345703125">
        <ele>3.2000000476837158203125</ele>
        <time>2025-03-21T14:21:20.000Z</time>
        <extensions>
          <ns3:TrackPointExtension>
            <ns3:cad>82</ns3:cad>
          </ns3:TrackPointExtension>
        </extensions>
      </trkpt>
      <trkpt lat="23.38726996444165706634521484375" lon="113.2355262525379657745361328125">
        <ele>2.7999999523162841796875</ele>
        <time>2025-03-21T14:21:30.000Z</time>
        <extensions>
          <ns3:TrackPointExtension>
            <ns3:cad>82</ns3:cad>
          </ns3:TrackPointExtension>
        </extensions>
      </trkpt>
      <trkpt lat="23.387293852865695953369140625" lon="113.2353173755109310150146484375">
        <ele>2.2000000476837158203125</ele>
        <time>2025-03-21T14:21:41.000Z</time>
        <extensions>
          <ns3:TrackPointExtension>
            <ns3:cad>82</ns3:cad>
          </ns3:TrackPointExtension>
        </extensions>
      </trkpt>
      <trkpt lat="23.387324698269367218017578125" lon="113.23511696420609951019287109375">
        <ele>2.400000095367431640625</ele>
        <time>2025-03-21T14:21:51.000Z</time>
        <extensions>
          <ns3:TrackPointExtension>
            <ns3:cad>82</ns3:cad>
          </ns3:TrackPointExtension>
        </extensions>
      </trkpt>
      <trkpt lat="23.3873617462813854217529296875" lon="113.2349130325019359588623046875">
        <ele>0.20000000298023223876953125</ele>
        <time>2025-03-21T14:22:00.000Z</time>
        <extensions>
          <ns3:TrackPointExtension>
            <ns3:cad>82</ns3:cad>
          </ns3:TrackPointExtension>
        </extensions>
      </trkpt>
      <trkpt lat="23.3873895741999149322509765625" lon="113.2347236014902591705322265625">
        <ele>-0.800000011920928955078125</ele>
        <time>2025-03-21T14:22:09.000Z</time>
        <extensions>
          <ns3:TrackPointExtension>
            <ns3:cad>83</ns3:cad>
          </ns3:TrackPointExtension>
        </extensions>
      </trkpt>
      <trkpt lat="23.387436009943485260009765625" lon="113.234472982585430145263671875">
        <ele>4</ele>
        <time>2025-03-21T14:22:18.000Z</time>
        <extensions>
          <ns3:TrackPointExtension>
            <ns3:cad>82</ns3:cad>
          </ns3:TrackPointExtension>
        </extensions>
      </trkpt>
      <trkpt lat="23.38747045956552028656005859375" lon="113.234259076416492462158203125">
        <ele>7.80000019073486328125</ele>
        <time>2025-03-21T14:22:28.000Z</time>
        <extensions>
          <ns3:TrackPointExtension>
            <ns3:cad>83</ns3:cad>
          </ns3:TrackPointExtension>
        </extensions>
      </trkpt>
      <trkpt lat="23.38748353533446788787841796875" lon="113.23405682109296321868896484375">
        <ele>9</ele>
        <time>2025-03-21T14:22:35.000Z</time>
        <extensions>
          <ns3:TrackPointExtension>
            <ns3:cad>83</ns3:cad>
          </ns3:TrackPointExtension>
        </extensions>
      </trkpt>
      <trkpt lat="23.38753567077219486236572265625" lon="113.23384945280849933624267578125">
        <ele>8.19999980926513671875</ele>
        <time>2025-03-21T14:22:45.000Z</time>
        <extensions>
          <ns3:TrackPointExtension>
            <ns3:cad>83</ns3:cad>
          </ns3:TrackPointExtension>
        </extensions>
      </trkpt>
      <trkpt lat="23.38751555420458316802978515625" lon="113.2336658053100109100341796875">
        <ele>7.400000095367431640625</ele>
        <time>2025-03-21T14:22:54.000Z</time>
        <extensions>
          <ns3:TrackPointExtension>
            <ns3:cad>82</ns3:cad>
          </ns3:TrackPointExtension>
        </extensions>
      </trkpt>
      <trkpt lat="23.3873536996543407440185546875" lon="113.23355860076844692230224609375">
        <ele>6.599999904632568359375</ele>
        <time>2025-03-21T14:23:02.000Z</time>
        <extensions>
          <ns3:TrackPointExtension>
            <ns3:cad>82</ns3:cad>
          </ns3:TrackPointExtension>
        </extensions>
      </trkpt>
      <trkpt lat="23.38716317899525165557861328125" lon="113.2335420884191989898681640625">
        <ele>5.400000095367431640625</ele>
        <time>2025-03-21T14:23:10.000Z</time>
        <extensions>
          <ns3:TrackPointExtension>
            <ns3:cad>82</ns3:cad>
          </ns3:TrackPointExtension>
        </extensions>
      </trkpt>
      <trkpt lat="23.38698598556220531463623046875" lon="113.233510069549083709716796875">
        <ele>1.60000002384185791015625</ele>
        <time>2025-03-21T14:23:18.000Z</time>
        <extensions>
          <ns3:TrackPointExtension>
            <ns3:cad>82</ns3:cad>
          </ns3:TrackPointExtension>
        </extensions>
      </trkpt>
      <trkpt lat="23.38694709353148937225341796875" lon="113.23330630548298358917236328125">
        <ele>0.800000011920928955078125</ele>
        <time>2025-03-21T14:23:27.000Z</time>
        <extensions>
          <ns3:TrackPointExtension>
            <ns3:cad>81</ns3:cad>
          </ns3:TrackPointExtension>
        </extensions>
      </trkpt>
      <trkpt lat="23.38699101470410823822021484375" lon="113.23309667408466339111328125">
        <ele>2.599999904632568359375</ele>
        <time>2025-03-21T14:23:36.000Z</time>
        <extensions>
          <ns3:TrackPointExtension>
            <ns3:cad>81</ns3:cad>
          </ns3:TrackPointExtension>
        </extensions>
      </trkpt>
      <trkpt lat="23.38708095252513885498046875" lon="113.23291017673909664154052734375">
        <ele>3.2000000476837158203125</ele>
        <time>2025-03-21T14:23:45.000Z</time>
        <extensions>
          <ns3:TrackPointExtension>
            <ns3:cad>81</ns3:cad>
          </ns3:TrackPointExtension>
        </extensions>
      </trkpt>
      <trkpt lat="23.38711582124233245849609375" lon="113.232703395187854766845703125">
        <ele>5.19999980926513671875</ele>
        <time>2025-03-21T14:23:56.000Z</time>
        <extensions>
          <ns3:TrackPointExtension>
            <ns3:cad>83</ns3:cad>
          </ns3:TrackPointExtension>
        </extensions>
      </trkpt>
      <trkpt lat="23.3871438167989253997802734375" lon="113.232490159571170806884765625">
        <ele>6.599999904632568359375</ele>
        <time>2025-03-21T14:24:08.000Z</time>
        <extensions>
          <ns3:TrackPointExtension>
            <ns3:cad>82</ns3:cad>
          </ns3:TrackPointExtension>
        </extensions>
      </trkpt>
      <trkpt lat="23.38724833913147449493408203125" lon="113.232304416596889495849609375">
        <ele>5.400000095367431640625</ele>
        <time>2025-03-21T14:24:16.000Z</time>
        <extensions>
          <ns3:TrackPointExtension>
            <ns3:cad>81</ns3:cad>
          </ns3:TrackPointExtension>
        </extensions>
      </trkpt>
      <trkpt lat="23.3874029852449893951416015625" lon="113.23216603137552738189697265625">
        <ele>3.7999999523162841796875</ele>
        <time>2025-03-21T14:24:25.000Z</time>
        <extensions>
          <ns3:TrackPointExtension>
            <ns3:cad>83</ns3:cad>
          </ns3:TrackPointExtension>
        </extensions>
      </trkpt>
      <trkpt lat="23.38755972683429718017578125" lon="113.2320571504533290863037109375">
        <ele>3.599999904632568359375</ele>
        <time>2025-03-21T14:24:36.000Z</time>
        <extensions>
          <ns3:TrackPointExtension>
            <ns3:cad>81</ns3:cad>
          </ns3:TrackPointExtension>
        </extensions>
      </trkpt>
      <trkpt lat="23.38761094026267528533935546875" lon="113.2319907657802104949951171875">
        <ele>4</ele>
        <time>2025-03-21T14:24:45.000Z</time>
        <extensions>
          <ns3:TrackPointExtension>
            <ns3:cad>61</ns3:cad>
          </ns3:TrackPointExtension>
        </extensions>
      </trkpt>
      <trkpt lat="23.3876239322125911712646484375" lon="113.23194692842662334442138671875">
        <ele>3.7999999523162841796875</ele>
        <time>2025-03-21T14:24:49.000Z</time>
        <extensions>
          <ns3:TrackPointExtension>
            <ns3:cad>61</ns3:cad>
          </ns3:TrackPointExtension>
        </extensions>
      </trkpt>
      <trkpt lat="23.3876225911080837249755859375" lon="113.2318539731204509735107421875">
        <ele>3.7999999523162841796875</ele>
        <time>2025-03-21T14:24:58.000Z</time>
        <extensions>
          <ns3:TrackPointExtension>
            <ns3:cad>68</ns3:cad>
          </ns3:TrackPointExtension>
        </extensions>
      </trkpt>
      <trkpt lat="23.3876220881938934326171875" lon="113.2317857444286346435546875">
        <ele>3.599999904632568359375</ele>
        <time>2025-03-21T14:25:05.000Z</time>
        <extensions>
          <ns3:TrackPointExtension>
            <ns3:cad>61</ns3:cad>
          </ns3:TrackPointExtension>
        </extensions>
      </trkpt>
      <trkpt lat="23.3876691944897174835205078125" lon="113.23159153573215007781982421875">
        <ele>4</ele>
        <time>2025-03-21T14:25:17.000Z</time>
        <extensions>
          <ns3:TrackPointExtension>
            <ns3:cad>83</ns3:cad>
          </ns3:TrackPointExtension>
        </extensions>
      </trkpt>
      <trkpt lat="23.387716300785541534423828125" lon="113.2313933037221431732177734375">
        <ele>3.2000000476837158203125</ele>
        <time>2025-03-21T14:25:23.000Z</time>
        <extensions>
          <ns3:TrackPointExtension>
            <ns3:cad>78</ns3:cad>
          </ns3:TrackPointExtension>
        </extensions>
      </trkpt>
      <trkpt lat="23.3877991139888763427734375" lon="113.23119943030178546905517578125">
        <ele>2.599999904632568359375</ele>
        <time>2025-03-21T14:25:34.000Z</time>
        <extensions>
          <ns3:TrackPointExtension>
            <ns3:cad>79</ns3:cad>
          </ns3:TrackPointExtension>
        </extensions>
      </trkpt>
      <trkpt lat="23.38787379674613475799560546875" lon="113.23100589215755462646484375">
        <ele>1.60000002384185791015625</ele>
        <time>2025-03-21T14:25:46.000Z</time>
        <extensions>
          <ns3:TrackPointExtension>
            <ns3:cad>60</ns3:cad>
          </ns3:TrackPointExtension>
        </extensions>
      </trkpt>
      <trkpt lat="23.387910090386867523193359375" lon="113.23080598376691341400146484375">
        <ele>1.7999999523162841796875</ele>
        <time>2025-03-21T14:26:00.000Z</time>
        <extensions>
          <ns3:TrackPointExtension>
            <ns3:cad>0</ns3:cad>
          </ns3:TrackPointExtension>
        </extensions>
      </trkpt>
      <trkpt lat="23.38795543648302555084228515625" lon="113.230605237185955047607421875">
        <ele>2</ele>
        <time>2025-03-21T14:26:14.000Z</time>
        <extensions>
          <ns3:TrackPointExtension>
            <ns3:cad>61</ns3:cad>
          </ns3:TrackPointExtension>
        </extensions>
      </trkpt>
      <trkpt lat="23.3879887126386165618896484375" lon="113.23039376176893711090087890625">
        <ele>2.400000095367431640625</ele>
        <time>2025-03-21T14:26:29.000Z</time>
        <extensions>
          <ns3:TrackPointExtension>
            <ns3:cad>61</ns3:cad>
          </ns3:TrackPointExtension>
        </extensions>
      </trkpt>
      <trkpt lat="23.3880366571247577667236328125" lon="113.230201900005340576171875">
        <ele>3</ele>
        <time>2025-03-21T14:26:39.000Z</time>
        <extensions>
          <ns3:TrackPointExtension>
            <ns3:cad>81</ns3:cad>
          </ns3:TrackPointExtension>
        </extensions>
      </trkpt>
      <trkpt lat="23.38804210536181926727294921875" lon="113.229977600276470184326171875">
        <ele>5.400000095367431640625</ele>
        <time>2025-03-21T14:26:49.000Z</time>
        <extensions>
          <ns3:TrackPointExtension>
            <ns3:cad>82</ns3:cad>
          </ns3:TrackPointExtension>
        </extensions>
      </trkpt>
      <trkpt lat="23.38802383281290531158447265625" lon="113.2297678850591182708740234375">
        <ele>7.19999980926513671875</ele>
        <time>2025-03-21T14:26:58.000Z</time>
        <extensions>
          <ns3:TrackPointExtension>
            <ns3:cad>81</ns3:cad>
          </ns3:TrackPointExtension>
        </extensions>
      </trkpt>
      <trkpt lat="23.38795543648302555084228515625" lon="113.22956445626914501190185546875">
        <ele>7.80000019073486328125</ele>
        <time>2025-03-21T14:27:08.000Z</time>
        <extensions>
          <ns3:TrackPointExtension>
            <ns3:cad>81</ns3:cad>
          </ns3:TrackPointExtension>
        </extensions>
      </trkpt>
      <trkpt lat="23.387895338237285614013671875" lon="113.229365050792694091796875">
        <ele>7</ele>
        <time>2025-03-21T14:27:16.000Z</time>
        <extensions>
          <ns3:TrackPointExtension>
            <ns3:cad>82</ns3:cad>
          </ns3:TrackPointExtension>
        </extensions>
      </trkpt>
      <trkpt lat="23.38786407373845577239990234375" lon="113.2291657291352748870849609375">
        <ele>5.19999980926513671875</ele>
        <time>2025-03-21T14:27:25.000Z</time>
        <extensions>
          <ns3:TrackPointExtension>
            <ns3:cad>82</ns3:cad>
          </ns3:TrackPointExtension>
        </extensions>
      </trkpt>
      <trkpt lat="23.38787614367902278900146484375" lon="113.22895341552793979644775390625">
        <ele>2</ele>
        <time>2025-03-21T14:27:34.000Z</time>
        <extensions>
          <ns3:TrackPointExtension>
            <ns3:cad>83</ns3:cad>
          </ns3:TrackPointExtension>
        </extensions>
      </trkpt>
      <trkpt lat="23.38786415755748748779296875" lon="113.2287506572902202606201171875">
        <ele>-3</ele>
        <time>2025-03-21T14:27:42.000Z</time>
        <extensions>
          <ns3:TrackPointExtension>
            <ns3:cad>82</ns3:cad>
          </ns3:TrackPointExtension>
        </extensions>
      </trkpt>
      <trkpt lat="23.387828953564167022705078125" lon="113.22853649966418743133544921875">
        <ele>-10.19999980926513671875</ele>
        <time>2025-03-21T14:27:51.000Z</time>
        <extensions>
          <ns3:TrackPointExtension>
            <ns3:cad>82</ns3:cad>
          </ns3:TrackPointExtension>
        </extensions>
      </trkpt>
      <trkpt lat="23.3878800831735134124755859375" lon="113.22833851911127567291259765625">
        <ele>-17.6000003814697265625</ele>
        <time>2025-03-21T14:27:57.000Z</time>
        <extensions>
          <ns3:TrackPointExtension>
            <ns3:cad>82</ns3:cad>
          </ns3:TrackPointExtension>
        </extensions>
      </trkpt>
      <trkpt lat="23.38791780173778533935546875" lon="113.22812729515135288238525390625">
        <ele>-18.6000003814697265625</ele>
        <time>2025-03-21T14:28:06.000Z</time>
        <extensions>
          <ns3:TrackPointExtension>
            <ns3:cad>82</ns3:cad>
          </ns3:TrackPointExtension>
        </extensions>
      </trkpt>
      <trkpt lat="23.3879635669291019439697265625" lon="113.2279168255627155303955078125">
        <ele>-17</ele>
        <time>2025-03-21T14:28:14.000Z</time>
        <extensions>
          <ns3:TrackPointExtension>
            <ns3:cad>81</ns3:cad>
          </ns3:TrackPointExtension>
        </extensions>
      </trkpt>
      <trkpt lat="23.3880001120269298553466796875" lon="113.22770543396472930908203125">
        <ele>-15.19999980926513671875</ele>
        <time>2025-03-21T14:28:25.000Z</time>
        <extensions>
          <ns3:TrackPointExtension>
            <ns3:cad>84</ns3:cad>
          </ns3:TrackPointExtension>
        </extensions>
      </trkpt>
      <trkpt lat="23.3880031295120716094970703125" lon="113.22764282114803791046142578125">
        <ele>-15.6000003814697265625</ele>
        <time>2025-03-21T14:28:28.000Z</time>
        <extensions>
          <ns3:TrackPointExtension>
            <ns3:cad>84</ns3:cad>
          </ns3:TrackPointExtension>
        </extensions>
      </trkpt>
      <trkpt lat="23.387996591627597808837890625" lon="113.22760057635605335235595703125">
        <ele>-16.200000762939453125</ele>
        <time>2025-03-21T14:28:31.000Z</time>
        <extensions>
          <ns3:TrackPointExtension>
            <ns3:cad>84</ns3:cad>
          </ns3:TrackPointExtension>
        </extensions>
      </trkpt>
      <trkpt lat="23.38804914616048336029052734375" lon="113.227388598024845123291015625">
        <ele>-10.6000003814697265625</ele>
        <time>2025-03-21T14:28:40.000Z</time>
        <extensions>
          <ns3:TrackPointExtension>
            <ns3:cad>83</ns3:cad>
          </ns3:TrackPointExtension>
        </extensions>
      </trkpt>
      <trkpt lat="23.38813145644962787628173828125" lon="113.227208890020847320556640625">
        <ele>3.400000095367431640625</ele>
        <time>2025-03-21T14:28:47.000Z</time>
        <extensions>
          <ns3:TrackPointExtension>
            <ns3:cad>82</ns3:cad>
          </ns3:TrackPointExtension>
        </extensions>
      </trkpt>
      <trkpt lat="23.38819264434278011322021484375" lon="113.227027840912342071533203125">
        <ele>13.19999980926513671875</ele>
        <time>2025-03-21T14:28:59.000Z</time>
        <extensions>
          <ns3:TrackPointExtension>
            <ns3:cad>61</ns3:cad>
          </ns3:TrackPointExtension>
        </extensions>
      </trkpt>
      <trkpt lat="23.38819717057049274444580078125" lon="113.22699624113738536834716796875">
        <ele>13.3999996185302734375</ele>
        <time>2025-03-21T14:29:02.000Z</time>
        <extensions>
          <ns3:TrackPointExtension>
            <ns3:cad>61</ns3:cad>
          </ns3:TrackPointExtension>
        </extensions>
      </trkpt>
      <trkpt lat="23.38815291412174701690673828125" lon="113.226805217564105987548828125">
        <ele>12</ele>
        <time>2025-03-21T14:29:15.000Z</time>
        <extensions>
          <ns3:TrackPointExtension>
            <ns3:cad>61</ns3:cad>
          </ns3:TrackPointExtension>
        </extensions>
      </trkpt>
      <trkpt lat="23.3881244994699954986572265625" lon="113.22672030888497829437255859375">
        <ele>9.80000019073486328125</ele>
        <time>2025-03-21T14:29:21.000Z</time>
        <extensions>
          <ns3:TrackPointExtension>
            <ns3:cad>61</ns3:cad>
          </ns3:TrackPointExtension>
        </extensions>
      </trkpt>
      <trkpt lat="23.38808409869670867919921875" lon="113.226662389934062957763671875">
        <ele>8.19999980926513671875</ele>
        <time>2025-03-21T14:29:24.000Z</time>
        <extensions>
          <ns3:TrackPointExtension>
            <ns3:cad>61</ns3:cad>
          </ns3:TrackPointExtension>
        </extensions>
      </trkpt>
      <trkpt lat="23.3879622258245944976806640625" lon="113.22651176713407039642333984375">
        <ele>4.80000019073486328125</ele>
        <time>2025-03-21T14:29:36.000Z</time>
        <extensions>
          <ns3:TrackPointExtension>
            <ns3:cad>61</ns3:cad>
          </ns3:TrackPointExtension>
        </extensions>
      </trkpt>
      <trkpt lat="23.3878096751868724822998046875" lon="113.22637061588466167449951171875">
        <ele>2.2000000476837158203125</ele>
        <time>2025-03-21T14:29:47.000Z</time>
        <extensions>
          <ns3:TrackPointExtension>
            <ns3:cad>81</ns3:cad>
          </ns3:TrackPointExtension>
        </extensions>
      </trkpt>
      <trkpt lat="23.3876782469451427459716796875" lon="113.2262094318866729736328125">
        <ele>0.800000011920928955078125</ele>
        <time>2025-03-21T14:29:56.000Z</time>
        <extensions>
          <ns3:TrackPointExtension>
            <ns3:cad>83</ns3:cad>
          </ns3:TrackPointExtension>
        </extensions>
      </trkpt>
      <trkpt lat="23.38755042292177677154541015625" lon="113.2260577194392681121826171875">
        <ele>0</ele>
        <time>2025-03-21T14:30:05.000Z</time>
        <extensions>
          <ns3:TrackPointExtension>
            <ns3:cad>82</ns3:cad>
          </ns3:TrackPointExtension>
        </extensions>
      </trkpt>
      <trkpt lat="23.38743609376251697540283203125" lon="113.22589267976582050323486328125">
        <ele>-0.20000000298023223876953125</ele>
        <time>2025-03-21T14:30:15.000Z</time>
        <extensions>
          <ns3:TrackPointExtension>
            <ns3:cad>82</ns3:cad>
          </ns3:TrackPointExtension>
        </extensions>
      </trkpt>
      <trkpt lat="23.387277424335479736328125" lon="113.225755132734775543212890625">
        <ele>-0.4000000059604644775390625</ele>
        <time>2025-03-21T14:30:25.000Z</time>
        <extensions>
          <ns3:TrackPointExtension>
            <ns3:cad>82</ns3:cad>
          </ns3:TrackPointExtension>
        </extensions>
      </trkpt>
      <trkpt lat="23.38711137883365154266357421875" lon="113.22564273141324520111083984375">
        <ele>-0.20000000298023223876953125</ele>
        <time>2025-03-21T14:30:34.000Z</time>
        <extensions>
          <ns3:TrackPointExtension>
            <ns3:cad>82</ns3:cad>
          </ns3:TrackPointExtension>
        </extensions>
      </trkpt>
      <trkpt lat="23.38696100749075412750244140625" lon="113.22551415301859378814697265625">
        <ele>0.800000011920928955078125</ele>
        <time>2025-03-21T14:30:42.000Z</time>
        <extensions>
          <ns3:TrackPointExtension>
            <ns3:cad>82</ns3:cad>
          </ns3:TrackPointExtension>
        </extensions>
      </trkpt>
      <trkpt lat="23.3868108876049518585205078125" lon="113.2253875024616718292236328125">
        <ele>1.60000002384185791015625</ele>
        <time>2025-03-21T14:30:50.000Z</time>
        <extensions>
          <ns3:TrackPointExtension>
            <ns3:cad>81</ns3:cad>
          </ns3:TrackPointExtension>
        </extensions>
      </trkpt>
      <trkpt lat="23.38666110299527645111083984375" lon="113.22524584829807281494140625">
        <ele>2.599999904632568359375</ele>
        <time>2025-03-21T14:30:58.000Z</time>
        <extensions>
          <ns3:TrackPointExtension>
            <ns3:cad>82</ns3:cad>
          </ns3:TrackPointExtension>
        </extensions>
      </trkpt>
      <trkpt lat="23.38657426647841930389404296875" lon="113.225177116692066192626953125">
        <ele>3.400000095367431640625</ele>
        <time>2025-03-21T14:31:03.000Z</time>
        <extensions>
          <ns3:TrackPointExtension>
            <ns3:cad>80</ns3:cad>
          </ns3:TrackPointExtension>
        </extensions>
      </trkpt>
      <trkpt lat="23.38655079714953899383544921875" lon="113.22519899345934391021728515625">
        <ele>3</ele>
        <time>2025-03-21T14:31:06.000Z</time>
        <extensions>
          <ns3:TrackPointExtension>
            <ns3:cad>80</ns3:cad>
          </ns3:TrackPointExtension>
        </extensions>
      </trkpt>
      <trkpt lat="23.38670301251113414764404296875" lon="113.22532438673079013824462890625">
        <ele>2.2000000476837158203125</ele>
        <time>2025-03-21T14:31:17.000Z</time>
        <extensions>
          <ns3:TrackPointExtension>
            <ns3:cad>82</ns3:cad>
          </ns3:TrackPointExtension>
        </extensions>
      </trkpt>
      <trkpt lat="23.38685321621596813201904296875" lon="113.225461430847644805908203125">
        <ele>1.2000000476837158203125</ele>
        <time>2025-03-21T14:31:27.000Z</time>
        <extensions>
          <ns3:TrackPointExtension>
            <ns3:cad>81</ns3:cad>
          </ns3:TrackPointExtension>
        </extensions>
      </trkpt>
      <trkpt lat="23.387011550366878509521484375" lon="113.22559185326099395751953125">
        <ele>0.20000000298023223876953125</ele>
        <time>2025-03-21T14:31:37.000Z</time>
        <extensions>
          <ns3:TrackPointExtension>
            <ns3:cad>82</ns3:cad>
          </ns3:TrackPointExtension>
        </extensions>
      </trkpt>
      <trkpt lat="23.38717625476419925689697265625" lon="113.22569771669805049896240234375">
        <ele>-0.60000002384185791015625</ele>
        <time>2025-03-21T14:31:47.000Z</time>
        <extensions>
          <ns3:TrackPointExtension>
            <ns3:cad>81</ns3:cad>
          </ns3:TrackPointExtension>
        </extensions>
      </trkpt>
      <trkpt lat="23.3873389475047588348388671875" lon="113.22582914493978023529052734375">
        <ele>-0.4000000059604644775390625</ele>
        <time>2025-03-21T14:31:57.000Z</time>
        <extensions>
          <ns3:TrackPointExtension>
            <ns3:cad>82</ns3:cad>
          </ns3:TrackPointExtension>
        </extensions>
      </trkpt>
      <trkpt lat="23.3874583058059215545654296875" lon="113.225991837680339813232421875">
        <ele>-0.800000011920928955078125</ele>
        <time>2025-03-21T14:32:08.000Z</time>
        <extensions>
          <ns3:TrackPointExtension>
            <ns3:cad>82</ns3:cad>
          </ns3:TrackPointExtension>
        </extensions>
      </trkpt>
      <trkpt lat="23.3875857107341289520263671875" lon="113.226158134639263153076171875">
        <ele>-0.20000000298023223876953125</ele>
        <time>2025-03-21T14:32:17.000Z</time>
        <extensions>
          <ns3:TrackPointExtension>
            <ns3:cad>83</ns3:cad>
          </ns3:TrackPointExtension>
        </extensions>
      </trkpt>
      <trkpt lat="23.38774153031408786773681640625" lon="113.22630071081221103668212890625">
        <ele>1</ele>
        <time>2025-03-21T14:32:26.000Z</time>
        <extensions>
          <ns3:TrackPointExtension>
            <ns3:cad>83</ns3:cad>
          </ns3:TrackPointExtension>
        </extensions>
      </trkpt>
      <trkpt lat="23.3878790773451328277587890625" lon="113.22646281681954860687255859375">
        <ele>3.400000095367431640625</ele>
        <time>2025-03-21T14:32:35.000Z</time>
        <extensions>
          <ns3:TrackPointExtension>
            <ns3:cad>82</ns3:cad>
          </ns3:TrackPointExtension>
        </extensions>
      </trkpt>
      <trkpt lat="23.3879726193845272064208984375" lon="113.22666565887629985809326171875">
        <ele>6.80000019073486328125</ele>
        <time>2025-03-21T14:32:44.000Z</time>
        <extensions>
          <ns3:TrackPointExtension>
            <ns3:cad>81</ns3:cad>
          </ns3:TrackPointExtension>
        </extensions>
      </trkpt>
      <trkpt lat="23.3880329690873622894287109375" lon="113.226874954998493194580078125">
        <ele>12</ele>
        <time>2025-03-21T14:32:53.000Z</time>
        <extensions>
          <ns3:TrackPointExtension>
            <ns3:cad>83</ns3:cad>
          </ns3:TrackPointExtension>
        </extensions>
      </trkpt>
      <trkpt lat="23.38804177008569240570068359375" lon="113.2270907051861286163330078125">
        <ele>3.2000000476837158203125</ele>
        <time>2025-03-21T14:33:01.000Z</time>
        <extensions>
          <ns3:TrackPointExtension>
            <ns3:cad>83</ns3:cad>
          </ns3:TrackPointExtension>
        </extensions>
      </trkpt>
      <trkpt lat="23.38805199600756168365478515625" lon="113.22730737738311290740966796875">
        <ele>-6.19999980926513671875</ele>
        <time>2025-03-21T14:33:10.000Z</time>
        <extensions>
          <ns3:TrackPointExtension>
            <ns3:cad>84</ns3:cad>
          </ns3:TrackPointExtension>
        </extensions>
      </trkpt>
      <trkpt lat="23.3880721963942050933837890625" lon="113.22741265408694744110107421875">
        <ele>-10.19999980926513671875</ele>
        <time>2025-03-21T14:33:13.000Z</time>
        <extensions>
          <ns3:TrackPointExtension>
            <ns3:cad>83</ns3:cad>
          </ns3:TrackPointExtension>
        </extensions>
      </trkpt>
      <trkpt lat="23.38805903680622577667236328125" lon="113.2276073656976222991943359375">
        <ele>-11.80000019073486328125</ele>
        <time>2025-03-21T14:33:24.000Z</time>
        <extensions>
          <ns3:TrackPointExtension>
            <ns3:cad>82</ns3:cad>
          </ns3:TrackPointExtension>
        </extensions>
      </trkpt>
      <trkpt lat="23.388059623539447784423828125" lon="113.2276251353323459625244140625">
        <ele>-11.80000019073486328125</ele>
        <time>2025-03-21T14:33:25.000Z</time>
        <extensions>
          <ns3:TrackPointExtension>
            <ns3:cad>82</ns3:cad>
          </ns3:TrackPointExtension>
        </extensions>
      </trkpt>
      <trkpt lat="23.388018719851970672607421875" lon="113.22782185859978199005126953125">
        <ele>-14.19999980926513671875</ele>
        <time>2025-03-21T14:33:34.000Z</time>
        <extensions>
          <ns3:TrackPointExtension>
            <ns3:cad>83</ns3:cad>
          </ns3:TrackPointExtension>
        </extensions>
      </trkpt>
      <trkpt lat="23.3879632316529750823974609375" lon="113.2280199229717254638671875">
        <ele>-17</ele>
        <time>2025-03-21T14:33:42.000Z</time>
        <extensions>
          <ns3:TrackPointExtension>
            <ns3:cad>83</ns3:cad>
          </ns3:TrackPointExtension>
        </extensions>
      </trkpt>
      <trkpt lat="23.387936912477016448974609375" lon="113.2282130420207977294921875">
        <ele>-16.799999237060546875</ele>
        <time>2025-03-21T14:33:51.000Z</time>
        <extensions>
          <ns3:TrackPointExtension>
            <ns3:cad>83</ns3:cad>
          </ns3:TrackPointExtension>
        </extensions>
      </trkpt>
      <trkpt lat="23.3879062347114086151123046875" lon="113.22844035923480987548828125">
        <ele>-13.3999996185302734375</ele>
        <time>2025-03-21T14:34:02.000Z</time>
        <extensions>
          <ns3:TrackPointExtension>
            <ns3:cad>83</ns3:cad>
          </ns3:TrackPointExtension>
        </extensions>
      </trkpt>
      <trkpt lat="23.3879126049578189849853515625" lon="113.22864177636802196502685546875">
        <ele>-5.400000095367431640625</ele>
        <time>2025-03-21T14:34:10.000Z</time>
        <extensions>
          <ns3:TrackPointExtension>
            <ns3:cad>83</ns3:cad>
          </ns3:TrackPointExtension>
        </extensions>
      </trkpt>
      <trkpt lat="23.3879246748983860015869140625" lon="113.2288576103746891021728515625">
        <ele>1</ele>
        <time>2025-03-21T14:34:19.000Z</time>
        <extensions>
          <ns3:TrackPointExtension>
            <ns3:cad>83</ns3:cad>
          </ns3:TrackPointExtension>
        </extensions>
      </trkpt>
      <trkpt lat="23.3879739604890346527099609375" lon="113.22906137444078922271728515625">
        <ele>5.599999904632568359375</ele>
        <time>2025-03-21T14:34:27.000Z</time>
        <extensions>
          <ns3:TrackPointExtension>
            <ns3:cad>83</ns3:cad>
          </ns3:TrackPointExtension>
        </extensions>
      </trkpt>
      <trkpt lat="23.38799030520021915435791015625" lon="113.22927653789520263671875">
        <ele>6.599999904632568359375</ele>
        <time>2025-03-21T14:34:35.000Z</time>
        <extensions>
          <ns3:TrackPointExtension>
            <ns3:cad>84</ns3:cad>
          </ns3:TrackPointExtension>
        </extensions>
      </trkpt>
      <trkpt lat="23.38798829354345798492431640625" lon="113.22950142435729503631591796875">
        <ele>7.400000095367431640625</ele>
        <time>2025-03-21T14:34:44.000Z</time>
        <extensions>
          <ns3:TrackPointExtension>
            <ns3:cad>82</ns3:cad>
          </ns3:TrackPointExtension>
        </extensions>
      </trkpt>
      <trkpt lat="23.387985862791538238525390625" lon="113.22970560751855373382568359375">
        <ele>7.400000095367431640625</ele>
        <time>2025-03-21T14:34:52.000Z</time>
        <extensions>
          <ns3:TrackPointExtension>
            <ns3:cad>82</ns3:cad>
          </ns3:TrackPointExtension>
        </extensions>
      </trkpt>
      <trkpt lat="23.38797840289771556854248046875" lon="113.22991196997463703155517578125">
        <ele>5.80000019073486328125</ele>
        <time>2025-03-21T14:35:02.000Z</time>
        <extensions>
          <ns3:TrackPointExtension>
            <ns3:cad>83</ns3:cad>
          </ns3:TrackPointExtension>
        </extensions>
      </trkpt>
      <trkpt lat="23.3879796601831912994384765625" lon="113.230130486190319061279296875">
        <ele>3.599999904632568359375</ele>
        <time>2025-03-21T14:35:10.000Z</time>
        <extensions>
          <ns3:TrackPointExtension>
            <ns3:cad>82</ns3:cad>
          </ns3:TrackPointExtension>
        </extensions>
      </trkpt>
      <trkpt lat="23.38795795105397701263427734375" lon="113.23033994995057582855224609375">
        <ele>2.599999904632568359375</ele>
        <time>2025-03-21T14:35:19.000Z</time>
        <extensions>
          <ns3:TrackPointExtension>
            <ns3:cad>83</ns3:cad>
          </ns3:TrackPointExtension>
        </extensions>
      </trkpt>
      <trkpt lat="23.38794596493244171142578125" lon="113.230540864169597625732421875">
        <ele>2.400000095367431640625</ele>
        <time>2025-03-21T14:35:27.000Z</time>
        <extensions>
          <ns3:TrackPointExtension>
            <ns3:cad>81</ns3:cad>
          </ns3:TrackPointExtension>
        </extensions>
      </trkpt>
      <trkpt lat="23.3878998644649982452392578125" lon="113.230759799480438232421875">
        <ele>1.7999999523162841796875</ele>
        <time>2025-03-21T14:35:36.000Z</time>
        <extensions>
          <ns3:TrackPointExtension>
            <ns3:cad>81</ns3:cad>
          </ns3:TrackPointExtension>
        </extensions>
      </trkpt>
      <trkpt lat="23.3878603018820285797119140625" lon="113.23095870204269886016845703125">
        <ele>1.7999999523162841796875</ele>
        <time>2025-03-21T14:35:45.000Z</time>
        <extensions>
          <ns3:TrackPointExtension>
            <ns3:cad>82</ns3:cad>
          </ns3:TrackPointExtension>
        </extensions>
      </trkpt>
      <trkpt lat="23.3878542669117450714111328125" lon="113.231000863015651702880859375">
        <ele>1.7999999523162841796875</ele>
        <time>2025-03-21T14:35:47.000Z</time>
        <extensions>
          <ns3:TrackPointExtension>
            <ns3:cad>82</ns3:cad>
          </ns3:TrackPointExtension>
        </extensions>
      </trkpt>
      <trkpt lat="23.38782585225999355316162109375" lon="113.23120228014886379241943359375">
        <ele>2.599999904632568359375</ele>
        <time>2025-03-21T14:35:57.000Z</time>
        <extensions>
          <ns3:TrackPointExtension>
            <ns3:cad>83</ns3:cad>
          </ns3:TrackPointExtension>
        </extensions>
      </trkpt>
      <trkpt lat="23.3877721242606639862060546875" lon="113.231403194367885589599609375">
        <ele>3.2000000476837158203125</ele>
        <time>2025-03-21T14:36:06.000Z</time>
        <extensions>
          <ns3:TrackPointExtension>
            <ns3:cad>81</ns3:cad>
          </ns3:TrackPointExtension>
        </extensions>
      </trkpt>
      <trkpt lat="23.38774672709405422210693359375" lon="113.23161064647138118743896484375">
        <ele>4</ele>
        <time>2025-03-21T14:36:15.000Z</time>
        <extensions>
          <ns3:TrackPointExtension>
            <ns3:cad>83</ns3:cad>
          </ns3:TrackPointExtension>
        </extensions>
      </trkpt>
      <trkpt lat="23.38770163245499134063720703125" lon="113.231814913451671600341796875">
        <ele>3.2000000476837158203125</ele>
        <time>2025-03-21T14:36:25.000Z</time>
        <extensions>
          <ns3:TrackPointExtension>
            <ns3:cad>83</ns3:cad>
          </ns3:TrackPointExtension>
        </extensions>
      </trkpt>
      <trkpt lat="23.38755461387336254119873046875" lon="113.2319783605635166168212890625">
        <ele>4.19999980926513671875</ele>
        <time>2025-03-21T14:36:31.000Z</time>
        <extensions>
          <ns3:TrackPointExtension>
            <ns3:cad>81</ns3:cad>
          </ns3:TrackPointExtension>
        </extensions>
      </trkpt>
      <trkpt lat="23.38740424253046512603759765625" lon="113.2320950366556644439697265625">
        <ele>3.599999904632568359375</ele>
        <time>2025-03-21T14:36:38.000Z</time>
        <extensions>
          <ns3:TrackPointExtension>
            <ns3:cad>81</ns3:cad>
          </ns3:TrackPointExtension>
        </extensions>
      </trkpt>
      <trkpt lat="23.38725127279758453369140625" lon="113.2322264648973941802978515625">
        <ele>5.400000095367431640625</ele>
        <time>2025-03-21T14:36:45.000Z</time>
        <extensions>
          <ns3:TrackPointExtension>
            <ns3:cad>81</ns3:cad>
          </ns3:TrackPointExtension>
        </extensions>
      </trkpt>
      <trkpt lat="23.38712696917355060577392578125" lon="113.232375495135784149169921875">
        <ele>7.599999904632568359375</ele>
        <time>2025-03-21T14:36:53.000Z</time>
        <extensions>
          <ns3:TrackPointExtension>
            <ns3:cad>82</ns3:cad>
          </ns3:TrackPointExtension>
        </extensions>
      </trkpt>
      <trkpt lat="23.38706552982330322265625" lon="113.23257104493677616119384765625">
        <ele>7.80000019073486328125</ele>
        <time>2025-03-21T14:37:03.000Z</time>
        <extensions>
          <ns3:TrackPointExtension>
            <ns3:cad>83</ns3:cad>
          </ns3:TrackPointExtension>
        </extensions>
      </trkpt>
      <trkpt lat="23.38701833970844745635986328125" lon="113.23277221061289310455322265625">
        <ele>4.80000019073486328125</ele>
        <time>2025-03-21T14:37:11.000Z</time>
        <extensions>
          <ns3:TrackPointExtension>
            <ns3:cad>83</ns3:cad>
          </ns3:TrackPointExtension>
        </extensions>
      </trkpt>
      <trkpt lat="23.3869637735188007354736328125" lon="113.2329872064292430877685546875">
        <ele>2.7999999523162841796875</ele>
        <time>2025-03-21T14:37:17.000Z</time>
        <extensions>
          <ns3:TrackPointExtension>
            <ns3:cad>84</ns3:cad>
          </ns3:TrackPointExtension>
        </extensions>
      </trkpt>
      <trkpt lat="23.38691792450845241546630859375" lon="113.2331883721053600311279296875">
        <ele>0.800000011920928955078125</ele>
        <time>2025-03-21T14:37:26.000Z</time>
        <extensions>
          <ns3:TrackPointExtension>
            <ns3:cad>83</ns3:cad>
          </ns3:TrackPointExtension>
        </extensions>
      </trkpt>
      <trkpt lat="23.3869121409952640533447265625" lon="113.233404122292995452880859375">
        <ele>0</ele>
        <time>2025-03-21T14:37:34.000Z</time>
        <extensions>
          <ns3:TrackPointExtension>
            <ns3:cad>83</ns3:cad>
          </ns3:TrackPointExtension>
        </extensions>
      </trkpt>
      <trkpt lat="23.3870207704603672027587890625" lon="113.233565390110015869140625">
        <ele>2.400000095367431640625</ele>
        <time>2025-03-21T14:37:42.000Z</time>
        <extensions>
          <ns3:TrackPointExtension>
            <ns3:cad>83</ns3:cad>
          </ns3:TrackPointExtension>
        </extensions>
      </trkpt>
      <trkpt lat="23.3872117102146148681640625" lon="113.233612664043903350830078125">
        <ele>6.400000095367431640625</ele>
        <time>2025-03-21T14:37:49.000Z</time>
        <extensions>
          <ns3:TrackPointExtension>
            <ns3:cad>85</ns3:cad>
          </ns3:TrackPointExtension>
        </extensions>
      </trkpt>
      <trkpt lat="23.3873939327895641326904296875" lon="113.2336661405861377716064453125">
        <ele>7.19999980926513671875</ele>
        <time>2025-03-21T14:37:58.000Z</time>
        <extensions>
          <ns3:TrackPointExtension>
            <ns3:cad>83</ns3:cad>
          </ns3:TrackPointExtension>
        </extensions>
      </trkpt>
      <trkpt lat="23.38750432245433330535888671875" lon="113.2338032685220241546630859375">
        <ele>8</ele>
        <time>2025-03-21T14:38:06.000Z</time>
        <extensions>
          <ns3:TrackPointExtension>
            <ns3:cad>83</ns3:cad>
          </ns3:TrackPointExtension>
        </extensions>
      </trkpt>
      <trkpt lat="23.3874566294252872467041015625" lon="113.234027065336704254150390625">
        <ele>8.80000019073486328125</ele>
        <time>2025-03-21T14:38:16.000Z</time>
        <extensions>
          <ns3:TrackPointExtension>
            <ns3:cad>83</ns3:cad>
          </ns3:TrackPointExtension>
        </extensions>
      </trkpt>
      <trkpt lat="23.38740860112011432647705078125" lon="113.23424172587692737579345703125">
        <ele>8.3999996185302734375</ele>
        <time>2025-03-21T14:38:26.000Z</time>
        <extensions>
          <ns3:TrackPointExtension>
            <ns3:cad>83</ns3:cad>
          </ns3:TrackPointExtension>
        </extensions>
      </trkpt>
      <trkpt lat="23.38736836798489093780517578125" lon="113.23443450964987277984619140625">
        <ele>4.80000019073486328125</ele>
        <time>2025-03-21T14:38:34.000Z</time>
        <extensions>
          <ns3:TrackPointExtension>
            <ns3:cad>82</ns3:cad>
          </ns3:TrackPointExtension>
        </extensions>
      </trkpt>
      <trkpt lat="23.3873359300196170806884765625" lon="113.23464472778141498565673828125">
        <ele>-1</ele>
        <time>2025-03-21T14:38:43.000Z</time>
        <extensions>
          <ns3:TrackPointExtension>
            <ns3:cad>82</ns3:cad>
          </ns3:TrackPointExtension>
        </extensions>
      </trkpt>
      <trkpt lat="23.38729058392345905303955078125" lon="113.234839774668216705322265625">
        <ele>0</ele>
        <time>2025-03-21T14:38:51.000Z</time>
        <extensions>
          <ns3:TrackPointExtension>
            <ns3:cad>82</ns3:cad>
          </ns3:TrackPointExtension>
        </extensions>
      </trkpt>
      <trkpt lat="23.3872407115995883941650390625" lon="113.235050998628139495849609375">
        <ele>1.60000002384185791015625</ele>
        <time>2025-03-21T14:39:06.000Z</time>
        <extensions>
          <ns3:TrackPointExtension>
            <ns3:cad>0</ns3:cad>
          </ns3:TrackPointExtension>
        </extensions>
      </trkpt>
      <trkpt lat="23.387212045490741729736328125" lon="113.2352499850094318389892578125">
        <ele>1.39999997615814208984375</ele>
        <time>2025-03-21T14:39:25.000Z</time>
        <extensions>
          <ns3:TrackPointExtension>
            <ns3:cad>61</ns3:cad>
          </ns3:TrackPointExtension>
        </extensions>
      </trkpt>
      <trkpt lat="23.38718354701995849609375" lon="113.23545961640775203704833984375">
        <ele>2</ele>
        <time>2025-03-21T14:39:40.000Z</time>
        <extensions>
          <ns3:TrackPointExtension>
            <ns3:cad>61</ns3:cad>
          </ns3:TrackPointExtension>
        </extensions>
      </trkpt>
      <trkpt lat="23.38715664111077785491943359375" lon="113.23565944097936153411865234375">
        <ele>2.599999904632568359375</ele>
        <time>2025-03-21T14:39:56.000Z</time>
        <extensions>
          <ns3:TrackPointExtension>
            <ns3:cad>61</ns3:cad>
          </ns3:TrackPointExtension>
        </extensions>
      </trkpt>
      <trkpt lat="23.387138955295085906982421875" lon="113.2358662225306034088134765625">
        <ele>3.2000000476837158203125</ele>
        <time>2025-03-21T14:40:11.000Z</time>
        <extensions>
          <ns3:TrackPointExtension>
            <ns3:cad>61</ns3:cad>
          </ns3:TrackPointExtension>
        </extensions>
      </trkpt>
      <trkpt lat="23.38711045682430267333984375" lon="113.2360611855983734130859375">
        <ele>4.80000019073486328125</ele>
        <time>2025-03-21T14:40:26.000Z</time>
        <extensions>
          <ns3:TrackPointExtension>
            <ns3:cad>61</ns3:cad>
          </ns3:TrackPointExtension>
        </extensions>
      </trkpt>
      <trkpt lat="23.38708975352346897125244140625" lon="113.2362675480544567108154296875">
        <ele>6.80000019073486328125</ele>
        <time>2025-03-21T14:40:43.000Z</time>
        <extensions>
          <ns3:TrackPointExtension>
            <ns3:cad>61</ns3:cad>
          </ns3:TrackPointExtension>
        </extensions>
      </trkpt>
      <trkpt lat="23.38705974631011486053466796875" lon="113.2364610023796558380126953125">
        <ele>9</ele>
        <time>2025-03-21T14:40:58.000Z</time>
        <extensions>
          <ns3:TrackPointExtension>
            <ns3:cad>61</ns3:cad>
          </ns3:TrackPointExtension>
        </extensions>
      </trkpt>
      <trkpt lat="23.38703543879091739654541015625" lon="113.2366417162120342254638671875">
        <ele>10.6000003814697265625</ele>
        <time>2025-03-21T14:41:14.000Z</time>
        <extensions>
          <ns3:TrackPointExtension>
            <ns3:cad>61</ns3:cad>
          </ns3:TrackPointExtension>
        </extensions>
      </trkpt>
      <trkpt lat="23.3870308287441730499267578125" lon="113.2366943545639514923095703125">
        <ele>11</ele>
        <time>2025-03-21T14:41:19.000Z</time>
        <extensions>
          <ns3:TrackPointExtension>
            <ns3:cad>61</ns3:cad>
          </ns3:TrackPointExtension>
        </extensions>
      </trkpt>
      <trkpt lat="23.38702890090644359588623046875" lon="113.23670516721904277801513671875">
        <ele>11.19999980926513671875</ele>
        <time>2025-03-21T14:41:20.000Z</time>
        <extensions>
          <ns3:TrackPointExtension>
            <ns3:cad>61</ns3:cad>
          </ns3:TrackPointExtension>
        </extensions>
      </trkpt>
      <trkpt lat="23.387012891471385955810546875" lon="113.23690700344741344451904296875">
        <ele>9.80000019073486328125</ele>
        <time>2025-03-21T14:41:36.000Z</time>
        <extensions>
          <ns3:TrackPointExtension>
            <ns3:cad>61</ns3:cad>
          </ns3:TrackPointExtension>
        </extensions>
      </trkpt>
      <trkpt lat="23.386994116008281707763671875" lon="113.2371126115322113037109375">
        <ele>9.19999980926513671875</ele>
        <time>2025-03-21T14:41:51.000Z</time>
        <extensions>
          <ns3:TrackPointExtension>
            <ns3:cad>0</ns3:cad>
          </ns3:TrackPointExtension>
        </extensions>
      </trkpt>
      <trkpt lat="23.3869788609445095062255859375" lon="113.23728452436625957489013671875">
        <ele>8.80000019073486328125</ele>
        <time>2025-03-21T14:42:05.000Z</time>
        <extensions>
          <ns3:TrackPointExtension>
            <ns3:cad>61</ns3:cad>
          </ns3:TrackPointExtension>
        </extensions>
      </trkpt>
      <trkpt lat="23.3869755081832408905029296875" lon="113.23738225735723972320556640625">
        <ele>8.80000019073486328125</ele>
        <time>2025-03-21T14:42:14.000Z</time>
        <extensions>
          <ns3:TrackPointExtension>
            <ns3:cad>0</ns3:cad>
          </ns3:TrackPointExtension>
        </extensions>
      </trkpt>
      <trkpt lat="23.38698573410511016845703125" lon="113.23758560232818126678466796875">
        <ele>7.80000019073486328125</ele>
        <time>2025-03-21T14:42:27.000Z</time>
        <extensions>
          <ns3:TrackPointExtension>
            <ns3:cad>0</ns3:cad>
          </ns3:TrackPointExtension>
        </extensions>
      </trkpt>
      <trkpt lat="23.387010209262371063232421875" lon="113.23778023011982440948486328125">
        <ele>7</ele>
        <time>2025-03-21T14:42:41.000Z</time>
        <extensions>
          <ns3:TrackPointExtension>
            <ns3:cad>61</ns3:cad>
          </ns3:TrackPointExtension>
        </extensions>
      </trkpt>
      <trkpt lat="23.3870190940797328948974609375" lon="113.23797318153083324432373046875">
        <ele>5.19999980926513671875</ele>
        <time>2025-03-21T14:43:02.000Z</time>
        <extensions>
          <ns3:TrackPointExtension>
            <ns3:cad>61</ns3:cad>
          </ns3:TrackPointExtension>
        </extensions>
      </trkpt>
      <trkpt lat="23.38701548986136913299560546875" lon="113.237984664738178253173828125">
        <ele>5</ele>
        <time>2025-03-21T14:43:03.000Z</time>
        <extensions>
          <ns3:TrackPointExtension>
            <ns3:cad>61</ns3:cad>
          </ns3:TrackPointExtension>
        </extensions>
      </trkpt>
      <trkpt lat="23.38702135719358921051025390625" lon="113.23819044046103954315185546875">
        <ele>4.80000019073486328125</ele>
        <time>2025-03-21T14:43:18.000Z</time>
        <extensions>
          <ns3:TrackPointExtension>
            <ns3:cad>61</ns3:cad>
          </ns3:TrackPointExtension>
        </extensions>
      </trkpt>
      <trkpt lat="23.387045748531818389892578125" lon="113.23838506825268268585205078125">
        <ele>3.2000000476837158203125</ele>
        <time>2025-03-21T14:43:32.000Z</time>
        <extensions>
          <ns3:TrackPointExtension>
            <ns3:cad>61</ns3:cad>
          </ns3:TrackPointExtension>
        </extensions>
      </trkpt>
      <trkpt lat="23.38704667054116725921630859375" lon="113.2385900057852268218994140625">
        <ele>2.2000000476837158203125</ele>
        <time>2025-03-21T14:43:47.000Z</time>
        <extensions>
          <ns3:TrackPointExtension>
            <ns3:cad>61</ns3:cad>
          </ns3:TrackPointExtension>
        </extensions>
      </trkpt>
      <trkpt lat="23.38705790229141712188720703125" lon="113.23871196247637271881103515625">
        <ele>0.60000002384185791015625</ele>
        <time>2025-03-21T14:43:58.000Z</time>
        <extensions>
          <ns3:TrackPointExtension>
            <ns3:cad>61</ns3:cad>
          </ns3:TrackPointExtension>
        </extensions>
      </trkpt>
      <trkpt lat="23.38705857284367084503173828125" lon="113.23874750174582004547119140625">
        <ele>0.4000000059604644775390625</ele>
        <time>2025-03-21T14:44:01.000Z</time>
        <extensions>
          <ns3:TrackPointExtension>
            <ns3:cad>61</ns3:cad>
          </ns3:TrackPointExtension>
        </extensions>
      </trkpt>
      <trkpt lat="23.38709109462797641754150390625" lon="113.2389443926513195037841796875">
        <ele>-0.60000002384185791015625</ele>
        <time>2025-03-21T14:44:19.000Z</time>
        <extensions>
          <ns3:TrackPointExtension>
            <ns3:cad>61</ns3:cad>
          </ns3:TrackPointExtension>
        </extensions>
      </trkpt>
      <trkpt lat="23.38710467331111431121826171875" lon="113.23915100656449794769287109375">
        <ele>0.60000002384185791015625</ele>
        <time>2025-03-21T14:44:33.000Z</time>
        <extensions>
          <ns3:TrackPointExtension>
            <ns3:cad>61</ns3:cad>
          </ns3:TrackPointExtension>
        </extensions>
      </trkpt>
      <trkpt lat="23.3871280588209629058837890625" lon="113.2393544353544712066650390625">
        <ele>3.400000095367431640625</ele>
        <time>2025-03-21T14:44:46.000Z</time>
        <extensions>
          <ns3:TrackPointExtension>
            <ns3:cad>61</ns3:cad>
          </ns3:TrackPointExtension>
        </extensions>
      </trkpt>
      <trkpt lat="23.38715630583465099334716796875" lon="113.23954914696514606475830078125">
        <ele>3.7999999523162841796875</ele>
        <time>2025-03-21T14:45:01.000Z</time>
        <extensions>
          <ns3:TrackPointExtension>
            <ns3:cad>61</ns3:cad>
          </ns3:TrackPointExtension>
        </extensions>
      </trkpt>
      <trkpt lat="23.38720492087304592132568359375" lon="113.23973891325294971466064453125">
        <ele>3.599999904632568359375</ele>
        <time>2025-03-21T14:45:20.000Z</time>
        <extensions>
          <ns3:TrackPointExtension>
            <ns3:cad>61</ns3:cad>
          </ns3:TrackPointExtension>
        </extensions>
      </trkpt>
      <trkpt lat="23.38725864887237548828125" lon="113.23992800898849964141845703125">
        <ele>2.599999904632568359375</ele>
        <time>2025-03-21T14:45:36.000Z</time>
        <extensions>
          <ns3:TrackPointExtension>
            <ns3:cad>61</ns3:cad>
          </ns3:TrackPointExtension>
        </extensions>
      </trkpt>
      <trkpt lat="23.38726208545267581939697265625" lon="113.2399498857557773590087890625">
        <ele>2.400000095367431640625</ele>
        <time>2025-03-21T14:45:38.000Z</time>
        <extensions>
          <ns3:TrackPointExtension>
            <ns3:cad>61</ns3:cad>
          </ns3:TrackPointExtension>
        </extensions>
      </trkpt>
      <trkpt lat="23.387311287224292755126953125" lon="113.2401493750512599945068359375">
        <ele>0.20000000298023223876953125</ele>
        <time>2025-03-21T14:45:55.000Z</time>
        <extensions>
          <ns3:TrackPointExtension>
            <ns3:cad>61</ns3:cad>
          </ns3:TrackPointExtension>
        </extensions>
      </trkpt>
      <trkpt lat="23.38737708516418933868408203125" lon="113.24033771641552448272705078125">
        <ele>0.20000000298023223876953125</ele>
        <time>2025-03-21T14:46:08.000Z</time>
        <extensions>
          <ns3:TrackPointExtension>
            <ns3:cad>61</ns3:cad>
          </ns3:TrackPointExtension>
        </extensions>
      </trkpt>
      <trkpt lat="23.38744447566568851470947265625" lon="113.24052035808563232421875">
        <ele>1.39999997615814208984375</ele>
        <time>2025-03-21T14:46:21.000Z</time>
        <extensions>
          <ns3:TrackPointExtension>
            <ns3:cad>61</ns3:cad>
          </ns3:TrackPointExtension>
        </extensions>
      </trkpt>
      <trkpt lat="23.38745654560625553131103515625" lon="113.240563608705997467041015625">
        <ele>1.7999999523162841796875</ele>
        <time>2025-03-21T14:46:26.000Z</time>
        <extensions>
          <ns3:TrackPointExtension>
            <ns3:cad>61</ns3:cad>
          </ns3:TrackPointExtension>
        </extensions>
      </trkpt>
      <trkpt lat="23.3874391950666904449462890625" lon="113.2405887544155120849609375">
        <ele>2.2000000476837158203125</ele>
        <time>2025-03-21T14:46:29.000Z</time>
        <extensions>
          <ns3:TrackPointExtension>
            <ns3:cad>61</ns3:cad>
          </ns3:TrackPointExtension>
        </extensions>
      </trkpt>
      <trkpt lat="23.3873319067060947418212890625" lon="113.24075195007026195526123046875">
        <ele>2</ele>
        <time>2025-03-21T14:46:45.000Z</time>
        <extensions>
          <ns3:TrackPointExtension>
            <ns3:cad>61</ns3:cad>
          </ns3:TrackPointExtension>
        </extensions>
      </trkpt>
      <trkpt lat="23.38732813484966754913330078125" lon="113.240762092173099517822265625">
        <ele>2</ele>
        <time>2025-03-21T14:46:46.000Z</time>
        <extensions>
          <ns3:TrackPointExtension>
            <ns3:cad>61</ns3:cad>
          </ns3:TrackPointExtension>
        </extensions>
      </trkpt>
      <trkpt lat="23.387344814836978912353515625" lon="113.240856640040874481201171875">
        <ele>2.599999904632568359375</ele>
        <time>2025-03-21T14:46:55.000Z</time>
        <extensions>
          <ns3:TrackPointExtension>
            <ns3:cad>56</ns3:cad>
          </ns3:TrackPointExtension>
        </extensions>
      </trkpt>
      <trkpt lat="23.38735545985400676727294921875" lon="113.24089377187192440032958984375">
        <ele>2.7999999523162841796875</ele>
        <time>2025-03-21T14:46:59.000Z</time>
        <extensions>
          <ns3:TrackPointExtension>
            <ns3:cad>58</ns3:cad>
          </ns3:TrackPointExtension>
        </extensions>
      </trkpt>
      <trkpt lat="23.3874177373945713043212890625" lon="113.24108102358877658843994140625">
        <ele>4.400000095367431640625</ele>
        <time>2025-03-21T14:47:19.000Z</time>
        <extensions>
          <ns3:TrackPointExtension>
            <ns3:cad>61</ns3:cad>
          </ns3:TrackPointExtension>
        </extensions>
      </trkpt>
      <trkpt lat="23.38744129054248332977294921875" lon="113.241173140704631805419921875">
        <ele>5.400000095367431640625</ele>
        <time>2025-03-21T14:47:30.000Z</time>
        <extensions>
          <ns3:TrackPointExtension>
            <ns3:cad>61</ns3:cad>
          </ns3:TrackPointExtension>
        </extensions>
      </trkpt>
      <trkpt lat="23.38743726722896099090576171875" lon="113.24123659171164035797119140625">
        <ele>5.80000019073486328125</ele>
        <time>2025-03-21T14:47:34.000Z</time>
        <extensions>
          <ns3:TrackPointExtension>
            <ns3:cad>61</ns3:cad>
          </ns3:TrackPointExtension>
        </extensions>
      </trkpt>
      <trkpt lat="23.38749510236084461212158203125" lon="113.24128822423517704010009765625">
        <ele>7</ele>
        <time>2025-03-21T14:47:36.000Z</time>
        <extensions>
          <ns3:TrackPointExtension>
            <ns3:cad>61</ns3:cad>
          </ns3:TrackPointExtension>
        </extensions>
      </trkpt>
      <trkpt lat="23.38759819976985454559326171875" lon="113.241472542285919189453125">
        <ele>7</ele>
        <time>2025-03-21T14:47:46.000Z</time>
        <extensions>
          <ns3:TrackPointExtension>
            <ns3:cad>61</ns3:cad>
          </ns3:TrackPointExtension>
        </extensions>
      </trkpt>
      <trkpt lat="23.3877204917371273040771484375" lon="113.241632468998432159423828125">
        <ele>6.80000019073486328125</ele>
        <time>2025-03-21T14:48:00.000Z</time>
        <extensions>
          <ns3:TrackPointExtension>
            <ns3:cad>59</ns3:cad>
          </ns3:TrackPointExtension>
        </extensions>
      </trkpt>
      <trkpt lat="23.3878224156796932220458984375" lon="113.24182550422847270965576171875">
        <ele>6.19999980926513671875</ele>
        <time>2025-03-21T14:48:09.000Z</time>
        <extensions>
          <ns3:TrackPointExtension>
            <ns3:cad>80</ns3:cad>
          </ns3:TrackPointExtension>
        </extensions>
      </trkpt>
      <trkpt lat="23.38794604875147342681884765625" lon="113.2419942319393157958984375">
        <ele>5.599999904632568359375</ele>
        <time>2025-03-21T14:48:17.000Z</time>
        <extensions>
          <ns3:TrackPointExtension>
            <ns3:cad>82</ns3:cad>
          </ns3:TrackPointExtension>
        </extensions>
      </trkpt>
      <trkpt lat="23.38800229132175445556640625" lon="113.2421811483800411224365234375">
        <ele>4.599999904632568359375</ele>
        <time>2025-03-21T14:48:24.000Z</time>
        <extensions>
          <ns3:TrackPointExtension>
            <ns3:cad>82</ns3:cad>
          </ns3:TrackPointExtension>
        </extensions>
      </trkpt>
      <trkpt lat="23.3880775608122348785400390625" lon="113.24236948974430561065673828125">
        <ele>2</ele>
        <time>2025-03-21T14:48:31.000Z</time>
        <extensions>
          <ns3:TrackPointExtension>
            <ns3:cad>81</ns3:cad>
          </ns3:TrackPointExtension>
        </extensions>
      </trkpt>
      <trkpt lat="23.38815157301723957061767578125" lon="113.24256177060306072235107421875">
        <ele>-0.4000000059604644775390625</ele>
        <time>2025-03-21T14:48:39.000Z</time>
        <extensions>
          <ns3:TrackPointExtension>
            <ns3:cad>82</ns3:cad>
          </ns3:TrackPointExtension>
        </extensions>
      </trkpt>
      <trkpt lat="23.38825249113142490386962890625" lon="113.24274726212024688720703125">
        <ele>-1.2000000476837158203125</ele>
        <time>2025-03-21T14:48:48.000Z</time>
        <extensions>
          <ns3:TrackPointExtension>
            <ns3:cad>83</ns3:cad>
          </ns3:TrackPointExtension>
        </extensions>
      </trkpt>
      <trkpt lat="23.38833027519285678863525390625" lon="113.24293375946581363677978515625">
        <ele>2.2000000476837158203125</ele>
        <time>2025-03-21T14:48:56.000Z</time>
        <extensions>
          <ns3:TrackPointExtension>
            <ns3:cad>83</ns3:cad>
          </ns3:TrackPointExtension>
        </extensions>
      </trkpt>
      <trkpt lat="23.38842499069869518280029296875" lon="113.24312117882072925567626953125">
        <ele>5.400000095367431640625</ele>
        <time>2025-03-21T14:49:04.000Z</time>
        <extensions>
          <ns3:TrackPointExtension>
            <ns3:cad>83</ns3:cad>
          </ns3:TrackPointExtension>
        </extensions>
      </trkpt>
      <trkpt lat="23.38850394822657108306884765625" lon="113.24332502670586109161376953125">
        <ele>7</ele>
        <time>2025-03-21T14:49:13.000Z</time>
        <extensions>
          <ns3:TrackPointExtension>
            <ns3:cad>82</ns3:cad>
          </ns3:TrackPointExtension>
        </extensions>
      </trkpt>
      <trkpt lat="23.38858592323958873748779296875" lon="113.2435142062604427337646484375">
        <ele>4.400000095367431640625</ele>
        <time>2025-03-21T14:49:21.000Z</time>
        <extensions>
          <ns3:TrackPointExtension>
            <ns3:cad>83</ns3:cad>
          </ns3:TrackPointExtension>
        </extensions>
      </trkpt>
      <trkpt lat="23.38866655714809894561767578125" lon="113.2437081634998321533203125">
        <ele>4.19999980926513671875</ele>
        <time>2025-03-21T14:49:29.000Z</time>
        <extensions>
          <ns3:TrackPointExtension>
            <ns3:cad>82</ns3:cad>
          </ns3:TrackPointExtension>
        </extensions>
      </trkpt>
      <trkpt lat="23.38874886743724346160888671875" lon="113.24388711713254451751708984375">
        <ele>5</ele>
        <time>2025-03-21T14:49:37.000Z</time>
        <extensions>
          <ns3:TrackPointExtension>
            <ns3:cad>82</ns3:cad>
          </ns3:TrackPointExtension>
        </extensions>
      </trkpt>
      <trkpt lat="23.3888295851647853851318359375" lon="113.2440647296607494354248046875">
        <ele>6</ele>
        <time>2025-03-21T14:49:48.000Z</time>
        <extensions>
          <ns3:TrackPointExtension>
            <ns3:cad>61</ns3:cad>
          </ns3:TrackPointExtension>
        </extensions>
      </trkpt>
      <trkpt lat="23.3889194391667842864990234375" lon="113.244242928922176361083984375">
        <ele>5</ele>
        <time>2025-03-21T14:50:03.000Z</time>
        <extensions>
          <ns3:TrackPointExtension>
            <ns3:cad>61</ns3:cad>
          </ns3:TrackPointExtension>
        </extensions>
      </trkpt>
      <trkpt lat="23.38892153464257717132568359375" lon="113.2442555017769336700439453125">
        <ele>5</ele>
        <time>2025-03-21T14:50:04.000Z</time>
        <extensions>
          <ns3:TrackPointExtension>
            <ns3:cad>61</ns3:cad>
          </ns3:TrackPointExtension>
        </extensions>
      </trkpt>
      <trkpt lat="23.3889291621744632720947265625" lon="113.2442806474864482879638671875">
        <ele>4.80000019073486328125</ele>
        <time>2025-03-21T14:50:06.000Z</time>
        <extensions>
          <ns3:TrackPointExtension>
            <ns3:cad>61</ns3:cad>
          </ns3:TrackPointExtension>
        </extensions>
      </trkpt>
      <trkpt lat="23.3890032581984996795654296875" lon="113.24446379207074642181396484375">
        <ele>4.19999980926513671875</ele>
        <time>2025-03-21T14:50:21.000Z</time>
        <extensions>
          <ns3:TrackPointExtension>
            <ns3:cad>61</ns3:cad>
          </ns3:TrackPointExtension>
        </extensions>
      </trkpt>
      <trkpt lat="23.389019183814525604248046875" lon="113.24448038823902606964111328125">
        <ele>4.19999980926513671875</ele>
        <time>2025-03-21T14:50:23.000Z</time>
        <extensions>
          <ns3:TrackPointExtension>
            <ns3:cad>61</ns3:cad>
          </ns3:TrackPointExtension>
        </extensions>
      </trkpt>
      <trkpt lat="23.3890334330499172210693359375" lon="113.244498409330844879150390625">
        <ele>4.19999980926513671875</ele>
        <time>2025-03-21T14:50:25.000Z</time>
        <extensions>
          <ns3:TrackPointExtension>
            <ns3:cad>61</ns3:cad>
          </ns3:TrackPointExtension>
        </extensions>
      </trkpt>
      <trkpt lat="23.3890984766185283660888671875" lon="113.24468255974352359771728515625">
        <ele>4.599999904632568359375</ele>
        <time>2025-03-21T14:50:35.000Z</time>
        <extensions>
          <ns3:TrackPointExtension>
            <ns3:cad>81</ns3:cad>
          </ns3:TrackPointExtension>
        </extensions>
      </trkpt>
      <trkpt lat="23.389184139668941497802734375" lon="113.24485774151980876922607421875">
        <ele>4.19999980926513671875</ele>
        <time>2025-03-21T14:50:43.000Z</time>
        <extensions>
          <ns3:TrackPointExtension>
            <ns3:cad>81</ns3:cad>
          </ns3:TrackPointExtension>
        </extensions>
      </trkpt>
      <trkpt lat="23.389204926788806915283203125" lon="113.2449139840900897979736328125">
        <ele>4.19999980926513671875</ele>
        <time>2025-03-21T14:50:48.000Z</time>
        <extensions>
          <ns3:TrackPointExtension>
            <ns3:cad>0</ns3:cad>
          </ns3:TrackPointExtension>
        </extensions>
      </trkpt>
      <trkpt lat="23.389205597341060638427734375" lon="113.2449354417622089385986328125">
        <ele>4.19999980926513671875</ele>
        <time>2025-03-21T14:50:50.000Z</time>
        <extensions>
          <ns3:TrackPointExtension>
            <ns3:cad>0</ns3:cad>
          </ns3:TrackPointExtension>
        </extensions>
      </trkpt>
      <trkpt lat="23.38924205861985683441162109375" lon="113.2451449893414974212646484375">
        <ele>4.19999980926513671875</ele>
        <time>2025-03-21T14:51:01.000Z</time>
        <extensions>
          <ns3:TrackPointExtension>
            <ns3:cad>77</ns3:cad>
          </ns3:TrackPointExtension>
        </extensions>
      </trkpt>
      <trkpt lat="23.38934448547661304473876953125" lon="113.24530969373881816864013671875">
        <ele>3.7999999523162841796875</ele>
        <time>2025-03-21T14:51:10.000Z</time>
        <extensions>
          <ns3:TrackPointExtension>
            <ns3:cad>77</ns3:cad>
          </ns3:TrackPointExtension>
        </extensions>
      </trkpt>
      <trkpt lat="23.38942788541316986083984375" lon="113.245506249368190765380859375">
        <ele>4</ele>
        <time>2025-03-21T14:51:19.000Z</time>
        <extensions>
          <ns3:TrackPointExtension>
            <ns3:cad>82</ns3:cad>
          </ns3:TrackPointExtension>
        </extensions>
      </trkpt>
      <trkpt lat="23.38951312936842441558837890625" lon="113.2456867955625057220458984375">
        <ele>3.599999904632568359375</ele>
        <time>2025-03-21T14:51:27.000Z</time>
        <extensions>
          <ns3:TrackPointExtension>
            <ns3:cad>82</ns3:cad>
          </ns3:TrackPointExtension>
        </extensions>
      </trkpt>
      <trkpt lat="23.389595188200473785400390625" lon="113.24587111361324787139892578125">
        <ele>3.400000095367431640625</ele>
        <time>2025-03-21T14:51:35.000Z</time>
        <extensions>
          <ns3:TrackPointExtension>
            <ns3:cad>82</ns3:cad>
          </ns3:TrackPointExtension>
        </extensions>
      </trkpt>
      <trkpt lat="23.389674313366413116455078125" lon="113.24606674723327159881591796875">
        <ele>3</ele>
        <time>2025-03-21T14:51:44.000Z</time>
        <extensions>
          <ns3:TrackPointExtension>
            <ns3:cad>82</ns3:cad>
          </ns3:TrackPointExtension>
        </extensions>
      </trkpt>
      <trkpt lat="23.3897576294839382171630859375" lon="113.246241845190525054931640625">
        <ele>2.599999904632568359375</ele>
        <time>2025-03-21T14:51:53.000Z</time>
        <extensions>
          <ns3:TrackPointExtension>
            <ns3:cad>82</ns3:cad>
          </ns3:TrackPointExtension>
        </extensions>
      </trkpt>
      <trkpt lat="23.38983826339244842529296875" lon="113.24643957428634166717529296875">
        <ele>2</ele>
        <time>2025-03-21T14:52:01.000Z</time>
        <extensions>
          <ns3:TrackPointExtension>
            <ns3:cad>82</ns3:cad>
          </ns3:TrackPointExtension>
        </extensions>
      </trkpt>
      <trkpt lat="23.38991847820580005645751953125" lon="113.24661844410002231597900390625">
        <ele>1.7999999523162841796875</ele>
        <time>2025-03-21T14:52:09.000Z</time>
        <extensions>
          <ns3:TrackPointExtension>
            <ns3:cad>82</ns3:cad>
          </ns3:TrackPointExtension>
        </extensions>
      </trkpt>
      <trkpt lat="23.3900211565196514129638671875" lon="113.2467828132212162017822265625">
        <ele>3</ele>
        <time>2025-03-21T14:52:16.000Z</time>
        <extensions>
          <ns3:TrackPointExtension>
            <ns3:cad>82</ns3:cad>
          </ns3:TrackPointExtension>
        </extensions>
      </trkpt>
      <trkpt lat="23.39015166275203227996826171875" lon="113.24692077934741973876953125">
        <ele>4.599999904632568359375</ele>
        <time>2025-03-21T14:52:22.000Z</time>
        <extensions>
          <ns3:TrackPointExtension>
            <ns3:cad>83</ns3:cad>
          </ns3:TrackPointExtension>
        </extensions>
      </trkpt>
      <trkpt lat="23.3902816660702228546142578125" lon="113.24706695973873138427734375">
        <ele>6.19999980926513671875</ele>
        <time>2025-03-21T14:52:29.000Z</time>
        <extensions>
          <ns3:TrackPointExtension>
            <ns3:cad>82</ns3:cad>
          </ns3:TrackPointExtension>
        </extensions>
      </trkpt>
      <trkpt lat="23.390434049069881439208984375" lon="113.24718137271702289581298828125">
        <ele>6.400000095367431640625</ele>
        <time>2025-03-21T14:52:41.000Z</time>
        <extensions>
          <ns3:TrackPointExtension>
            <ns3:cad>61</ns3:cad>
          </ns3:TrackPointExtension>
        </extensions>
      </trkpt>
      <trkpt lat="23.39044787921011447906494140625" lon="113.2471844740211963653564453125">
        <ele>6.400000095367431640625</ele>
        <time>2025-03-21T14:52:42.000Z</time>
        <extensions>
          <ns3:TrackPointExtension>
            <ns3:cad>61</ns3:cad>
          </ns3:TrackPointExtension>
        </extensions>
      </trkpt>
      <trkpt lat="23.39061669073998928070068359375" lon="113.24725873768329620361328125">
        <ele>5.400000095367431640625</ele>
        <time>2025-03-21T14:52:56.000Z</time>
        <extensions>
          <ns3:TrackPointExtension>
            <ns3:cad>61</ns3:cad>
          </ns3:TrackPointExtension>
        </extensions>
      </trkpt>
      <trkpt lat="23.3907865919172763824462890625" lon="113.24733124114573001861572265625">
        <ele>4.19999980926513671875</ele>
        <time>2025-03-21T14:53:10.000Z</time>
        <extensions>
          <ns3:TrackPointExtension>
            <ns3:cad>61</ns3:cad>
          </ns3:TrackPointExtension>
        </extensions>
      </trkpt>
      <trkpt lat="23.3909709937870502471923828125" lon="113.2473772577941417694091796875">
        <ele>2.2000000476837158203125</ele>
        <time>2025-03-21T14:53:26.000Z</time>
        <extensions>
          <ns3:TrackPointExtension>
            <ns3:cad>61</ns3:cad>
          </ns3:TrackPointExtension>
        </extensions>
      </trkpt>
      <trkpt lat="23.391147516667842864990234375" lon="113.24745898135006427764892578125">
        <ele>1.39999997615814208984375</ele>
        <time>2025-03-21T14:53:40.000Z</time>
        <extensions>
          <ns3:TrackPointExtension>
            <ns3:cad>61</ns3:cad>
          </ns3:TrackPointExtension>
        </extensions>
      </trkpt>
      <trkpt lat="23.39132957160472869873046875" lon="113.24752301909029483795166015625">
        <ele>2.599999904632568359375</ele>
        <time>2025-03-21T14:53:56.000Z</time>
        <extensions>
          <ns3:TrackPointExtension>
            <ns3:cad>61</ns3:cad>
          </ns3:TrackPointExtension>
        </extensions>
      </trkpt>
      <trkpt lat="23.391496203839778900146484375" lon="113.2476059161126613616943359375">
        <ele>4.80000019073486328125</ele>
        <time>2025-03-21T14:54:11.000Z</time>
        <extensions>
          <ns3:TrackPointExtension>
            <ns3:cad>61</ns3:cad>
          </ns3:TrackPointExtension>
        </extensions>
      </trkpt>
      <trkpt lat="23.39166359044611454010009765625" lon="113.2477007992565631866455078125">
        <ele>6.80000019073486328125</ele>
        <time>2025-03-21T14:54:26.000Z</time>
        <extensions>
          <ns3:TrackPointExtension>
            <ns3:cad>61</ns3:cad>
          </ns3:TrackPointExtension>
        </extensions>
      </trkpt>
      <trkpt lat="23.3917763270437717437744140625" lon="113.24775469489395618438720703125">
        <ele>6.599999904632568359375</ele>
        <time>2025-03-21T14:54:35.000Z</time>
        <extensions>
          <ns3:TrackPointExtension>
            <ns3:cad>61</ns3:cad>
          </ns3:TrackPointExtension>
        </extensions>
      </trkpt>
      <trkpt lat="23.39180105365812778472900390625" lon="113.24776911176741123199462890625">
        <ele>6.599999904632568359375</ele>
        <time>2025-03-21T14:54:38.000Z</time>
        <extensions>
          <ns3:TrackPointExtension>
            <ns3:cad>61</ns3:cad>
          </ns3:TrackPointExtension>
        </extensions>
      </trkpt>
      <trkpt lat="23.391818068921566009521484375" lon="113.247779421508312225341796875">
        <ele>6.599999904632568359375</ele>
        <time>2025-03-21T14:54:40.000Z</time>
        <extensions>
          <ns3:TrackPointExtension>
            <ns3:cad>0</ns3:cad>
          </ns3:TrackPointExtension>
        </extensions>
      </trkpt>
      <trkpt lat="23.391852937638759613037109375" lon="113.24778755195438861846923828125">
        <ele>6.599999904632568359375</ele>
        <time>2025-03-21T14:54:45.000Z</time>
        <extensions>
          <ns3:TrackPointExtension>
            <ns3:cad>61</ns3:cad>
          </ns3:TrackPointExtension>
        </extensions>
      </trkpt>
      <trkpt lat="23.39188839308917522430419921875" lon="113.247791826725006103515625">
        <ele>6.400000095367431640625</ele>
        <time>2025-03-21T14:54:49.000Z</time>
        <extensions>
          <ns3:TrackPointExtension>
            <ns3:cad>61</ns3:cad>
          </ns3:TrackPointExtension>
        </extensions>
      </trkpt>
      <trkpt lat="23.39206508360803127288818359375" lon="113.247855864465236663818359375">
        <ele>5.400000095367431640625</ele>
        <time>2025-03-21T14:55:07.000Z</time>
        <extensions>
          <ns3:TrackPointExtension>
            <ns3:cad>61</ns3:cad>
          </ns3:TrackPointExtension>
        </extensions>
      </trkpt>
      <trkpt lat="23.392234481871128082275390625" lon="113.24793976731598377227783203125">
        <ele>5</ele>
        <time>2025-03-21T14:55:20.000Z</time>
        <extensions>
          <ns3:TrackPointExtension>
            <ns3:cad>61</ns3:cad>
          </ns3:TrackPointExtension>
        </extensions>
      </trkpt>
      <trkpt lat="23.3924073167145252227783203125" lon="113.24800564907491207122802734375">
        <ele>5</ele>
        <time>2025-03-21T14:55:35.000Z</time>
        <extensions>
          <ns3:TrackPointExtension>
            <ns3:cad>61</ns3:cad>
          </ns3:TrackPointExtension>
        </extensions>
      </trkpt>
      <trkpt lat="23.39259347878396511077880859375" lon="113.2480364106595516204833984375">
        <ele>5.599999904632568359375</ele>
        <time>2025-03-21T14:55:51.000Z</time>
        <extensions>
          <ns3:TrackPointExtension>
            <ns3:cad>61</ns3:cad>
          </ns3:TrackPointExtension>
        </extensions>
      </trkpt>
      <trkpt lat="23.39277670718729496002197265625" lon="113.248044289648532867431640625">
        <ele>6.19999980926513671875</ele>
        <time>2025-03-21T14:56:07.000Z</time>
        <extensions>
          <ns3:TrackPointExtension>
            <ns3:cad>59</ns3:cad>
          </ns3:TrackPointExtension>
        </extensions>
      </trkpt>
      <trkpt lat="23.39296429418027400970458984375" lon="113.24802107177674770355224609375">
        <ele>5.400000095367431640625</ele>
        <time>2025-03-21T14:56:22.000Z</time>
        <extensions>
          <ns3:TrackPointExtension>
            <ns3:cad>57</ns3:cad>
          </ns3:TrackPointExtension>
        </extensions>
      </trkpt>
      <trkpt lat="23.39314810931682586669921875" lon="113.24801939539611339569091796875">
        <ele>3</ele>
        <time>2025-03-21T14:56:36.000Z</time>
        <extensions>
          <ns3:TrackPointExtension>
            <ns3:cad>61</ns3:cad>
          </ns3:TrackPointExtension>
        </extensions>
      </trkpt>
      <trkpt lat="23.393329493701457977294921875" lon="113.24799257330596446990966796875">
        <ele>-0.800000011920928955078125</ele>
        <time>2025-03-21T14:56:50.000Z</time>
        <extensions>
          <ns3:TrackPointExtension>
            <ns3:cad>61</ns3:cad>
          </ns3:TrackPointExtension>
        </extensions>
      </trkpt>
      <trkpt lat="23.39351180009543895721435546875" lon="113.247976563870906829833984375">
        <ele>-0.20000000298023223876953125</ele>
        <time>2025-03-21T14:57:05.000Z</time>
        <extensions>
          <ns3:TrackPointExtension>
            <ns3:cad>61</ns3:cad>
          </ns3:TrackPointExtension>
        </extensions>
      </trkpt>
      <trkpt lat="23.3936941064894199371337890625" lon="113.24796952307224273681640625">
        <ele>2</ele>
        <time>2025-03-21T14:57:18.000Z</time>
        <extensions>
          <ns3:TrackPointExtension>
            <ns3:cad>61</ns3:cad>
          </ns3:TrackPointExtension>
        </extensions>
      </trkpt>
      <trkpt lat="23.393837101757526397705078125" lon="113.2478469796478748321533203125">
        <ele>4.599999904632568359375</ele>
        <time>2025-03-21T14:57:33.000Z</time>
        <extensions>
          <ns3:TrackPointExtension>
            <ns3:cad>84</ns3:cad>
          </ns3:TrackPointExtension>
        </extensions>
      </trkpt>
      <trkpt lat="23.39391522109508514404296875" lon="113.24766777455806732177734375">
        <ele>5.599999904632568359375</ele>
        <time>2025-03-21T14:57:45.000Z</time>
        <extensions>
          <ns3:TrackPointExtension>
            <ns3:cad>61</ns3:cad>
          </ns3:TrackPointExtension>
        </extensions>
      </trkpt>
      <trkpt lat="23.39397280476987361907958984375" lon="113.24748144485056400299072265625">
        <ele>6.80000019073486328125</ele>
        <time>2025-03-21T14:58:01.000Z</time>
        <extensions>
          <ns3:TrackPointExtension>
            <ns3:cad>58</ns3:cad>
          </ns3:TrackPointExtension>
        </extensions>
      </trkpt>
      <trkpt lat="23.39403600431978702545166015625" lon="113.247289247810840606689453125">
        <ele>5.80000019073486328125</ele>
        <time>2025-03-21T14:58:15.000Z</time>
        <extensions>
          <ns3:TrackPointExtension>
            <ns3:cad>58</ns3:cad>
          </ns3:TrackPointExtension>
        </extensions>
      </trkpt>
      <trkpt lat="23.3940501697361469268798828125" lon="113.2472521997988224029541015625">
        <ele>5.599999904632568359375</ele>
        <time>2025-03-21T14:58:17.000Z</time>
        <extensions>
          <ns3:TrackPointExtension>
            <ns3:cad>58</ns3:cad>
          </ns3:TrackPointExtension>
        </extensions>
      </trkpt>
    </trkseg>
  </trk>
</gpx>
