<gpx xmlns:ns3="http://www.garmin.com/xmlschemas/TrackPointExtension/v1" xmlns="http://www.topografix.com/GPX/1/1" xmlns:xsi="http://www.w3.org/2001/XMLSchema-instance" xmlns:ns2="http://www.garmin.com/xmlschemas/GpxExtensions/v3" creator="Garmin Connect" version="1.1" xsi:schemaLocation="http://www.topografix.com/GPX/1/1 http://www.topografix.com/GPX/11.xsd">
  <extensions>
<distance>5316.89</distance>
<average_hr>135.0</average_hr>
<average_speed>1.5119999647140503</average_speed>
<start_time>2025-06-26T11:06:10+00:00</start_time>
<end_time>2025-06-26T12:04:46.877000+00:00</end_time>
<moving_time>3516.057</moving_time>
<elapsed_time>3516.877</elapsed_time>
</extensions>
<metadata>
    <link href="connect.garmin.com">
      <text>Garmin Connect</text>
    </link>
    <time>2025-06-26T11:06:10.000Z</time>
  </metadata>
  <trk>
    <name>广州市 跑步</name>
    <type>running</type>
    <trkseg>
      <trkpt lat="23.39333645068109035491943359375" lon="113.24480962939560413360595703125">
        <ele>10.80000019073486328125</ele>
        <time>2025-06-26T11:06:15.000Z</time>
        <extensions>
          <ns3:TrackPointExtension>
            <ns3:hr>137</ns3:hr>
            <ns3:cad>61</ns3:cad>
          </ns3:TrackPointExtension>
        </extensions>
      </trkpt>
      <trkpt lat="23.39314282871782779693603515625" lon="113.2446829788386821746826171875">
        <ele>9</ele>
        <time>2025-06-26T11:06:24.000Z</time>
        <extensions>
          <ns3:TrackPointExtension>
            <ns3:hr>138</ns3:hr>
            <ns3:cad>75</ns3:cad>
          </ns3:TrackPointExtension>
        </extensions>
      </trkpt>
      <trkpt lat="23.393094800412654876708984375" lon="113.24484231881797313690185546875">
        <ele>9.19999980926513671875</ele>
        <time>2025-06-26T11:06:31.000Z</time>
        <extensions>
          <ns3:TrackPointExtension>
            <ns3:hr>141</ns3:hr>
            <ns3:cad>81</ns3:cad>
          </ns3:TrackPointExtension>
        </extensions>
      </trkpt>
      <trkpt lat="23.39308440685272216796875" lon="113.24485640041530132293701171875">
        <ele>9.19999980926513671875</ele>
        <time>2025-06-26T11:06:32.000Z</time>
        <extensions>
          <ns3:TrackPointExtension>
            <ns3:hr>144</ns3:hr>
            <ns3:cad>81</ns3:cad>
          </ns3:TrackPointExtension>
        </extensions>
      </trkpt>
      <trkpt lat="23.39305934496223926544189453125" lon="113.244871906936168670654296875">
        <ele>9</ele>
        <time>2025-06-26T11:06:35.000Z</time>
        <extensions>
          <ns3:TrackPointExtension>
            <ns3:hr>143</ns3:hr>
            <ns3:cad>81</ns3:cad>
          </ns3:TrackPointExtension>
        </extensions>
      </trkpt>
      <trkpt lat="23.393046855926513671875" lon="113.24488020502030849456787109375">
        <ele>9</ele>
        <time>2025-06-26T11:06:37.000Z</time>
        <extensions>
          <ns3:TrackPointExtension>
            <ns3:hr>142</ns3:hr>
            <ns3:cad>80</ns3:cad>
          </ns3:TrackPointExtension>
        </extensions>
      </trkpt>
      <trkpt lat="23.39301961474120616912841796875" lon="113.24489126913249492645263671875">
        <ele>8.80000019073486328125</ele>
        <time>2025-06-26T11:06:40.000Z</time>
        <extensions>
          <ns3:TrackPointExtension>
            <ns3:hr>145</ns3:hr>
            <ns3:cad>81</ns3:cad>
          </ns3:TrackPointExtension>
        </extensions>
      </trkpt>
      <trkpt lat="23.39298374019563198089599609375" lon="113.2448901794850826263427734375">
        <ele>8.80000019073486328125</ele>
        <time>2025-06-26T11:06:42.000Z</time>
        <extensions>
          <ns3:TrackPointExtension>
            <ns3:hr>152</ns3:hr>
            <ns3:cad>79</ns3:cad>
          </ns3:TrackPointExtension>
        </extensions>
      </trkpt>
      <trkpt lat="23.3929704129695892333984375" lon="113.24488389305770397186279296875">
        <ele>8.80000019073486328125</ele>
        <time>2025-06-26T11:06:44.000Z</time>
        <extensions>
          <ns3:TrackPointExtension>
            <ns3:hr>158</ns3:hr>
            <ns3:cad>79</ns3:cad>
          </ns3:TrackPointExtension>
        </extensions>
      </trkpt>
      <trkpt lat="23.39294292032718658447265625" lon="113.2449273951351642608642578125">
        <ele>8.80000019073486328125</ele>
        <time>2025-06-26T11:06:46.000Z</time>
        <extensions>
          <ns3:TrackPointExtension>
            <ns3:hr>155</ns3:hr>
            <ns3:cad>80</ns3:cad>
          </ns3:TrackPointExtension>
        </extensions>
      </trkpt>
      <trkpt lat="23.3928626216948032379150390625" lon="113.2450377009809017181396484375">
        <ele>8.3999996185302734375</ele>
        <time>2025-06-26T11:06:52.000Z</time>
        <extensions>
          <ns3:TrackPointExtension>
            <ns3:hr>158</ns3:hr>
            <ns3:cad>80</ns3:cad>
          </ns3:TrackPointExtension>
        </extensions>
      </trkpt>
      <trkpt lat="23.39284636080265045166015625" lon="113.245059661567211151123046875">
        <ele>8.3999996185302734375</ele>
        <time>2025-06-26T11:06:53.000Z</time>
        <extensions>
          <ns3:TrackPointExtension>
            <ns3:hr>162</ns3:hr>
            <ns3:cad>80</ns3:cad>
          </ns3:TrackPointExtension>
        </extensions>
      </trkpt>
      <trkpt lat="23.39284124784171581268310546875" lon="113.24508614838123321533203125">
        <ele>8.3999996185302734375</ele>
        <time>2025-06-26T11:06:54.000Z</time>
        <extensions>
          <ns3:TrackPointExtension>
            <ns3:hr>167</ns3:hr>
            <ns3:cad>79</ns3:cad>
          </ns3:TrackPointExtension>
        </extensions>
      </trkpt>
      <trkpt lat="23.39283823035657405853271484375" lon="113.2451067678630352020263671875">
        <ele>8.3999996185302734375</ele>
        <time>2025-06-26T11:06:55.000Z</time>
        <extensions>
          <ns3:TrackPointExtension>
            <ns3:hr>172</ns3:hr>
            <ns3:cad>79</ns3:cad>
          </ns3:TrackPointExtension>
        </extensions>
      </trkpt>
      <trkpt lat="23.39283605106174945831298828125" lon="113.24512763880193233489990234375">
        <ele>8.3999996185302734375</ele>
        <time>2025-06-26T11:06:56.000Z</time>
        <extensions>
          <ns3:TrackPointExtension>
            <ns3:hr>172</ns3:hr>
            <ns3:cad>80</ns3:cad>
          </ns3:TrackPointExtension>
        </extensions>
      </trkpt>
      <trkpt lat="23.3928363025188446044921875" lon="113.2451932691037654876708984375">
        <ele>8.3999996185302734375</ele>
        <time>2025-06-26T11:06:59.000Z</time>
        <extensions>
          <ns3:TrackPointExtension>
            <ns3:hr>168</ns3:hr>
            <ns3:cad>81</ns3:cad>
          </ns3:TrackPointExtension>
        </extensions>
      </trkpt>
      <trkpt lat="23.39286555536091327667236328125" lon="113.2453991286456584930419921875">
        <ele>9</ele>
        <time>2025-06-26T11:07:08.000Z</time>
        <extensions>
          <ns3:TrackPointExtension>
            <ns3:hr>166</ns3:hr>
            <ns3:cad>83</ns3:cad>
          </ns3:TrackPointExtension>
        </extensions>
      </trkpt>
      <trkpt lat="23.392886258661746978759765625" lon="113.24547372758388519287109375">
        <ele>9.3999996185302734375</ele>
        <time>2025-06-26T11:07:11.000Z</time>
        <extensions>
          <ns3:TrackPointExtension>
            <ns3:hr>162</ns3:hr>
            <ns3:cad>82</ns3:cad>
          </ns3:TrackPointExtension>
        </extensions>
      </trkpt>
      <trkpt lat="23.39289120398461818695068359375" lon="113.24549878947436809539794921875">
        <ele>9.6000003814697265625</ele>
        <time>2025-06-26T11:07:12.000Z</time>
        <extensions>
          <ns3:TrackPointExtension>
            <ns3:hr>158</ns3:hr>
            <ns3:cad>83</ns3:cad>
          </ns3:TrackPointExtension>
        </extensions>
      </trkpt>
      <trkpt lat="23.3929176069796085357666015625" lon="113.2456673495471477508544921875">
        <ele>10</ele>
        <time>2025-06-26T11:07:19.000Z</time>
        <extensions>
          <ns3:TrackPointExtension>
            <ns3:hr>161</ns3:hr>
            <ns3:cad>81</ns3:cad>
          </ns3:TrackPointExtension>
        </extensions>
      </trkpt>
      <trkpt lat="23.39294736273586750030517578125" lon="113.24577505700290203094482421875">
        <ele>10</ele>
        <time>2025-06-26T11:07:25.000Z</time>
        <extensions>
          <ns3:TrackPointExtension>
            <ns3:hr>168</ns3:hr>
            <ns3:cad>82</ns3:cad>
          </ns3:TrackPointExtension>
        </extensions>
      </trkpt>
      <trkpt lat="23.39295473881065845489501953125" lon="113.245795927941799163818359375">
        <ele>10.19999980926513671875</ele>
        <time>2025-06-26T11:07:26.000Z</time>
        <extensions>
          <ns3:TrackPointExtension>
            <ns3:hr>173</ns3:hr>
            <ns3:cad>82</ns3:cad>
          </ns3:TrackPointExtension>
        </extensions>
      </trkpt>
      <trkpt lat="23.3929853327572345733642578125" lon="113.2459000311791896820068359375">
        <ele>10.3999996185302734375</ele>
        <time>2025-06-26T11:07:30.000Z</time>
        <extensions>
          <ns3:TrackPointExtension>
            <ns3:hr>168</ns3:hr>
            <ns3:cad>82</ns3:cad>
          </ns3:TrackPointExtension>
        </extensions>
      </trkpt>
      <trkpt lat="23.39300863444805145263671875" lon="113.24600036256015300750732421875">
        <ele>10.80000019073486328125</ele>
        <time>2025-06-26T11:07:34.000Z</time>
        <extensions>
          <ns3:TrackPointExtension>
            <ns3:hr>171</ns3:hr>
            <ns3:cad>83</ns3:cad>
          </ns3:TrackPointExtension>
        </extensions>
      </trkpt>
      <trkpt lat="23.39306236244738101959228515625" lon="113.24616632424294948577880859375">
        <ele>9.3999996185302734375</ele>
        <time>2025-06-26T11:07:41.000Z</time>
        <extensions>
          <ns3:TrackPointExtension>
            <ns3:hr>174</ns3:hr>
            <ns3:cad>83</ns3:cad>
          </ns3:TrackPointExtension>
        </extensions>
      </trkpt>
      <trkpt lat="23.39307359419763088226318359375" lon="113.2462698407471179962158203125">
        <ele>7.80000019073486328125</ele>
        <time>2025-06-26T11:07:45.000Z</time>
        <extensions>
          <ns3:TrackPointExtension>
            <ns3:hr>169</ns3:hr>
            <ns3:cad>83</ns3:cad>
          </ns3:TrackPointExtension>
        </extensions>
      </trkpt>
      <trkpt lat="23.393081724643707275390625" lon="113.24632658623158931732177734375">
        <ele>7</ele>
        <time>2025-06-26T11:07:47.000Z</time>
        <extensions>
          <ns3:TrackPointExtension>
            <ns3:hr>166</ns3:hr>
            <ns3:cad>83</ns3:cad>
          </ns3:TrackPointExtension>
        </extensions>
      </trkpt>
      <trkpt lat="23.39310712181031703948974609375" lon="113.2463982515037059783935546875">
        <ele>5.19999980926513671875</ele>
        <time>2025-06-26T11:07:50.000Z</time>
        <extensions>
          <ns3:TrackPointExtension>
            <ns3:hr>169</ns3:hr>
            <ns3:cad>82</ns3:cad>
          </ns3:TrackPointExtension>
        </extensions>
      </trkpt>
      <trkpt lat="23.39314802549779415130615234375" lon="113.246463127434253692626953125">
        <ele>4</ele>
        <time>2025-06-26T11:07:53.000Z</time>
        <extensions>
          <ns3:TrackPointExtension>
            <ns3:hr>172</ns3:hr>
            <ns3:cad>83</ns3:cad>
          </ns3:TrackPointExtension>
        </extensions>
      </trkpt>
      <trkpt lat="23.39332706294953823089599609375" lon="113.24658558703958988189697265625">
        <ele>1.60000002384185791015625</ele>
        <time>2025-06-26T11:08:00.000Z</time>
        <extensions>
          <ns3:TrackPointExtension>
            <ns3:hr>173</ns3:hr>
            <ns3:cad>83</ns3:cad>
          </ns3:TrackPointExtension>
        </extensions>
      </trkpt>
      <trkpt lat="23.3934785239398479461669921875" lon="113.24665549211204051971435546875">
        <ele>2.599999904632568359375</ele>
        <time>2025-06-26T11:08:05.000Z</time>
        <extensions>
          <ns3:TrackPointExtension>
            <ns3:hr>170</ns3:hr>
            <ns3:cad>83</ns3:cad>
          </ns3:TrackPointExtension>
        </extensions>
      </trkpt>
      <trkpt lat="23.3936656080186367034912109375" lon="113.24674777686595916748046875">
        <ele>4.400000095367431640625</ele>
        <time>2025-06-26T11:08:12.000Z</time>
        <extensions>
          <ns3:TrackPointExtension>
            <ns3:hr>170</ns3:hr>
            <ns3:cad>83</ns3:cad>
          </ns3:TrackPointExtension>
        </extensions>
      </trkpt>
      <trkpt lat="23.393837772309780120849609375" lon="113.246830590069293975830078125">
        <ele>5.80000019073486328125</ele>
        <time>2025-06-26T11:08:20.000Z</time>
        <extensions>
          <ns3:TrackPointExtension>
            <ns3:hr>171</ns3:hr>
            <ns3:cad>83</ns3:cad>
          </ns3:TrackPointExtension>
        </extensions>
      </trkpt>
      <trkpt lat="23.39402141980826854705810546875" lon="113.2468760199844837188720703125">
        <ele>5.400000095367431640625</ele>
        <time>2025-06-26T11:08:34.000Z</time>
        <extensions>
          <ns3:TrackPointExtension>
            <ns3:hr>169</ns3:hr>
            <ns3:cad>61</ns3:cad>
          </ns3:TrackPointExtension>
        </extensions>
      </trkpt>
      <trkpt lat="23.3941919915378093719482421875" lon="113.24694500304758548736572265625">
        <ele>5</ele>
        <time>2025-06-26T11:08:51.000Z</time>
        <extensions>
          <ns3:TrackPointExtension>
            <ns3:hr>169</ns3:hr>
            <ns3:cad>118</ns3:cad>
          </ns3:TrackPointExtension>
        </extensions>
      </trkpt>
      <trkpt lat="23.394239433109760284423828125" lon="113.246954977512359619140625">
        <ele>5</ele>
        <time>2025-06-26T11:08:56.000Z</time>
        <extensions>
          <ns3:TrackPointExtension>
            <ns3:hr>166</ns3:hr>
            <ns3:cad>58</ns3:cad>
          </ns3:TrackPointExtension>
        </extensions>
      </trkpt>
      <trkpt lat="23.3943056501448154449462890625" lon="113.24696629308164119720458984375">
        <ele>5</ele>
        <time>2025-06-26T11:09:06.000Z</time>
        <extensions>
          <ns3:TrackPointExtension>
            <ns3:hr>163</ns3:hr>
            <ns3:cad>59</ns3:cad>
          </ns3:TrackPointExtension>
        </extensions>
      </trkpt>
      <trkpt lat="23.39432082138955593109130859375" lon="113.2469688914716243743896484375">
        <ele>5</ele>
        <time>2025-06-26T11:09:09.000Z</time>
        <extensions>
          <ns3:TrackPointExtension>
            <ns3:hr>162</ns3:hr>
            <ns3:cad>56</ns3:cad>
          </ns3:TrackPointExtension>
        </extensions>
      </trkpt>
      <trkpt lat="23.39437312446534633636474609375" lon="113.24699596501886844635009765625">
        <ele>5</ele>
        <time>2025-06-26T11:09:15.000Z</time>
        <extensions>
          <ns3:TrackPointExtension>
            <ns3:hr>159</ns3:hr>
            <ns3:cad>57</ns3:cad>
          </ns3:TrackPointExtension>
        </extensions>
      </trkpt>
      <trkpt lat="23.3943760581314563751220703125" lon="113.24701465666294097900390625">
        <ele>5</ele>
        <time>2025-06-26T11:09:17.000Z</time>
        <extensions>
          <ns3:TrackPointExtension>
            <ns3:hr>157</ns3:hr>
            <ns3:cad>57</ns3:cad>
          </ns3:TrackPointExtension>
        </extensions>
      </trkpt>
      <trkpt lat="23.39437044225633144378662109375" lon="113.24703284539282321929931640625">
        <ele>5</ele>
        <time>2025-06-26T11:09:19.000Z</time>
        <extensions>
          <ns3:TrackPointExtension>
            <ns3:hr>156</ns3:hr>
            <ns3:cad>58</ns3:cad>
          </ns3:TrackPointExtension>
        </extensions>
      </trkpt>
      <trkpt lat="23.3943301253020763397216796875" lon="113.24714985676109790802001953125">
        <ele>5</ele>
        <time>2025-06-26T11:09:29.000Z</time>
        <extensions>
          <ns3:TrackPointExtension>
            <ns3:hr>153</ns3:hr>
            <ns3:cad>58</ns3:cad>
          </ns3:TrackPointExtension>
        </extensions>
      </trkpt>
      <trkpt lat="23.3942952565848827362060546875" lon="113.24721121229231357574462890625">
        <ele>5.19999980926513671875</ele>
        <time>2025-06-26T11:09:36.000Z</time>
        <extensions>
          <ns3:TrackPointExtension>
            <ns3:hr>150</ns3:hr>
            <ns3:cad>57</ns3:cad>
          </ns3:TrackPointExtension>
        </extensions>
      </trkpt>
      <trkpt lat="23.39426550082862377166748046875" lon="113.24726636521518230438232421875">
        <ele>5.400000095367431640625</ele>
        <time>2025-06-26T11:09:41.000Z</time>
        <extensions>
          <ns3:TrackPointExtension>
            <ns3:hr>147</ns3:hr>
            <ns3:cad>58</ns3:cad>
          </ns3:TrackPointExtension>
        </extensions>
      </trkpt>
      <trkpt lat="23.39405427686870098114013671875" lon="113.2473189197480678558349609375">
        <ele>5.80000019073486328125</ele>
        <time>2025-06-26T11:10:00.000Z</time>
        <extensions>
          <ns3:TrackPointExtension>
            <ns3:hr>145</ns3:hr>
            <ns3:cad>57</ns3:cad>
          </ns3:TrackPointExtension>
        </extensions>
      </trkpt>
      <trkpt lat="23.39400281198322772979736328125" lon="113.24733543209731578826904296875">
        <ele>6.19999980926513671875</ele>
        <time>2025-06-26T11:10:05.000Z</time>
        <extensions>
          <ns3:TrackPointExtension>
            <ns3:hr>142</ns3:hr>
            <ns3:cad>58</ns3:cad>
          </ns3:TrackPointExtension>
        </extensions>
      </trkpt>
      <trkpt lat="23.3939683623611927032470703125" lon="113.24737918563187122344970703125">
        <ele>6.400000095367431640625</ele>
        <time>2025-06-26T11:10:11.000Z</time>
        <extensions>
          <ns3:TrackPointExtension>
            <ns3:hr>139</ns3:hr>
            <ns3:cad>58</ns3:cad>
          </ns3:TrackPointExtension>
        </extensions>
      </trkpt>
      <trkpt lat="23.393847160041332244873046875" lon="113.24751949869096279144287109375">
        <ele>6.19999980926513671875</ele>
        <time>2025-06-26T11:10:28.000Z</time>
        <extensions>
          <ns3:TrackPointExtension>
            <ns3:hr>138</ns3:hr>
            <ns3:cad>57</ns3:cad>
          </ns3:TrackPointExtension>
        </extensions>
      </trkpt>
      <trkpt lat="23.3938287198543548583984375" lon="113.24761337600648403167724609375">
        <ele>5.400000095367431640625</ele>
        <time>2025-06-26T11:10:36.000Z</time>
        <extensions>
          <ns3:TrackPointExtension>
            <ns3:hr>135</ns3:hr>
            <ns3:cad>58</ns3:cad>
          </ns3:TrackPointExtension>
        </extensions>
      </trkpt>
      <trkpt lat="23.39382092468440532684326171875" lon="113.24763399548828601837158203125">
        <ele>5.19999980926513671875</ele>
        <time>2025-06-26T11:10:38.000Z</time>
        <extensions>
          <ns3:TrackPointExtension>
            <ns3:hr>131</ns3:hr>
            <ns3:cad>58</ns3:cad>
          </ns3:TrackPointExtension>
        </extensions>
      </trkpt>
      <trkpt lat="23.393815644085407257080078125" lon="113.24764455668628215789794921875">
        <ele>5.19999980926513671875</ele>
        <time>2025-06-26T11:10:39.000Z</time>
        <extensions>
          <ns3:TrackPointExtension>
            <ns3:hr>128</ns3:hr>
            <ns3:cad>58</ns3:cad>
          </ns3:TrackPointExtension>
        </extensions>
      </trkpt>
      <trkpt lat="23.39380935765802860260009765625" lon="113.24765570461750030517578125">
        <ele>5</ele>
        <time>2025-06-26T11:10:40.000Z</time>
        <extensions>
          <ns3:TrackPointExtension>
            <ns3:hr>128</ns3:hr>
            <ns3:cad>58</ns3:cad>
          </ns3:TrackPointExtension>
        </extensions>
      </trkpt>
      <trkpt lat="23.3937648497521877288818359375" lon="113.2477517612278461456298828125">
        <ele>3.599999904632568359375</ele>
        <time>2025-06-26T11:10:49.000Z</time>
        <extensions>
          <ns3:TrackPointExtension>
            <ns3:hr>122</ns3:hr>
            <ns3:cad>56</ns3:cad>
          </ns3:TrackPointExtension>
        </extensions>
      </trkpt>
      <trkpt lat="23.39371137320995330810546875" lon="113.24792015366256237030029296875">
        <ele>2.599999904632568359375</ele>
        <time>2025-06-26T11:11:06.000Z</time>
        <extensions>
          <ns3:TrackPointExtension>
            <ns3:hr>122</ns3:hr>
            <ns3:cad>61</ns3:cad>
          </ns3:TrackPointExtension>
        </extensions>
      </trkpt>
      <trkpt lat="23.3937011472880840301513671875" lon="113.2479353249073028564453125">
        <ele>2.400000095367431640625</ele>
        <time>2025-06-26T11:11:08.000Z</time>
        <extensions>
          <ns3:TrackPointExtension>
            <ns3:hr>124</ns3:hr>
            <ns3:cad>61</ns3:cad>
          </ns3:TrackPointExtension>
        </extensions>
      </trkpt>
      <trkpt lat="23.39369016699492931365966796875" lon="113.24797580949962139129638671875">
        <ele>2</ele>
        <time>2025-06-26T11:11:12.000Z</time>
        <extensions>
          <ns3:TrackPointExtension>
            <ns3:hr>124</ns3:hr>
            <ns3:cad>61</ns3:cad>
          </ns3:TrackPointExtension>
        </extensions>
      </trkpt>
      <trkpt lat="23.39368279092013835906982421875" lon="113.24798402376472949981689453125">
        <ele>1.7999999523162841796875</ele>
        <time>2025-06-26T11:11:13.000Z</time>
        <extensions>
          <ns3:TrackPointExtension>
            <ns3:hr>124</ns3:hr>
            <ns3:cad>61</ns3:cad>
          </ns3:TrackPointExtension>
        </extensions>
      </trkpt>
      <trkpt lat="23.39366954751312732696533203125" lon="113.24799760244786739349365234375">
        <ele>1.60000002384185791015625</ele>
        <time>2025-06-26T11:11:15.000Z</time>
        <extensions>
          <ns3:TrackPointExtension>
            <ns3:hr>124</ns3:hr>
            <ns3:cad>61</ns3:cad>
          </ns3:TrackPointExtension>
        </extensions>
      </trkpt>
      <trkpt lat="23.39365781284868717193603515625" lon="113.24801168404519557952880859375">
        <ele>1.39999997615814208984375</ele>
        <time>2025-06-26T11:11:18.000Z</time>
        <extensions>
          <ns3:TrackPointExtension>
            <ns3:hr>124</ns3:hr>
            <ns3:cad>61</ns3:cad>
          </ns3:TrackPointExtension>
        </extensions>
      </trkpt>
      <trkpt lat="23.393636606633663177490234375" lon="113.2480226643383502960205078125">
        <ele>1</ele>
        <time>2025-06-26T11:11:22.000Z</time>
        <extensions>
          <ns3:TrackPointExtension>
            <ns3:hr>126</ns3:hr>
            <ns3:cad>61</ns3:cad>
          </ns3:TrackPointExtension>
        </extensions>
      </trkpt>
      <trkpt lat="23.39361053891479969024658203125" lon="113.2480179704725742340087890625">
        <ele>0.60000002384185791015625</ele>
        <time>2025-06-26T11:11:25.000Z</time>
        <extensions>
          <ns3:TrackPointExtension>
            <ns3:hr>127</ns3:hr>
            <ns3:cad>53</ns3:cad>
          </ns3:TrackPointExtension>
        </extensions>
      </trkpt>
      <trkpt lat="23.39358874596655368804931640625" lon="113.2480089180171489715576171875">
        <ele>0.4000000059604644775390625</ele>
        <time>2025-06-26T11:11:28.000Z</time>
        <extensions>
          <ns3:TrackPointExtension>
            <ns3:hr>128</ns3:hr>
            <ns3:cad>53</ns3:cad>
          </ns3:TrackPointExtension>
        </extensions>
      </trkpt>
      <trkpt lat="23.39355848729610443115234375" lon="113.2480015419423580169677734375">
        <ele>0</ele>
        <time>2025-06-26T11:11:31.000Z</time>
        <extensions>
          <ns3:TrackPointExtension>
            <ns3:hr>129</ns3:hr>
            <ns3:cad>55</ns3:cad>
          </ns3:TrackPointExtension>
        </extensions>
      </trkpt>
      <trkpt lat="23.3934708125889301300048828125" lon="113.24800170958042144775390625">
        <ele>-0.20000000298023223876953125</ele>
        <time>2025-06-26T11:11:40.000Z</time>
        <extensions>
          <ns3:TrackPointExtension>
            <ns3:hr>132</ns3:hr>
            <ns3:cad>55</ns3:cad>
          </ns3:TrackPointExtension>
        </extensions>
      </trkpt>
      <trkpt lat="23.3934627659618854522705078125" lon="113.2480005361139774322509765625">
        <ele>-0.20000000298023223876953125</ele>
        <time>2025-06-26T11:11:41.000Z</time>
        <extensions>
          <ns3:TrackPointExtension>
            <ns3:hr>129</ns3:hr>
            <ns3:cad>55</ns3:cad>
          </ns3:TrackPointExtension>
        </extensions>
      </trkpt>
      <trkpt lat="23.39336679317057132720947265625" lon="113.24801604263484477996826171875">
        <ele>-0.4000000059604644775390625</ele>
        <time>2025-06-26T11:11:52.000Z</time>
        <extensions>
          <ns3:TrackPointExtension>
            <ns3:hr>126</ns3:hr>
            <ns3:cad>57</ns3:cad>
          </ns3:TrackPointExtension>
        </extensions>
      </trkpt>
      <trkpt lat="23.39332111179828643798828125" lon="113.24801872484385967254638671875">
        <ele>-0.4000000059604644775390625</ele>
        <time>2025-06-26T11:11:57.000Z</time>
        <extensions>
          <ns3:TrackPointExtension>
            <ns3:hr>123</ns3:hr>
            <ns3:cad>55</ns3:cad>
          </ns3:TrackPointExtension>
        </extensions>
      </trkpt>
      <trkpt lat="23.3931358717381954193115234375" lon="113.2480253465473651885986328125">
        <ele>3.400000095367431640625</ele>
        <time>2025-06-26T11:12:12.000Z</time>
        <extensions>
          <ns3:TrackPointExtension>
            <ns3:hr>125</ns3:hr>
            <ns3:cad>80</ns3:cad>
          </ns3:TrackPointExtension>
        </extensions>
      </trkpt>
      <trkpt lat="23.39306018315255641937255859375" lon="113.24801486916840076446533203125">
        <ele>4.80000019073486328125</ele>
        <time>2025-06-26T11:12:16.000Z</time>
        <extensions>
          <ns3:TrackPointExtension>
            <ns3:hr>132</ns3:hr>
            <ns3:cad>82</ns3:cad>
          </ns3:TrackPointExtension>
        </extensions>
      </trkpt>
      <trkpt lat="23.39296714402735233306884765625" lon="113.248016126453876495361328125">
        <ele>5.400000095367431640625</ele>
        <time>2025-06-26T11:12:21.000Z</time>
        <extensions>
          <ns3:TrackPointExtension>
            <ns3:hr>135</ns3:hr>
            <ns3:cad>79</ns3:cad>
          </ns3:TrackPointExtension>
        </extensions>
      </trkpt>
      <trkpt lat="23.39289254508912563323974609375" lon="113.248026184737682342529296875">
        <ele>5.80000019073486328125</ele>
        <time>2025-06-26T11:12:25.000Z</time>
        <extensions>
          <ns3:TrackPointExtension>
            <ns3:hr>140</ns3:hr>
            <ns3:cad>81</ns3:cad>
          </ns3:TrackPointExtension>
        </extensions>
      </trkpt>
      <trkpt lat="23.3928550779819488525390625" lon="113.24802492745220661163330078125">
        <ele>5.80000019073486328125</ele>
        <time>2025-06-26T11:12:27.000Z</time>
        <extensions>
          <ns3:TrackPointExtension>
            <ns3:hr>144</ns3:hr>
            <ns3:cad>80</ns3:cad>
          </ns3:TrackPointExtension>
        </extensions>
      </trkpt>
      <trkpt lat="23.39280889369547367095947265625" lon="113.24803565628826618194580078125">
        <ele>6.19999980926513671875</ele>
        <time>2025-06-26T11:12:30.000Z</time>
        <extensions>
          <ns3:TrackPointExtension>
            <ns3:hr>141</ns3:hr>
            <ns3:cad>80</ns3:cad>
          </ns3:TrackPointExtension>
        </extensions>
      </trkpt>
      <trkpt lat="23.392793722450733184814453125" lon="113.24803733266890048980712890625">
        <ele>6.19999980926513671875</ele>
        <time>2025-06-26T11:12:31.000Z</time>
        <extensions>
          <ns3:TrackPointExtension>
            <ns3:hr>137</ns3:hr>
            <ns3:cad>80</ns3:cad>
          </ns3:TrackPointExtension>
        </extensions>
      </trkpt>
      <trkpt lat="23.39276011101901531219482421875" lon="113.24804202653467655181884765625">
        <ele>6.19999980926513671875</ele>
        <time>2025-06-26T11:12:33.000Z</time>
        <extensions>
          <ns3:TrackPointExtension>
            <ns3:hr>133</ns3:hr>
            <ns3:cad>79</ns3:cad>
          </ns3:TrackPointExtension>
        </extensions>
      </trkpt>
      <trkpt lat="23.39271920733153820037841796875" lon="113.24804487638175487518310546875">
        <ele>6.19999980926513671875</ele>
        <time>2025-06-26T11:12:35.000Z</time>
        <extensions>
          <ns3:TrackPointExtension>
            <ns3:hr>137</ns3:hr>
            <ns3:cad>79</ns3:cad>
          </ns3:TrackPointExtension>
        </extensions>
      </trkpt>
      <trkpt lat="23.39265634305775165557861328125" lon="113.24805493466556072235107421875">
        <ele>6</ele>
        <time>2025-06-26T11:12:38.000Z</time>
        <extensions>
          <ns3:TrackPointExtension>
            <ns3:hr>140</ns3:hr>
            <ns3:cad>81</ns3:cad>
          </ns3:TrackPointExtension>
        </extensions>
      </trkpt>
      <trkpt lat="23.3926399983465671539306640625" lon="113.24805426411330699920654296875">
        <ele>5.80000019073486328125</ele>
        <time>2025-06-26T11:12:39.000Z</time>
        <extensions>
          <ns3:TrackPointExtension>
            <ns3:hr>143</ns3:hr>
            <ns3:cad>81</ns3:cad>
          </ns3:TrackPointExtension>
        </extensions>
      </trkpt>
      <trkpt lat="23.39261024259030818939208984375" lon="113.2480682618916034698486328125">
        <ele>5.80000019073486328125</ele>
        <time>2025-06-26T11:12:41.000Z</time>
        <extensions>
          <ns3:TrackPointExtension>
            <ns3:hr>147</ns3:hr>
            <ns3:cad>81</ns3:cad>
          </ns3:TrackPointExtension>
        </extensions>
      </trkpt>
      <trkpt lat="23.392514772713184356689453125" lon="113.24808460660278797149658203125">
        <ele>5.599999904632568359375</ele>
        <time>2025-06-26T11:12:46.000Z</time>
        <extensions>
          <ns3:TrackPointExtension>
            <ns3:hr>150</ns3:hr>
            <ns3:cad>81</ns3:cad>
          </ns3:TrackPointExtension>
        </extensions>
      </trkpt>
      <trkpt lat="23.3924948237836360931396484375" lon="113.2480779848992824554443359375">
        <ele>5.400000095367431640625</ele>
        <time>2025-06-26T11:12:47.000Z</time>
        <extensions>
          <ns3:TrackPointExtension>
            <ns3:hr>154</ns3:hr>
            <ns3:cad>81</ns3:cad>
          </ns3:TrackPointExtension>
        </extensions>
      </trkpt>
      <trkpt lat="23.3924763835966587066650390625" lon="113.24807220138609409332275390625">
        <ele>5.400000095367431640625</ele>
        <time>2025-06-26T11:12:48.000Z</time>
        <extensions>
          <ns3:TrackPointExtension>
            <ns3:hr>159</ns3:hr>
            <ns3:cad>82</ns3:cad>
          </ns3:TrackPointExtension>
        </extensions>
      </trkpt>
      <trkpt lat="23.3924554288387298583984375" lon="113.24806113727390766143798828125">
        <ele>5.19999980926513671875</ele>
        <time>2025-06-26T11:12:49.000Z</time>
        <extensions>
          <ns3:TrackPointExtension>
            <ns3:hr>164</ns3:hr>
            <ns3:cad>82</ns3:cad>
          </ns3:TrackPointExtension>
        </extensions>
      </trkpt>
      <trkpt lat="23.3924371562898159027099609375" lon="113.24805124662816524505615234375">
        <ele>5.19999980926513671875</ele>
        <time>2025-06-26T11:12:50.000Z</time>
        <extensions>
          <ns3:TrackPointExtension>
            <ns3:hr>169</ns3:hr>
            <ns3:cad>82</ns3:cad>
          </ns3:TrackPointExtension>
        </extensions>
      </trkpt>
      <trkpt lat="23.3924207277595996856689453125" lon="113.2480457983911037445068359375">
        <ele>5.19999980926513671875</ele>
        <time>2025-06-26T11:12:51.000Z</time>
        <extensions>
          <ns3:TrackPointExtension>
            <ns3:hr>174</ns3:hr>
            <ns3:cad>82</ns3:cad>
          </ns3:TrackPointExtension>
        </extensions>
      </trkpt>
      <trkpt lat="23.39240371249616146087646484375" lon="113.24804822914302349090576171875">
        <ele>5.19999980926513671875</ele>
        <time>2025-06-26T11:12:52.000Z</time>
        <extensions>
          <ns3:TrackPointExtension>
            <ns3:hr>173</ns3:hr>
            <ns3:cad>82</ns3:cad>
          </ns3:TrackPointExtension>
        </extensions>
      </trkpt>
      <trkpt lat="23.3922745473682880401611328125" lon="113.2480350695550441741943359375">
        <ele>5.19999980926513671875</ele>
        <time>2025-06-26T11:12:59.000Z</time>
        <extensions>
          <ns3:TrackPointExtension>
            <ns3:hr>170</ns3:hr>
            <ns3:cad>82</ns3:cad>
          </ns3:TrackPointExtension>
        </extensions>
      </trkpt>
      <trkpt lat="23.39215275831520557403564453125" lon="113.24799232184886932373046875">
        <ele>5.400000095367431640625</ele>
        <time>2025-06-26T11:13:05.000Z</time>
        <extensions>
          <ns3:TrackPointExtension>
            <ns3:hr>174</ns3:hr>
            <ns3:cad>82</ns3:cad>
          </ns3:TrackPointExtension>
        </extensions>
      </trkpt>
      <trkpt lat="23.3920505829155445098876953125" lon="113.24791730381548404693603515625">
        <ele>5.80000019073486328125</ele>
        <time>2025-06-26T11:13:10.000Z</time>
        <extensions>
          <ns3:TrackPointExtension>
            <ns3:hr>171</ns3:hr>
            <ns3:cad>82</ns3:cad>
          </ns3:TrackPointExtension>
        </extensions>
      </trkpt>
      <trkpt lat="23.39201445691287517547607421875" lon="113.24789383448660373687744140625">
        <ele>6</ele>
        <time>2025-06-26T11:13:13.000Z</time>
        <extensions>
          <ns3:TrackPointExtension>
            <ns3:hr>174</ns3:hr>
            <ns3:cad>84</ns3:cad>
          </ns3:TrackPointExtension>
        </extensions>
      </trkpt>
      <trkpt lat="23.391983695328235626220703125" lon="113.24787296354770660400390625">
        <ele>6</ele>
        <time>2025-06-26T11:13:15.000Z</time>
        <extensions>
          <ns3:TrackPointExtension>
            <ns3:hr>169</ns3:hr>
            <ns3:cad>84</ns3:cad>
          </ns3:TrackPointExtension>
        </extensions>
      </trkpt>
      <trkpt lat="23.391911275684833526611328125" lon="113.247829377651214599609375">
        <ele>6.400000095367431640625</ele>
        <time>2025-06-26T11:13:21.000Z</time>
        <extensions>
          <ns3:TrackPointExtension>
            <ns3:hr>172</ns3:hr>
            <ns3:cad>61</ns3:cad>
          </ns3:TrackPointExtension>
        </extensions>
      </trkpt>
      <trkpt lat="23.3918162249028682708740234375" lon="113.247801549732685089111328125">
        <ele>6.599999904632568359375</ele>
        <time>2025-06-26T11:13:31.000Z</time>
        <extensions>
          <ns3:TrackPointExtension>
            <ns3:hr>169</ns3:hr>
            <ns3:cad>57</ns3:cad>
          </ns3:TrackPointExtension>
        </extensions>
      </trkpt>
      <trkpt lat="23.39178479276597499847412109375" lon="113.2477936707437038421630859375">
        <ele>6.80000019073486328125</ele>
        <time>2025-06-26T11:13:34.000Z</time>
        <extensions>
          <ns3:TrackPointExtension>
            <ns3:hr>165</ns3:hr>
            <ns3:cad>57</ns3:cad>
          </ns3:TrackPointExtension>
        </extensions>
      </trkpt>
      <trkpt lat="23.39174338616430759429931640625" lon="113.24778201989829540252685546875">
        <ele>6.80000019073486328125</ele>
        <time>2025-06-26T11:13:38.000Z</time>
        <extensions>
          <ns3:TrackPointExtension>
            <ns3:hr>162</ns3:hr>
            <ns3:cad>60</ns3:cad>
          </ns3:TrackPointExtension>
        </extensions>
      </trkpt>
      <trkpt lat="23.39171337895095348358154296875" lon="113.247782774269580841064453125">
        <ele>7</ele>
        <time>2025-06-26T11:13:41.000Z</time>
        <extensions>
          <ns3:TrackPointExtension>
            <ns3:hr>159</ns3:hr>
            <ns3:cad>61</ns3:cad>
          </ns3:TrackPointExtension>
        </extensions>
      </trkpt>
      <trkpt lat="23.391637019813060760498046875" lon="113.24773751199245452880859375">
        <ele>7.19999980926513671875</ele>
        <time>2025-06-26T11:13:47.000Z</time>
        <extensions>
          <ns3:TrackPointExtension>
            <ns3:hr>156</ns3:hr>
            <ns3:cad>56</ns3:cad>
          </ns3:TrackPointExtension>
        </extensions>
      </trkpt>
      <trkpt lat="23.39157826267182826995849609375" lon="113.24770323000848293304443359375">
        <ele>6.400000095367431640625</ele>
        <time>2025-06-26T11:13:51.000Z</time>
        <extensions>
          <ns3:TrackPointExtension>
            <ns3:hr>153</ns3:hr>
            <ns3:cad>61</ns3:cad>
          </ns3:TrackPointExtension>
        </extensions>
      </trkpt>
      <trkpt lat="23.39153073728084564208984375" lon="113.24767624028027057647705078125">
        <ele>5.599999904632568359375</ele>
        <time>2025-06-26T11:13:54.000Z</time>
        <extensions>
          <ns3:TrackPointExtension>
            <ns3:hr>150</ns3:hr>
            <ns3:cad>61</ns3:cad>
          </ns3:TrackPointExtension>
        </extensions>
      </trkpt>
      <trkpt lat="23.39147650636732578277587890625" lon="113.2476508431136608123779296875">
        <ele>4.80000019073486328125</ele>
        <time>2025-06-26T11:13:59.000Z</time>
        <extensions>
          <ns3:TrackPointExtension>
            <ns3:hr>147</ns3:hr>
            <ns3:cad>61</ns3:cad>
          </ns3:TrackPointExtension>
        </extensions>
      </trkpt>
      <trkpt lat="23.39139260351657867431640625" lon="113.2476129569113254547119140625">
        <ele>3.599999904632568359375</ele>
        <time>2025-06-26T11:14:06.000Z</time>
        <extensions>
          <ns3:TrackPointExtension>
            <ns3:hr>144</ns3:hr>
            <ns3:cad>61</ns3:cad>
          </ns3:TrackPointExtension>
        </extensions>
      </trkpt>
      <trkpt lat="23.3913503587245941162109375" lon="113.2476072572171688079833984375">
        <ele>3.2000000476837158203125</ele>
        <time>2025-06-26T11:14:11.000Z</time>
        <extensions>
          <ns3:TrackPointExtension>
            <ns3:hr>141</ns3:hr>
            <ns3:cad>61</ns3:cad>
          </ns3:TrackPointExtension>
        </extensions>
      </trkpt>
      <trkpt lat="23.391225300729274749755859375" lon="113.2475482486188411712646484375">
        <ele>2.400000095367431640625</ele>
        <time>2025-06-26T11:14:23.000Z</time>
        <extensions>
          <ns3:TrackPointExtension>
            <ns3:hr>144</ns3:hr>
            <ns3:cad>61</ns3:cad>
          </ns3:TrackPointExtension>
        </extensions>
      </trkpt>
      <trkpt lat="23.3911195211112499237060546875" lon="113.24750072322785854339599609375">
        <ele>1.60000002384185791015625</ele>
        <time>2025-06-26T11:14:33.000Z</time>
        <extensions>
          <ns3:TrackPointExtension>
            <ns3:hr>141</ns3:hr>
            <ns3:cad>61</ns3:cad>
          </ns3:TrackPointExtension>
        </extensions>
      </trkpt>
      <trkpt lat="23.39106176979839801788330078125" lon="113.247471638023853302001953125">
        <ele>1.39999997615814208984375</ele>
        <time>2025-06-26T11:14:38.000Z</time>
        <extensions>
          <ns3:TrackPointExtension>
            <ns3:hr>138</ns3:hr>
            <ns3:cad>61</ns3:cad>
          </ns3:TrackPointExtension>
        </extensions>
      </trkpt>
      <trkpt lat="23.3909019269049167633056640625" lon="113.24743819423019886016845703125">
        <ele>3</ele>
        <time>2025-06-26T11:14:49.000Z</time>
        <extensions>
          <ns3:TrackPointExtension>
            <ns3:hr>133</ns3:hr>
            <ns3:cad>81</ns3:cad>
          </ns3:TrackPointExtension>
        </extensions>
      </trkpt>
      <trkpt lat="23.39087602682411670684814453125" lon="113.24742369353771209716796875">
        <ele>3.2000000476837158203125</ele>
        <time>2025-06-26T11:14:50.000Z</time>
        <extensions>
          <ns3:TrackPointExtension>
            <ns3:hr>130</ns3:hr>
            <ns3:cad>81</ns3:cad>
          </ns3:TrackPointExtension>
        </extensions>
      </trkpt>
      <trkpt lat="23.39084233157336711883544921875" lon="113.2474188320338726043701171875">
        <ele>3.599999904632568359375</ele>
        <time>2025-06-26T11:14:52.000Z</time>
        <extensions>
          <ns3:TrackPointExtension>
            <ns3:hr>134</ns3:hr>
            <ns3:cad>82</ns3:cad>
          </ns3:TrackPointExtension>
        </extensions>
      </trkpt>
      <trkpt lat="23.39082255028188228607177734375" lon="113.24741556309163570404052734375">
        <ele>3.7999999523162841796875</ele>
        <time>2025-06-26T11:14:53.000Z</time>
        <extensions>
          <ns3:TrackPointExtension>
            <ns3:hr>138</ns3:hr>
            <ns3:cad>82</ns3:cad>
          </ns3:TrackPointExtension>
        </extensions>
      </trkpt>
      <trkpt lat="23.390798829495906829833984375" lon="113.24741137214004993438720703125">
        <ele>4</ele>
        <time>2025-06-26T11:14:54.000Z</time>
        <extensions>
          <ns3:TrackPointExtension>
            <ns3:hr>143</ns3:hr>
            <ns3:cad>82</ns3:cad>
          </ns3:TrackPointExtension>
        </extensions>
      </trkpt>
      <trkpt lat="23.3907785452902317047119140625" lon="113.2474122941493988037109375">
        <ele>4.19999980926513671875</ele>
        <time>2025-06-26T11:14:55.000Z</time>
        <extensions>
          <ns3:TrackPointExtension>
            <ns3:hr>148</ns3:hr>
            <ns3:cad>83</ns3:cad>
          </ns3:TrackPointExtension>
        </extensions>
      </trkpt>
      <trkpt lat="23.39075683616101741790771484375" lon="113.2474127970635890960693359375">
        <ele>4.400000095367431640625</ele>
        <time>2025-06-26T11:14:56.000Z</time>
        <extensions>
          <ns3:TrackPointExtension>
            <ns3:hr>153</ns3:hr>
            <ns3:cad>83</ns3:cad>
          </ns3:TrackPointExtension>
        </extensions>
      </trkpt>
      <trkpt lat="23.3907352946698665618896484375" lon="113.24741338379681110382080078125">
        <ele>4.599999904632568359375</ele>
        <time>2025-06-26T11:14:57.000Z</time>
        <extensions>
          <ns3:TrackPointExtension>
            <ns3:hr>158</ns3:hr>
            <ns3:cad>82</ns3:cad>
          </ns3:TrackPointExtension>
        </extensions>
      </trkpt>
      <trkpt lat="23.39071459136903285980224609375" lon="113.24740936048328876495361328125">
        <ele>4.80000019073486328125</ele>
        <time>2025-06-26T11:14:58.000Z</time>
        <extensions>
          <ns3:TrackPointExtension>
            <ns3:hr>163</ns3:hr>
            <ns3:cad>82</ns3:cad>
          </ns3:TrackPointExtension>
        </extensions>
      </trkpt>
      <trkpt lat="23.390691541135311126708984375" lon="113.24740760028362274169921875">
        <ele>5.19999980926513671875</ele>
        <time>2025-06-26T11:14:59.000Z</time>
        <extensions>
          <ns3:TrackPointExtension>
            <ns3:hr>168</ns3:hr>
            <ns3:cad>83</ns3:cad>
          </ns3:TrackPointExtension>
        </extensions>
      </trkpt>
      <trkpt lat="23.39066714979708194732666015625" lon="113.2473973743617534637451171875">
        <ele>5.400000095367431640625</ele>
        <time>2025-06-26T11:15:00.000Z</time>
        <extensions>
          <ns3:TrackPointExtension>
            <ns3:hr>173</ns3:hr>
            <ns3:cad>83</ns3:cad>
          </ns3:TrackPointExtension>
        </extensions>
      </trkpt>
      <trkpt lat="23.39064158499240875244140625" lon="113.2473842985928058624267578125">
        <ele>5.599999904632568359375</ele>
        <time>2025-06-26T11:15:01.000Z</time>
        <extensions>
          <ns3:TrackPointExtension>
            <ns3:hr>178</ns3:hr>
            <ns3:cad>83</ns3:cad>
          </ns3:TrackPointExtension>
        </extensions>
      </trkpt>
      <trkpt lat="23.3906182833015918731689453125" lon="113.24737046845257282257080078125">
        <ele>5.80000019073486328125</ele>
        <time>2025-06-26T11:15:02.000Z</time>
        <extensions>
          <ns3:TrackPointExtension>
            <ns3:hr>182</ns3:hr>
            <ns3:cad>82</ns3:cad>
          </ns3:TrackPointExtension>
        </extensions>
      </trkpt>
      <trkpt lat="23.39059405960142612457275390625" lon="113.24735923670232295989990234375">
        <ele>6</ele>
        <time>2025-06-26T11:15:03.000Z</time>
        <extensions>
          <ns3:TrackPointExtension>
            <ns3:hr>177</ns3:hr>
            <ns3:cad>82</ns3:cad>
          </ns3:TrackPointExtension>
        </extensions>
      </trkpt>
      <trkpt lat="23.39052759110927581787109375" lon="113.2473371922969818115234375">
        <ele>6.599999904632568359375</ele>
        <time>2025-06-26T11:15:06.000Z</time>
        <extensions>
          <ns3:TrackPointExtension>
            <ns3:hr>174</ns3:hr>
            <ns3:cad>82</ns3:cad>
          </ns3:TrackPointExtension>
        </extensions>
      </trkpt>
      <trkpt lat="23.3904835022985935211181640625" lon="113.2473182491958141326904296875">
        <ele>6.80000019073486328125</ele>
        <time>2025-06-26T11:15:08.000Z</time>
        <extensions>
          <ns3:TrackPointExtension>
            <ns3:hr>171</ns3:hr>
            <ns3:cad>83</ns3:cad>
          </ns3:TrackPointExtension>
        </extensions>
      </trkpt>
      <trkpt lat="23.3903574384748935699462890625" lon="113.247263431549072265625">
        <ele>7</ele>
        <time>2025-06-26T11:15:14.000Z</time>
        <extensions>
          <ns3:TrackPointExtension>
            <ns3:hr>174</ns3:hr>
            <ns3:cad>82</ns3:cad>
          </ns3:TrackPointExtension>
        </extensions>
      </trkpt>
      <trkpt lat="23.39034226723015308380126953125" lon="113.24726016260683536529541015625">
        <ele>7</ele>
        <time>2025-06-26T11:15:15.000Z</time>
        <extensions>
          <ns3:TrackPointExtension>
            <ns3:hr>177</ns3:hr>
            <ns3:cad>82</ns3:cad>
          </ns3:TrackPointExtension>
        </extensions>
      </trkpt>
      <trkpt lat="23.39025710709393024444580078125" lon="113.2472186721861362457275390625">
        <ele>7.400000095367431640625</ele>
        <time>2025-06-26T11:15:21.000Z</time>
        <extensions>
          <ns3:TrackPointExtension>
            <ns3:hr>174</ns3:hr>
            <ns3:cad>83</ns3:cad>
          </ns3:TrackPointExtension>
        </extensions>
      </trkpt>
      <trkpt lat="23.390224836766719818115234375" lon="113.2471908442676067352294921875">
        <ele>7.19999980926513671875</ele>
        <time>2025-06-26T11:15:23.000Z</time>
        <extensions>
          <ns3:TrackPointExtension>
            <ns3:hr>177</ns3:hr>
            <ns3:cad>82</ns3:cad>
          </ns3:TrackPointExtension>
        </extensions>
      </trkpt>
      <trkpt lat="23.39008963666856288909912109375" lon="113.247039131820201873779296875">
        <ele>5</ele>
        <time>2025-06-26T11:15:33.000Z</time>
        <extensions>
          <ns3:TrackPointExtension>
            <ns3:hr>174</ns3:hr>
            <ns3:cad>83</ns3:cad>
          </ns3:TrackPointExtension>
        </extensions>
      </trkpt>
      <trkpt lat="23.3900711126625537872314453125" lon="113.24701205827295780181884765625">
        <ele>4.80000019073486328125</ele>
        <time>2025-06-26T11:15:34.000Z</time>
        <extensions>
          <ns3:TrackPointExtension>
            <ns3:hr>171</ns3:hr>
            <ns3:cad>83</ns3:cad>
          </ns3:TrackPointExtension>
        </extensions>
      </trkpt>
      <trkpt lat="23.38999249041080474853515625" lon="113.2469107210636138916015625">
        <ele>3.400000095367431640625</ele>
        <time>2025-06-26T11:15:38.000Z</time>
        <extensions>
          <ns3:TrackPointExtension>
            <ns3:hr>175</ns3:hr>
            <ns3:cad>83</ns3:cad>
          </ns3:TrackPointExtension>
        </extensions>
      </trkpt>
      <trkpt lat="23.3899718709290027618408203125" lon="113.2468823902308940887451171875">
        <ele>3</ele>
        <time>2025-06-26T11:15:39.000Z</time>
        <extensions>
          <ns3:TrackPointExtension>
            <ns3:hr>180</ns3:hr>
            <ns3:cad>83</ns3:cad>
          </ns3:TrackPointExtension>
        </extensions>
      </trkpt>
      <trkpt lat="23.3899556100368499755859375" lon="113.24685917235910892486572265625">
        <ele>2.7999999523162841796875</ele>
        <time>2025-06-26T11:15:40.000Z</time>
        <extensions>
          <ns3:TrackPointExtension>
            <ns3:hr>185</ns3:hr>
            <ns3:cad>83</ns3:cad>
          </ns3:TrackPointExtension>
        </extensions>
      </trkpt>
      <trkpt lat="23.38991311378777027130126953125" lon="113.2468015886843204498291015625">
        <ele>2.599999904632568359375</ele>
        <time>2025-06-26T11:15:43.000Z</time>
        <extensions>
          <ns3:TrackPointExtension>
            <ns3:hr>179</ns3:hr>
            <ns3:cad>84</ns3:cad>
          </ns3:TrackPointExtension>
        </extensions>
      </trkpt>
      <trkpt lat="23.38989249430596828460693359375" lon="113.2467754371464252471923828125">
        <ele>2.400000095367431640625</ele>
        <time>2025-06-26T11:15:44.000Z</time>
        <extensions>
          <ns3:TrackPointExtension>
            <ns3:hr>176</ns3:hr>
            <ns3:cad>84</ns3:cad>
          </ns3:TrackPointExtension>
        </extensions>
      </trkpt>
      <trkpt lat="23.389866091310977935791015625" lon="113.246733359992504119873046875">
        <ele>2.2000000476837158203125</ele>
        <time>2025-06-26T11:15:46.000Z</time>
        <extensions>
          <ns3:TrackPointExtension>
            <ns3:hr>181</ns3:hr>
            <ns3:cad>84</ns3:cad>
          </ns3:TrackPointExtension>
        </extensions>
      </trkpt>
      <trkpt lat="23.38984857313334941864013671875" lon="113.24670041911303997039794921875">
        <ele>2</ele>
        <time>2025-06-26T11:15:47.000Z</time>
        <extensions>
          <ns3:TrackPointExtension>
            <ns3:hr>185</ns3:hr>
            <ns3:cad>83</ns3:cad>
          </ns3:TrackPointExtension>
        </extensions>
      </trkpt>
      <trkpt lat="23.38983532972633838653564453125" lon="113.24667409993708133697509765625">
        <ele>1.7999999523162841796875</ele>
        <time>2025-06-26T11:15:48.000Z</time>
        <extensions>
          <ns3:TrackPointExtension>
            <ns3:hr>182</ns3:hr>
            <ns3:cad>83</ns3:cad>
          </ns3:TrackPointExtension>
        </extensions>
      </trkpt>
      <trkpt lat="23.38979409076273441314697265625" lon="113.24660821817815303802490234375">
        <ele>1.39999997615814208984375</ele>
        <time>2025-06-26T11:15:50.000Z</time>
        <extensions>
          <ns3:TrackPointExtension>
            <ns3:hr>179</ns3:hr>
            <ns3:cad>84</ns3:cad>
          </ns3:TrackPointExtension>
        </extensions>
      </trkpt>
      <trkpt lat="23.3897812664508819580078125" lon="113.2465836592018604278564453125">
        <ele>1.39999997615814208984375</ele>
        <time>2025-06-26T11:15:51.000Z</time>
        <extensions>
          <ns3:TrackPointExtension>
            <ns3:hr>176</ns3:hr>
            <ns3:cad>84</ns3:cad>
          </ns3:TrackPointExtension>
        </extensions>
      </trkpt>
      <trkpt lat="23.38973474688827991485595703125" lon="113.24649606831371784210205078125">
        <ele>1.60000002384185791015625</ele>
        <time>2025-06-26T11:15:54.000Z</time>
        <extensions>
          <ns3:TrackPointExtension>
            <ns3:hr>173</ns3:hr>
            <ns3:cad>85</ns3:cad>
          </ns3:TrackPointExtension>
        </extensions>
      </trkpt>
      <trkpt lat="23.38969853706657886505126953125" lon="113.24641208164393901824951171875">
        <ele>1.60000002384185791015625</ele>
        <time>2025-06-26T11:15:57.000Z</time>
        <extensions>
          <ns3:TrackPointExtension>
            <ns3:hr>172</ns3:hr>
            <ns3:cad>84</ns3:cad>
          </ns3:TrackPointExtension>
        </extensions>
      </trkpt>
      <trkpt lat="23.38965696282684803009033203125" lon="113.246282078325748443603515625">
        <ele>2.599999904632568359375</ele>
        <time>2025-06-26T11:16:02.000Z</time>
        <extensions>
          <ns3:TrackPointExtension>
            <ns3:hr>169</ns3:hr>
            <ns3:cad>84</ns3:cad>
          </ns3:TrackPointExtension>
        </extensions>
      </trkpt>
      <trkpt lat="23.38957129977643489837646484375" lon="113.24609558098018169403076171875">
        <ele>4.19999980926513671875</ele>
        <time>2025-06-26T11:16:11.000Z</time>
        <extensions>
          <ns3:TrackPointExtension>
            <ns3:hr>170</ns3:hr>
            <ns3:cad>83</ns3:cad>
          </ns3:TrackPointExtension>
        </extensions>
      </trkpt>
      <trkpt lat="23.38955453597009181976318359375" lon="113.2460348121821880340576171875">
        <ele>4.400000095367431640625</ele>
        <time>2025-06-26T11:16:15.000Z</time>
        <extensions>
          <ns3:TrackPointExtension>
            <ns3:hr>173</ns3:hr>
            <ns3:cad>83</ns3:cad>
          </ns3:TrackPointExtension>
        </extensions>
      </trkpt>
      <trkpt lat="23.38951396755874156951904296875" lon="113.24593506753444671630859375">
        <ele>4.599999904632568359375</ele>
        <time>2025-06-26T11:16:23.000Z</time>
        <extensions>
          <ns3:TrackPointExtension>
            <ns3:hr>176</ns3:hr>
            <ns3:cad>58</ns3:cad>
          </ns3:TrackPointExtension>
        </extensions>
      </trkpt>
      <trkpt lat="23.38948563672602176666259765625" lon="113.245838843286037445068359375">
        <ele>4.400000095367431640625</ele>
        <time>2025-06-26T11:16:31.000Z</time>
        <extensions>
          <ns3:TrackPointExtension>
            <ns3:hr>173</ns3:hr>
            <ns3:cad>61</ns3:cad>
          </ns3:TrackPointExtension>
        </extensions>
      </trkpt>
      <trkpt lat="23.3894649334251880645751953125" lon="113.245772458612918853759765625">
        <ele>4.400000095367431640625</ele>
        <time>2025-06-26T11:16:37.000Z</time>
        <extensions>
          <ns3:TrackPointExtension>
            <ns3:hr>170</ns3:hr>
            <ns3:cad>60</ns3:cad>
          </ns3:TrackPointExtension>
        </extensions>
      </trkpt>
      <trkpt lat="23.38944758288562297821044921875" lon="113.245742283761501312255859375">
        <ele>4.599999904632568359375</ele>
        <time>2025-06-26T11:16:40.000Z</time>
        <extensions>
          <ns3:TrackPointExtension>
            <ns3:hr>168</ns3:hr>
            <ns3:cad>60</ns3:cad>
          </ns3:TrackPointExtension>
        </extensions>
      </trkpt>
      <trkpt lat="23.38943685404956340789794921875" lon="113.24571269564330577850341796875">
        <ele>4.599999904632568359375</ele>
        <time>2025-06-26T11:16:43.000Z</time>
        <extensions>
          <ns3:TrackPointExtension>
            <ns3:hr>165</ns3:hr>
            <ns3:cad>61</ns3:cad>
          </ns3:TrackPointExtension>
        </extensions>
      </trkpt>
      <trkpt lat="23.3894350938498973846435546875" lon="113.24570481665432453155517578125">
        <ele>4.599999904632568359375</ele>
        <time>2025-06-26T11:16:44.000Z</time>
        <extensions>
          <ns3:TrackPointExtension>
            <ns3:hr>164</ns3:hr>
            <ns3:cad>61</ns3:cad>
          </ns3:TrackPointExtension>
        </extensions>
      </trkpt>
      <trkpt lat="23.389428220689296722412109375" lon="113.245679251849651336669921875">
        <ele>4.599999904632568359375</ele>
        <time>2025-06-26T11:16:47.000Z</time>
        <extensions>
          <ns3:TrackPointExtension>
            <ns3:hr>161</ns3:hr>
            <ns3:cad>61</ns3:cad>
          </ns3:TrackPointExtension>
        </extensions>
      </trkpt>
      <trkpt lat="23.3894243650138378143310546875" lon="113.24565804563462734222412109375">
        <ele>4.599999904632568359375</ele>
        <time>2025-06-26T11:16:49.000Z</time>
        <extensions>
          <ns3:TrackPointExtension>
            <ns3:hr>159</ns3:hr>
            <ns3:cad>60</ns3:cad>
          </ns3:TrackPointExtension>
        </extensions>
      </trkpt>
      <trkpt lat="23.38941103778779506683349609375" lon="113.245624601840972900390625">
        <ele>4.599999904632568359375</ele>
        <time>2025-06-26T11:16:52.000Z</time>
        <extensions>
          <ns3:TrackPointExtension>
            <ns3:hr>153</ns3:hr>
            <ns3:cad>59</ns3:cad>
          </ns3:TrackPointExtension>
        </extensions>
      </trkpt>
      <trkpt lat="23.3894055895507335662841796875" lon="113.2456103526055812835693359375">
        <ele>4.599999904632568359375</ele>
        <time>2025-06-26T11:16:53.000Z</time>
        <extensions>
          <ns3:TrackPointExtension>
            <ns3:hr>153</ns3:hr>
            <ns3:cad>59</ns3:cad>
          </ns3:TrackPointExtension>
        </extensions>
      </trkpt>
      <trkpt lat="23.38937231339514255523681640625" lon="113.24555595405399799346923828125">
        <ele>4.599999904632568359375</ele>
        <time>2025-06-26T11:16:58.000Z</time>
        <extensions>
          <ns3:TrackPointExtension>
            <ns3:hr>150</ns3:hr>
            <ns3:cad>58</ns3:cad>
          </ns3:TrackPointExtension>
        </extensions>
      </trkpt>
      <trkpt lat="23.38935689069330692291259765625" lon="113.24552242644131183624267578125">
        <ele>4.599999904632568359375</ele>
        <time>2025-06-26T11:17:01.000Z</time>
        <extensions>
          <ns3:TrackPointExtension>
            <ns3:hr>147</ns3:hr>
            <ns3:cad>61</ns3:cad>
          </ns3:TrackPointExtension>
        </extensions>
      </trkpt>
      <trkpt lat="23.38931146077811717987060546875" lon="113.2454514317214488983154296875">
        <ele>4.599999904632568359375</ele>
        <time>2025-06-26T11:17:06.000Z</time>
        <extensions>
          <ns3:TrackPointExtension>
            <ns3:hr>144</ns3:hr>
            <ns3:cad>59</ns3:cad>
          </ns3:TrackPointExtension>
        </extensions>
      </trkpt>
      <trkpt lat="23.3892969600856304168701171875" lon="113.24542947113513946533203125">
        <ele>4.599999904632568359375</ele>
        <time>2025-06-26T11:17:08.000Z</time>
        <extensions>
          <ns3:TrackPointExtension>
            <ns3:hr>137</ns3:hr>
            <ns3:cad>59</ns3:cad>
          </ns3:TrackPointExtension>
        </extensions>
      </trkpt>
      <trkpt lat="23.38928916491568088531494140625" lon="113.24541647918522357940673828125">
        <ele>4.599999904632568359375</ele>
        <time>2025-06-26T11:17:09.000Z</time>
        <extensions>
          <ns3:TrackPointExtension>
            <ns3:hr>134</ns3:hr>
            <ns3:cad>60</ns3:cad>
          </ns3:TrackPointExtension>
        </extensions>
      </trkpt>
      <trkpt lat="23.389222361147403717041015625" lon="113.2452314905822277069091796875">
        <ele>4.400000095367431640625</ele>
        <time>2025-06-26T11:17:24.000Z</time>
        <extensions>
          <ns3:TrackPointExtension>
            <ns3:hr>132</ns3:hr>
            <ns3:cad>58</ns3:cad>
          </ns3:TrackPointExtension>
        </extensions>
      </trkpt>
      <trkpt lat="23.3891992270946502685546875" lon="113.24511908926069736480712890625">
        <ele>4.599999904632568359375</ele>
        <time>2025-06-26T11:17:32.000Z</time>
        <extensions>
          <ns3:TrackPointExtension>
            <ns3:hr>129</ns3:hr>
            <ns3:cad>59</ns3:cad>
          </ns3:TrackPointExtension>
        </extensions>
      </trkpt>
      <trkpt lat="23.38915153406560420989990234375" lon="113.2450511120259761810302734375">
        <ele>4.80000019073486328125</ele>
        <time>2025-06-26T11:17:41.000Z</time>
        <extensions>
          <ns3:TrackPointExtension>
            <ns3:hr>126</ns3:hr>
            <ns3:cad>59</ns3:cad>
          </ns3:TrackPointExtension>
        </extensions>
      </trkpt>
      <trkpt lat="23.38909504003822803497314453125" lon="113.24485371820628643035888671875">
        <ele>5.19999980926513671875</ele>
        <time>2025-06-26T11:18:04.000Z</time>
        <extensions>
          <ns3:TrackPointExtension>
            <ns3:hr>126</ns3:hr>
            <ns3:cad>60</ns3:cad>
          </ns3:TrackPointExtension>
        </extensions>
      </trkpt>
      <trkpt lat="23.389058075845241546630859375" lon="113.2446950487792491912841796875">
        <ele>5</ele>
        <time>2025-06-26T11:18:19.000Z</time>
        <extensions>
          <ns3:TrackPointExtension>
            <ns3:hr>122</ns3:hr>
            <ns3:cad>59</ns3:cad>
          </ns3:TrackPointExtension>
        </extensions>
      </trkpt>
      <trkpt lat="23.3889578282833099365234375" lon="113.2445243932306766510009765625">
        <ele>5</ele>
        <time>2025-06-26T11:18:31.000Z</time>
        <extensions>
          <ns3:TrackPointExtension>
            <ns3:hr>122</ns3:hr>
            <ns3:cad>61</ns3:cad>
          </ns3:TrackPointExtension>
        </extensions>
      </trkpt>
      <trkpt lat="23.38888431899249553680419921875" lon="113.24433387257158756256103515625">
        <ele>5</ele>
        <time>2025-06-26T11:18:47.000Z</time>
        <extensions>
          <ns3:TrackPointExtension>
            <ns3:hr>121</ns3:hr>
            <ns3:cad>56</ns3:cad>
          </ns3:TrackPointExtension>
        </extensions>
      </trkpt>
      <trkpt lat="23.38882078416645526885986328125" lon="113.24413890950381755828857421875">
        <ele>6.400000095367431640625</ele>
        <time>2025-06-26T11:19:06.000Z</time>
        <extensions>
          <ns3:TrackPointExtension>
            <ns3:hr>123</ns3:hr>
            <ns3:cad>58</ns3:cad>
          </ns3:TrackPointExtension>
        </extensions>
      </trkpt>
      <trkpt lat="23.388730846345424652099609375" lon="113.2439683377742767333984375">
        <ele>6</ele>
        <time>2025-06-26T11:19:22.000Z</time>
        <extensions>
          <ns3:TrackPointExtension>
            <ns3:hr>122</ns3:hr>
            <ns3:cad>58</ns3:cad>
          </ns3:TrackPointExtension>
        </extensions>
      </trkpt>
      <trkpt lat="23.3886331133544445037841796875" lon="113.2437928207218647003173828125">
        <ele>5.19999980926513671875</ele>
        <time>2025-06-26T11:19:39.000Z</time>
        <extensions>
          <ns3:TrackPointExtension>
            <ns3:hr>124</ns3:hr>
            <ns3:cad>57</ns3:cad>
          </ns3:TrackPointExtension>
        </extensions>
      </trkpt>
      <trkpt lat="23.38862783275544643402099609375" lon="113.2437820918858051300048828125">
        <ele>5.19999980926513671875</ele>
        <time>2025-06-26T11:19:40.000Z</time>
        <extensions>
          <ns3:TrackPointExtension>
            <ns3:hr>130</ns3:hr>
            <ns3:cad>57</ns3:cad>
          </ns3:TrackPointExtension>
        </extensions>
      </trkpt>
      <trkpt lat="23.38861995376646518707275390625" lon="113.24376222677528858184814453125">
        <ele>5.19999980926513671875</ele>
        <time>2025-06-26T11:19:41.000Z</time>
        <extensions>
          <ns3:TrackPointExtension>
            <ns3:hr>135</ns3:hr>
            <ns3:cad>57</ns3:cad>
          </ns3:TrackPointExtension>
        </extensions>
      </trkpt>
      <trkpt lat="23.3886143378913402557373046875" lon="113.24375267140567302703857421875">
        <ele>5.19999980926513671875</ele>
        <time>2025-06-26T11:19:42.000Z</time>
        <extensions>
          <ns3:TrackPointExtension>
            <ns3:hr>138</ns3:hr>
            <ns3:cad>59</ns3:cad>
          </ns3:TrackPointExtension>
        </extensions>
      </trkpt>
      <trkpt lat="23.38860754854977130889892578125" lon="113.24374043382704257965087890625">
        <ele>5.19999980926513671875</ele>
        <time>2025-06-26T11:19:43.000Z</time>
        <extensions>
          <ns3:TrackPointExtension>
            <ns3:hr>138</ns3:hr>
            <ns3:cad>59</ns3:cad>
          </ns3:TrackPointExtension>
        </extensions>
      </trkpt>
      <trkpt lat="23.38853328488767147064208984375" lon="113.24357145465910434722900390625">
        <ele>4.80000019073486328125</ele>
        <time>2025-06-26T11:19:55.000Z</time>
        <extensions>
          <ns3:TrackPointExtension>
            <ns3:hr>135</ns3:hr>
            <ns3:cad>55</ns3:cad>
          </ns3:TrackPointExtension>
        </extensions>
      </trkpt>
      <trkpt lat="23.38850788772106170654296875" lon="113.24348310939967632293701171875">
        <ele>5</ele>
        <time>2025-06-26T11:20:00.000Z</time>
        <extensions>
          <ns3:TrackPointExtension>
            <ns3:hr>132</ns3:hr>
            <ns3:cad>58</ns3:cad>
          </ns3:TrackPointExtension>
        </extensions>
      </trkpt>
      <trkpt lat="23.388425745069980621337890625" lon="113.24329376220703125">
        <ele>7.599999904632568359375</ele>
        <time>2025-06-26T11:20:16.000Z</time>
        <extensions>
          <ns3:TrackPointExtension>
            <ns3:hr>130</ns3:hr>
            <ns3:cad>61</ns3:cad>
          </ns3:TrackPointExtension>
        </extensions>
      </trkpt>
      <trkpt lat="23.3884091489017009735107421875" lon="113.243253529071807861328125">
        <ele>7.80000019073486328125</ele>
        <time>2025-06-26T11:20:21.000Z</time>
        <extensions>
          <ns3:TrackPointExtension>
            <ns3:hr>127</ns3:hr>
            <ns3:cad>0</ns3:cad>
          </ns3:TrackPointExtension>
        </extensions>
      </trkpt>
      <trkpt lat="23.38832574896514415740966796875" lon="113.243058733642101287841796875">
        <ele>4.400000095367431640625</ele>
        <time>2025-06-26T11:20:38.000Z</time>
        <extensions>
          <ns3:TrackPointExtension>
            <ns3:hr>127</ns3:hr>
            <ns3:cad>61</ns3:cad>
          </ns3:TrackPointExtension>
        </extensions>
      </trkpt>
      <trkpt lat="23.38823497295379638671875" lon="113.2428976334631443023681640625">
        <ele>1.39999997615814208984375</ele>
        <time>2025-06-26T11:20:45.000Z</time>
        <extensions>
          <ns3:TrackPointExtension>
            <ns3:hr>130</ns3:hr>
            <ns3:cad>83</ns3:cad>
          </ns3:TrackPointExtension>
        </extensions>
      </trkpt>
      <trkpt lat="23.3882073126733303070068359375" lon="113.242852874100208282470703125">
        <ele>0.60000002384185791015625</ele>
        <time>2025-06-26T11:20:47.000Z</time>
        <extensions>
          <ns3:TrackPointExtension>
            <ns3:hr>133</ns3:hr>
            <ns3:cad>83</ns3:cad>
          </ns3:TrackPointExtension>
        </extensions>
      </trkpt>
      <trkpt lat="23.3881942369043827056884765625" lon="113.24282999150454998016357421875">
        <ele>0.20000000298023223876953125</ele>
        <time>2025-06-26T11:20:48.000Z</time>
        <extensions>
          <ns3:TrackPointExtension>
            <ns3:hr>136</ns3:hr>
            <ns3:cad>83</ns3:cad>
          </ns3:TrackPointExtension>
        </extensions>
      </trkpt>
      <trkpt lat="23.38818225078284740447998046875" lon="113.24280853383243083953857421875">
        <ele>-0.20000000298023223876953125</ele>
        <time>2025-06-26T11:20:49.000Z</time>
        <extensions>
          <ns3:TrackPointExtension>
            <ns3:hr>142</ns3:hr>
            <ns3:cad>83</ns3:cad>
          </ns3:TrackPointExtension>
        </extensions>
      </trkpt>
      <trkpt lat="23.38817168958485126495361328125" lon="113.242787159979343414306640625">
        <ele>-0.60000002384185791015625</ele>
        <time>2025-06-26T11:20:50.000Z</time>
        <extensions>
          <ns3:TrackPointExtension>
            <ns3:hr>145</ns3:hr>
            <ns3:cad>83</ns3:cad>
          </ns3:TrackPointExtension>
        </extensions>
      </trkpt>
      <trkpt lat="23.38815811090171337127685546875" lon="113.242767043411731719970703125">
        <ele>-1</ele>
        <time>2025-06-26T11:20:51.000Z</time>
        <extensions>
          <ns3:TrackPointExtension>
            <ns3:hr>148</ns3:hr>
            <ns3:cad>84</ns3:cad>
          </ns3:TrackPointExtension>
        </extensions>
      </trkpt>
      <trkpt lat="23.38814570568501949310302734375" lon="113.24274416081607341766357421875">
        <ele>-1.39999997615814208984375</ele>
        <time>2025-06-26T11:20:52.000Z</time>
        <extensions>
          <ns3:TrackPointExtension>
            <ns3:hr>145</ns3:hr>
            <ns3:cad>84</ns3:cad>
          </ns3:TrackPointExtension>
        </extensions>
      </trkpt>
      <trkpt lat="23.38813380338251590728759765625" lon="113.24272052384912967681884765625">
        <ele>-1.7999999523162841796875</ele>
        <time>2025-06-26T11:20:53.000Z</time>
        <extensions>
          <ns3:TrackPointExtension>
            <ns3:hr>149</ns3:hr>
            <ns3:cad>83</ns3:cad>
          </ns3:TrackPointExtension>
        </extensions>
      </trkpt>
      <trkpt lat="23.3881223201751708984375" lon="113.242698647081851959228515625">
        <ele>-2</ele>
        <time>2025-06-26T11:20:54.000Z</time>
        <extensions>
          <ns3:TrackPointExtension>
            <ns3:hr>153</ns3:hr>
            <ns3:cad>83</ns3:cad>
          </ns3:TrackPointExtension>
        </extensions>
      </trkpt>
      <trkpt lat="23.38811100460588932037353515625" lon="113.24267911724746227264404296875">
        <ele>-1.7999999523162841796875</ele>
        <time>2025-06-26T11:20:55.000Z</time>
        <extensions>
          <ns3:TrackPointExtension>
            <ns3:hr>153</ns3:hr>
            <ns3:cad>83</ns3:cad>
          </ns3:TrackPointExtension>
        </extensions>
      </trkpt>
      <trkpt lat="23.3880901336669921875" lon="113.242638967931270599365234375">
        <ele>-1.2000000476837158203125</ele>
        <time>2025-06-26T11:20:57.000Z</time>
        <extensions>
          <ns3:TrackPointExtension>
            <ns3:hr>156</ns3:hr>
            <ns3:cad>83</ns3:cad>
          </ns3:TrackPointExtension>
        </extensions>
      </trkpt>
      <trkpt lat="23.388069681823253631591796875" lon="113.242597393691539764404296875">
        <ele>-0.800000011920928955078125</ele>
        <time>2025-06-26T11:20:59.000Z</time>
        <extensions>
          <ns3:TrackPointExtension>
            <ns3:hr>159</ns3:hr>
            <ns3:cad>83</ns3:cad>
          </ns3:TrackPointExtension>
        </extensions>
      </trkpt>
      <trkpt lat="23.3880493976175785064697265625" lon="113.24255146086215972900390625">
        <ele>-0.4000000059604644775390625</ele>
        <time>2025-06-26T11:21:01.000Z</time>
        <extensions>
          <ns3:TrackPointExtension>
            <ns3:hr>163</ns3:hr>
            <ns3:cad>84</ns3:cad>
          </ns3:TrackPointExtension>
        </extensions>
      </trkpt>
      <trkpt lat="23.38800539262592792510986328125" lon="113.24246152304112911224365234375">
        <ele>0.800000011920928955078125</ele>
        <time>2025-06-26T11:21:05.000Z</time>
        <extensions>
          <ns3:TrackPointExtension>
            <ns3:hr>160</ns3:hr>
            <ns3:cad>84</ns3:cad>
          </ns3:TrackPointExtension>
        </extensions>
      </trkpt>
      <trkpt lat="23.38792341761291027069091796875" lon="113.2422723434865474700927734375">
        <ele>3.2000000476837158203125</ele>
        <time>2025-06-26T11:21:14.000Z</time>
        <extensions>
          <ns3:TrackPointExtension>
            <ns3:hr>163</ns3:hr>
            <ns3:cad>84</ns3:cad>
          </ns3:TrackPointExtension>
        </extensions>
      </trkpt>
      <trkpt lat="23.38789441622793674468994140625" lon="113.24220939539372920989990234375">
        <ele>4.19999980926513671875</ele>
        <time>2025-06-26T11:21:17.000Z</time>
        <extensions>
          <ns3:TrackPointExtension>
            <ns3:hr>166</ns3:hr>
            <ns3:cad>83</ns3:cad>
          </ns3:TrackPointExtension>
        </extensions>
      </trkpt>
      <trkpt lat="23.3878401853144168853759765625" lon="113.2420993410050868988037109375">
        <ele>5.19999980926513671875</ele>
        <time>2025-06-26T11:21:22.000Z</time>
        <extensions>
          <ns3:TrackPointExtension>
            <ns3:hr>161</ns3:hr>
            <ns3:cad>83</ns3:cad>
          </ns3:TrackPointExtension>
        </extensions>
      </trkpt>
      <trkpt lat="23.38780741207301616668701171875" lon="113.24204795993864536285400390625">
        <ele>5.400000095367431640625</ele>
        <time>2025-06-26T11:21:25.000Z</time>
        <extensions>
          <ns3:TrackPointExtension>
            <ns3:hr>157</ns3:hr>
            <ns3:cad>84</ns3:cad>
          </ns3:TrackPointExtension>
        </extensions>
      </trkpt>
      <trkpt lat="23.387794084846973419189453125" lon="113.24202985502779483795166015625">
        <ele>5.400000095367431640625</ele>
        <time>2025-06-26T11:21:26.000Z</time>
        <extensions>
          <ns3:TrackPointExtension>
            <ns3:hr>154</ns3:hr>
            <ns3:cad>84</ns3:cad>
          </ns3:TrackPointExtension>
        </extensions>
      </trkpt>
      <trkpt lat="23.3877841942012310028076171875" lon="113.24201376177370548248291015625">
        <ele>5.400000095367431640625</ele>
        <time>2025-06-26T11:21:27.000Z</time>
        <extensions>
          <ns3:TrackPointExtension>
            <ns3:hr>157</ns3:hr>
            <ns3:cad>84</ns3:cad>
          </ns3:TrackPointExtension>
        </extensions>
      </trkpt>
      <trkpt lat="23.38777639903128147125244140625" lon="113.2419923879206180572509765625">
        <ele>5.599999904632568359375</ele>
        <time>2025-06-26T11:21:28.000Z</time>
        <extensions>
          <ns3:TrackPointExtension>
            <ns3:hr>160</ns3:hr>
            <ns3:cad>84</ns3:cad>
          </ns3:TrackPointExtension>
        </extensions>
      </trkpt>
      <trkpt lat="23.38776684366166591644287109375" lon="113.241971433162689208984375">
        <ele>5.599999904632568359375</ele>
        <time>2025-06-26T11:21:29.000Z</time>
        <extensions>
          <ns3:TrackPointExtension>
            <ns3:hr>155</ns3:hr>
            <ns3:cad>83</ns3:cad>
          </ns3:TrackPointExtension>
        </extensions>
      </trkpt>
      <trkpt lat="23.3877483196556568145751953125" lon="113.2419410906732082366943359375">
        <ele>5.80000019073486328125</ele>
        <time>2025-06-26T11:21:31.000Z</time>
        <extensions>
          <ns3:TrackPointExtension>
            <ns3:hr>160</ns3:hr>
            <ns3:cad>82</ns3:cad>
          </ns3:TrackPointExtension>
        </extensions>
      </trkpt>
      <trkpt lat="23.3876913227140903472900390625" lon="113.24183531105518341064453125">
        <ele>6</ele>
        <time>2025-06-26T11:21:37.000Z</time>
        <extensions>
          <ns3:TrackPointExtension>
            <ns3:hr>164</ns3:hr>
            <ns3:cad>83</ns3:cad>
          </ns3:TrackPointExtension>
        </extensions>
      </trkpt>
      <trkpt lat="23.38759585283696651458740234375" lon="113.24165157973766326904296875">
        <ele>6.19999980926513671875</ele>
        <time>2025-06-26T11:21:46.000Z</time>
        <extensions>
          <ns3:TrackPointExtension>
            <ns3:hr>165</ns3:hr>
            <ns3:cad>81</ns3:cad>
          </ns3:TrackPointExtension>
        </extensions>
      </trkpt>
      <trkpt lat="23.38756232522428035736083984375" lon="113.24158988893032073974609375">
        <ele>6.400000095367431640625</ele>
        <time>2025-06-26T11:21:49.000Z</time>
        <extensions>
          <ns3:TrackPointExtension>
            <ns3:hr>162</ns3:hr>
            <ns3:cad>81</ns3:cad>
          </ns3:TrackPointExtension>
        </extensions>
      </trkpt>
      <trkpt lat="23.38751823641359806060791015625" lon="113.24149391613900661468505859375">
        <ele>6.599999904632568359375</ele>
        <time>2025-06-26T11:21:55.000Z</time>
        <extensions>
          <ns3:TrackPointExtension>
            <ns3:hr>159</ns3:hr>
            <ns3:cad>83</ns3:cad>
          </ns3:TrackPointExtension>
        </extensions>
      </trkpt>
      <trkpt lat="23.3875448070466518402099609375" lon="113.24141361750662326812744140625">
        <ele>7</ele>
        <time>2025-06-26T11:22:00.000Z</time>
        <extensions>
          <ns3:TrackPointExtension>
            <ns3:hr>156</ns3:hr>
            <ns3:cad>82</ns3:cad>
          </ns3:TrackPointExtension>
        </extensions>
      </trkpt>
      <trkpt lat="23.3875997923314571380615234375" lon="113.24121094308793544769287109375">
        <ele>7.19999980926513671875</ele>
        <time>2025-06-26T11:22:10.000Z</time>
        <extensions>
          <ns3:TrackPointExtension>
            <ns3:hr>154</ns3:hr>
            <ns3:cad>83</ns3:cad>
          </ns3:TrackPointExtension>
        </extensions>
      </trkpt>
      <trkpt lat="23.38751605711877346038818359375" lon="113.24100893922150135040283203125">
        <ele>5.19999980926513671875</ele>
        <time>2025-06-26T11:22:16.000Z</time>
        <extensions>
          <ns3:TrackPointExtension>
            <ns3:hr>154</ns3:hr>
            <ns3:cad>82</ns3:cad>
          </ns3:TrackPointExtension>
        </extensions>
      </trkpt>
      <trkpt lat="23.38750348426401615142822265625" lon="113.24099242687225341796875">
        <ele>5</ele>
        <time>2025-06-26T11:22:17.000Z</time>
        <extensions>
          <ns3:TrackPointExtension>
            <ns3:hr>154</ns3:hr>
            <ns3:cad>82</ns3:cad>
          </ns3:TrackPointExtension>
        </extensions>
      </trkpt>
      <trkpt lat="23.38745176792144775390625" lon="113.24092327617108821868896484375">
        <ele>4.400000095367431640625</ele>
        <time>2025-06-26T11:22:21.000Z</time>
        <extensions>
          <ns3:TrackPointExtension>
            <ns3:hr>157</ns3:hr>
            <ns3:cad>59</ns3:cad>
          </ns3:TrackPointExtension>
        </extensions>
      </trkpt>
      <trkpt lat="23.38741765357553958892822265625" lon="113.2408527843654155731201171875">
        <ele>3.599999904632568359375</ele>
        <time>2025-06-26T11:22:28.000Z</time>
        <extensions>
          <ns3:TrackPointExtension>
            <ns3:hr>160</ns3:hr>
            <ns3:cad>58</ns3:cad>
          </ns3:TrackPointExtension>
        </extensions>
      </trkpt>
      <trkpt lat="23.38741966523230075836181640625" lon="113.24062923900783061981201171875">
        <ele>2.599999904632568359375</ele>
        <time>2025-06-26T11:22:44.000Z</time>
        <extensions>
          <ns3:TrackPointExtension>
            <ns3:hr>159</ns3:hr>
            <ns3:cad>80</ns3:cad>
          </ns3:TrackPointExtension>
        </extensions>
      </trkpt>
      <trkpt lat="23.38739552535116672515869140625" lon="113.24051071889698505401611328125">
        <ele>1.2000000476837158203125</ele>
        <time>2025-06-26T11:22:48.000Z</time>
        <extensions>
          <ns3:TrackPointExtension>
            <ns3:hr>156</ns3:hr>
            <ns3:cad>81</ns3:cad>
          </ns3:TrackPointExtension>
        </extensions>
      </trkpt>
      <trkpt lat="23.38736903853714466094970703125" lon="113.2404045201838016510009765625">
        <ele>0.800000011920928955078125</ele>
        <time>2025-06-26T11:22:52.000Z</time>
        <extensions>
          <ns3:TrackPointExtension>
            <ns3:hr>153</ns3:hr>
            <ns3:cad>79</ns3:cad>
          </ns3:TrackPointExtension>
        </extensions>
      </trkpt>
      <trkpt lat="23.38734355755150318145751953125" lon="113.240316174924373626708984375">
        <ele>0.20000000298023223876953125</ele>
        <time>2025-06-26T11:22:55.000Z</time>
        <extensions>
          <ns3:TrackPointExtension>
            <ns3:hr>157</ns3:hr>
            <ns3:cad>81</ns3:cad>
          </ns3:TrackPointExtension>
        </extensions>
      </trkpt>
      <trkpt lat="23.3873332478106021881103515625" lon="113.24028742499649524688720703125">
        <ele>0</ele>
        <time>2025-06-26T11:22:56.000Z</time>
        <extensions>
          <ns3:TrackPointExtension>
            <ns3:hr>162</ns3:hr>
            <ns3:cad>82</ns3:cad>
          </ns3:TrackPointExtension>
        </extensions>
      </trkpt>
      <trkpt lat="23.38732411153614521026611328125" lon="113.2402556575834751129150390625">
        <ele>-0.20000000298023223876953125</ele>
        <time>2025-06-26T11:22:57.000Z</time>
        <extensions>
          <ns3:TrackPointExtension>
            <ns3:hr>166</ns3:hr>
            <ns3:cad>82</ns3:cad>
          </ns3:TrackPointExtension>
        </extensions>
      </trkpt>
      <trkpt lat="23.3873134665191173553466796875" lon="113.24022539891302585601806640625">
        <ele>-0.20000000298023223876953125</ele>
        <time>2025-06-26T11:22:58.000Z</time>
        <extensions>
          <ns3:TrackPointExtension>
            <ns3:hr>166</ns3:hr>
            <ns3:cad>82</ns3:cad>
          </ns3:TrackPointExtension>
        </extensions>
      </trkpt>
      <trkpt lat="23.38729393668472766876220703125" lon="113.2401621155440807342529296875">
        <ele>0</ele>
        <time>2025-06-26T11:23:00.000Z</time>
        <extensions>
          <ns3:TrackPointExtension>
            <ns3:hr>169</ns3:hr>
            <ns3:cad>82</ns3:cad>
          </ns3:TrackPointExtension>
        </extensions>
      </trkpt>
      <trkpt lat="23.38725755922496318817138671875" lon="113.24006597511470317840576171875">
        <ele>1.2000000476837158203125</ele>
        <time>2025-06-26T11:23:03.000Z</time>
        <extensions>
          <ns3:TrackPointExtension>
            <ns3:hr>164</ns3:hr>
            <ns3:cad>81</ns3:cad>
          </ns3:TrackPointExtension>
        </extensions>
      </trkpt>
      <trkpt lat="23.38718765415251255035400390625" lon="113.23986564762890338897705078125">
        <ele>3.2000000476837158203125</ele>
        <time>2025-06-26T11:23:10.000Z</time>
        <extensions>
          <ns3:TrackPointExtension>
            <ns3:hr>161</ns3:hr>
            <ns3:cad>81</ns3:cad>
          </ns3:TrackPointExtension>
        </extensions>
      </trkpt>
      <trkpt lat="23.3871646039187908172607421875" lon="113.23978736065328121185302734375">
        <ele>3.599999904632568359375</ele>
        <time>2025-06-26T11:23:13.000Z</time>
        <extensions>
          <ns3:TrackPointExtension>
            <ns3:hr>157</ns3:hr>
            <ns3:cad>82</ns3:cad>
          </ns3:TrackPointExtension>
        </extensions>
      </trkpt>
      <trkpt lat="23.3871324174106121063232421875" lon="113.23959021829068660736083984375">
        <ele>4.19999980926513671875</ele>
        <time>2025-06-26T11:23:20.000Z</time>
        <extensions>
          <ns3:TrackPointExtension>
            <ns3:hr>158</ns3:hr>
            <ns3:cad>81</ns3:cad>
          </ns3:TrackPointExtension>
        </extensions>
      </trkpt>
      <trkpt lat="23.38711875490844249725341796875" lon="113.23954093270003795623779296875">
        <ele>4.19999980926513671875</ele>
        <time>2025-06-26T11:23:23.000Z</time>
        <extensions>
          <ns3:TrackPointExtension>
            <ns3:hr>161</ns3:hr>
            <ns3:cad>82</ns3:cad>
          </ns3:TrackPointExtension>
        </extensions>
      </trkpt>
      <trkpt lat="23.3871124684810638427734375" lon="113.23948292993009090423583984375">
        <ele>4</ele>
        <time>2025-06-26T11:23:28.000Z</time>
        <extensions>
          <ns3:TrackPointExtension>
            <ns3:hr>164</ns3:hr>
            <ns3:cad>62</ns3:cad>
          </ns3:TrackPointExtension>
        </extensions>
      </trkpt>
      <trkpt lat="23.3870918489992618560791015625" lon="113.2392759807407855987548828125">
        <ele>3</ele>
        <time>2025-06-26T11:23:36.000Z</time>
        <extensions>
          <ns3:TrackPointExtension>
            <ns3:hr>166</ns3:hr>
            <ns3:cad>82</ns3:cad>
          </ns3:TrackPointExtension>
        </extensions>
      </trkpt>
      <trkpt lat="23.38705404661595821380615234375" lon="113.23907322250306606292724609375">
        <ele>0.4000000059604644775390625</ele>
        <time>2025-06-26T11:23:43.000Z</time>
        <extensions>
          <ns3:TrackPointExtension>
            <ns3:hr>164</ns3:hr>
            <ns3:cad>82</ns3:cad>
          </ns3:TrackPointExtension>
        </extensions>
      </trkpt>
      <trkpt lat="23.38702261447906494140625" lon="113.23887842707335948944091796875">
        <ele>0.4000000059604644775390625</ele>
        <time>2025-06-26T11:23:50.000Z</time>
        <extensions>
          <ns3:TrackPointExtension>
            <ns3:hr>166</ns3:hr>
            <ns3:cad>82</ns3:cad>
          </ns3:TrackPointExtension>
        </extensions>
      </trkpt>
      <trkpt lat="23.38699512183666229248046875" lon="113.2386835478246212005615234375">
        <ele>1.7999999523162841796875</ele>
        <time>2025-06-26T11:23:57.000Z</time>
        <extensions>
          <ns3:TrackPointExtension>
            <ns3:hr>167</ns3:hr>
            <ns3:cad>82</ns3:cad>
          </ns3:TrackPointExtension>
        </extensions>
      </trkpt>
      <trkpt lat="23.3869783580303192138671875" lon="113.23848112486302852630615234375">
        <ele>3.599999904632568359375</ele>
        <time>2025-06-26T11:24:04.000Z</time>
        <extensions>
          <ns3:TrackPointExtension>
            <ns3:hr>166</ns3:hr>
            <ns3:cad>82</ns3:cad>
          </ns3:TrackPointExtension>
        </extensions>
      </trkpt>
      <trkpt lat="23.38696553371846675872802734375" lon="113.23831700719892978668212890625">
        <ele>3.599999904632568359375</ele>
        <time>2025-06-26T11:24:10.000Z</time>
        <extensions>
          <ns3:TrackPointExtension>
            <ns3:hr>163</ns3:hr>
            <ns3:cad>83</ns3:cad>
          </ns3:TrackPointExtension>
        </extensions>
      </trkpt>
      <trkpt lat="23.38695782236754894256591796875" lon="113.23815506882965564727783203125">
        <ele>4.400000095367431640625</ele>
        <time>2025-06-26T11:24:15.000Z</time>
        <extensions>
          <ns3:TrackPointExtension>
            <ns3:hr>160</ns3:hr>
            <ns3:cad>82</ns3:cad>
          </ns3:TrackPointExtension>
        </extensions>
      </trkpt>
      <trkpt lat="23.3869392983615398406982421875" lon="113.23797351680696010589599609375">
        <ele>4.400000095367431640625</ele>
        <time>2025-06-26T11:24:21.000Z</time>
        <extensions>
          <ns3:TrackPointExtension>
            <ns3:hr>163</ns3:hr>
            <ns3:cad>82</ns3:cad>
          </ns3:TrackPointExtension>
        </extensions>
      </trkpt>
      <trkpt lat="23.38690786622464656829833984375" lon="113.2377591915428638458251953125">
        <ele>6.400000095367431640625</ele>
        <time>2025-06-26T11:24:30.000Z</time>
        <extensions>
          <ns3:TrackPointExtension>
            <ns3:hr>164</ns3:hr>
            <ns3:cad>82</ns3:cad>
          </ns3:TrackPointExtension>
        </extensions>
      </trkpt>
      <trkpt lat="23.3869020827114582061767578125" lon="113.2375550083816051483154296875">
        <ele>8.19999980926513671875</ele>
        <time>2025-06-26T11:24:38.000Z</time>
        <extensions>
          <ns3:TrackPointExtension>
            <ns3:hr>162</ns3:hr>
            <ns3:cad>83</ns3:cad>
          </ns3:TrackPointExtension>
        </extensions>
      </trkpt>
      <trkpt lat="23.38690769858658313751220703125" lon="113.23733330704271793365478515625">
        <ele>9</ele>
        <time>2025-06-26T11:24:46.000Z</time>
        <extensions>
          <ns3:TrackPointExtension>
            <ns3:hr>161</ns3:hr>
            <ns3:cad>84</ns3:cad>
          </ns3:TrackPointExtension>
        </extensions>
      </trkpt>
      <trkpt lat="23.38691540993750095367431640625" lon="113.23725007474422454833984375">
        <ele>9</ele>
        <time>2025-06-26T11:24:49.000Z</time>
        <extensions>
          <ns3:TrackPointExtension>
            <ns3:hr>161</ns3:hr>
            <ns3:cad>84</ns3:cad>
          </ns3:TrackPointExtension>
        </extensions>
      </trkpt>
      <trkpt lat="23.38693887926638126373291015625" lon="113.2370323128998279571533203125">
        <ele>9.3999996185302734375</ele>
        <time>2025-06-26T11:24:57.000Z</time>
        <extensions>
          <ns3:TrackPointExtension>
            <ns3:hr>161</ns3:hr>
            <ns3:cad>85</ns3:cad>
          </ns3:TrackPointExtension>
        </extensions>
      </trkpt>
      <trkpt lat="23.38697995059192180633544921875" lon="113.23683123104274272918701171875">
        <ele>10.19999980926513671875</ele>
        <time>2025-06-26T11:25:06.000Z</time>
        <extensions>
          <ns3:TrackPointExtension>
            <ns3:hr>161</ns3:hr>
            <ns3:cad>83</ns3:cad>
          </ns3:TrackPointExtension>
        </extensions>
      </trkpt>
      <trkpt lat="23.38703158311545848846435546875" lon="113.23665990494191646575927734375">
        <ele>10.80000019073486328125</ele>
        <time>2025-06-26T11:25:19.000Z</time>
        <extensions>
          <ns3:TrackPointExtension>
            <ns3:hr>164</ns3:hr>
            <ns3:cad>61</ns3:cad>
          </ns3:TrackPointExtension>
        </extensions>
      </trkpt>
      <trkpt lat="23.387063182890415191650390625" lon="113.23646209202706813812255859375">
        <ele>8.80000019073486328125</ele>
        <time>2025-06-26T11:25:31.000Z</time>
        <extensions>
          <ns3:TrackPointExtension>
            <ns3:hr>163</ns3:hr>
            <ns3:cad>83</ns3:cad>
          </ns3:TrackPointExtension>
        </extensions>
      </trkpt>
      <trkpt lat="23.38707516901195049285888671875" lon="113.2362749241292476654052734375">
        <ele>7</ele>
        <time>2025-06-26T11:25:40.000Z</time>
        <extensions>
          <ns3:TrackPointExtension>
            <ns3:hr>160</ns3:hr>
            <ns3:cad>82</ns3:cad>
          </ns3:TrackPointExtension>
        </extensions>
      </trkpt>
      <trkpt lat="23.38708690367639064788818359375" lon="113.23612949810922145843505859375">
        <ele>5.400000095367431640625</ele>
        <time>2025-06-26T11:25:46.000Z</time>
        <extensions>
          <ns3:TrackPointExtension>
            <ns3:hr>154</ns3:hr>
            <ns3:cad>82</ns3:cad>
          </ns3:TrackPointExtension>
        </extensions>
      </trkpt>
      <trkpt lat="23.3870838023722171783447265625" lon="113.236104436218738555908203125">
        <ele>5.19999980926513671875</ele>
        <time>2025-06-26T11:25:47.000Z</time>
        <extensions>
          <ns3:TrackPointExtension>
            <ns3:hr>159</ns3:hr>
            <ns3:cad>82</ns3:cad>
          </ns3:TrackPointExtension>
        </extensions>
      </trkpt>
      <trkpt lat="23.3871133066713809967041015625" lon="113.23590067215263843536376953125">
        <ele>3.2000000476837158203125</ele>
        <time>2025-06-26T11:25:56.000Z</time>
        <extensions>
          <ns3:TrackPointExtension>
            <ns3:hr>158</ns3:hr>
            <ns3:cad>83</ns3:cad>
          </ns3:TrackPointExtension>
        </extensions>
      </trkpt>
      <trkpt lat="23.38711808435618877410888671875" lon="113.23584300465881824493408203125">
        <ele>3</ele>
        <time>2025-06-26T11:25:58.000Z</time>
        <extensions>
          <ns3:TrackPointExtension>
            <ns3:hr>155</ns3:hr>
            <ns3:cad>83</ns3:cad>
          </ns3:TrackPointExtension>
        </extensions>
      </trkpt>
      <trkpt lat="23.38713384233415126800537109375" lon="113.235763795673847198486328125">
        <ele>2.7999999523162841796875</ele>
        <time>2025-06-26T11:26:01.000Z</time>
        <extensions>
          <ns3:TrackPointExtension>
            <ns3:hr>158</ns3:hr>
            <ns3:cad>83</ns3:cad>
          </ns3:TrackPointExtension>
        </extensions>
      </trkpt>
      <trkpt lat="23.38714658282697200775146484375" lon="113.23571006767451763153076171875">
        <ele>2.599999904632568359375</ele>
        <time>2025-06-26T11:26:03.000Z</time>
        <extensions>
          <ns3:TrackPointExtension>
            <ns3:hr>161</ns3:hr>
            <ns3:cad>83</ns3:cad>
          </ns3:TrackPointExtension>
        </extensions>
      </trkpt>
      <trkpt lat="23.38715680874884128570556640625" lon="113.2356570102274417877197265625">
        <ele>2.599999904632568359375</ele>
        <time>2025-06-26T11:26:05.000Z</time>
        <extensions>
          <ns3:TrackPointExtension>
            <ns3:hr>165</ns3:hr>
            <ns3:cad>83</ns3:cad>
          </ns3:TrackPointExtension>
        </extensions>
      </trkpt>
      <trkpt lat="23.3871652744710445404052734375" lon="113.23560881428420543670654296875">
        <ele>2.400000095367431640625</ele>
        <time>2025-06-26T11:26:07.000Z</time>
        <extensions>
          <ns3:TrackPointExtension>
            <ns3:hr>162</ns3:hr>
            <ns3:cad>83</ns3:cad>
          </ns3:TrackPointExtension>
        </extensions>
      </trkpt>
      <trkpt lat="23.3871795237064361572265625" lon="113.2355581037700176239013671875">
        <ele>2.2000000476837158203125</ele>
        <time>2025-06-26T11:26:09.000Z</time>
        <extensions>
          <ns3:TrackPointExtension>
            <ns3:hr>158</ns3:hr>
            <ns3:cad>83</ns3:cad>
          </ns3:TrackPointExtension>
        </extensions>
      </trkpt>
      <trkpt lat="23.38720240630209445953369140625" lon="113.23539960198104381561279296875">
        <ele>1.7999999523162841796875</ele>
        <time>2025-06-26T11:26:15.000Z</time>
        <extensions>
          <ns3:TrackPointExtension>
            <ns3:hr>161</ns3:hr>
            <ns3:cad>83</ns3:cad>
          </ns3:TrackPointExtension>
        </extensions>
      </trkpt>
      <trkpt lat="23.3872112073004245758056640625" lon="113.23534478433430194854736328125">
        <ele>1.60000002384185791015625</ele>
        <time>2025-06-26T11:26:17.000Z</time>
        <extensions>
          <ns3:TrackPointExtension>
            <ns3:hr>164</ns3:hr>
            <ns3:cad>83</ns3:cad>
          </ns3:TrackPointExtension>
        </extensions>
      </trkpt>
      <trkpt lat="23.38725588284432888031005859375" lon="113.2351292856037616729736328125">
        <ele>1.7999999523162841796875</ele>
        <time>2025-06-26T11:26:24.000Z</time>
        <extensions>
          <ns3:TrackPointExtension>
            <ns3:hr>163</ns3:hr>
            <ns3:cad>84</ns3:cad>
          </ns3:TrackPointExtension>
        </extensions>
      </trkpt>
      <trkpt lat="23.3872712217271327972412109375" lon="113.23499425314366817474365234375">
        <ele>1.60000002384185791015625</ele>
        <time>2025-06-26T11:26:28.000Z</time>
        <extensions>
          <ns3:TrackPointExtension>
            <ns3:hr>166</ns3:hr>
            <ns3:cad>84</ns3:cad>
          </ns3:TrackPointExtension>
        </extensions>
      </trkpt>
      <trkpt lat="23.3872876502573490142822265625" lon="113.23490322567522525787353515625">
        <ele>0.4000000059604644775390625</ele>
        <time>2025-06-26T11:26:31.000Z</time>
        <extensions>
          <ns3:TrackPointExtension>
            <ns3:hr>169</ns3:hr>
            <ns3:cad>85</ns3:cad>
          </ns3:TrackPointExtension>
        </extensions>
      </trkpt>
      <trkpt lat="23.38731430470943450927734375" lon="113.23470490984618663787841796875">
        <ele>-0.800000011920928955078125</ele>
        <time>2025-06-26T11:26:37.000Z</time>
        <extensions>
          <ns3:TrackPointExtension>
            <ns3:hr>167</ns3:hr>
            <ns3:cad>85</ns3:cad>
          </ns3:TrackPointExtension>
        </extensions>
      </trkpt>
      <trkpt lat="23.387330733239650726318359375" lon="113.234603069722652435302734375">
        <ele>0.20000000298023223876953125</ele>
        <time>2025-06-26T11:26:40.000Z</time>
        <extensions>
          <ns3:TrackPointExtension>
            <ns3:hr>164</ns3:hr>
            <ns3:cad>84</ns3:cad>
          </ns3:TrackPointExtension>
        </extensions>
      </trkpt>
      <trkpt lat="23.38735931552946567535400390625" lon="113.2343900017440319061279296875">
        <ele>6</ele>
        <time>2025-06-26T11:26:46.000Z</time>
        <extensions>
          <ns3:TrackPointExtension>
            <ns3:hr>166</ns3:hr>
            <ns3:cad>85</ns3:cad>
          </ns3:TrackPointExtension>
        </extensions>
      </trkpt>
      <trkpt lat="23.38740910403430461883544921875" lon="113.234168551862239837646484375">
        <ele>8.80000019073486328125</ele>
        <time>2025-06-26T11:26:52.000Z</time>
        <extensions>
          <ns3:TrackPointExtension>
            <ns3:hr>167</ns3:hr>
            <ns3:cad>84</ns3:cad>
          </ns3:TrackPointExtension>
        </extensions>
      </trkpt>
      <trkpt lat="23.387454450130462646484375" lon="113.2339585013687610626220703125">
        <ele>8.3999996185302734375</ele>
        <time>2025-06-26T11:26:58.000Z</time>
        <extensions>
          <ns3:TrackPointExtension>
            <ns3:hr>165</ns3:hr>
            <ns3:cad>84</ns3:cad>
          </ns3:TrackPointExtension>
        </extensions>
      </trkpt>
      <trkpt lat="23.3874611556529998779296875" lon="113.23380083777010440826416015625">
        <ele>8</ele>
        <time>2025-06-26T11:27:03.000Z</time>
        <extensions>
          <ns3:TrackPointExtension>
            <ns3:hr>164</ns3:hr>
            <ns3:cad>82</ns3:cad>
          </ns3:TrackPointExtension>
        </extensions>
      </trkpt>
      <trkpt lat="23.38731019757688045501708984375" lon="113.23368407785892486572265625">
        <ele>7</ele>
        <time>2025-06-26T11:27:10.000Z</time>
        <extensions>
          <ns3:TrackPointExtension>
            <ns3:hr>164</ns3:hr>
            <ns3:cad>82</ns3:cad>
          </ns3:TrackPointExtension>
        </extensions>
      </trkpt>
      <trkpt lat="23.3872132189571857452392578125" lon="113.23366220109164714813232421875">
        <ele>6.599999904632568359375</ele>
        <time>2025-06-26T11:27:13.000Z</time>
        <extensions>
          <ns3:TrackPointExtension>
            <ns3:hr>167</ns3:hr>
            <ns3:cad>82</ns3:cad>
          </ns3:TrackPointExtension>
        </extensions>
      </trkpt>
      <trkpt lat="23.3871793560683727264404296875" lon="113.23365784250199794769287109375">
        <ele>6.19999980926513671875</ele>
        <time>2025-06-26T11:27:14.000Z</time>
        <extensions>
          <ns3:TrackPointExtension>
            <ns3:hr>164</ns3:hr>
            <ns3:cad>82</ns3:cad>
          </ns3:TrackPointExtension>
        </extensions>
      </trkpt>
      <trkpt lat="23.387149013578891754150390625" lon="113.2336554117500782012939453125">
        <ele>5.599999904632568359375</ele>
        <time>2025-06-26T11:27:15.000Z</time>
        <extensions>
          <ns3:TrackPointExtension>
            <ns3:hr>161</ns3:hr>
            <ns3:cad>82</ns3:cad>
          </ns3:TrackPointExtension>
        </extensions>
      </trkpt>
      <trkpt lat="23.3870378695428371429443359375" lon="113.23362347669899463653564453125">
        <ele>3</ele>
        <time>2025-06-26T11:27:19.000Z</time>
        <extensions>
          <ns3:TrackPointExtension>
            <ns3:hr>158</ns3:hr>
            <ns3:cad>83</ns3:cad>
          </ns3:TrackPointExtension>
        </extensions>
      </trkpt>
      <trkpt lat="23.38689177297055721282958984375" lon="113.23351149447262287139892578125">
        <ele>0</ele>
        <time>2025-06-26T11:27:34.000Z</time>
        <extensions>
          <ns3:TrackPointExtension>
            <ns3:hr>158</ns3:hr>
            <ns3:cad>60</ns3:cad>
          </ns3:TrackPointExtension>
        </extensions>
      </trkpt>
      <trkpt lat="23.38686235249042510986328125" lon="113.2333067245781421661376953125">
        <ele>0.20000000298023223876953125</ele>
        <time>2025-06-26T11:27:48.000Z</time>
        <extensions>
          <ns3:TrackPointExtension>
            <ns3:hr>158</ns3:hr>
            <ns3:cad>82</ns3:cad>
          </ns3:TrackPointExtension>
        </extensions>
      </trkpt>
      <trkpt lat="23.3869037590920925140380859375" lon="113.23311536572873592376708984375">
        <ele>1.60000002384185791015625</ele>
        <time>2025-06-26T11:27:57.000Z</time>
        <extensions>
          <ns3:TrackPointExtension>
            <ns3:hr>155</ns3:hr>
            <ns3:cad>82</ns3:cad>
          </ns3:TrackPointExtension>
        </extensions>
      </trkpt>
      <trkpt lat="23.3869922719895839691162109375" lon="113.2329634018242359161376953125">
        <ele>3</ele>
        <time>2025-06-26T11:28:06.000Z</time>
        <extensions>
          <ns3:TrackPointExtension>
            <ns3:hr>160</ns3:hr>
            <ns3:cad>82</ns3:cad>
          </ns3:TrackPointExtension>
        </extensions>
      </trkpt>
      <trkpt lat="23.38699704967439174652099609375" lon="113.2329493202269077301025390625">
        <ele>3</ele>
        <time>2025-06-26T11:28:07.000Z</time>
        <extensions>
          <ns3:TrackPointExtension>
            <ns3:hr>165</ns3:hr>
            <ns3:cad>82</ns3:cad>
          </ns3:TrackPointExtension>
        </extensions>
      </trkpt>
      <trkpt lat="23.38700023479759693145751953125" lon="113.232936076819896697998046875">
        <ele>3.2000000476837158203125</ele>
        <time>2025-06-26T11:28:08.000Z</time>
        <extensions>
          <ns3:TrackPointExtension>
            <ns3:hr>169</ns3:hr>
            <ns3:cad>82</ns3:cad>
          </ns3:TrackPointExtension>
        </extensions>
      </trkpt>
      <trkpt lat="23.38700450956821441650390625" lon="113.23292409069836139678955078125">
        <ele>3.2000000476837158203125</ele>
        <time>2025-06-26T11:28:09.000Z</time>
        <extensions>
          <ns3:TrackPointExtension>
            <ns3:hr>173</ns3:hr>
            <ns3:cad>82</ns3:cad>
          </ns3:TrackPointExtension>
        </extensions>
      </trkpt>
      <trkpt lat="23.38700719177722930908203125" lon="113.232895843684673309326171875">
        <ele>3.599999904632568359375</ele>
        <time>2025-06-26T11:28:10.000Z</time>
        <extensions>
          <ns3:TrackPointExtension>
            <ns3:hr>170</ns3:hr>
            <ns3:cad>82</ns3:cad>
          </ns3:TrackPointExtension>
        </extensions>
      </trkpt>
      <trkpt lat="23.3870293200016021728515625" lon="113.23287044651806354522705078125">
        <ele>3.7999999523162841796875</ele>
        <time>2025-06-26T11:28:11.000Z</time>
        <extensions>
          <ns3:TrackPointExtension>
            <ns3:hr>165</ns3:hr>
            <ns3:cad>82</ns3:cad>
          </ns3:TrackPointExtension>
        </extensions>
      </trkpt>
      <trkpt lat="23.38703828863799571990966796875" lon="113.23285527527332305908203125">
        <ele>4</ele>
        <time>2025-06-26T11:28:12.000Z</time>
        <extensions>
          <ns3:TrackPointExtension>
            <ns3:hr>157</ns3:hr>
            <ns3:cad>82</ns3:cad>
          </ns3:TrackPointExtension>
        </extensions>
      </trkpt>
      <trkpt lat="23.387049101293087005615234375" lon="113.23284094221889972686767578125">
        <ele>4</ele>
        <time>2025-06-26T11:28:13.000Z</time>
        <extensions>
          <ns3:TrackPointExtension>
            <ns3:hr>158</ns3:hr>
            <ns3:cad>82</ns3:cad>
          </ns3:TrackPointExtension>
        </extensions>
      </trkpt>
      <trkpt lat="23.3870656974613666534423828125" lon="113.23280691169202327728271484375">
        <ele>4.400000095367431640625</ele>
        <time>2025-06-26T11:28:15.000Z</time>
        <extensions>
          <ns3:TrackPointExtension>
            <ns3:hr>164</ns3:hr>
            <ns3:cad>82</ns3:cad>
          </ns3:TrackPointExtension>
        </extensions>
      </trkpt>
      <trkpt lat="23.38708422146737575531005859375" lon="113.23277908377349376678466796875">
        <ele>4.599999904632568359375</ele>
        <time>2025-06-26T11:28:17.000Z</time>
        <extensions>
          <ns3:TrackPointExtension>
            <ns3:hr>170</ns3:hr>
            <ns3:cad>82</ns3:cad>
          </ns3:TrackPointExtension>
        </extensions>
      </trkpt>
      <trkpt lat="23.38710785843431949615478515625" lon="113.232757709920406341552734375">
        <ele>4.80000019073486328125</ele>
        <time>2025-06-26T11:28:20.000Z</time>
        <extensions>
          <ns3:TrackPointExtension>
            <ns3:hr>175</ns3:hr>
            <ns3:cad>83</ns3:cad>
          </ns3:TrackPointExtension>
        </extensions>
      </trkpt>
      <trkpt lat="23.38714758865535259246826171875" lon="113.23272879235446453094482421875">
        <ele>4.80000019073486328125</ele>
        <time>2025-06-26T11:28:22.000Z</time>
        <extensions>
          <ns3:TrackPointExtension>
            <ns3:hr>171</ns3:hr>
            <ns3:cad>82</ns3:cad>
          </ns3:TrackPointExtension>
        </extensions>
      </trkpt>
      <trkpt lat="23.38717751204967498779296875" lon="113.2326046563684940338134765625">
        <ele>5.599999904632568359375</ele>
        <time>2025-06-26T11:28:25.000Z</time>
        <extensions>
          <ns3:TrackPointExtension>
            <ns3:hr>167</ns3:hr>
            <ns3:cad>82</ns3:cad>
          </ns3:TrackPointExtension>
        </extensions>
      </trkpt>
      <trkpt lat="23.387274406850337982177734375" lon="113.2324283011257648468017578125">
        <ele>5.19999980926513671875</ele>
        <time>2025-06-26T11:28:33.000Z</time>
        <extensions>
          <ns3:TrackPointExtension>
            <ns3:hr>168</ns3:hr>
            <ns3:cad>80</ns3:cad>
          </ns3:TrackPointExtension>
        </extensions>
      </trkpt>
      <trkpt lat="23.38732847012579441070556640625" lon="113.23235898278653621673583984375">
        <ele>4.599999904632568359375</ele>
        <time>2025-06-26T11:28:37.000Z</time>
        <extensions>
          <ns3:TrackPointExtension>
            <ns3:hr>165</ns3:hr>
            <ns3:cad>78</ns3:cad>
          </ns3:TrackPointExtension>
        </extensions>
      </trkpt>
      <trkpt lat="23.38737691752612590789794921875" lon="113.2323119603097438812255859375">
        <ele>4</ele>
        <time>2025-06-26T11:28:42.000Z</time>
        <extensions>
          <ns3:TrackPointExtension>
            <ns3:hr>162</ns3:hr>
            <ns3:cad>57</ns3:cad>
          </ns3:TrackPointExtension>
        </extensions>
      </trkpt>
      <trkpt lat="23.38740524835884571075439453125" lon="113.23229444213211536407470703125">
        <ele>3.599999904632568359375</ele>
        <time>2025-06-26T11:28:46.000Z</time>
        <extensions>
          <ns3:TrackPointExtension>
            <ns3:hr>165</ns3:hr>
            <ns3:cad>0</ns3:cad>
          </ns3:TrackPointExtension>
        </extensions>
      </trkpt>
      <trkpt lat="23.387413881719112396240234375" lon="113.23228756897151470184326171875">
        <ele>3.599999904632568359375</ele>
        <time>2025-06-26T11:28:47.000Z</time>
        <extensions>
          <ns3:TrackPointExtension>
            <ns3:hr>166</ns3:hr>
            <ns3:cad>0</ns3:cad>
          </ns3:TrackPointExtension>
        </extensions>
      </trkpt>
      <trkpt lat="23.3874324895441532135009765625" lon="113.2322760857641696929931640625">
        <ele>3.400000095367431640625</ele>
        <time>2025-06-26T11:28:49.000Z</time>
        <extensions>
          <ns3:TrackPointExtension>
            <ns3:hr>167</ns3:hr>
            <ns3:cad>61</ns3:cad>
          </ns3:TrackPointExtension>
        </extensions>
      </trkpt>
      <trkpt lat="23.38752293027937412261962890625" lon="113.232240378856658935546875">
        <ele>3.599999904632568359375</ele>
        <time>2025-06-26T11:28:58.000Z</time>
        <extensions>
          <ns3:TrackPointExtension>
            <ns3:hr>164</ns3:hr>
            <ns3:cad>0</ns3:cad>
          </ns3:TrackPointExtension>
        </extensions>
      </trkpt>
      <trkpt lat="23.38757724501192569732666015625" lon="113.23216686956584453582763671875">
        <ele>3.2000000476837158203125</ele>
        <time>2025-06-26T11:29:05.000Z</time>
        <extensions>
          <ns3:TrackPointExtension>
            <ns3:hr>165</ns3:hr>
            <ns3:cad>59</ns3:cad>
          </ns3:TrackPointExtension>
        </extensions>
      </trkpt>
      <trkpt lat="23.38759501464664936065673828125" lon="113.2321255467832088470458984375">
        <ele>3.2000000476837158203125</ele>
        <time>2025-06-26T11:29:08.000Z</time>
        <extensions>
          <ns3:TrackPointExtension>
            <ns3:hr>161</ns3:hr>
            <ns3:cad>59</ns3:cad>
          </ns3:TrackPointExtension>
        </extensions>
      </trkpt>
      <trkpt lat="23.38761362247169017791748046875" lon="113.2320826314389705657958984375">
        <ele>3.400000095367431640625</ele>
        <time>2025-06-26T11:29:12.000Z</time>
        <extensions>
          <ns3:TrackPointExtension>
            <ns3:hr>158</ns3:hr>
            <ns3:cad>60</ns3:cad>
          </ns3:TrackPointExtension>
        </extensions>
      </trkpt>
      <trkpt lat="23.387655951082706451416015625" lon="113.23201515711843967437744140625">
        <ele>3.599999904632568359375</ele>
        <time>2025-06-26T11:29:20.000Z</time>
        <extensions>
          <ns3:TrackPointExtension>
            <ns3:hr>155</ns3:hr>
            <ns3:cad>58</ns3:cad>
          </ns3:TrackPointExtension>
        </extensions>
      </trkpt>
      <trkpt lat="23.38765653781592845916748046875" lon="113.2319944538176059722900390625">
        <ele>3.599999904632568359375</ele>
        <time>2025-06-26T11:29:23.000Z</time>
        <extensions>
          <ns3:TrackPointExtension>
            <ns3:hr>152</ns3:hr>
            <ns3:cad>58</ns3:cad>
          </ns3:TrackPointExtension>
        </extensions>
      </trkpt>
      <trkpt lat="23.38767413981258869171142578125" lon="113.23196453042328357696533203125">
        <ele>3.599999904632568359375</ele>
        <time>2025-06-26T11:29:28.000Z</time>
        <extensions>
          <ns3:TrackPointExtension>
            <ns3:hr>148</ns3:hr>
            <ns3:cad>60</ns3:cad>
          </ns3:TrackPointExtension>
        </extensions>
      </trkpt>
      <trkpt lat="23.38768268935382366180419921875" lon="113.23194609023630619049072265625">
        <ele>3.400000095367431640625</ele>
        <time>2025-06-26T11:29:31.000Z</time>
        <extensions>
          <ns3:TrackPointExtension>
            <ns3:hr>145</ns3:hr>
            <ns3:cad>60</ns3:cad>
          </ns3:TrackPointExtension>
        </extensions>
      </trkpt>
      <trkpt lat="23.387695513665676116943359375" lon="113.23192857205867767333984375">
        <ele>3.400000095367431640625</ele>
        <time>2025-06-26T11:29:34.000Z</time>
        <extensions>
          <ns3:TrackPointExtension>
            <ns3:hr>142</ns3:hr>
            <ns3:cad>57</ns3:cad>
          </ns3:TrackPointExtension>
        </extensions>
      </trkpt>
      <trkpt lat="23.387700878083705902099609375" lon="113.231915496289730072021484375">
        <ele>3.400000095367431640625</ele>
        <time>2025-06-26T11:29:36.000Z</time>
        <extensions>
          <ns3:TrackPointExtension>
            <ns3:hr>135</ns3:hr>
            <ns3:cad>58</ns3:cad>
          </ns3:TrackPointExtension>
        </extensions>
      </trkpt>
      <trkpt lat="23.38770565576851367950439453125" lon="113.23190845549106597900390625">
        <ele>3.2000000476837158203125</ele>
        <time>2025-06-26T11:29:37.000Z</time>
        <extensions>
          <ns3:TrackPointExtension>
            <ns3:hr>135</ns3:hr>
            <ns3:cad>58</ns3:cad>
          </ns3:TrackPointExtension>
        </extensions>
      </trkpt>
      <trkpt lat="23.38771923445165157318115234375" lon="113.23182262480258941650390625">
        <ele>3.2000000476837158203125</ele>
        <time>2025-06-26T11:29:42.000Z</time>
        <extensions>
          <ns3:TrackPointExtension>
            <ns3:hr>132</ns3:hr>
            <ns3:cad>60</ns3:cad>
          </ns3:TrackPointExtension>
        </extensions>
      </trkpt>
      <trkpt lat="23.38772644288837909698486328125" lon="113.2316140830516815185546875">
        <ele>4</ele>
        <time>2025-06-26T11:29:54.000Z</time>
        <extensions>
          <ns3:TrackPointExtension>
            <ns3:hr>131</ns3:hr>
            <ns3:cad>56</ns3:cad>
          </ns3:TrackPointExtension>
        </extensions>
      </trkpt>
      <trkpt lat="23.38772200047969818115234375" lon="113.23156354017555713653564453125">
        <ele>3.7999999523162841796875</ele>
        <time>2025-06-26T11:29:59.000Z</time>
        <extensions>
          <ns3:TrackPointExtension>
            <ns3:hr>131</ns3:hr>
            <ns3:cad>64</ns3:cad>
          </ns3:TrackPointExtension>
        </extensions>
      </trkpt>
      <trkpt lat="23.3877603895962238311767578125" lon="113.23150117881596088409423828125">
        <ele>3.599999904632568359375</ele>
        <time>2025-06-26T11:30:05.000Z</time>
        <extensions>
          <ns3:TrackPointExtension>
            <ns3:hr>132</ns3:hr>
            <ns3:cad>57</ns3:cad>
          </ns3:TrackPointExtension>
        </extensions>
      </trkpt>
      <trkpt lat="23.387768603861331939697265625" lon="113.23146547190845012664794921875">
        <ele>3.400000095367431640625</ele>
        <time>2025-06-26T11:30:07.000Z</time>
        <extensions>
          <ns3:TrackPointExtension>
            <ns3:hr>132</ns3:hr>
            <ns3:cad>57</ns3:cad>
          </ns3:TrackPointExtension>
        </extensions>
      </trkpt>
      <trkpt lat="23.38778863660991191864013671875" lon="113.2314261607825756072998046875">
        <ele>3.2000000476837158203125</ele>
        <time>2025-06-26T11:30:11.000Z</time>
        <extensions>
          <ns3:TrackPointExtension>
            <ns3:hr>132</ns3:hr>
            <ns3:cad>61</ns3:cad>
          </ns3:TrackPointExtension>
        </extensions>
      </trkpt>
      <trkpt lat="23.387784697115421295166015625" lon="113.231379725039005279541015625">
        <ele>3</ele>
        <time>2025-06-26T11:30:14.000Z</time>
        <extensions>
          <ns3:TrackPointExtension>
            <ns3:hr>132</ns3:hr>
            <ns3:cad>61</ns3:cad>
          </ns3:TrackPointExtension>
        </extensions>
      </trkpt>
      <trkpt lat="23.38777832686901092529296875" lon="113.231352232396602630615234375">
        <ele>3</ele>
        <time>2025-06-26T11:30:16.000Z</time>
        <extensions>
          <ns3:TrackPointExtension>
            <ns3:hr>132</ns3:hr>
            <ns3:cad>61</ns3:cad>
          </ns3:TrackPointExtension>
        </extensions>
      </trkpt>
      <trkpt lat="23.38776080869138240814208984375" lon="113.2313252426683902740478515625">
        <ele>3</ele>
        <time>2025-06-26T11:30:20.000Z</time>
        <extensions>
          <ns3:TrackPointExtension>
            <ns3:hr>132</ns3:hr>
            <ns3:cad>61</ns3:cad>
          </ns3:TrackPointExtension>
        </extensions>
      </trkpt>
      <trkpt lat="23.3877697773277759552001953125" lon="113.23136908002197742462158203125">
        <ele>3</ele>
        <time>2025-06-26T11:30:24.000Z</time>
        <extensions>
          <ns3:TrackPointExtension>
            <ns3:hr>135</ns3:hr>
            <ns3:cad>61</ns3:cad>
          </ns3:TrackPointExtension>
        </extensions>
      </trkpt>
      <trkpt lat="23.3877701126039028167724609375" lon="113.23138064704835414886474609375">
        <ele>3</ele>
        <time>2025-06-26T11:30:25.000Z</time>
        <extensions>
          <ns3:TrackPointExtension>
            <ns3:hr>136</ns3:hr>
            <ns3:cad>79</ns3:cad>
          </ns3:TrackPointExtension>
        </extensions>
      </trkpt>
      <trkpt lat="23.38776491582393646240234375" lon="113.231407217681407928466796875">
        <ele>3.2000000476837158203125</ele>
        <time>2025-06-26T11:30:27.000Z</time>
        <extensions>
          <ns3:TrackPointExtension>
            <ns3:hr>139</ns3:hr>
            <ns3:cad>79</ns3:cad>
          </ns3:TrackPointExtension>
        </extensions>
      </trkpt>
      <trkpt lat="23.387749157845973968505859375" lon="113.23146480135619640350341796875">
        <ele>3.599999904632568359375</ele>
        <time>2025-06-26T11:30:31.000Z</time>
        <extensions>
          <ns3:TrackPointExtension>
            <ns3:hr>136</ns3:hr>
            <ns3:cad>80</ns3:cad>
          </ns3:TrackPointExtension>
        </extensions>
      </trkpt>
      <trkpt lat="23.38774505071341991424560546875" lon="113.23148223571479320526123046875">
        <ele>3.599999904632568359375</ele>
        <time>2025-06-26T11:30:32.000Z</time>
        <extensions>
          <ns3:TrackPointExtension>
            <ns3:hr>130</ns3:hr>
            <ns3:cad>80</ns3:cad>
          </ns3:TrackPointExtension>
        </extensions>
      </trkpt>
      <trkpt lat="23.3877332322299480438232421875" lon="113.23151819407939910888671875">
        <ele>3.599999904632568359375</ele>
        <time>2025-06-26T11:30:34.000Z</time>
        <extensions>
          <ns3:TrackPointExtension>
            <ns3:hr>133</ns3:hr>
            <ns3:cad>81</ns3:cad>
          </ns3:TrackPointExtension>
        </extensions>
      </trkpt>
      <trkpt lat="23.38772878982126712799072265625" lon="113.2315381430089473724365234375">
        <ele>3.7999999523162841796875</ele>
        <time>2025-06-26T11:30:35.000Z</time>
        <extensions>
          <ns3:TrackPointExtension>
            <ns3:hr>136</ns3:hr>
            <ns3:cad>81</ns3:cad>
          </ns3:TrackPointExtension>
        </extensions>
      </trkpt>
      <trkpt lat="23.38772359304130077362060546875" lon="113.2315549068152904510498046875">
        <ele>3.7999999523162841796875</ele>
        <time>2025-06-26T11:30:36.000Z</time>
        <extensions>
          <ns3:TrackPointExtension>
            <ns3:hr>140</ns3:hr>
            <ns3:cad>81</ns3:cad>
          </ns3:TrackPointExtension>
        </extensions>
      </trkpt>
      <trkpt lat="23.38771621696650981903076171875" lon="113.2315723411738872528076171875">
        <ele>3.7999999523162841796875</ele>
        <time>2025-06-26T11:30:37.000Z</time>
        <extensions>
          <ns3:TrackPointExtension>
            <ns3:hr>143</ns3:hr>
            <ns3:cad>81</ns3:cad>
          </ns3:TrackPointExtension>
        </extensions>
      </trkpt>
      <trkpt lat="23.3877121098339557647705078125" lon="113.231592960655689239501953125">
        <ele>4</ele>
        <time>2025-06-26T11:30:38.000Z</time>
        <extensions>
          <ns3:TrackPointExtension>
            <ns3:hr>146</ns3:hr>
            <ns3:cad>81</ns3:cad>
          </ns3:TrackPointExtension>
        </extensions>
      </trkpt>
      <trkpt lat="23.3876936696469783782958984375" lon="113.23164132423698902130126953125">
        <ele>3.7999999523162841796875</ele>
        <time>2025-06-26T11:30:41.000Z</time>
        <extensions>
          <ns3:TrackPointExtension>
            <ns3:hr>149</ns3:hr>
            <ns3:cad>81</ns3:cad>
          </ns3:TrackPointExtension>
        </extensions>
      </trkpt>
      <trkpt lat="23.3876810967922210693359375" lon="113.23174626566469669342041015625">
        <ele>3.400000095367431640625</ele>
        <time>2025-06-26T11:30:47.000Z</time>
        <extensions>
          <ns3:TrackPointExtension>
            <ns3:hr>154</ns3:hr>
            <ns3:cad>81</ns3:cad>
          </ns3:TrackPointExtension>
        </extensions>
      </trkpt>
      <trkpt lat="23.38767531327903270721435546875" lon="113.23176361620426177978515625">
        <ele>3.400000095367431640625</ele>
        <time>2025-06-26T11:30:48.000Z</time>
        <extensions>
          <ns3:TrackPointExtension>
            <ns3:hr>151</ns3:hr>
            <ns3:cad>81</ns3:cad>
          </ns3:TrackPointExtension>
        </extensions>
      </trkpt>
      <trkpt lat="23.3876648359000682830810546875" lon="113.23179471306502819061279296875">
        <ele>3.400000095367431640625</ele>
        <time>2025-06-26T11:30:50.000Z</time>
        <extensions>
          <ns3:TrackPointExtension>
            <ns3:hr>153</ns3:hr>
            <ns3:cad>81</ns3:cad>
          </ns3:TrackPointExtension>
        </extensions>
      </trkpt>
      <trkpt lat="23.38761873543262481689453125" lon="113.231998980045318603515625">
        <ele>4</ele>
        <time>2025-06-26T11:30:58.000Z</time>
        <extensions>
          <ns3:TrackPointExtension>
            <ns3:hr>159</ns3:hr>
            <ns3:cad>81</ns3:cad>
          </ns3:TrackPointExtension>
        </extensions>
      </trkpt>
      <trkpt lat="23.38757556863129138946533203125" lon="113.23205723427236080169677734375">
        <ele>3.599999904632568359375</ele>
        <time>2025-06-26T11:31:01.000Z</time>
        <extensions>
          <ns3:TrackPointExtension>
            <ns3:hr>162</ns3:hr>
            <ns3:cad>81</ns3:cad>
          </ns3:TrackPointExtension>
        </extensions>
      </trkpt>
      <trkpt lat="23.3875106088817119598388671875" lon="113.232091851532459259033203125">
        <ele>3.400000095367431640625</ele>
        <time>2025-06-26T11:31:04.000Z</time>
        <extensions>
          <ns3:TrackPointExtension>
            <ns3:hr>154</ns3:hr>
            <ns3:cad>80</ns3:cad>
          </ns3:TrackPointExtension>
        </extensions>
      </trkpt>
      <trkpt lat="23.38744162581861019134521484375" lon="113.23212898336350917816162109375">
        <ele>3.2000000476837158203125</ele>
        <time>2025-06-26T11:31:07.000Z</time>
        <extensions>
          <ns3:TrackPointExtension>
            <ns3:hr>150</ns3:hr>
            <ns3:cad>79</ns3:cad>
          </ns3:TrackPointExtension>
        </extensions>
      </trkpt>
      <trkpt lat="23.3873922564089298248291015625" lon="113.23215228505432605743408203125">
        <ele>3.7999999523162841796875</ele>
        <time>2025-06-26T11:31:09.000Z</time>
        <extensions>
          <ns3:TrackPointExtension>
            <ns3:hr>153</ns3:hr>
            <ns3:cad>79</ns3:cad>
          </ns3:TrackPointExtension>
        </extensions>
      </trkpt>
      <trkpt lat="23.38732293806970119476318359375" lon="113.232203833758831024169921875">
        <ele>4.599999904632568359375</ele>
        <time>2025-06-26T11:31:12.000Z</time>
        <extensions>
          <ns3:TrackPointExtension>
            <ns3:hr>156</ns3:hr>
            <ns3:cad>79</ns3:cad>
          </ns3:TrackPointExtension>
        </extensions>
      </trkpt>
      <trkpt lat="23.3871555514633655548095703125" lon="113.23229930363595485687255859375">
        <ele>6.80000019073486328125</ele>
        <time>2025-06-26T11:31:20.000Z</time>
        <extensions>
          <ns3:TrackPointExtension>
            <ns3:hr>160</ns3:hr>
            <ns3:cad>80</ns3:cad>
          </ns3:TrackPointExtension>
        </extensions>
      </trkpt>
      <trkpt lat="23.387136273086071014404296875" lon="113.23230885900557041168212890625">
        <ele>7.400000095367431640625</ele>
        <time>2025-06-26T11:31:21.000Z</time>
        <extensions>
          <ns3:TrackPointExtension>
            <ns3:hr>160</ns3:hr>
            <ns3:cad>79</ns3:cad>
          </ns3:TrackPointExtension>
        </extensions>
      </trkpt>
      <trkpt lat="23.387051783502101898193359375" lon="113.2324427179992198944091796875">
        <ele>8.3999996185302734375</ele>
        <time>2025-06-26T11:31:29.000Z</time>
        <extensions>
          <ns3:TrackPointExtension>
            <ns3:hr>157</ns3:hr>
            <ns3:cad>80</ns3:cad>
          </ns3:TrackPointExtension>
        </extensions>
      </trkpt>
      <trkpt lat="23.38704340159893035888671875" lon="113.232470713555812835693359375">
        <ele>8.3999996185302734375</ele>
        <time>2025-06-26T11:31:31.000Z</time>
        <extensions>
          <ns3:TrackPointExtension>
            <ns3:hr>154</ns3:hr>
            <ns3:cad>80</ns3:cad>
          </ns3:TrackPointExtension>
        </extensions>
      </trkpt>
      <trkpt lat="23.387017585337162017822265625" lon="113.23269677348434925079345703125">
        <ele>5.80000019073486328125</ele>
        <time>2025-06-26T11:31:38.000Z</time>
        <extensions>
          <ns3:TrackPointExtension>
            <ns3:hr>152</ns3:hr>
            <ns3:cad>82</ns3:cad>
          </ns3:TrackPointExtension>
        </extensions>
      </trkpt>
      <trkpt lat="23.3869506977498531341552734375" lon="113.23281546123325824737548828125">
        <ele>4.599999904632568359375</ele>
        <time>2025-06-26T11:31:52.000Z</time>
        <extensions>
          <ns3:TrackPointExtension>
            <ns3:hr>155</ns3:hr>
            <ns3:cad>82</ns3:cad>
          </ns3:TrackPointExtension>
        </extensions>
      </trkpt>
      <trkpt lat="23.38695824146270751953125" lon="113.23285317979753017425537109375">
        <ele>4.19999980926513671875</ele>
        <time>2025-06-26T11:31:54.000Z</time>
        <extensions>
          <ns3:TrackPointExtension>
            <ns3:hr>155</ns3:hr>
            <ns3:cad>58</ns3:cad>
          </ns3:TrackPointExtension>
        </extensions>
      </trkpt>
      <trkpt lat="23.3870197646319866180419921875" lon="113.23299500159919261932373046875">
        <ele>2.599999904632568359375</ele>
        <time>2025-06-26T11:32:01.000Z</time>
        <extensions>
          <ns3:TrackPointExtension>
            <ns3:hr>154</ns3:hr>
            <ns3:cad>58</ns3:cad>
          </ns3:TrackPointExtension>
        </extensions>
      </trkpt>
      <trkpt lat="23.38696083985269069671630859375" lon="113.233029954135417938232421875">
        <ele>3</ele>
        <time>2025-06-26T11:32:03.000Z</time>
        <extensions>
          <ns3:TrackPointExtension>
            <ns3:hr>155</ns3:hr>
            <ns3:cad>61</ns3:cad>
          </ns3:TrackPointExtension>
        </extensions>
      </trkpt>
      <trkpt lat="23.3869446627795696258544921875" lon="113.233099021017551422119140625">
        <ele>2</ele>
        <time>2025-06-26T11:32:08.000Z</time>
        <extensions>
          <ns3:TrackPointExtension>
            <ns3:hr>158</ns3:hr>
            <ns3:cad>61</ns3:cad>
          </ns3:TrackPointExtension>
        </extensions>
      </trkpt>
      <trkpt lat="23.38690283708274364471435546875" lon="113.23316347785294055938720703125">
        <ele>1</ele>
        <time>2025-06-26T11:32:15.000Z</time>
        <extensions>
          <ns3:TrackPointExtension>
            <ns3:hr>155</ns3:hr>
            <ns3:cad>61</ns3:cad>
          </ns3:TrackPointExtension>
        </extensions>
      </trkpt>
      <trkpt lat="23.38687400333583354949951171875" lon="113.2332101650536060333251953125">
        <ele>0.4000000059604644775390625</ele>
        <time>2025-06-26T11:32:19.000Z</time>
        <extensions>
          <ns3:TrackPointExtension>
            <ns3:hr>152</ns3:hr>
            <ns3:cad>55</ns3:cad>
          </ns3:TrackPointExtension>
        </extensions>
      </trkpt>
      <trkpt lat="23.386829830706119537353515625" lon="113.2332609593868255615234375">
        <ele>0.20000000298023223876953125</ele>
        <time>2025-06-26T11:32:25.000Z</time>
        <extensions>
          <ns3:TrackPointExtension>
            <ns3:hr>149</ns3:hr>
            <ns3:cad>61</ns3:cad>
          </ns3:TrackPointExtension>
        </extensions>
      </trkpt>
      <trkpt lat="23.386807702481746673583984375" lon="113.23345474898815155029296875">
        <ele>0</ele>
        <time>2025-06-26T11:32:39.000Z</time>
        <extensions>
          <ns3:TrackPointExtension>
            <ns3:hr>145</ns3:hr>
            <ns3:cad>61</ns3:cad>
          </ns3:TrackPointExtension>
        </extensions>
      </trkpt>
      <trkpt lat="23.3868249692022800445556640625" lon="113.2335430942475795745849609375">
        <ele>-0.800000011920928955078125</ele>
        <time>2025-06-26T11:32:47.000Z</time>
        <extensions>
          <ns3:TrackPointExtension>
            <ns3:hr>144</ns3:hr>
            <ns3:cad>61</ns3:cad>
          </ns3:TrackPointExtension>
        </extensions>
      </trkpt>
      <trkpt lat="23.38684701360762119293212890625" lon="113.233576454222202301025390625">
        <ele>-0.20000000298023223876953125</ele>
        <time>2025-06-26T11:32:51.000Z</time>
        <extensions>
          <ns3:TrackPointExtension>
            <ns3:hr>141</ns3:hr>
            <ns3:cad>61</ns3:cad>
          </ns3:TrackPointExtension>
        </extensions>
      </trkpt>
      <trkpt lat="23.38688959367573261260986328125" lon="113.23363387025892734527587890625">
        <ele>0.800000011920928955078125</ele>
        <time>2025-06-26T11:32:57.000Z</time>
        <extensions>
          <ns3:TrackPointExtension>
            <ns3:hr>138</ns3:hr>
            <ns3:cad>61</ns3:cad>
          </ns3:TrackPointExtension>
        </extensions>
      </trkpt>
      <trkpt lat="23.386904932558536529541015625" lon="113.23364258743822574615478515625">
        <ele>1</ele>
        <time>2025-06-26T11:32:59.000Z</time>
        <extensions>
          <ns3:TrackPointExtension>
            <ns3:hr>138</ns3:hr>
            <ns3:cad>61</ns3:cad>
          </ns3:TrackPointExtension>
        </extensions>
      </trkpt>
      <trkpt lat="23.3869232051074504852294921875" lon="113.233652897179126739501953125">
        <ele>1.39999997615814208984375</ele>
        <time>2025-06-26T11:33:01.000Z</time>
        <extensions>
          <ns3:TrackPointExtension>
            <ns3:hr>135</ns3:hr>
            <ns3:cad>61</ns3:cad>
          </ns3:TrackPointExtension>
        </extensions>
      </trkpt>
      <trkpt lat="23.38702336885035037994384765625" lon="113.233703859150409698486328125">
        <ele>3.400000095367431640625</ele>
        <time>2025-06-26T11:33:11.000Z</time>
        <extensions>
          <ns3:TrackPointExtension>
            <ns3:hr>138</ns3:hr>
            <ns3:cad>61</ns3:cad>
          </ns3:TrackPointExtension>
        </extensions>
      </trkpt>
      <trkpt lat="23.3870506100356578826904296875" lon="113.23371936567127704620361328125">
        <ele>4</ele>
        <time>2025-06-26T11:33:14.000Z</time>
        <extensions>
          <ns3:TrackPointExtension>
            <ns3:hr>139</ns3:hr>
            <ns3:cad>61</ns3:cad>
          </ns3:TrackPointExtension>
        </extensions>
      </trkpt>
      <trkpt lat="23.387100733816623687744140625" lon="113.2337378896772861480712890625">
        <ele>4.80000019073486328125</ele>
        <time>2025-06-26T11:33:18.000Z</time>
        <extensions>
          <ns3:TrackPointExtension>
            <ns3:hr>137</ns3:hr>
            <ns3:cad>61</ns3:cad>
          </ns3:TrackPointExtension>
        </extensions>
      </trkpt>
      <trkpt lat="23.38722185231745243072509765625" lon="113.23377887718379497528076171875">
        <ele>7</ele>
        <time>2025-06-26T11:33:27.000Z</time>
        <extensions>
          <ns3:TrackPointExtension>
            <ns3:hr>134</ns3:hr>
            <ns3:cad>58</ns3:cad>
          </ns3:TrackPointExtension>
        </extensions>
      </trkpt>
      <trkpt lat="23.3873976208269596099853515625" lon="113.23385112918913364410400390625">
        <ele>7.80000019073486328125</ele>
        <time>2025-06-26T11:33:43.000Z</time>
        <extensions>
          <ns3:TrackPointExtension>
            <ns3:hr>136</ns3:hr>
            <ns3:cad>61</ns3:cad>
          </ns3:TrackPointExtension>
        </extensions>
      </trkpt>
      <trkpt lat="23.38739720173180103302001953125" lon="113.23392388410866260528564453125">
        <ele>8.19999980926513671875</ele>
        <time>2025-06-26T11:33:51.000Z</time>
        <extensions>
          <ns3:TrackPointExtension>
            <ns3:hr>139</ns3:hr>
            <ns3:cad>61</ns3:cad>
          </ns3:TrackPointExtension>
        </extensions>
      </trkpt>
      <trkpt lat="23.3873726427555084228515625" lon="113.234123289585113525390625">
        <ele>9.3999996185302734375</ele>
        <time>2025-06-26T11:34:02.000Z</time>
        <extensions>
          <ns3:TrackPointExtension>
            <ns3:hr>141</ns3:hr>
            <ns3:cad>81</ns3:cad>
          </ns3:TrackPointExtension>
        </extensions>
      </trkpt>
      <trkpt lat="23.38735428638756275177001953125" lon="113.2342220284044742584228515625">
        <ele>8.80000019073486328125</ele>
        <time>2025-06-26T11:34:06.000Z</time>
        <extensions>
          <ns3:TrackPointExtension>
            <ns3:hr>138</ns3:hr>
            <ns3:cad>82</ns3:cad>
          </ns3:TrackPointExtension>
        </extensions>
      </trkpt>
      <trkpt lat="23.3873453177511692047119140625" lon="113.234307356178760528564453125">
        <ele>7.599999904632568359375</ele>
        <time>2025-06-26T11:34:10.000Z</time>
        <extensions>
          <ns3:TrackPointExtension>
            <ns3:hr>141</ns3:hr>
            <ns3:cad>82</ns3:cad>
          </ns3:TrackPointExtension>
        </extensions>
      </trkpt>
      <trkpt lat="23.38734355755150318145751953125" lon="113.234332501888275146484375">
        <ele>7.19999980926513671875</ele>
        <time>2025-06-26T11:34:11.000Z</time>
        <extensions>
          <ns3:TrackPointExtension>
            <ns3:hr>147</ns3:hr>
            <ns3:cad>82</ns3:cad>
          </ns3:TrackPointExtension>
        </extensions>
      </trkpt>
      <trkpt lat="23.38732947595417499542236328125" lon="113.2344128005206584930419921875">
        <ele>5.19999980926513671875</ele>
        <time>2025-06-26T11:34:14.000Z</time>
        <extensions>
          <ns3:TrackPointExtension>
            <ns3:hr>151</ns3:hr>
            <ns3:cad>82</ns3:cad>
          </ns3:TrackPointExtension>
        </extensions>
      </trkpt>
      <trkpt lat="23.3873248659074306488037109375" lon="113.2344681210815906524658203125">
        <ele>3.599999904632568359375</ele>
        <time>2025-06-26T11:34:16.000Z</time>
        <extensions>
          <ns3:TrackPointExtension>
            <ns3:hr>155</ns3:hr>
            <ns3:cad>82</ns3:cad>
          </ns3:TrackPointExtension>
        </extensions>
      </trkpt>
      <trkpt lat="23.38732042349874973297119140625" lon="113.23451832868158817291259765625">
        <ele>2.2000000476837158203125</ele>
        <time>2025-06-26T11:34:18.000Z</time>
        <extensions>
          <ns3:TrackPointExtension>
            <ns3:hr>160</ns3:hr>
            <ns3:cad>82</ns3:cad>
          </ns3:TrackPointExtension>
        </extensions>
      </trkpt>
      <trkpt lat="23.387317657470703125" lon="113.234544731676578521728515625">
        <ele>1.60000002384185791015625</ele>
        <time>2025-06-26T11:34:19.000Z</time>
        <extensions>
          <ns3:TrackPointExtension>
            <ns3:hr>165</ns3:hr>
            <ns3:cad>82</ns3:cad>
          </ns3:TrackPointExtension>
        </extensions>
      </trkpt>
      <trkpt lat="23.38731304742395877838134765625" lon="113.2345700450241565704345703125">
        <ele>1</ele>
        <time>2025-06-26T11:34:20.000Z</time>
        <extensions>
          <ns3:TrackPointExtension>
            <ns3:hr>170</ns3:hr>
            <ns3:cad>82</ns3:cad>
          </ns3:TrackPointExtension>
        </extensions>
      </trkpt>
      <trkpt lat="23.38730684481561183929443359375" lon="113.23464757762849330902099609375">
        <ele>-1</ele>
        <time>2025-06-26T11:34:23.000Z</time>
        <extensions>
          <ns3:TrackPointExtension>
            <ns3:hr>175</ns3:hr>
            <ns3:cad>82</ns3:cad>
          </ns3:TrackPointExtension>
        </extensions>
      </trkpt>
      <trkpt lat="23.38729762472212314605712890625" lon="113.234732151031494140625">
        <ele>-0.60000002384185791015625</ele>
        <time>2025-06-26T11:34:26.000Z</time>
        <extensions>
          <ns3:TrackPointExtension>
            <ns3:hr>180</ns3:hr>
            <ns3:cad>82</ns3:cad>
          </ns3:TrackPointExtension>
        </extensions>
      </trkpt>
      <trkpt lat="23.38728739880025386810302734375" lon="113.23484907858073711395263671875">
        <ele>0</ele>
        <time>2025-06-26T11:34:31.000Z</time>
        <extensions>
          <ns3:TrackPointExtension>
            <ns3:hr>177</ns3:hr>
            <ns3:cad>83</ns3:cad>
          </ns3:TrackPointExtension>
        </extensions>
      </trkpt>
      <trkpt lat="23.38728002272546291351318359375" lon="113.2348971068859100341796875">
        <ele>0.4000000059604644775390625</ele>
        <time>2025-06-26T11:34:33.000Z</time>
        <extensions>
          <ns3:TrackPointExtension>
            <ns3:hr>173</ns3:hr>
            <ns3:cad>83</ns3:cad>
          </ns3:TrackPointExtension>
        </extensions>
      </trkpt>
      <trkpt lat="23.38727700524032115936279296875" lon="113.23492334224283695220947265625">
        <ele>0.60000002384185791015625</ele>
        <time>2025-06-26T11:34:34.000Z</time>
        <extensions>
          <ns3:TrackPointExtension>
            <ns3:hr>179</ns3:hr>
            <ns3:cad>82</ns3:cad>
          </ns3:TrackPointExtension>
        </extensions>
      </trkpt>
      <trkpt lat="23.3872465789318084716796875" lon="113.2350930757820606231689453125">
        <ele>1.60000002384185791015625</ele>
        <time>2025-06-26T11:34:41.000Z</time>
        <extensions>
          <ns3:TrackPointExtension>
            <ns3:hr>183</ns3:hr>
            <ns3:cad>83</ns3:cad>
          </ns3:TrackPointExtension>
        </extensions>
      </trkpt>
      <trkpt lat="23.387236185371875762939453125" lon="113.23514261282980442047119140625">
        <ele>1.39999997615814208984375</ele>
        <time>2025-06-26T11:34:43.000Z</time>
        <extensions>
          <ns3:TrackPointExtension>
            <ns3:hr>180</ns3:hr>
            <ns3:cad>83</ns3:cad>
          </ns3:TrackPointExtension>
        </extensions>
      </trkpt>
      <trkpt lat="23.387209363281726837158203125" lon="113.235355429351329803466796875">
        <ele>1.60000002384185791015625</ele>
        <time>2025-06-26T11:34:52.000Z</time>
        <extensions>
          <ns3:TrackPointExtension>
            <ns3:hr>177</ns3:hr>
            <ns3:cad>83</ns3:cad>
          </ns3:TrackPointExtension>
        </extensions>
      </trkpt>
      <trkpt lat="23.38719653896987438201904296875" lon="113.23542675934731960296630859375">
        <ele>1.7999999523162841796875</ele>
        <time>2025-06-26T11:34:55.000Z</time>
        <extensions>
          <ns3:TrackPointExtension>
            <ns3:hr>174</ns3:hr>
            <ns3:cad>83</ns3:cad>
          </ns3:TrackPointExtension>
        </extensions>
      </trkpt>
      <trkpt lat="23.38719150982797145843505859375" lon="113.2354818284511566162109375">
        <ele>2</ele>
        <time>2025-06-26T11:34:57.000Z</time>
        <extensions>
          <ns3:TrackPointExtension>
            <ns3:hr>171</ns3:hr>
            <ns3:cad>83</ns3:cad>
          </ns3:TrackPointExtension>
        </extensions>
      </trkpt>
      <trkpt lat="23.3871848881244659423828125" lon="113.23551024310290813446044921875">
        <ele>2</ele>
        <time>2025-06-26T11:34:58.000Z</time>
        <extensions>
          <ns3:TrackPointExtension>
            <ns3:hr>168</ns3:hr>
            <ns3:cad>83</ns3:cad>
          </ns3:TrackPointExtension>
        </extensions>
      </trkpt>
      <trkpt lat="23.3871781826019287109375" lon="113.23554284870624542236328125">
        <ele>2.2000000476837158203125</ele>
        <time>2025-06-26T11:34:59.000Z</time>
        <extensions>
          <ns3:TrackPointExtension>
            <ns3:hr>168</ns3:hr>
            <ns3:cad>83</ns3:cad>
          </ns3:TrackPointExtension>
        </extensions>
      </trkpt>
      <trkpt lat="23.387175500392913818359375" lon="113.23557914234697818756103515625">
        <ele>2.2000000476837158203125</ele>
        <time>2025-06-26T11:35:00.000Z</time>
        <extensions>
          <ns3:TrackPointExtension>
            <ns3:hr>171</ns3:hr>
            <ns3:cad>83</ns3:cad>
          </ns3:TrackPointExtension>
        </extensions>
      </trkpt>
      <trkpt lat="23.38717223145067691802978515625" lon="113.2356094010174274444580078125">
        <ele>2.400000095367431640625</ele>
        <time>2025-06-26T11:35:01.000Z</time>
        <extensions>
          <ns3:TrackPointExtension>
            <ns3:hr>176</ns3:hr>
            <ns3:cad>82</ns3:cad>
          </ns3:TrackPointExtension>
        </extensions>
      </trkpt>
      <trkpt lat="23.38716602884232997894287109375" lon="113.23564074933528900146484375">
        <ele>2.400000095367431640625</ele>
        <time>2025-06-26T11:35:02.000Z</time>
        <extensions>
          <ns3:TrackPointExtension>
            <ns3:hr>176</ns3:hr>
            <ns3:cad>82</ns3:cad>
          </ns3:TrackPointExtension>
        </extensions>
      </trkpt>
      <trkpt lat="23.38715177960693836212158203125" lon="113.2357445172965526580810546875">
        <ele>2.7999999523162841796875</ele>
        <time>2025-06-26T11:35:06.000Z</time>
        <extensions>
          <ns3:TrackPointExtension>
            <ns3:hr>173</ns3:hr>
            <ns3:cad>81</ns3:cad>
          </ns3:TrackPointExtension>
        </extensions>
      </trkpt>
      <trkpt lat="23.38710417039692401885986328125" lon="113.2359404861927032470703125">
        <ele>3.400000095367431640625</ele>
        <time>2025-06-26T11:35:18.000Z</time>
        <extensions>
          <ns3:TrackPointExtension>
            <ns3:hr>172</ns3:hr>
            <ns3:cad>83</ns3:cad>
          </ns3:TrackPointExtension>
        </extensions>
      </trkpt>
      <trkpt lat="23.387094698846340179443359375" lon="113.23602053336799144744873046875">
        <ele>4.400000095367431640625</ele>
        <time>2025-06-26T11:35:25.000Z</time>
        <extensions>
          <ns3:TrackPointExtension>
            <ns3:hr>175</ns3:hr>
            <ns3:cad>61</ns3:cad>
          </ns3:TrackPointExtension>
        </extensions>
      </trkpt>
      <trkpt lat="23.38708304800093173980712890625" lon="113.2361307553946971893310546875">
        <ele>5.400000095367431640625</ele>
        <time>2025-06-26T11:35:34.000Z</time>
        <extensions>
          <ns3:TrackPointExtension>
            <ns3:hr>169</ns3:hr>
            <ns3:cad>0</ns3:cad>
          </ns3:TrackPointExtension>
        </extensions>
      </trkpt>
      <trkpt lat="23.3870827965438365936279296875" lon="113.23614693246781826019287109375">
        <ele>5.599999904632568359375</ele>
        <time>2025-06-26T11:35:35.000Z</time>
        <extensions>
          <ns3:TrackPointExtension>
            <ns3:hr>165</ns3:hr>
            <ns3:cad>0</ns3:cad>
          </ns3:TrackPointExtension>
        </extensions>
      </trkpt>
      <trkpt lat="23.387085981667041778564453125" lon="113.2361565716564655303955078125">
        <ele>5.599999904632568359375</ele>
        <time>2025-06-26T11:35:36.000Z</time>
        <extensions>
          <ns3:TrackPointExtension>
            <ns3:hr>165</ns3:hr>
            <ns3:cad>61</ns3:cad>
          </ns3:TrackPointExtension>
        </extensions>
      </trkpt>
      <trkpt lat="23.3870623447000980377197265625" lon="113.23627836070954799652099609375">
        <ele>7.400000095367431640625</ele>
        <time>2025-06-26T11:35:47.000Z</time>
        <extensions>
          <ns3:TrackPointExtension>
            <ns3:hr>162</ns3:hr>
            <ns3:cad>61</ns3:cad>
          </ns3:TrackPointExtension>
        </extensions>
      </trkpt>
      <trkpt lat="23.38703669607639312744140625" lon="113.23634709231555461883544921875">
        <ele>8.3999996185302734375</ele>
        <time>2025-06-26T11:35:54.000Z</time>
        <extensions>
          <ns3:TrackPointExtension>
            <ns3:hr>158</ns3:hr>
            <ns3:cad>61</ns3:cad>
          </ns3:TrackPointExtension>
        </extensions>
      </trkpt>
      <trkpt lat="23.38703644461929798126220703125" lon="113.2363590784370899200439453125">
        <ele>8.6000003814697265625</ele>
        <time>2025-06-26T11:35:55.000Z</time>
        <extensions>
          <ns3:TrackPointExtension>
            <ns3:hr>154</ns3:hr>
            <ns3:cad>61</ns3:cad>
          </ns3:TrackPointExtension>
        </extensions>
      </trkpt>
      <trkpt lat="23.38703275658190250396728515625" lon="113.23637005873024463653564453125">
        <ele>8.6000003814697265625</ele>
        <time>2025-06-26T11:35:56.000Z</time>
        <extensions>
          <ns3:TrackPointExtension>
            <ns3:hr>155</ns3:hr>
            <ns3:cad>61</ns3:cad>
          </ns3:TrackPointExtension>
        </extensions>
      </trkpt>
      <trkpt lat="23.38701121509075164794921875" lon="113.23644683696329593658447265625">
        <ele>9.6000003814697265625</ele>
        <time>2025-06-26T11:36:03.000Z</time>
        <extensions>
          <ns3:TrackPointExtension>
            <ns3:hr>152</ns3:hr>
            <ns3:cad>61</ns3:cad>
          </ns3:TrackPointExtension>
        </extensions>
      </trkpt>
      <trkpt lat="23.38699822314083576202392578125" lon="113.236527554690837860107421875">
        <ele>10.19999980926513671875</ele>
        <time>2025-06-26T11:36:10.000Z</time>
        <extensions>
          <ns3:TrackPointExtension>
            <ns3:hr>149</ns3:hr>
            <ns3:cad>61</ns3:cad>
          </ns3:TrackPointExtension>
        </extensions>
      </trkpt>
      <trkpt lat="23.38697223924100399017333984375" lon="113.23672813363373279571533203125">
        <ele>11</ele>
        <time>2025-06-26T11:36:26.000Z</time>
        <extensions>
          <ns3:TrackPointExtension>
            <ns3:hr>147</ns3:hr>
            <ns3:cad>61</ns3:cad>
          </ns3:TrackPointExtension>
        </extensions>
      </trkpt>
      <trkpt lat="23.38696695864200592041015625" lon="113.236758224666118621826171875">
        <ele>10.80000019073486328125</ele>
        <time>2025-06-26T11:36:29.000Z</time>
        <extensions>
          <ns3:TrackPointExtension>
            <ns3:hr>144</ns3:hr>
            <ns3:cad>61</ns3:cad>
          </ns3:TrackPointExtension>
        </extensions>
      </trkpt>
      <trkpt lat="23.38696486316621303558349609375" lon="113.2367687858641147613525390625">
        <ele>10.80000019073486328125</ele>
        <time>2025-06-26T11:36:30.000Z</time>
        <extensions>
          <ns3:TrackPointExtension>
            <ns3:hr>141</ns3:hr>
            <ns3:cad>61</ns3:cad>
          </ns3:TrackPointExtension>
        </extensions>
      </trkpt>
      <trkpt lat="23.3869563974440097808837890625" lon="113.2367932610213756561279296875">
        <ele>10.6000003814697265625</ele>
        <time>2025-06-26T11:36:32.000Z</time>
        <extensions>
          <ns3:TrackPointExtension>
            <ns3:hr>138</ns3:hr>
            <ns3:cad>61</ns3:cad>
          </ns3:TrackPointExtension>
        </extensions>
      </trkpt>
      <trkpt lat="23.3869158290326595306396484375" lon="113.23699736036360263824462890625">
        <ele>9.6000003814697265625</ele>
        <time>2025-06-26T11:36:49.000Z</time>
        <extensions>
          <ns3:TrackPointExtension>
            <ns3:hr>137</ns3:hr>
            <ns3:cad>61</ns3:cad>
          </ns3:TrackPointExtension>
        </extensions>
      </trkpt>
      <trkpt lat="23.3868900127708911895751953125" lon="113.23719567619264125823974609375">
        <ele>9</ele>
        <time>2025-06-26T11:37:04.000Z</time>
        <extensions>
          <ns3:TrackPointExtension>
            <ns3:hr>137</ns3:hr>
            <ns3:cad>61</ns3:cad>
          </ns3:TrackPointExtension>
        </extensions>
      </trkpt>
      <trkpt lat="23.38688607327640056610107421875" lon="113.23734252713620662689208984375">
        <ele>9</ele>
        <time>2025-06-26T11:37:16.000Z</time>
        <extensions>
          <ns3:TrackPointExtension>
            <ns3:hr>133</ns3:hr>
            <ns3:cad>58</ns3:cad>
          </ns3:TrackPointExtension>
        </extensions>
      </trkpt>
      <trkpt lat="23.38688406161963939666748046875" lon="113.23735275305807590484619140625">
        <ele>8.80000019073486328125</ele>
        <time>2025-06-26T11:37:17.000Z</time>
        <extensions>
          <ns3:TrackPointExtension>
            <ns3:hr>130</ns3:hr>
            <ns3:cad>58</ns3:cad>
          </ns3:TrackPointExtension>
        </extensions>
      </trkpt>
      <trkpt lat="23.38688573800027370452880859375" lon="113.2375573553144931793212890625">
        <ele>8.19999980926513671875</ele>
        <time>2025-06-26T11:37:32.000Z</time>
        <extensions>
          <ns3:TrackPointExtension>
            <ns3:hr>129</ns3:hr>
            <ns3:cad>61</ns3:cad>
          </ns3:TrackPointExtension>
        </extensions>
      </trkpt>
      <trkpt lat="23.38688137941062450408935546875" lon="113.23776262812316417694091796875">
        <ele>6.400000095367431640625</ele>
        <time>2025-06-26T11:37:50.000Z</time>
        <extensions>
          <ns3:TrackPointExtension>
            <ns3:hr>130</ns3:hr>
            <ns3:cad>56</ns3:cad>
          </ns3:TrackPointExtension>
        </extensions>
      </trkpt>
      <trkpt lat="23.38689981959760189056396484375" lon="113.23782096616923809051513671875">
        <ele>5.80000019073486328125</ele>
        <time>2025-06-26T11:37:54.000Z</time>
        <extensions>
          <ns3:TrackPointExtension>
            <ns3:hr>127</ns3:hr>
            <ns3:cad>59</ns3:cad>
          </ns3:TrackPointExtension>
        </extensions>
      </trkpt>
      <trkpt lat="23.38693720288574695587158203125" lon="113.23801710270345211029052734375">
        <ele>4.19999980926513671875</ele>
        <time>2025-06-26T11:38:11.000Z</time>
        <extensions>
          <ns3:TrackPointExtension>
            <ns3:hr>127</ns3:hr>
            <ns3:cad>56</ns3:cad>
          </ns3:TrackPointExtension>
        </extensions>
      </trkpt>
      <trkpt lat="23.38693267665803432464599609375" lon="113.23821424506604671478271484375">
        <ele>4.19999980926513671875</ele>
        <time>2025-06-26T11:38:28.000Z</time>
        <extensions>
          <ns3:TrackPointExtension>
            <ns3:hr>127</ns3:hr>
            <ns3:cad>57</ns3:cad>
          </ns3:TrackPointExtension>
        </extensions>
      </trkpt>
      <trkpt lat="23.3869413100183010101318359375" lon="113.2384193502366542816162109375">
        <ele>3.7999999523162841796875</ele>
        <time>2025-06-26T11:38:40.000Z</time>
        <extensions>
          <ns3:TrackPointExtension>
            <ns3:hr>126</ns3:hr>
            <ns3:cad>59</ns3:cad>
          </ns3:TrackPointExtension>
        </extensions>
      </trkpt>
      <trkpt lat="23.3869503624737262725830078125" lon="113.23862395249307155609130859375">
        <ele>2.7999999523162841796875</ele>
        <time>2025-06-26T11:38:57.000Z</time>
        <extensions>
          <ns3:TrackPointExtension>
            <ns3:hr>125</ns3:hr>
            <ns3:cad>61</ns3:cad>
          </ns3:TrackPointExtension>
        </extensions>
      </trkpt>
      <trkpt lat="23.386950194835662841796875" lon="113.2386456616222858428955078125">
        <ele>2.599999904632568359375</ele>
        <time>2025-06-26T11:38:59.000Z</time>
        <extensions>
          <ns3:TrackPointExtension>
            <ns3:hr>122</ns3:hr>
            <ns3:cad>61</ns3:cad>
          </ns3:TrackPointExtension>
        </extensions>
      </trkpt>
      <trkpt lat="23.386955894529819488525390625" lon="113.23882930912077426910400390625">
        <ele>1.39999997615814208984375</ele>
        <time>2025-06-26T11:39:15.000Z</time>
        <extensions>
          <ns3:TrackPointExtension>
            <ns3:hr>121</ns3:hr>
            <ns3:cad>61</ns3:cad>
          </ns3:TrackPointExtension>
        </extensions>
      </trkpt>
      <trkpt lat="23.38695849291980266571044921875" lon="113.23885143734514713287353515625">
        <ele>1.39999997615814208984375</ele>
        <time>2025-06-26T11:39:17.000Z</time>
        <extensions>
          <ns3:TrackPointExtension>
            <ns3:hr>124</ns3:hr>
            <ns3:cad>61</ns3:cad>
          </ns3:TrackPointExtension>
        </extensions>
      </trkpt>
      <trkpt lat="23.3869631029665470123291015625" lon="113.238882534205913543701171875">
        <ele>1.39999997615814208984375</ele>
        <time>2025-06-26T11:39:20.000Z</time>
        <extensions>
          <ns3:TrackPointExtension>
            <ns3:hr>127</ns3:hr>
            <ns3:cad>61</ns3:cad>
          </ns3:TrackPointExtension>
        </extensions>
      </trkpt>
      <trkpt lat="23.38698816485702991485595703125" lon="113.2390855439007282257080078125">
        <ele>1.60000002384185791015625</ele>
        <time>2025-06-26T11:39:38.000Z</time>
        <extensions>
          <ns3:TrackPointExtension>
            <ns3:hr>125</ns3:hr>
            <ns3:cad>61</ns3:cad>
          </ns3:TrackPointExtension>
        </extensions>
      </trkpt>
      <trkpt lat="23.38702085427939891815185546875" lon="113.23921856470406055450439453125">
        <ele>3.2000000476837158203125</ele>
        <time>2025-06-26T11:39:49.000Z</time>
        <extensions>
          <ns3:TrackPointExtension>
            <ns3:hr>126</ns3:hr>
            <ns3:cad>61</ns3:cad>
          </ns3:TrackPointExtension>
        </extensions>
      </trkpt>
      <trkpt lat="23.38702538050711154937744140625" lon="113.2392541877925395965576171875">
        <ele>3.400000095367431640625</ele>
        <time>2025-06-26T11:39:52.000Z</time>
        <extensions>
          <ns3:TrackPointExtension>
            <ns3:hr>126</ns3:hr>
            <ns3:cad>61</ns3:cad>
          </ns3:TrackPointExtension>
        </extensions>
      </trkpt>
      <trkpt lat="23.3870405517518520355224609375" lon="113.2394583709537982940673828125">
        <ele>4.400000095367431640625</ele>
        <time>2025-06-26T11:40:08.000Z</time>
        <extensions>
          <ns3:TrackPointExtension>
            <ns3:hr>127</ns3:hr>
            <ns3:cad>57</ns3:cad>
          </ns3:TrackPointExtension>
        </extensions>
      </trkpt>
      <trkpt lat="23.38710266165435314178466796875" lon="113.23961569927632808685302734375">
        <ele>4.599999904632568359375</ele>
        <time>2025-06-26T11:40:22.000Z</time>
        <extensions>
          <ns3:TrackPointExtension>
            <ns3:hr>124</ns3:hr>
            <ns3:cad>56</ns3:cad>
          </ns3:TrackPointExtension>
        </extensions>
      </trkpt>
      <trkpt lat="23.38716183789074420928955078125" lon="113.23981619440019130706787109375">
        <ele>3.599999904632568359375</ele>
        <time>2025-06-26T11:40:39.000Z</time>
        <extensions>
          <ns3:TrackPointExtension>
            <ns3:hr>124</ns3:hr>
            <ns3:cad>56</ns3:cad>
          </ns3:TrackPointExtension>
        </extensions>
      </trkpt>
      <trkpt lat="23.38716535829007625579833984375" lon="113.24001610279083251953125">
        <ele>2.2000000476837158203125</ele>
        <time>2025-06-26T11:40:56.000Z</time>
        <extensions>
          <ns3:TrackPointExtension>
            <ns3:hr>123</ns3:hr>
            <ns3:cad>57</ns3:cad>
          </ns3:TrackPointExtension>
        </extensions>
      </trkpt>
      <trkpt lat="23.38721506297588348388671875" lon="113.24014560319483280181884765625">
        <ele>0.60000002384185791015625</ele>
        <time>2025-06-26T11:41:08.000Z</time>
        <extensions>
          <ns3:TrackPointExtension>
            <ns3:hr>123</ns3:hr>
            <ns3:cad>60</ns3:cad>
          </ns3:TrackPointExtension>
        </extensions>
      </trkpt>
      <trkpt lat="23.3872789330780506134033203125" lon="113.24033017270267009735107421875">
        <ele>0.4000000059604644775390625</ele>
        <time>2025-06-26T11:41:21.000Z</time>
        <extensions>
          <ns3:TrackPointExtension>
            <ns3:hr>125</ns3:hr>
            <ns3:cad>59</ns3:cad>
          </ns3:TrackPointExtension>
        </extensions>
      </trkpt>
      <trkpt lat="23.387344144284725189208984375" lon="113.240519352257251739501953125">
        <ele>1.39999997615814208984375</ele>
        <time>2025-06-26T11:41:39.000Z</time>
        <extensions>
          <ns3:TrackPointExtension>
            <ns3:hr>124</ns3:hr>
            <ns3:cad>56</ns3:cad>
          </ns3:TrackPointExtension>
        </extensions>
      </trkpt>
      <trkpt lat="23.3873738162219524383544921875" lon="113.24064365588128566741943359375">
        <ele>2.7999999523162841796875</ele>
        <time>2025-06-26T11:41:53.000Z</time>
        <extensions>
          <ns3:TrackPointExtension>
            <ns3:hr>126</ns3:hr>
            <ns3:cad>57</ns3:cad>
          </ns3:TrackPointExtension>
        </extensions>
      </trkpt>
      <trkpt lat="23.38728723116219043731689453125" lon="113.24081464670598506927490234375">
        <ele>1.60000002384185791015625</ele>
        <time>2025-06-26T11:42:11.000Z</time>
        <extensions>
          <ns3:TrackPointExtension>
            <ns3:hr>124</ns3:hr>
            <ns3:cad>54</ns3:cad>
          </ns3:TrackPointExtension>
        </extensions>
      </trkpt>
      <trkpt lat="23.3873198367655277252197265625" lon="113.24102100916206836700439453125">
        <ele>2.400000095367431640625</ele>
        <time>2025-06-26T11:42:30.000Z</time>
        <extensions>
          <ns3:TrackPointExtension>
            <ns3:hr>124</ns3:hr>
            <ns3:cad>57</ns3:cad>
          </ns3:TrackPointExtension>
        </extensions>
      </trkpt>
      <trkpt lat="23.38736535049974918365478515625" lon="113.24120976962149143218994140625">
        <ele>4.400000095367431640625</ele>
        <time>2025-06-26T11:42:49.000Z</time>
        <extensions>
          <ns3:TrackPointExtension>
            <ns3:hr>124</ns3:hr>
            <ns3:cad>57</ns3:cad>
          </ns3:TrackPointExtension>
        </extensions>
      </trkpt>
      <trkpt lat="23.38742285035550594329833984375" lon="113.2412316463887691497802734375">
        <ele>5.599999904632568359375</ele>
        <time>2025-06-26T11:42:56.000Z</time>
        <extensions>
          <ns3:TrackPointExtension>
            <ns3:hr>123</ns3:hr>
            <ns3:cad>56</ns3:cad>
          </ns3:TrackPointExtension>
        </extensions>
      </trkpt>
      <trkpt lat="23.3874214254319667816162109375" lon="113.2412447221577167510986328125">
        <ele>5.599999904632568359375</ele>
        <time>2025-06-26T11:42:58.000Z</time>
        <extensions>
          <ns3:TrackPointExtension>
            <ns3:hr>124</ns3:hr>
            <ns3:cad>56</ns3:cad>
          </ns3:TrackPointExtension>
        </extensions>
      </trkpt>
      <trkpt lat="23.3874220959842205047607421875" lon="113.24125871993601322174072265625">
        <ele>5.80000019073486328125</ele>
        <time>2025-06-26T11:43:00.000Z</time>
        <extensions>
          <ns3:TrackPointExtension>
            <ns3:hr>124</ns3:hr>
            <ns3:cad>58</ns3:cad>
          </ns3:TrackPointExtension>
        </extensions>
      </trkpt>
      <trkpt lat="23.38742385618388652801513671875" lon="113.24127632193267345428466796875">
        <ele>5.80000019073486328125</ele>
        <time>2025-06-26T11:43:02.000Z</time>
        <extensions>
          <ns3:TrackPointExtension>
            <ns3:hr>125</ns3:hr>
            <ns3:cad>58</ns3:cad>
          </ns3:TrackPointExtension>
        </extensions>
      </trkpt>
      <trkpt lat="23.38745646178722381591796875" lon="113.24133197776973247528076171875">
        <ele>6.80000019073486328125</ele>
        <time>2025-06-26T11:43:08.000Z</time>
        <extensions>
          <ns3:TrackPointExtension>
            <ns3:hr>125</ns3:hr>
            <ns3:cad>58</ns3:cad>
          </ns3:TrackPointExtension>
        </extensions>
      </trkpt>
      <trkpt lat="23.387454450130462646484375" lon="113.2413892261683940887451171875">
        <ele>6.400000095367431640625</ele>
        <time>2025-06-26T11:43:12.000Z</time>
        <extensions>
          <ns3:TrackPointExtension>
            <ns3:hr>126</ns3:hr>
            <ns3:cad>58</ns3:cad>
          </ns3:TrackPointExtension>
        </extensions>
      </trkpt>
      <trkpt lat="23.387504406273365020751953125" lon="113.24151168577373027801513671875">
        <ele>6.400000095367431640625</ele>
        <time>2025-06-26T11:43:16.000Z</time>
        <extensions>
          <ns3:TrackPointExtension>
            <ns3:hr>126</ns3:hr>
            <ns3:cad>58</ns3:cad>
          </ns3:TrackPointExtension>
        </extensions>
      </trkpt>
      <trkpt lat="23.3875954337418079376220703125" lon="113.241684101521968841552734375">
        <ele>6.19999980926513671875</ele>
        <time>2025-06-26T11:43:29.000Z</time>
        <extensions>
          <ns3:TrackPointExtension>
            <ns3:hr>124</ns3:hr>
            <ns3:cad>53</ns3:cad>
          </ns3:TrackPointExtension>
        </extensions>
      </trkpt>
      <trkpt lat="23.38769073598086833953857421875" lon="113.2418512366712093353271484375">
        <ele>6</ele>
        <time>2025-06-26T11:43:46.000Z</time>
        <extensions>
          <ns3:TrackPointExtension>
            <ns3:hr>126</ns3:hr>
            <ns3:cad>53</ns3:cad>
          </ns3:TrackPointExtension>
        </extensions>
      </trkpt>
      <trkpt lat="23.38778578676283359527587890625" lon="113.24202281422913074493408203125">
        <ele>5.400000095367431640625</ele>
        <time>2025-06-26T11:44:07.000Z</time>
        <extensions>
          <ns3:TrackPointExtension>
            <ns3:hr>126</ns3:hr>
            <ns3:cad>54</ns3:cad>
          </ns3:TrackPointExtension>
        </extensions>
      </trkpt>
      <trkpt lat="23.38779307901859283447265625" lon="113.2420344650745391845703125">
        <ele>5.400000095367431640625</ele>
        <time>2025-06-26T11:44:09.000Z</time>
        <extensions>
          <ns3:TrackPointExtension>
            <ns3:hr>126</ns3:hr>
            <ns3:cad>54</ns3:cad>
          </ns3:TrackPointExtension>
        </extensions>
      </trkpt>
      <trkpt lat="23.387800119817256927490234375" lon="113.24204695411026477813720703125">
        <ele>5.400000095367431640625</ele>
        <time>2025-06-26T11:44:11.000Z</time>
        <extensions>
          <ns3:TrackPointExtension>
            <ns3:hr>126</ns3:hr>
            <ns3:cad>53</ns3:cad>
          </ns3:TrackPointExtension>
        </extensions>
      </trkpt>
      <trkpt lat="23.3878157101571559906005859375" lon="113.24207939207553863525390625">
        <ele>5.19999980926513671875</ele>
        <time>2025-06-26T11:44:15.000Z</time>
        <extensions>
          <ns3:TrackPointExtension>
            <ns3:hr>126</ns3:hr>
            <ns3:cad>54</ns3:cad>
          </ns3:TrackPointExtension>
        </extensions>
      </trkpt>
      <trkpt lat="23.3878358267247676849365234375" lon="113.242112584412097930908203125">
        <ele>5.19999980926513671875</ele>
        <time>2025-06-26T11:44:21.000Z</time>
        <extensions>
          <ns3:TrackPointExtension>
            <ns3:hr>126</ns3:hr>
            <ns3:cad>52</ns3:cad>
          </ns3:TrackPointExtension>
        </extensions>
      </trkpt>
      <trkpt lat="23.38784932158887386322021484375" lon="113.2421425916254520416259765625">
        <ele>5</ele>
        <time>2025-06-26T11:44:24.000Z</time>
        <extensions>
          <ns3:TrackPointExtension>
            <ns3:hr>126</ns3:hr>
            <ns3:cad>52</ns3:cad>
          </ns3:TrackPointExtension>
        </extensions>
      </trkpt>
      <trkpt lat="23.38787245564162731170654296875" lon="113.24224962852895259857177734375">
        <ele>3.599999904632568359375</ele>
        <time>2025-06-26T11:44:37.000Z</time>
        <extensions>
          <ns3:TrackPointExtension>
            <ns3:hr>123</ns3:hr>
            <ns3:cad>57</ns3:cad>
          </ns3:TrackPointExtension>
        </extensions>
      </trkpt>
      <trkpt lat="23.38789374567568302154541015625" lon="113.24231534264981746673583984375">
        <ele>2.7999999523162841796875</ele>
        <time>2025-06-26T11:44:43.000Z</time>
        <extensions>
          <ns3:TrackPointExtension>
            <ns3:hr>119</ns3:hr>
            <ns3:cad>55</ns3:cad>
          </ns3:TrackPointExtension>
        </extensions>
      </trkpt>
      <trkpt lat="23.3879146166145801544189453125" lon="113.24235700070858001708984375">
        <ele>2.400000095367431640625</ele>
        <time>2025-06-26T11:44:48.000Z</time>
        <extensions>
          <ns3:TrackPointExtension>
            <ns3:hr>122</ns3:hr>
            <ns3:cad>55</ns3:cad>
          </ns3:TrackPointExtension>
        </extensions>
      </trkpt>
      <trkpt lat="23.3879189752042293548583984375" lon="113.242362700402736663818359375">
        <ele>2.2000000476837158203125</ele>
        <time>2025-06-26T11:44:49.000Z</time>
        <extensions>
          <ns3:TrackPointExtension>
            <ns3:hr>124</ns3:hr>
            <ns3:cad>55</ns3:cad>
          </ns3:TrackPointExtension>
        </extensions>
      </trkpt>
      <trkpt lat="23.38794688694179058074951171875" lon="113.24243084527552127838134765625">
        <ele>1.60000002384185791015625</ele>
        <time>2025-06-26T11:44:56.000Z</time>
        <extensions>
          <ns3:TrackPointExtension>
            <ns3:hr>124</ns3:hr>
            <ns3:cad>61</ns3:cad>
          </ns3:TrackPointExtension>
        </extensions>
      </trkpt>
      <trkpt lat="23.3879538439214229583740234375" lon="113.24245397932827472686767578125">
        <ele>1.2000000476837158203125</ele>
        <time>2025-06-26T11:44:58.000Z</time>
        <extensions>
          <ns3:TrackPointExtension>
            <ns3:hr>120</ns3:hr>
            <ns3:cad>61</ns3:cad>
          </ns3:TrackPointExtension>
        </extensions>
      </trkpt>
      <trkpt lat="23.38802349753677845001220703125" lon="113.242632262408733367919921875">
        <ele>-1.2000000476837158203125</ele>
        <time>2025-06-26T11:45:17.000Z</time>
        <extensions>
          <ns3:TrackPointExtension>
            <ns3:hr>116</ns3:hr>
            <ns3:cad>53</ns3:cad>
          </ns3:TrackPointExtension>
        </extensions>
      </trkpt>
      <trkpt lat="23.38806934654712677001953125" lon="113.24271616525948047637939453125">
        <ele>-1.7999999523162841796875</ele>
        <time>2025-06-26T11:45:25.000Z</time>
        <extensions>
          <ns3:TrackPointExtension>
            <ns3:hr>113</ns3:hr>
            <ns3:cad>53</ns3:cad>
          </ns3:TrackPointExtension>
        </extensions>
      </trkpt>
      <trkpt lat="23.38813179172575473785400390625" lon="113.24282010085880756378173828125">
        <ele>0</ele>
        <time>2025-06-26T11:45:35.000Z</time>
        <extensions>
          <ns3:TrackPointExtension>
            <ns3:hr>110</ns3:hr>
            <ns3:cad>55</ns3:cad>
          </ns3:TrackPointExtension>
        </extensions>
      </trkpt>
      <trkpt lat="23.38819800876080989837646484375" lon="113.24294499121606349945068359375">
        <ele>2</ele>
        <time>2025-06-26T11:45:45.000Z</time>
        <extensions>
          <ns3:TrackPointExtension>
            <ns3:hr>112</ns3:hr>
            <ns3:cad>61</ns3:cad>
          </ns3:TrackPointExtension>
        </extensions>
      </trkpt>
      <trkpt lat="23.3882418461143970489501953125" lon="113.243019171059131622314453125">
        <ele>3.400000095367431640625</ele>
        <time>2025-06-26T11:45:52.000Z</time>
        <extensions>
          <ns3:TrackPointExtension>
            <ns3:hr>115</ns3:hr>
            <ns3:cad>57</ns3:cad>
          </ns3:TrackPointExtension>
        </extensions>
      </trkpt>
      <trkpt lat="23.38829171843826770782470703125" lon="113.24311070144176483154296875">
        <ele>5.19999980926513671875</ele>
        <time>2025-06-26T11:46:03.000Z</time>
        <extensions>
          <ns3:TrackPointExtension>
            <ns3:hr>114</ns3:hr>
            <ns3:cad>62</ns3:cad>
          </ns3:TrackPointExtension>
        </extensions>
      </trkpt>
      <trkpt lat="23.38829624466598033905029296875" lon="113.24311950244009494781494140625">
        <ele>5.400000095367431640625</ele>
        <time>2025-06-26T11:46:05.000Z</time>
        <extensions>
          <ns3:TrackPointExtension>
            <ns3:hr>111</ns3:hr>
            <ns3:cad>62</ns3:cad>
          </ns3:TrackPointExtension>
        </extensions>
      </trkpt>
      <trkpt lat="23.38830915279686450958251953125" lon="113.2431661896407604217529296875">
        <ele>6.19999980926513671875</ele>
        <time>2025-06-26T11:46:10.000Z</time>
        <extensions>
          <ns3:TrackPointExtension>
            <ns3:hr>111</ns3:hr>
            <ns3:cad>58</ns3:cad>
          </ns3:TrackPointExtension>
        </extensions>
      </trkpt>
      <trkpt lat="23.388315103948116302490234375" lon="113.24318823404610157012939453125">
        <ele>6.599999904632568359375</ele>
        <time>2025-06-26T11:46:12.000Z</time>
        <extensions>
          <ns3:TrackPointExtension>
            <ns3:hr>112</ns3:hr>
            <ns3:cad>57</ns3:cad>
          </ns3:TrackPointExtension>
        </extensions>
      </trkpt>
      <trkpt lat="23.38832415640354156494140625" lon="113.2432188279926776885986328125">
        <ele>7.19999980926513671875</ele>
        <time>2025-06-26T11:46:15.000Z</time>
        <extensions>
          <ns3:TrackPointExtension>
            <ns3:hr>113</ns3:hr>
            <ns3:cad>57</ns3:cad>
          </ns3:TrackPointExtension>
        </extensions>
      </trkpt>
      <trkpt lat="23.3883441053330898284912109375" lon="113.2432614080607891082763671875">
        <ele>8</ele>
        <time>2025-06-26T11:46:21.000Z</time>
        <extensions>
          <ns3:TrackPointExtension>
            <ns3:hr>114</ns3:hr>
            <ns3:cad>55</ns3:cad>
          </ns3:TrackPointExtension>
        </extensions>
      </trkpt>
      <trkpt lat="23.38835391215980052947998046875" lon="113.243280686438083648681640625">
        <ele>7.80000019073486328125</ele>
        <time>2025-06-26T11:46:23.000Z</time>
        <extensions>
          <ns3:TrackPointExtension>
            <ns3:hr>113</ns3:hr>
            <ns3:cad>55</ns3:cad>
          </ns3:TrackPointExtension>
        </extensions>
      </trkpt>
      <trkpt lat="23.3884272538125514984130859375" lon="113.24346802197396755218505859375">
        <ele>6</ele>
        <time>2025-06-26T11:46:43.000Z</time>
        <extensions>
          <ns3:TrackPointExtension>
            <ns3:hr>111</ns3:hr>
            <ns3:cad>57</ns3:cad>
          </ns3:TrackPointExtension>
        </extensions>
      </trkpt>
      <trkpt lat="23.3884497173130512237548828125" lon="113.243514038622379302978515625">
        <ele>5.599999904632568359375</ele>
        <time>2025-06-26T11:46:47.000Z</time>
        <extensions>
          <ns3:TrackPointExtension>
            <ns3:hr>114</ns3:hr>
            <ns3:cad>0</ns3:cad>
          </ns3:TrackPointExtension>
        </extensions>
      </trkpt>
      <trkpt lat="23.38852473534643650054931640625" lon="113.24369399808347225189208984375">
        <ele>5.80000019073486328125</ele>
        <time>2025-06-26T11:47:03.000Z</time>
        <extensions>
          <ns3:TrackPointExtension>
            <ns3:hr>112</ns3:hr>
            <ns3:cad>58</ns3:cad>
          </ns3:TrackPointExtension>
        </extensions>
      </trkpt>
      <trkpt lat="23.38861358352005481719970703125" lon="113.2438669167459011077880859375">
        <ele>6.19999980926513671875</ele>
        <time>2025-06-26T11:47:19.000Z</time>
        <extensions>
          <ns3:TrackPointExtension>
            <ns3:hr>113</ns3:hr>
            <ns3:cad>61</ns3:cad>
          </ns3:TrackPointExtension>
        </extensions>
      </trkpt>
      <trkpt lat="23.388709723949432373046875" lon="113.24404134415090084075927734375">
        <ele>7.400000095367431640625</ele>
        <time>2025-06-26T11:47:38.000Z</time>
        <extensions>
          <ns3:TrackPointExtension>
            <ns3:hr>112</ns3:hr>
            <ns3:cad>57</ns3:cad>
          </ns3:TrackPointExtension>
        </extensions>
      </trkpt>
      <trkpt lat="23.3887511305510997772216796875" lon="113.24415785260498523712158203125">
        <ele>7.400000095367431640625</ele>
        <time>2025-06-26T11:47:50.000Z</time>
        <extensions>
          <ns3:TrackPointExtension>
            <ns3:hr>115</ns3:hr>
            <ns3:cad>55</ns3:cad>
          </ns3:TrackPointExtension>
        </extensions>
      </trkpt>
      <trkpt lat="23.3888185210525989532470703125" lon="113.2442803122103214263916015625">
        <ele>6</ele>
        <time>2025-06-26T11:48:02.000Z</time>
        <extensions>
          <ns3:TrackPointExtension>
            <ns3:hr>112</ns3:hr>
            <ns3:cad>59</ns3:cad>
          </ns3:TrackPointExtension>
        </extensions>
      </trkpt>
      <trkpt lat="23.38884592987596988677978515625" lon="113.24434426613152027130126953125">
        <ele>5.19999980926513671875</ele>
        <time>2025-06-26T11:48:12.000Z</time>
        <extensions>
          <ns3:TrackPointExtension>
            <ns3:hr>111</ns3:hr>
            <ns3:cad>61</ns3:cad>
          </ns3:TrackPointExtension>
        </extensions>
      </trkpt>
      <trkpt lat="23.3888527192175388336181640625" lon="113.24439070187509059906005859375">
        <ele>5.19999980926513671875</ele>
        <time>2025-06-26T11:48:17.000Z</time>
        <extensions>
          <ns3:TrackPointExtension>
            <ns3:hr>112</ns3:hr>
            <ns3:cad>56</ns3:cad>
          </ns3:TrackPointExtension>
        </extensions>
      </trkpt>
      <trkpt lat="23.3889197744429111480712890625" lon="113.2445589266717433929443359375">
        <ele>5.599999904632568359375</ele>
        <time>2025-06-26T11:48:35.000Z</time>
        <extensions>
          <ns3:TrackPointExtension>
            <ns3:hr>109</ns3:hr>
            <ns3:cad>56</ns3:cad>
          </ns3:TrackPointExtension>
        </extensions>
      </trkpt>
      <trkpt lat="23.38900535367429256439208984375" lon="113.2447419874370098114013671875">
        <ele>5.80000019073486328125</ele>
        <time>2025-06-26T11:48:55.000Z</time>
        <extensions>
          <ns3:TrackPointExtension>
            <ns3:hr>112</ns3:hr>
            <ns3:cad>55</ns3:cad>
          </ns3:TrackPointExtension>
        </extensions>
      </trkpt>
      <trkpt lat="23.389069139957427978515625" lon="113.24492898769676685333251953125">
        <ele>5.80000019073486328125</ele>
        <time>2025-06-26T11:49:13.000Z</time>
        <extensions>
          <ns3:TrackPointExtension>
            <ns3:hr>111</ns3:hr>
            <ns3:cad>54</ns3:cad>
          </ns3:TrackPointExtension>
        </extensions>
      </trkpt>
      <trkpt lat="23.38914801366627216339111328125" lon="113.24511967599391937255859375">
        <ele>5</ele>
        <time>2025-06-26T11:49:31.000Z</time>
        <extensions>
          <ns3:TrackPointExtension>
            <ns3:hr>111</ns3:hr>
            <ns3:cad>0</ns3:cad>
          </ns3:TrackPointExtension>
        </extensions>
      </trkpt>
      <trkpt lat="23.38923719711601734161376953125" lon="113.2452968694269657135009765625">
        <ele>4.599999904632568359375</ele>
        <time>2025-06-26T11:49:48.000Z</time>
        <extensions>
          <ns3:TrackPointExtension>
            <ns3:hr>110</ns3:hr>
            <ns3:cad>58</ns3:cad>
          </ns3:TrackPointExtension>
        </extensions>
      </trkpt>
      <trkpt lat="23.38931766338646411895751953125" lon="113.2454779185354709625244140625">
        <ele>4.599999904632568359375</ele>
        <time>2025-06-26T11:50:08.000Z</time>
        <extensions>
          <ns3:TrackPointExtension>
            <ns3:hr>110</ns3:hr>
            <ns3:cad>55</ns3:cad>
          </ns3:TrackPointExtension>
        </extensions>
      </trkpt>
      <trkpt lat="23.38935554958879947662353515625" lon="113.24556031264364719390869140625">
        <ele>4.599999904632568359375</ele>
        <time>2025-06-26T11:50:16.000Z</time>
        <extensions>
          <ns3:TrackPointExtension>
            <ns3:hr>113</ns3:hr>
            <ns3:cad>57</ns3:cad>
          </ns3:TrackPointExtension>
        </extensions>
      </trkpt>
      <trkpt lat="23.38943350128829479217529296875" lon="113.2457414455711841583251953125">
        <ele>4.80000019073486328125</ele>
        <time>2025-06-26T11:50:35.000Z</time>
        <extensions>
          <ns3:TrackPointExtension>
            <ns3:hr>115</ns3:hr>
            <ns3:cad>58</ns3:cad>
          </ns3:TrackPointExtension>
        </extensions>
      </trkpt>
      <trkpt lat="23.38949033059179782867431640625" lon="113.245883099734783172607421875">
        <ele>4.599999904632568359375</ele>
        <time>2025-06-26T11:50:48.000Z</time>
        <extensions>
          <ns3:TrackPointExtension>
            <ns3:hr>112</ns3:hr>
            <ns3:cad>58</ns3:cad>
          </ns3:TrackPointExtension>
        </extensions>
      </trkpt>
      <trkpt lat="23.38958135806024074554443359375" lon="113.24606071226298809051513671875">
        <ele>4.19999980926513671875</ele>
        <time>2025-06-26T11:51:06.000Z</time>
        <extensions>
          <ns3:TrackPointExtension>
            <ns3:hr>113</ns3:hr>
            <ns3:cad>58</ns3:cad>
          </ns3:TrackPointExtension>
        </extensions>
      </trkpt>
      <trkpt lat="23.3896050788462162017822265625" lon="113.24610882438719272613525390625">
        <ele>3.599999904632568359375</ele>
        <time>2025-06-26T11:51:12.000Z</time>
        <extensions>
          <ns3:TrackPointExtension>
            <ns3:hr>110</ns3:hr>
            <ns3:cad>58</ns3:cad>
          </ns3:TrackPointExtension>
        </extensions>
      </trkpt>
      <trkpt lat="23.3897009678184986114501953125" lon="113.24628266505897045135498046875">
        <ele>2.2000000476837158203125</ele>
        <time>2025-06-26T11:51:31.000Z</time>
        <extensions>
          <ns3:TrackPointExtension>
            <ns3:hr>116</ns3:hr>
            <ns3:cad>59</ns3:cad>
          </ns3:TrackPointExtension>
        </extensions>
      </trkpt>
      <trkpt lat="23.3897039853036403656005859375" lon="113.24629020877182483673095703125">
        <ele>2.2000000476837158203125</ele>
        <time>2025-06-26T11:51:32.000Z</time>
        <extensions>
          <ns3:TrackPointExtension>
            <ns3:hr>116</ns3:hr>
            <ns3:cad>59</ns3:cad>
          </ns3:TrackPointExtension>
        </extensions>
      </trkpt>
      <trkpt lat="23.38970909826457500457763671875" lon="113.2462980039417743682861328125">
        <ele>2.2000000476837158203125</ele>
        <time>2025-06-26T11:51:33.000Z</time>
        <extensions>
          <ns3:TrackPointExtension>
            <ns3:hr>119</ns3:hr>
            <ns3:cad>59</ns3:cad>
          </ns3:TrackPointExtension>
        </extensions>
      </trkpt>
      <trkpt lat="23.3897678554058074951171875" lon="113.24648919515311717987060546875">
        <ele>1.60000002384185791015625</ele>
        <time>2025-06-26T11:51:50.000Z</time>
        <extensions>
          <ns3:TrackPointExtension>
            <ns3:hr>120</ns3:hr>
            <ns3:cad>0</ns3:cad>
          </ns3:TrackPointExtension>
        </extensions>
      </trkpt>
      <trkpt lat="23.38984354399144649505615234375" lon="113.24667879380285739898681640625">
        <ele>1.7999999523162841796875</ele>
        <time>2025-06-26T11:52:10.000Z</time>
        <extensions>
          <ns3:TrackPointExtension>
            <ns3:hr>119</ns3:hr>
            <ns3:cad>61</ns3:cad>
          </ns3:TrackPointExtension>
        </extensions>
      </trkpt>
      <trkpt lat="23.389941193163394927978515625" lon="113.24682715348899364471435546875">
        <ele>2.7999999523162841796875</ele>
        <time>2025-06-26T11:52:25.000Z</time>
        <extensions>
          <ns3:TrackPointExtension>
            <ns3:hr>116</ns3:hr>
            <ns3:cad>61</ns3:cad>
          </ns3:TrackPointExtension>
        </extensions>
      </trkpt>
      <trkpt lat="23.39005309157073497772216796875" lon="113.24698925949633121490478515625">
        <ele>4.400000095367431640625</ele>
        <time>2025-06-26T11:52:40.000Z</time>
        <extensions>
          <ns3:TrackPointExtension>
            <ns3:hr>117</ns3:hr>
            <ns3:cad>61</ns3:cad>
          </ns3:TrackPointExtension>
        </extensions>
      </trkpt>
      <trkpt lat="23.39017949067056179046630859375" lon="113.24713208712637424468994140625">
        <ele>6.400000095367431640625</ele>
        <time>2025-06-26T11:52:58.000Z</time>
        <extensions>
          <ns3:TrackPointExtension>
            <ns3:hr>116</ns3:hr>
            <ns3:cad>61</ns3:cad>
          </ns3:TrackPointExtension>
        </extensions>
      </trkpt>
      <trkpt lat="23.390324078500270843505859375" lon="113.24726946651935577392578125">
        <ele>7.19999980926513671875</ele>
        <time>2025-06-26T11:53:16.000Z</time>
        <extensions>
          <ns3:TrackPointExtension>
            <ns3:hr>117</ns3:hr>
            <ns3:cad>61</ns3:cad>
          </ns3:TrackPointExtension>
        </extensions>
      </trkpt>
      <trkpt lat="23.390493057668209075927734375" lon="113.24733945541083812713623046875">
        <ele>6.80000019073486328125</ele>
        <time>2025-06-26T11:53:35.000Z</time>
        <extensions>
          <ns3:TrackPointExtension>
            <ns3:hr>116</ns3:hr>
            <ns3:cad>61</ns3:cad>
          </ns3:TrackPointExtension>
        </extensions>
      </trkpt>
      <trkpt lat="23.39054058305919170379638671875" lon="113.24735269881784915924072265625">
        <ele>6.599999904632568359375</ele>
        <time>2025-06-26T11:53:40.000Z</time>
        <extensions>
          <ns3:TrackPointExtension>
            <ns3:hr>116</ns3:hr>
            <ns3:cad>61</ns3:cad>
          </ns3:TrackPointExtension>
        </extensions>
      </trkpt>
      <trkpt lat="23.39072967879474163055419921875" lon="113.24740625917911529541015625">
        <ele>4.80000019073486328125</ele>
        <time>2025-06-26T11:53:56.000Z</time>
        <extensions>
          <ns3:TrackPointExtension>
            <ns3:hr>118</ns3:hr>
            <ns3:cad>61</ns3:cad>
          </ns3:TrackPointExtension>
        </extensions>
      </trkpt>
      <trkpt lat="23.39079371653497219085693359375" lon="113.247414641082286834716796875">
        <ele>4</ele>
        <time>2025-06-26T11:54:03.000Z</time>
        <extensions>
          <ns3:TrackPointExtension>
            <ns3:hr>121</ns3:hr>
            <ns3:cad>0</ns3:cad>
          </ns3:TrackPointExtension>
        </extensions>
      </trkpt>
      <trkpt lat="23.3908533118665218353271484375" lon="113.2474310696125030517578125">
        <ele>3.400000095367431640625</ele>
        <time>2025-06-26T11:54:12.000Z</time>
        <extensions>
          <ns3:TrackPointExtension>
            <ns3:hr>121</ns3:hr>
            <ns3:cad>0</ns3:cad>
          </ns3:TrackPointExtension>
        </extensions>
      </trkpt>
      <trkpt lat="23.3908689022064208984375" lon="113.247433416545391082763671875">
        <ele>3.400000095367431640625</ele>
        <time>2025-06-26T11:54:14.000Z</time>
        <extensions>
          <ns3:TrackPointExtension>
            <ns3:hr>121</ns3:hr>
            <ns3:cad>0</ns3:cad>
          </ns3:TrackPointExtension>
        </extensions>
      </trkpt>
      <trkpt lat="23.39100728742778301239013671875" lon="113.24747088365256786346435546875">
        <ele>2</ele>
        <time>2025-06-26T11:54:28.000Z</time>
        <extensions>
          <ns3:TrackPointExtension>
            <ns3:hr>118</ns3:hr>
            <ns3:cad>61</ns3:cad>
          </ns3:TrackPointExtension>
        </extensions>
      </trkpt>
      <trkpt lat="23.39102874509990215301513671875" lon="113.2474707998335361480712890625">
        <ele>1.7999999523162841796875</ele>
        <time>2025-06-26T11:54:30.000Z</time>
        <extensions>
          <ns3:TrackPointExtension>
            <ns3:hr>118</ns3:hr>
            <ns3:cad>61</ns3:cad>
          </ns3:TrackPointExtension>
        </extensions>
      </trkpt>
      <trkpt lat="23.39107467792928218841552734375" lon="113.24748815037310123443603515625">
        <ele>1.2000000476837158203125</ele>
        <time>2025-06-26T11:54:35.000Z</time>
        <extensions>
          <ns3:TrackPointExtension>
            <ns3:hr>115</ns3:hr>
            <ns3:cad>61</ns3:cad>
          </ns3:TrackPointExtension>
        </extensions>
      </trkpt>
      <trkpt lat="23.39110183529555797576904296875" lon="113.24750684201717376708984375">
        <ele>1.39999997615814208984375</ele>
        <time>2025-06-26T11:54:38.000Z</time>
        <extensions>
          <ns3:TrackPointExtension>
            <ns3:hr>112</ns3:hr>
            <ns3:cad>61</ns3:cad>
          </ns3:TrackPointExtension>
        </extensions>
      </trkpt>
      <trkpt lat="23.39121163822710514068603515625" lon="113.24755051173269748687744140625">
        <ele>2.400000095367431640625</ele>
        <time>2025-06-26T11:54:49.000Z</time>
        <extensions>
          <ns3:TrackPointExtension>
            <ns3:hr>109</ns3:hr>
            <ns3:cad>61</ns3:cad>
          </ns3:TrackPointExtension>
        </extensions>
      </trkpt>
      <trkpt lat="23.3913129754364490509033203125" lon="113.24760767631232738494873046875">
        <ele>3.2000000476837158203125</ele>
        <time>2025-06-26T11:54:59.000Z</time>
        <extensions>
          <ns3:TrackPointExtension>
            <ns3:hr>112</ns3:hr>
            <ns3:cad>61</ns3:cad>
          </ns3:TrackPointExtension>
        </extensions>
      </trkpt>
      <trkpt lat="23.391483128070831298828125" lon="113.2476987875998020172119140625">
        <ele>5.19999980926513671875</ele>
        <time>2025-06-26T11:55:17.000Z</time>
        <extensions>
          <ns3:TrackPointExtension>
            <ns3:hr>112</ns3:hr>
            <ns3:cad>61</ns3:cad>
          </ns3:TrackPointExtension>
        </extensions>
      </trkpt>
      <trkpt lat="23.39166359044611454010009765625" lon="113.247753269970417022705078125">
        <ele>7</ele>
        <time>2025-06-26T11:55:34.000Z</time>
        <extensions>
          <ns3:TrackPointExtension>
            <ns3:hr>114</ns3:hr>
            <ns3:cad>55</ns3:cad>
          </ns3:TrackPointExtension>
        </extensions>
      </trkpt>
      <trkpt lat="23.39176367036998271942138671875" lon="113.24779576621949672698974609375">
        <ele>6.80000019073486328125</ele>
        <time>2025-06-26T11:55:45.000Z</time>
        <extensions>
          <ns3:TrackPointExtension>
            <ns3:hr>111</ns3:hr>
            <ns3:cad>61</ns3:cad>
          </ns3:TrackPointExtension>
        </extensions>
      </trkpt>
      <trkpt lat="23.39194019325077533721923828125" lon="113.24787556193768978118896484375">
        <ele>6.400000095367431640625</ele>
        <time>2025-06-26T11:56:03.000Z</time>
        <extensions>
          <ns3:TrackPointExtension>
            <ns3:hr>110</ns3:hr>
            <ns3:cad>61</ns3:cad>
          </ns3:TrackPointExtension>
        </extensions>
      </trkpt>
      <trkpt lat="23.39209936559200286865234375" lon="113.24795468710362911224365234375">
        <ele>5.599999904632568359375</ele>
        <time>2025-06-26T11:56:18.000Z</time>
        <extensions>
          <ns3:TrackPointExtension>
            <ns3:hr>107</ns3:hr>
            <ns3:cad>61</ns3:cad>
          </ns3:TrackPointExtension>
        </extensions>
      </trkpt>
      <trkpt lat="23.39227312244474887847900390625" lon="113.24802760966122150421142578125">
        <ele>5.19999980926513671875</ele>
        <time>2025-06-26T11:56:35.000Z</time>
        <extensions>
          <ns3:TrackPointExtension>
            <ns3:hr>108</ns3:hr>
            <ns3:cad>61</ns3:cad>
          </ns3:TrackPointExtension>
        </extensions>
      </trkpt>
      <trkpt lat="23.39245752431452274322509765625" lon="113.2480694353580474853515625">
        <ele>5.400000095367431640625</ele>
        <time>2025-06-26T11:56:52.000Z</time>
        <extensions>
          <ns3:TrackPointExtension>
            <ns3:hr>110</ns3:hr>
            <ns3:cad>61</ns3:cad>
          </ns3:TrackPointExtension>
        </extensions>
      </trkpt>
      <trkpt lat="23.3925769664347171783447265625" lon="113.24805996380746364593505859375">
        <ele>5.599999904632568359375</ele>
        <time>2025-06-26T11:57:02.000Z</time>
        <extensions>
          <ns3:TrackPointExtension>
            <ns3:hr>109</ns3:hr>
            <ns3:cad>60</ns3:cad>
          </ns3:TrackPointExtension>
        </extensions>
      </trkpt>
      <trkpt lat="23.3927610330283641815185546875" lon="113.2480618916451930999755859375">
        <ele>6.19999980926513671875</ele>
        <time>2025-06-26T11:57:19.000Z</time>
        <extensions>
          <ns3:TrackPointExtension>
            <ns3:hr>110</ns3:hr>
            <ns3:cad>0</ns3:cad>
          </ns3:TrackPointExtension>
        </extensions>
      </trkpt>
      <trkpt lat="23.39294560253620147705078125" lon="113.248052336275577545166015625">
        <ele>5.80000019073486328125</ele>
        <time>2025-06-26T11:57:38.000Z</time>
        <extensions>
          <ns3:TrackPointExtension>
            <ns3:hr>110</ns3:hr>
            <ns3:cad>0</ns3:cad>
          </ns3:TrackPointExtension>
        </extensions>
      </trkpt>
      <trkpt lat="23.39312572963535785675048828125" lon="113.2480407692492008209228515625">
        <ele>3.7999999523162841796875</ele>
        <time>2025-06-26T11:57:56.000Z</time>
        <extensions>
          <ns3:TrackPointExtension>
            <ns3:hr>108</ns3:hr>
            <ns3:cad>0</ns3:cad>
          </ns3:TrackPointExtension>
        </extensions>
      </trkpt>
      <trkpt lat="23.393307365477085113525390625" lon="113.24804336763918399810791015625">
        <ele>0</ele>
        <time>2025-06-26T11:58:14.000Z</time>
        <extensions>
          <ns3:TrackPointExtension>
            <ns3:hr>109</ns3:hr>
            <ns3:cad>61</ns3:cad>
          </ns3:TrackPointExtension>
        </extensions>
      </trkpt>
      <trkpt lat="23.39349143207073211669921875" lon="113.2480226643383502960205078125">
        <ele>0</ele>
        <time>2025-06-26T11:58:32.000Z</time>
        <extensions>
          <ns3:TrackPointExtension>
            <ns3:hr>111</ns3:hr>
            <ns3:cad>55</ns3:cad>
          </ns3:TrackPointExtension>
        </extensions>
      </trkpt>
      <trkpt lat="23.39367776177823543548583984375" lon="113.248016797006130218505859375">
        <ele>1.7999999523162841796875</ele>
        <time>2025-06-26T11:58:52.000Z</time>
        <extensions>
          <ns3:TrackPointExtension>
            <ns3:hr>111</ns3:hr>
            <ns3:cad>61</ns3:cad>
          </ns3:TrackPointExtension>
        </extensions>
      </trkpt>
      <trkpt lat="23.39369569905102252960205078125" lon="113.2480059005320072174072265625">
        <ele>2</ele>
        <time>2025-06-26T11:58:56.000Z</time>
        <extensions>
          <ns3:TrackPointExtension>
            <ns3:hr>110</ns3:hr>
            <ns3:cad>58</ns3:cad>
          </ns3:TrackPointExtension>
        </extensions>
      </trkpt>
      <trkpt lat="23.3937013149261474609375" lon="113.2479857839643955230712890625">
        <ele>2.2000000476837158203125</ele>
        <time>2025-06-26T11:58:59.000Z</time>
        <extensions>
          <ns3:TrackPointExtension>
            <ns3:hr>109</ns3:hr>
            <ns3:cad>53</ns3:cad>
          </ns3:TrackPointExtension>
        </extensions>
      </trkpt>
      <trkpt lat="23.39373140595853328704833984375" lon="113.24789173901081085205078125">
        <ele>3</ele>
        <time>2025-06-26T11:59:10.000Z</time>
        <extensions>
          <ns3:TrackPointExtension>
            <ns3:hr>112</ns3:hr>
            <ns3:cad>60</ns3:cad>
          </ns3:TrackPointExtension>
        </extensions>
      </trkpt>
      <trkpt lat="23.39374892413616180419921875" lon="113.24785963632166385650634765625">
        <ele>3.400000095367431640625</ele>
        <time>2025-06-26T11:59:13.000Z</time>
        <extensions>
          <ns3:TrackPointExtension>
            <ns3:hr>112</ns3:hr>
            <ns3:cad>56</ns3:cad>
          </ns3:TrackPointExtension>
        </extensions>
      </trkpt>
      <trkpt lat="23.39376593939960002899169921875" lon="113.24782661162316799163818359375">
        <ele>3.599999904632568359375</ele>
        <time>2025-06-26T11:59:16.000Z</time>
        <extensions>
          <ns3:TrackPointExtension>
            <ns3:hr>111</ns3:hr>
            <ns3:cad>57</ns3:cad>
          </ns3:TrackPointExtension>
        </extensions>
      </trkpt>
      <trkpt lat="23.3937906660139560699462890625" lon="113.24779442511498928070068359375">
        <ele>4</ele>
        <time>2025-06-26T11:59:19.000Z</time>
        <extensions>
          <ns3:TrackPointExtension>
            <ns3:hr>111</ns3:hr>
            <ns3:cad>57</ns3:cad>
          </ns3:TrackPointExtension>
        </extensions>
      </trkpt>
      <trkpt lat="23.39387758634984493255615234375" lon="113.24761672876775264739990234375">
        <ele>5.80000019073486328125</ele>
        <time>2025-06-26T11:59:38.000Z</time>
        <extensions>
          <ns3:TrackPointExtension>
            <ns3:hr>110</ns3:hr>
            <ns3:cad>57</ns3:cad>
          </ns3:TrackPointExtension>
        </extensions>
      </trkpt>
      <trkpt lat="23.39394615031778812408447265625" lon="113.24742662720382213592529296875">
        <ele>6.599999904632568359375</ele>
        <time>2025-06-26T11:59:54.000Z</time>
        <extensions>
          <ns3:TrackPointExtension>
            <ns3:hr>109</ns3:hr>
            <ns3:cad>55</ns3:cad>
          </ns3:TrackPointExtension>
        </extensions>
      </trkpt>
      <trkpt lat="23.3939995430409908294677734375" lon="113.24729628860950469970703125">
        <ele>6</ele>
        <time>2025-06-26T12:00:06.000Z</time>
        <extensions>
          <ns3:TrackPointExtension>
            <ns3:hr>112</ns3:hr>
            <ns3:cad>57</ns3:cad>
          </ns3:TrackPointExtension>
        </extensions>
      </trkpt>
      <trkpt lat="23.3940860442817211151123046875" lon="113.24712035246193408966064453125">
        <ele>5.19999980926513671875</ele>
        <time>2025-06-26T12:00:24.000Z</time>
        <extensions>
          <ns3:TrackPointExtension>
            <ns3:hr>111</ns3:hr>
            <ns3:cad>56</ns3:cad>
          </ns3:TrackPointExtension>
        </extensions>
      </trkpt>
      <trkpt lat="23.39410297572612762451171875" lon="113.24706637300550937652587890625">
        <ele>5.19999980926513671875</ele>
        <time>2025-06-26T12:00:28.000Z</time>
        <extensions>
          <ns3:TrackPointExtension>
            <ns3:hr>110</ns3:hr>
            <ns3:cad>56</ns3:cad>
          </ns3:TrackPointExtension>
        </extensions>
      </trkpt>
      <trkpt lat="23.3941430412232875823974609375" lon="113.24696905910968780517578125">
        <ele>5</ele>
        <time>2025-06-26T12:00:37.000Z</time>
        <extensions>
          <ns3:TrackPointExtension>
            <ns3:hr>113</ns3:hr>
            <ns3:cad>60</ns3:cad>
          </ns3:TrackPointExtension>
        </extensions>
      </trkpt>
      <trkpt lat="23.39419475756585597991943359375" lon="113.2468153350055217742919921875">
        <ele>5.19999980926513671875</ele>
        <time>2025-06-26T12:00:52.000Z</time>
        <extensions>
          <ns3:TrackPointExtension>
            <ns3:hr>116</ns3:hr>
            <ns3:cad>57</ns3:cad>
          </ns3:TrackPointExtension>
        </extensions>
      </trkpt>
      <trkpt lat="23.39418168179690837860107421875" lon="113.2466835714876651763916015625">
        <ele>5.599999904632568359375</ele>
        <time>2025-06-26T12:01:05.000Z</time>
        <extensions>
          <ns3:TrackPointExtension>
            <ns3:hr>116</ns3:hr>
            <ns3:cad>55</ns3:cad>
          </ns3:TrackPointExtension>
        </extensions>
      </trkpt>
      <trkpt lat="23.39410968124866485595703125" lon="113.246633112430572509765625">
        <ele>5.80000019073486328125</ele>
        <time>2025-06-26T12:01:18.000Z</time>
        <extensions>
          <ns3:TrackPointExtension>
            <ns3:hr>114</ns3:hr>
            <ns3:cad>57</ns3:cad>
          </ns3:TrackPointExtension>
        </extensions>
      </trkpt>
      <trkpt lat="23.39396157301962375640869140625" lon="113.246541582047939300537109375">
        <ele>6.599999904632568359375</ele>
        <time>2025-06-26T12:01:35.000Z</time>
        <extensions>
          <ns3:TrackPointExtension>
            <ns3:hr>112</ns3:hr>
            <ns3:cad>59</ns3:cad>
          </ns3:TrackPointExtension>
        </extensions>
      </trkpt>
      <trkpt lat="23.3938721381127834320068359375" lon="113.24652154929935932159423828125">
        <ele>6.80000019073486328125</ele>
        <time>2025-06-26T12:01:42.000Z</time>
        <extensions>
          <ns3:TrackPointExtension>
            <ns3:hr>111</ns3:hr>
            <ns3:cad>56</ns3:cad>
          </ns3:TrackPointExtension>
        </extensions>
      </trkpt>
      <trkpt lat="23.3937034942209720611572265625" lon="113.2464502193033695220947265625">
        <ele>7.599999904632568359375</ele>
        <time>2025-06-26T12:01:58.000Z</time>
        <extensions>
          <ns3:TrackPointExtension>
            <ns3:hr>109</ns3:hr>
            <ns3:cad>57</ns3:cad>
          </ns3:TrackPointExtension>
        </extensions>
      </trkpt>
      <trkpt lat="23.393629230558872222900390625" lon="113.24642498977482318878173828125">
        <ele>7.400000095367431640625</ele>
        <time>2025-06-26T12:02:07.000Z</time>
        <extensions>
          <ns3:TrackPointExtension>
            <ns3:hr>108</ns3:hr>
            <ns3:cad>55</ns3:cad>
          </ns3:TrackPointExtension>
        </extensions>
      </trkpt>
      <trkpt lat="23.39358673430979251861572265625" lon="113.24639934115111827850341796875">
        <ele>7.599999904632568359375</ele>
        <time>2025-06-26T12:02:12.000Z</time>
        <extensions>
          <ns3:TrackPointExtension>
            <ns3:hr>108</ns3:hr>
            <ns3:cad>55</ns3:cad>
          </ns3:TrackPointExtension>
        </extensions>
      </trkpt>
      <trkpt lat="23.3935268037021160125732421875" lon="113.24635994620621204376220703125">
        <ele>8</ele>
        <time>2025-06-26T12:02:21.000Z</time>
        <extensions>
          <ns3:TrackPointExtension>
            <ns3:hr>110</ns3:hr>
            <ns3:cad>57</ns3:cad>
          </ns3:TrackPointExtension>
        </extensions>
      </trkpt>
      <trkpt lat="23.3935110457241535186767578125" lon="113.2463503070175647735595703125">
        <ele>8.19999980926513671875</ele>
        <time>2025-06-26T12:02:24.000Z</time>
        <extensions>
          <ns3:TrackPointExtension>
            <ns3:hr>111</ns3:hr>
            <ns3:cad>57</ns3:cad>
          </ns3:TrackPointExtension>
        </extensions>
      </trkpt>
      <trkpt lat="23.39346854947507381439208984375" lon="113.24633211828768253326416015625">
        <ele>8.3999996185302734375</ele>
        <time>2025-06-26T12:02:28.000Z</time>
        <extensions>
          <ns3:TrackPointExtension>
            <ns3:hr>111</ns3:hr>
            <ns3:cad>58</ns3:cad>
          </ns3:TrackPointExtension>
        </extensions>
      </trkpt>
      <trkpt lat="23.39330174960196018218994140625" lon="113.2462406717240810394287109375">
        <ele>9.19999980926513671875</ele>
        <time>2025-06-26T12:02:42.000Z</time>
        <extensions>
          <ns3:TrackPointExtension>
            <ns3:hr>109</ns3:hr>
            <ns3:cad>57</ns3:cad>
          </ns3:TrackPointExtension>
        </extensions>
      </trkpt>
      <trkpt lat="23.3932351134717464447021484375" lon="113.24623488821089267730712890625">
        <ele>9</ele>
        <time>2025-06-26T12:02:49.000Z</time>
        <extensions>
          <ns3:TrackPointExtension>
            <ns3:hr>110</ns3:hr>
            <ns3:cad>54</ns3:cad>
          </ns3:TrackPointExtension>
        </extensions>
      </trkpt>
      <trkpt lat="23.393186666071414947509765625" lon="113.24623254127800464630126953125">
        <ele>8.80000019073486328125</ele>
        <time>2025-06-26T12:02:53.000Z</time>
        <extensions>
          <ns3:TrackPointExtension>
            <ns3:hr>110</ns3:hr>
            <ns3:cad>56</ns3:cad>
          </ns3:TrackPointExtension>
        </extensions>
      </trkpt>
      <trkpt lat="23.39308465830981731414794921875" lon="113.24620571918785572052001953125">
        <ele>8.80000019073486328125</ele>
        <time>2025-06-26T12:03:04.000Z</time>
        <extensions>
          <ns3:TrackPointExtension>
            <ns3:hr>110</ns3:hr>
            <ns3:cad>57</ns3:cad>
          </ns3:TrackPointExtension>
        </extensions>
      </trkpt>
      <trkpt lat="23.39304761029779911041259765625" lon="113.2461677491664886474609375">
        <ele>9.19999980926513671875</ele>
        <time>2025-06-26T12:03:09.000Z</time>
        <extensions>
          <ns3:TrackPointExtension>
            <ns3:hr>111</ns3:hr>
            <ns3:cad>59</ns3:cad>
          </ns3:TrackPointExtension>
        </extensions>
      </trkpt>
      <trkpt lat="23.393022380769252777099609375" lon="113.2461565174162387847900390625">
        <ele>9.3999996185302734375</ele>
        <time>2025-06-26T12:03:11.000Z</time>
        <extensions>
          <ns3:TrackPointExtension>
            <ns3:hr>111</ns3:hr>
            <ns3:cad>59</ns3:cad>
          </ns3:TrackPointExtension>
        </extensions>
      </trkpt>
      <trkpt lat="23.3929963968694210052490234375" lon="113.24614101089537143707275390625">
        <ele>9.3999996185302734375</ele>
        <time>2025-06-26T12:03:13.000Z</time>
        <extensions>
          <ns3:TrackPointExtension>
            <ns3:hr>112</ns3:hr>
            <ns3:cad>59</ns3:cad>
          </ns3:TrackPointExtension>
        </extensions>
      </trkpt>
      <trkpt lat="23.3928914554417133331298828125" lon="113.24605165980756282806396484375">
        <ele>10.3999996185302734375</ele>
        <time>2025-06-26T12:03:24.000Z</time>
        <extensions>
          <ns3:TrackPointExtension>
            <ns3:hr>114</ns3:hr>
            <ns3:cad>59</ns3:cad>
          </ns3:TrackPointExtension>
        </extensions>
      </trkpt>
      <trkpt lat="23.39283026754856109619140625" lon="113.24586641974747180938720703125">
        <ele>10.19999980926513671875</ele>
        <time>2025-06-26T12:03:40.000Z</time>
        <extensions>
          <ns3:TrackPointExtension>
            <ns3:hr>111</ns3:hr>
            <ns3:cad>57</ns3:cad>
          </ns3:TrackPointExtension>
        </extensions>
      </trkpt>
      <trkpt lat="23.39283294975757598876953125" lon="113.245742954313755035400390625">
        <ele>10</ele>
        <time>2025-06-26T12:03:53.000Z</time>
        <extensions>
          <ns3:TrackPointExtension>
            <ns3:hr>109</ns3:hr>
            <ns3:cad>57</ns3:cad>
          </ns3:TrackPointExtension>
        </extensions>
      </trkpt>
      <trkpt lat="23.3928300999104976654052734375" lon="113.24571202509105205535888671875">
        <ele>10</ele>
        <time>2025-06-26T12:03:55.000Z</time>
        <extensions>
          <ns3:TrackPointExtension>
            <ns3:hr>108</ns3:hr>
            <ns3:cad>57</ns3:cad>
          </ns3:TrackPointExtension>
        </extensions>
      </trkpt>
      <trkpt lat="23.3928116597235202789306640625" lon="113.2455912418663501739501953125">
        <ele>10</ele>
        <time>2025-06-26T12:04:03.000Z</time>
        <extensions>
          <ns3:TrackPointExtension>
            <ns3:hr>107</ns3:hr>
            <ns3:cad>57</ns3:cad>
          </ns3:TrackPointExtension>
        </extensions>
      </trkpt>
      <trkpt lat="23.3927355520427227020263671875" lon="113.24540709145367145538330078125">
        <ele>9.6000003814697265625</ele>
        <time>2025-06-26T12:04:22.000Z</time>
        <extensions>
          <ns3:TrackPointExtension>
            <ns3:hr>109</ns3:hr>
            <ns3:cad>57</ns3:cad>
          </ns3:TrackPointExtension>
        </extensions>
      </trkpt>
      <trkpt lat="23.392660953104496002197265625" lon="113.24522704817354679107666015625">
        <ele>8.80000019073486328125</ele>
        <time>2025-06-26T12:04:34.000Z</time>
        <extensions>
          <ns3:TrackPointExtension>
            <ns3:hr>109</ns3:hr>
            <ns3:cad>58</ns3:cad>
          </ns3:TrackPointExtension>
        </extensions>
      </trkpt>
      <trkpt lat="23.39259616099298000335693359375" lon="113.24513937346637248992919921875">
        <ele>8.3999996185302734375</ele>
        <time>2025-06-26T12:04:39.000Z</time>
        <extensions>
          <ns3:TrackPointExtension>
            <ns3:hr>112</ns3:hr>
            <ns3:cad>58</ns3:cad>
          </ns3:TrackPointExtension>
        </extensions>
      </trkpt>
      <trkpt lat="23.3925219811499118804931640625" lon="113.24502537958323955535888671875">
        <ele>7.599999904632568359375</ele>
        <time>2025-06-26T12:04:48.000Z</time>
        <extensions>
          <ns3:TrackPointExtension>
            <ns3:hr>114</ns3:hr>
            <ns3:cad>0</ns3:cad>
          </ns3:TrackPointExtension>
        </extensions>
      </trkpt>
    </trkseg>
  </trk>
</gpx>
